host=c33 2026-08-02T07:47:19-04:00
NVIDIA A100 80GB PCIe, 81920 MiB
== build (sm_80 -> /home/ysu34/DiaGPU/sim/paper_bench/bin_sm80) ==
== [1] BH_20_7 ==
PREPCSV,/mnt/beegfs/ysu34/hamlib/dia_e2e/BH_20_7.txt,1048576,127,spmv,didx,476.839,9.961,0.151388,3216
PREPCSV,/mnt/beegfs/ysu34/hamlib/dia_e2e/BH_20_7.txt,1048576,127,spmv,didx_sym,192.803,36.759,0.140042,1639
PREPCSV,/mnt/beegfs/ysu34/hamlib/dia_e2e/BH_20_7.txt,1048576,127,spmv,gopt,337.113,22.730,0.226181,1591
PREPCSV,/mnt/beegfs/ysu34/hamlib/dia_e2e/BH_20_7.txt,1048576,127,spmv,cusparse_csr,723.093,16.259,0.197775,3738
PREPCSV,/mnt/beegfs/ysu34/hamlib/dia_e2e/BH_20_7.txt,1048576,127,spmspm,ours_flat,68.180,4.698,69.816956,1
# hm_atomic skipped: C nnz 5108440242 exceeds HM int32 layout
PREPCSV,/mnt/beegfs/ysu34/hamlib/dia_e2e/BH_20_7.txt,1048576,127,spmspm,ours_sym,25.011,16.517,-1.000000,-1
PREPCSV,/mnt/beegfs/ysu34/hamlib/dia_e2e/BH_20_7.txt,1048576,127,spmspm,ours_sym,25.011,16.517,34.779606,1
SPMSPMCSV,/mnt/beegfs/ysu34/hamlib/dia_e2e/BH_20_7.txt,1048576,127,5555,5108440242,ours_flat,69.845871,0.000e+00
SPMSPMCSV,/mnt/beegfs/ysu34/hamlib/dia_e2e/BH_20_7.txt,1048576,127,5555,5108440242,ours_sym,34.768158,7.629e-06
# hm_atomic skipped: C nnz 5108440242 exceeds HM int32 layout
# diaq_fp32 skipped: C nnz 5108440242 exceeds diaq u32 layout
SPMSPMCSV,/mnt/beegfs/ysu34/hamlib/dia_e2e/BH_20_7.txt,1048576,127,5555,5108440242,cusparse_spgemm,231.550247,-1.000e+00
CSRNNZ,/mnt/beegfs/ysu34/hamlib/dia_e2e/BH_20_7.txt,125829148,25824385,0.2052
PREPCSV,/mnt/beegfs/ysu34/hamlib/dia_e2e/BH_20_7.txt,1048576,127,spmv,cusparse_csr,700.638,250.157,0.197325,-1
SPMVCSV,/mnt/beegfs/ysu34/hamlib/dia_e2e/BH_20_7.txt,1048576,127,125829148,25824385,ours_didx_nv1,0.151183,6.086e-08
SPMVCSV,/mnt/beegfs/ysu34/hamlib/dia_e2e/BH_20_7.txt,1048576,127,125829148,25824385,ours_didx_nv2,0.181494,6.086e-08
SPMVCSV,/mnt/beegfs/ysu34/hamlib/dia_e2e/BH_20_7.txt,1048576,127,125829148,25824385,ours_gather_nv1,0.371446,6.086e-08
SPMVCSV,/mnt/beegfs/ysu34/hamlib/dia_e2e/BH_20_7.txt,1048576,127,125829148,25824385,ours_gather_nv2,0.665457,6.086e-08
SPMVCSV,/mnt/beegfs/ysu34/hamlib/dia_e2e/BH_20_7.txt,1048576,127,125829148,25824385,ours_gopt_nv1,0.226038,6.186e-08
SPMVCSV,/mnt/beegfs/ysu34/hamlib/dia_e2e/BH_20_7.txt,1048576,127,125829148,25824385,ours_gopt_nv2,0.244634,6.186e-08
# gopt plan: 9026 segs, reads 63.7% of stored band
SPMVCSV,/mnt/beegfs/ysu34/hamlib/dia_e2e/BH_20_7.txt,1048576,127,125829148,25824385,ours_gopt_s_nv1,0.250778,6.186e-08
# auto pick=didx (D=127 fill=0.21 rho=0.64)
SPMVCSV,/mnt/beegfs/ysu34/hamlib/dia_e2e/BH_20_7.txt,1048576,127,125829148,25824385,ours_auto_nv1,0.151757,6.086e-08
SPMVCSV,/mnt/beegfs/ysu34/hamlib/dia_e2e/BH_20_7.txt,1048576,127,125829148,25824385,ours_auto_nv2,0.181617,6.086e-08
SPMVCSV,/mnt/beegfs/ysu34/hamlib/dia_e2e/BH_20_7.txt,1048576,127,125829148,25824385,csr_zskip_nv1,0.231096,6.086e-08
SPMVCSV,/mnt/beegfs/ysu34/hamlib/dia_e2e/BH_20_7.txt,1048576,127,125829148,25824385,row_dense_nv1,0.348549,6.086e-08
SPMVCSV,/mnt/beegfs/ysu34/hamlib/dia_e2e/BH_20_7.txt,1048576,127,125829148,25824385,cusparse_csr,0.197304,5.812e-08
SPMVCSV,/mnt/beegfs/ysu34/hamlib/dia_e2e/BH_20_7.txt,1048576,127,125829148,25824385,diaq_fp64,1.377587,0.000e+00
SPMVCSV,/mnt/beegfs/ysu34/hamlib/dia_e2e/BH_20_7.txt,1048576,127,125829148,25824385,diaq_fp32,0.724644,6.624e-08
E2EEVCSV,/mnt/beegfs/ysu34/hamlib/dia_e2e/BH_20_7.txt,1048576,127,1000,7,didx,852.845,722.445,1439.847,3010.985,2.091,7.550e-07
E2EEVDIAQCSV,/mnt/beegfs/ysu34/hamlib/dia_e2e/BH_20_7.txt,1048576,127,1000,7,34.565,5236.063,3.637,7.391e-07
E2EOPCSV,/mnt/beegfs/ysu34/hamlib/dia_e2e/BH_20_7.txt,1048576,127,2,5555,5108440242,64.971,69.839,-1
E2EOPCSV,/mnt/beegfs/ysu34/hamlib/dia_e2e/BH_20_7.txt,1048576,127,3,98989,82073030294,-1,-1,-1
# opbuild wall: Unnz=1099511627776 (int32 index limit)
E2EOPBUILDCSV,/mnt/beegfs/ysu34/hamlib/dia_e2e/BH_20_7.txt,1048576,7,2097151,1099511627776,-1,-1,-1
# opbuild(sym) wall: Unnz=549756338176 (int32 index limit)
E2EOPBUILDCSV,/mnt/beegfs/ysu34/hamlib/dia_e2e/BH_20_7.txt,1048576,7,1048576,549756338176,-1,-1,-1
== [1] bhc_16_7 ==
PREPCSV,/mnt/beegfs/ysu34/hamlib/dia_e2e/bhc_16_7.txt,65536,99,spmv,didx,14.446,0.785,0.010056,1515
PREPCSV,/mnt/beegfs/ysu34/hamlib/dia_e2e/bhc_16_7.txt,65536,99,spmv,didx_sym,7.294,2.231,0.009789,973
PREPCSV,/mnt/beegfs/ysu34/hamlib/dia_e2e/bhc_16_7.txt,65536,99,spmv,gopt,18.489,1.661,0.025661,785
PREPCSV,/mnt/beegfs/ysu34/hamlib/dia_e2e/bhc_16_7.txt,65536,99,spmv,cusparse_csr,27.048,1.493,0.030413,938
PREPCSV,/mnt/beegfs/ysu34/hamlib/dia_e2e/bhc_16_7.txt,65536,99,spmspm,ours_flat,8.073,0.570,2.212393,4
PREPCSV,/mnt/beegfs/ysu34/hamlib/dia_e2e/bhc_16_7.txt,65536,99,spmspm,hm_atomic,65.809,3.029,3.943793,17
PREPCSV,/mnt/beegfs/ysu34/hamlib/dia_e2e/bhc_16_7.txt,65536,99,spmspm,ours_sym,0.977,3.734,-1.000000,-1
PREPCSV,/mnt/beegfs/ysu34/hamlib/dia_e2e/bhc_16_7.txt,65536,99,spmspm,ours_sym,0.977,3.734,0.950272,5
SPMSPMCSV,/mnt/beegfs/ysu34/hamlib/dia_e2e/bhc_16_7.txt,65536,99,3023,166182066,ours_flat,2.213540,0.000e+00
SPMSPMCSV,/mnt/beegfs/ysu34/hamlib/dia_e2e/bhc_16_7.txt,65536,99,3023,166182066,ours_sym,0.950825,7.629e-06
SPMSPMCSV,/mnt/beegfs/ysu34/hamlib/dia_e2e/bhc_16_7.txt,65536,99,3023,166182066,hm_atomic,3.942605,3.052e-05
SPMSPMCSV,/mnt/beegfs/ysu34/hamlib/dia_e2e/bhc_16_7.txt,65536,99,3023,166182066,diaq_fp32,29.498369,3.052e-05
SPMSPMCSV,/mnt/beegfs/ysu34/hamlib/dia_e2e/bhc_16_7.txt,65536,99,3023,166182066,cusparse_spgemm,5.300813,-1.000e+00
CSRNNZ,/mnt/beegfs/ysu34/hamlib/dia_e2e/bhc_16_7.txt,6029340,1250845,0.2075
PREPCSV,/mnt/beegfs/ysu34/hamlib/dia_e2e/bhc_16_7.txt,65536,99,spmv,cusparse_csr,25.443,175.218,0.030126,-1
SPMVCSV,/mnt/beegfs/ysu34/hamlib/dia_e2e/bhc_16_7.txt,65536,99,6029340,1250845,ours_didx_nv1,0.009994,5.466e-08
SPMVCSV,/mnt/beegfs/ysu34/hamlib/dia_e2e/bhc_16_7.txt,65536,99,6029340,1250845,ours_didx_nv2,0.011407,5.466e-08
SPMVCSV,/mnt/beegfs/ysu34/hamlib/dia_e2e/bhc_16_7.txt,65536,99,6029340,1250845,ours_gather_nv1,0.015708,5.466e-08
SPMVCSV,/mnt/beegfs/ysu34/hamlib/dia_e2e/bhc_16_7.txt,65536,99,6029340,1250845,ours_gather_nv2,0.019927,5.466e-08
SPMVCSV,/mnt/beegfs/ysu34/hamlib/dia_e2e/bhc_16_7.txt,65536,99,6029340,1250845,ours_gopt_nv1,0.025682,5.584e-08
SPMVCSV,/mnt/beegfs/ysu34/hamlib/dia_e2e/bhc_16_7.txt,65536,99,6029340,1250845,ours_gopt_nv2,0.034447,5.593e-08
# gopt plan: 565 segs, reads 74.3% of stored band
SPMVCSV,/mnt/beegfs/ysu34/hamlib/dia_e2e/bhc_16_7.txt,65536,99,6029340,1250845,ours_gopt_s_nv1,0.030249,5.584e-08
# auto pick=didx (D=99 fill=0.21 rho=0.74)
SPMVCSV,/mnt/beegfs/ysu34/hamlib/dia_e2e/bhc_16_7.txt,65536,99,6029340,1250845,ours_auto_nv1,0.010015,5.466e-08
SPMVCSV,/mnt/beegfs/ysu34/hamlib/dia_e2e/bhc_16_7.txt,65536,99,6029340,1250845,ours_auto_nv2,0.011428,5.466e-08
SPMVCSV,/mnt/beegfs/ysu34/hamlib/dia_e2e/bhc_16_7.txt,65536,99,6029340,1250845,csr_zskip_nv1,0.011182,5.466e-08
SPMVCSV,/mnt/beegfs/ysu34/hamlib/dia_e2e/bhc_16_7.txt,65536,99,6029340,1250845,row_dense_nv1,0.016712,5.466e-08
SPMVCSV,/mnt/beegfs/ysu34/hamlib/dia_e2e/bhc_16_7.txt,65536,99,6029340,1250845,cusparse_csr,0.030290,5.607e-08
SPMVCSV,/mnt/beegfs/ysu34/hamlib/dia_e2e/bhc_16_7.txt,65536,99,6029340,1250845,diaq_fp64,0.088084,0.000e+00
SPMVCSV,/mnt/beegfs/ysu34/hamlib/dia_e2e/bhc_16_7.txt,65536,99,6029340,1250845,diaq_fp32,0.076145,5.995e-08
E2EEVCSV,/mnt/beegfs/ysu34/hamlib/dia_e2e/bhc_16_7.txt,65536,99,1000,7,didx,33.200,27.275,102.227,455.703,4.458,7.165e-07
E2EEVDIAQCSV,/mnt/beegfs/ysu34/hamlib/dia_e2e/bhc_16_7.txt,65536,99,1000,7,2.082,559.188,5.470,6.985e-07
E2EOPCSV,/mnt/beegfs/ysu34/hamlib/dia_e2e/bhc_16_7.txt,65536,99,2,3023,166182066,7.490,2.214,-1
E2EOPCSV,/mnt/beegfs/ysu34/hamlib/dia_e2e/bhc_16_7.txt,65536,99,3,31181,1471690390,1761.802,66.880,-1
# opbuild wall: Unnz=4294967296 (int32 index limit)
E2EOPBUILDCSV,/mnt/beegfs/ysu34/hamlib/dia_e2e/bhc_16_7.txt,65536,7,131071,4294967296,-1,-1,-1
# opbuild(sym) wall: Unnz=2147516416 (int32 index limit)
E2EOPBUILDCSV,/mnt/beegfs/ysu34/hamlib/dia_e2e/bhc_16_7.txt,65536,7,65536,2147516416,-1,-1,-1
== [1] bhc_18_7 ==
PREPCSV,/mnt/beegfs/ysu34/hamlib/dia_e2e/bhc_18_7.txt,262144,112,spmv,didx,91.342,2.693,0.032870,2861
PREPCSV,/mnt/beegfs/ysu34/hamlib/dia_e2e/bhc_18_7.txt,262144,112,spmv,didx_sym,34.063,8.567,0.033198,1284
PREPCSV,/mnt/beegfs/ysu34/hamlib/dia_e2e/bhc_18_7.txt,262144,112,spmv,gopt,92.488,5.993,0.068710,1433
PREPCSV,/mnt/beegfs/ysu34/hamlib/dia_e2e/bhc_18_7.txt,262144,112,spmv,cusparse_csr,134.422,4.488,0.063488,2188
PREPCSV,/mnt/beegfs/ysu34/hamlib/dia_e2e/bhc_18_7.txt,262144,112,spmspm,ours_flat,18.967,1.171,12.835532,2
PREPCSV,/mnt/beegfs/ysu34/hamlib/dia_e2e/bhc_18_7.txt,262144,112,spmspm,hm_atomic,373.110,10.361,26.817598,14
PREPCSV,/mnt/beegfs/ysu34/hamlib/dia_e2e/bhc_18_7.txt,262144,112,spmspm,ours_sym,4.215,6.604,-1.000000,-1
PREPCSV,/mnt/beegfs/ysu34/hamlib/dia_e2e/bhc_18_7.txt,262144,112,spmspm,ours_sym,4.215,6.604,6.082232,2
SPMSPMCSV,/mnt/beegfs/ysu34/hamlib/dia_e2e/bhc_18_7.txt,262144,112,4111,930782386,ours_flat,12.834395,0.000e+00
SPMSPMCSV,/mnt/beegfs/ysu34/hamlib/dia_e2e/bhc_18_7.txt,262144,112,4111,930782386,ours_sym,6.079416,7.629e-06
SPMSPMCSV,/mnt/beegfs/ysu34/hamlib/dia_e2e/bhc_18_7.txt,262144,112,4111,930782386,hm_atomic,26.784615,3.052e-05
SPMSPMCSV,/mnt/beegfs/ysu34/hamlib/dia_e2e/bhc_18_7.txt,262144,112,4111,930782386,diaq_fp32,153.802734,3.052e-05
SPMSPMCSV,/mnt/beegfs/ysu34/hamlib/dia_e2e/bhc_18_7.txt,262144,112,4111,930782386,cusparse_spgemm,19.226038,-1.000e+00
CSRNNZ,/mnt/beegfs/ysu34/hamlib/dia_e2e/bhc_18_7.txt,27607068,5640030,0.2043
PREPCSV,/mnt/beegfs/ysu34/hamlib/dia_e2e/bhc_18_7.txt,262144,112,spmv,cusparse_csr,130.105,182.311,0.061829,-1
SPMVCSV,/mnt/beegfs/ysu34/hamlib/dia_e2e/bhc_18_7.txt,262144,112,27607068,5640030,ours_didx_nv1,0.032952,5.809e-08
SPMVCSV,/mnt/beegfs/ysu34/hamlib/dia_e2e/bhc_18_7.txt,262144,112,27607068,5640030,ours_didx_nv2,0.040264,5.809e-08
SPMVCSV,/mnt/beegfs/ysu34/hamlib/dia_e2e/bhc_18_7.txt,262144,112,27607068,5640030,ours_gather_nv1,0.099348,5.809e-08
SPMVCSV,/mnt/beegfs/ysu34/hamlib/dia_e2e/bhc_18_7.txt,262144,112,27607068,5640030,ours_gather_nv2,0.257331,5.809e-08
SPMVCSV,/mnt/beegfs/ysu34/hamlib/dia_e2e/bhc_18_7.txt,262144,112,27607068,5640030,ours_gopt_nv1,0.068792,5.931e-08
SPMVCSV,/mnt/beegfs/ysu34/hamlib/dia_e2e/bhc_18_7.txt,262144,112,27607068,5640030,ours_gopt_nv2,0.082022,5.931e-08
# gopt plan: 2237 segs, reads 68.5% of stored band
SPMVCSV,/mnt/beegfs/ysu34/hamlib/dia_e2e/bhc_18_7.txt,262144,112,27607068,5640030,ours_gopt_s_nv1,0.084500,5.931e-08
# auto pick=didx (D=112 fill=0.20 rho=0.69)
SPMVCSV,/mnt/beegfs/ysu34/hamlib/dia_e2e/bhc_18_7.txt,262144,112,27607068,5640030,ours_auto_nv1,0.032870,5.809e-08
SPMVCSV,/mnt/beegfs/ysu34/hamlib/dia_e2e/bhc_18_7.txt,262144,112,27607068,5640030,ours_auto_nv2,0.040243,5.809e-08
SPMVCSV,/mnt/beegfs/ysu34/hamlib/dia_e2e/bhc_18_7.txt,262144,112,27607068,5640030,csr_zskip_nv1,0.052429,5.809e-08
SPMVCSV,/mnt/beegfs/ysu34/hamlib/dia_e2e/bhc_18_7.txt,262144,112,27607068,5640030,row_dense_nv1,0.085443,5.809e-08
SPMVCSV,/mnt/beegfs/ysu34/hamlib/dia_e2e/bhc_18_7.txt,262144,112,27607068,5640030,cusparse_csr,0.063447,5.708e-08
SPMVCSV,/mnt/beegfs/ysu34/hamlib/dia_e2e/bhc_18_7.txt,262144,112,27607068,5640030,diaq_fp64,0.326554,0.000e+00
SPMVCSV,/mnt/beegfs/ysu34/hamlib/dia_e2e/bhc_18_7.txt,262144,112,27607068,5640030,diaq_fp32,0.203346,6.318e-08
E2EEVCSV,/mnt/beegfs/ysu34/hamlib/dia_e2e/bhc_18_7.txt,262144,112,1000,7,didx,193.067,136.274,332.570,900.804,2.709,7.358e-07
E2EEVDIAQCSV,/mnt/beegfs/ysu34/hamlib/dia_e2e/bhc_18_7.txt,262144,112,1000,7,7.880,1493.227,4.490,7.206e-07
E2EOPCSV,/mnt/beegfs/ysu34/hamlib/dia_e2e/bhc_18_7.txt,262144,112,2,4111,930782386,17.606,12.839,-1
E2EOPCSV,/mnt/beegfs/ysu34/hamlib/dia_e2e/bhc_18_7.txt,262144,112,3,56779,11338608278,4982.307,511.273,-1
# opbuild wall: Unnz=68719476736 (int32 index limit)
E2EOPBUILDCSV,/mnt/beegfs/ysu34/hamlib/dia_e2e/bhc_18_7.txt,262144,7,524287,68719476736,-1,-1,-1
# opbuild(sym) wall: Unnz=34359869440 (int32 index limit)
E2EOPBUILDCSV,/mnt/beegfs/ysu34/hamlib/dia_e2e/bhc_18_7.txt,262144,7,262144,34359869440,-1,-1,-1
== [1] bhD1_18_7 ==
PREPCSV,/mnt/beegfs/ysu34/hamlib/dia_e2e/bhD1_18_7.txt,262144,112,spmv,didx,91.164,2.710,0.032932,2851
PREPCSV,/mnt/beegfs/ysu34/hamlib/dia_e2e/bhD1_18_7.txt,262144,112,spmv,didx_sym,34.265,8.555,0.033321,1285
PREPCSV,/mnt/beegfs/ysu34/hamlib/dia_e2e/bhD1_18_7.txt,262144,112,spmv,gopt,83.217,5.625,0.068772,1292
PREPCSV,/mnt/beegfs/ysu34/hamlib/dia_e2e/bhD1_18_7.txt,262144,112,spmv,cusparse_csr,133.995,4.508,0.063365,2186
PREPCSV,/mnt/beegfs/ysu34/hamlib/dia_e2e/bhD1_18_7.txt,262144,112,spmspm,ours_flat,18.934,1.197,12.835102,2
PREPCSV,/mnt/beegfs/ysu34/hamlib/dia_e2e/bhD1_18_7.txt,262144,112,spmspm,hm_atomic,371.826,10.301,26.820015,14
PREPCSV,/mnt/beegfs/ysu34/hamlib/dia_e2e/bhD1_18_7.txt,262144,112,spmspm,ours_sym,4.226,6.652,-1.000000,-1
PREPCSV,/mnt/beegfs/ysu34/hamlib/dia_e2e/bhD1_18_7.txt,262144,112,spmspm,ours_sym,4.226,6.652,6.082150,2
SPMSPMCSV,/mnt/beegfs/ysu34/hamlib/dia_e2e/bhD1_18_7.txt,262144,112,4111,930782386,ours_flat,12.833976,0.000e+00
SPMSPMCSV,/mnt/beegfs/ysu34/hamlib/dia_e2e/bhD1_18_7.txt,262144,112,4111,930782386,ours_sym,6.079068,7.629e-06
SPMSPMCSV,/mnt/beegfs/ysu34/hamlib/dia_e2e/bhD1_18_7.txt,262144,112,4111,930782386,hm_atomic,26.784901,3.052e-05
SPMSPMCSV,/mnt/beegfs/ysu34/hamlib/dia_e2e/bhD1_18_7.txt,262144,112,4111,930782386,diaq_fp32,153.943863,3.052e-05
SPMSPMCSV,/mnt/beegfs/ysu34/hamlib/dia_e2e/bhD1_18_7.txt,262144,112,4111,930782386,cusparse_spgemm,19.177673,-1.000e+00
CSRNNZ,/mnt/beegfs/ysu34/hamlib/dia_e2e/bhD1_18_7.txt,27607068,5640030,0.2043
PREPCSV,/mnt/beegfs/ysu34/hamlib/dia_e2e/bhD1_18_7.txt,262144,112,spmv,cusparse_csr,129.076,185.081,0.061788,-1
SPMVCSV,/mnt/beegfs/ysu34/hamlib/dia_e2e/bhD1_18_7.txt,262144,112,27607068,5640030,ours_didx_nv1,0.032829,5.809e-08
SPMVCSV,/mnt/beegfs/ysu34/hamlib/dia_e2e/bhD1_18_7.txt,262144,112,27607068,5640030,ours_didx_nv2,0.040079,5.809e-08
SPMVCSV,/mnt/beegfs/ysu34/hamlib/dia_e2e/bhD1_18_7.txt,262144,112,27607068,5640030,ours_gather_nv1,0.099369,5.809e-08
SPMVCSV,/mnt/beegfs/ysu34/hamlib/dia_e2e/bhD1_18_7.txt,262144,112,27607068,5640030,ours_gather_nv2,0.257331,5.809e-08
SPMVCSV,/mnt/beegfs/ysu34/hamlib/dia_e2e/bhD1_18_7.txt,262144,112,27607068,5640030,ours_gopt_nv1,0.068649,5.931e-08
SPMVCSV,/mnt/beegfs/ysu34/hamlib/dia_e2e/bhD1_18_7.txt,262144,112,27607068,5640030,ours_gopt_nv2,0.079176,5.931e-08
# gopt plan: 2237 segs, reads 68.5% of stored band
SPMVCSV,/mnt/beegfs/ysu34/hamlib/dia_e2e/bhD1_18_7.txt,262144,112,27607068,5640030,ours_gopt_s_nv1,0.084439,5.931e-08
# auto pick=didx (D=112 fill=0.20 rho=0.69)
SPMVCSV,/mnt/beegfs/ysu34/hamlib/dia_e2e/bhD1_18_7.txt,262144,112,27607068,5640030,ours_auto_nv1,0.032707,5.809e-08
SPMVCSV,/mnt/beegfs/ysu34/hamlib/dia_e2e/bhD1_18_7.txt,262144,112,27607068,5640030,ours_auto_nv2,0.040038,5.809e-08
SPMVCSV,/mnt/beegfs/ysu34/hamlib/dia_e2e/bhD1_18_7.txt,262144,112,27607068,5640030,csr_zskip_nv1,0.052429,5.809e-08
SPMVCSV,/mnt/beegfs/ysu34/hamlib/dia_e2e/bhD1_18_7.txt,262144,112,27607068,5640030,row_dense_nv1,0.085258,5.809e-08
SPMVCSV,/mnt/beegfs/ysu34/hamlib/dia_e2e/bhD1_18_7.txt,262144,112,27607068,5640030,cusparse_csr,0.062730,5.708e-08
SPMVCSV,/mnt/beegfs/ysu34/hamlib/dia_e2e/bhD1_18_7.txt,262144,112,27607068,5640030,diaq_fp64,0.326676,0.000e+00
SPMVCSV,/mnt/beegfs/ysu34/hamlib/dia_e2e/bhD1_18_7.txt,262144,112,27607068,5640030,diaq_fp32,0.203244,6.318e-08
E2EEVCSV,/mnt/beegfs/ysu34/hamlib/dia_e2e/bhD1_18_7.txt,262144,112,1000,7,didx,194.685,136.554,334.212,909.019,2.720,7.358e-07
E2EEVDIAQCSV,/mnt/beegfs/ysu34/hamlib/dia_e2e/bhD1_18_7.txt,262144,112,1000,7,7.781,1494.804,4.473,7.206e-07
E2EOPCSV,/mnt/beegfs/ysu34/hamlib/dia_e2e/bhD1_18_7.txt,262144,112,2,4111,930782386,17.759,12.839,-1
E2EOPCSV,/mnt/beegfs/ysu34/hamlib/dia_e2e/bhD1_18_7.txt,262144,112,3,56779,11338608278,4985.227,511.272,-1
# opbuild wall: Unnz=68719476736 (int32 index limit)
E2EOPBUILDCSV,/mnt/beegfs/ysu34/hamlib/dia_e2e/bhD1_18_7.txt,262144,7,524287,68719476736,-1,-1,-1
# opbuild(sym) wall: Unnz=34359869440 (int32 index limit)
E2EOPBUILDCSV,/mnt/beegfs/ysu34/hamlib/dia_e2e/bhD1_18_7.txt,262144,7,262144,34359869440,-1,-1,-1
== [1] C2c_18_4 ==
PREPCSV,/mnt/beegfs/ysu34/hamlib/dia_e2e/C2c_18_4.txt,262144,9971,spmv,didx,3177.081,12.860,1.293128,2467
# didx_sym skipped: non-symmetric or Dup>128
PREPCSV,/mnt/beegfs/ysu34/hamlib/dia_e2e/C2c_18_4.txt,262144,9971,spmv,gopt,3580.643,106.724,1.790136,2060
PREPCSV,/mnt/beegfs/ysu34/hamlib/dia_e2e/C2c_18_4.txt,262144,9971,spmv,cusparse_csr,8334.750,17.812,0.219771,38006
CUDA prep_driver.cu:324 out of memory
CUDA spmspm_driver.cu:94 out of memory
CSRNNZ,/mnt/beegfs/ysu34/hamlib/dia_e2e/C2c_18_4.txt,2039105210,30193577,0.0148
PREPCSV,/mnt/beegfs/ysu34/hamlib/dia_e2e/C2c_18_4.txt,262144,9971,spmv,cusparse_csr,8436.993,210.004,0.217989,-1
SPMVCSV,/mnt/beegfs/ysu34/hamlib/dia_e2e/C2c_18_4.txt,262144,9971,2039105210,30193577,ours_didx_nv1,1.293394,1.591e-07
SPMVCSV,/mnt/beegfs/ysu34/hamlib/dia_e2e/C2c_18_4.txt,262144,9971,2039105210,30193577,ours_didx_nv2,1.758024,1.591e-07
SPMVCSV,/mnt/beegfs/ysu34/hamlib/dia_e2e/C2c_18_4.txt,262144,9971,2039105210,30193577,ours_gather_nv1,7.445054,1.591e-07
SPMVCSV,/mnt/beegfs/ysu34/hamlib/dia_e2e/C2c_18_4.txt,262144,9971,2039105210,30193577,ours_gather_nv2,18.899107,1.591e-07
SPMVCSV,/mnt/beegfs/ysu34/hamlib/dia_e2e/C2c_18_4.txt,262144,9971,2039105210,30193577,ours_gopt_nv1,1.787720,1.938e-07
SPMVCSV,/mnt/beegfs/ysu34/hamlib/dia_e2e/C2c_18_4.txt,262144,9971,2039105210,30193577,ours_gopt_nv2,2.125271,1.938e-07
# gopt plan: 260290 segs, reads 19.8% of stored band
SPMVCSV,/mnt/beegfs/ysu34/hamlib/dia_e2e/C2c_18_4.txt,262144,9971,2039105210,30193577,ours_gopt_s_nv1,2.152366,1.938e-07
# auto pick=gopt (D=9971 fill=0.01 rho=0.20)
SPMVCSV,/mnt/beegfs/ysu34/hamlib/dia_e2e/C2c_18_4.txt,262144,9971,2039105210,30193577,ours_auto_nv1,1.786634,1.938e-07
SPMVCSV,/mnt/beegfs/ysu34/hamlib/dia_e2e/C2c_18_4.txt,262144,9971,2039105210,30193577,ours_auto_nv2,2.121032,1.938e-07
SPMVCSV,/mnt/beegfs/ysu34/hamlib/dia_e2e/C2c_18_4.txt,262144,9971,2039105210,30193577,csr_zskip_nv1,0.422400,1.591e-07
SPMVCSV,/mnt/beegfs/ysu34/hamlib/dia_e2e/C2c_18_4.txt,262144,9971,2039105210,30193577,row_dense_nv1,6.097142,1.591e-07
SPMVCSV,/mnt/beegfs/ysu34/hamlib/dia_e2e/C2c_18_4.txt,262144,9971,2039105210,30193577,cusparse_csr,0.220242,7.214e-08
SPMVCSV,/mnt/beegfs/ysu34/hamlib/dia_e2e/C2c_18_4.txt,262144,9971,2039105210,30193577,diaq_fp64,23.332924,0.000e+00
SPMVCSV,/mnt/beegfs/ysu34/hamlib/dia_e2e/C2c_18_4.txt,262144,9971,2039105210,30193577,diaq_fp32,14.201365,1.612e-07
E2EEVCSV,/mnt/beegfs/ysu34/hamlib/dia_e2e/C2c_18_4.txt,262144,9971,1000,4,gopt,3532.284,8429.624,8538.546,1893.553,0.222,1.226e-07
E2EEVDIAQCSV,/mnt/beegfs/ysu34/hamlib/dia_e2e/C2c_18_4.txt,262144,9971,1000,4,535.421,56897.488,6.664,1.127e-07
E2EOPCSV,/mnt/beegfs/ysu34/hamlib/dia_e2e/C2c_18_4.txt,262144,9971,2,483276,65622141244,-1,-1,-1
# opbuild wall: Unnz=68719476736 (int32 index limit)
E2EOPBUILDCSV,/mnt/beegfs/ysu34/hamlib/dia_e2e/C2c_18_4.txt,262144,4,524287,68719476736,-1,-1,-1
# opbuild(sym) wall: Unnz=34359869440 (int32 index limit)
E2EOPBUILDCSV,/mnt/beegfs/ysu34/hamlib/dia_e2e/C2c_18_4.txt,262144,4,262144,34359869440,-1,-1,-1
== [1] fermi_16_5 ==
PREPCSV,/mnt/beegfs/ysu34/hamlib/dia_e2e/fermi_16_5.txt,65536,29,spmv,didx,4.365,0.421,0.005919,809
PREPCSV,/mnt/beegfs/ysu34/hamlib/dia_e2e/fermi_16_5.txt,65536,29,spmv,didx_sym,2.217,0.683,0.006062,478
PREPCSV,/mnt/beegfs/ysu34/hamlib/dia_e2e/fermi_16_5.txt,65536,29,spmv,gopt,5.360,0.663,0.010015,601
PREPCSV,/mnt/beegfs/ysu34/hamlib/dia_e2e/fermi_16_5.txt,65536,29,spmv,cusparse_csr,9.697,0.937,0.020316,523
PREPCSV,/mnt/beegfs/ysu34/hamlib/dia_e2e/fermi_16_5.txt,65536,29,spmspm,ours_flat,0.550,0.231,0.186593,4
PREPCSV,/mnt/beegfs/ysu34/hamlib/dia_e2e/fermi_16_5.txt,65536,29,spmspm,hm_atomic,9.226,1.399,0.326615,33
PREPCSV,/mnt/beegfs/ysu34/hamlib/dia_e2e/fermi_16_5.txt,65536,29,spmspm,ours_sym,0.177,2.039,-1.000000,-1
PREPCSV,/mnt/beegfs/ysu34/hamlib/dia_e2e/fermi_16_5.txt,65536,29,spmspm,ours_sym,0.177,2.039,0.094228,24
SPMSPMCSV,/mnt/beegfs/ysu34/hamlib/dia_e2e/fermi_16_5.txt,65536,29,353,21513010,ours_flat,0.186563,0.000e+00
SPMSPMCSV,/mnt/beegfs/ysu34/hamlib/dia_e2e/fermi_16_5.txt,65536,29,353,21513010,ours_sym,0.093972,0.000e+00
SPMSPMCSV,/mnt/beegfs/ysu34/hamlib/dia_e2e/fermi_16_5.txt,65536,29,353,21513010,hm_atomic,0.326584,0.000e+00
SPMSPMCSV,/mnt/beegfs/ysu34/hamlib/dia_e2e/fermi_16_5.txt,65536,29,353,21513010,diaq_fp32,6.524160,0.000e+00
SPMSPMCSV,/mnt/beegfs/ysu34/hamlib/dia_e2e/fermi_16_5.txt,65536,29,353,21513010,cusparse_spgemm,4.418985,-1.000e+00
CSRNNZ,/mnt/beegfs/ysu34/hamlib/dia_e2e/fermi_16_5.txt,1835266,503876,0.2746
PREPCSV,/mnt/beegfs/ysu34/hamlib/dia_e2e/fermi_16_5.txt,65536,29,spmv,cusparse_csr,9.749,171.404,0.020582,-1
SPMVCSV,/mnt/beegfs/ysu34/hamlib/dia_e2e/fermi_16_5.txt,65536,29,1835266,503876,ours_didx_nv1,0.006062,5.450e-08
SPMVCSV,/mnt/beegfs/ysu34/hamlib/dia_e2e/fermi_16_5.txt,65536,29,1835266,503876,ours_didx_nv2,0.006554,5.450e-08
SPMVCSV,/mnt/beegfs/ysu34/hamlib/dia_e2e/fermi_16_5.txt,65536,29,1835266,503876,ours_gather_nv1,0.007209,5.450e-08
SPMVCSV,/mnt/beegfs/ysu34/hamlib/dia_e2e/fermi_16_5.txt,65536,29,1835266,503876,ours_gather_nv2,0.008376,5.450e-08
SPMVCSV,/mnt/beegfs/ysu34/hamlib/dia_e2e/fermi_16_5.txt,65536,29,1835266,503876,ours_gopt_nv1,0.010179,5.600e-08
SPMVCSV,/mnt/beegfs/ysu34/hamlib/dia_e2e/fermi_16_5.txt,65536,29,1835266,503876,ours_gopt_nv2,0.012534,5.614e-08
# gopt plan: 143 segs, reads 71.3% of stored band
SPMVCSV,/mnt/beegfs/ysu34/hamlib/dia_e2e/fermi_16_5.txt,65536,29,1835266,503876,ours_gopt_s_nv1,0.011182,5.600e-08
# auto pick=didx (D=29 fill=0.27 rho=0.71)
SPMVCSV,/mnt/beegfs/ysu34/hamlib/dia_e2e/fermi_16_5.txt,65536,29,1835266,503876,ours_auto_nv1,0.006062,5.450e-08
SPMVCSV,/mnt/beegfs/ysu34/hamlib/dia_e2e/fermi_16_5.txt,65536,29,1835266,503876,ours_auto_nv2,0.006533,5.450e-08
SPMVCSV,/mnt/beegfs/ysu34/hamlib/dia_e2e/fermi_16_5.txt,65536,29,1835266,503876,csr_zskip_nv1,0.006533,5.450e-08
SPMVCSV,/mnt/beegfs/ysu34/hamlib/dia_e2e/fermi_16_5.txt,65536,29,1835266,503876,row_dense_nv1,0.007045,5.450e-08
SPMVCSV,/mnt/beegfs/ysu34/hamlib/dia_e2e/fermi_16_5.txt,65536,29,1835266,503876,cusparse_csr,0.020726,5.324e-08
SPMVCSV,/mnt/beegfs/ysu34/hamlib/dia_e2e/fermi_16_5.txt,65536,29,1835266,503876,diaq_fp64,0.025293,0.000e+00
SPMVCSV,/mnt/beegfs/ysu34/hamlib/dia_e2e/fermi_16_5.txt,65536,29,1835266,503876,diaq_fp32,0.015217,5.504e-08
E2EEVCSV,/mnt/beegfs/ysu34/hamlib/dia_e2e/fermi_16_5.txt,65536,29,1000,5,didx,11.026,11.003,50.035,221.038,4.418,2.193e-07
E2EEVDIAQCSV,/mnt/beegfs/ysu34/hamlib/dia_e2e/fermi_16_5.txt,65536,29,1000,5,0.720,89.843,1.796,8.135e-08
E2EOPCSV,/mnt/beegfs/ysu34/hamlib/dia_e2e/fermi_16_5.txt,65536,29,2,353,21513010,0.394,0.187,-1
E2EOPCSV,/mnt/beegfs/ysu34/hamlib/dia_e2e/fermi_16_5.txt,65536,29,3,2377,138741682,18.005,2.480,-1
E2EOPBUILDCSV,/mnt/beegfs/ysu34/hamlib/dia_e2e/fermi_16_5.txt,65536,5,27547,1419565488,5555.703,5879.081,1.058
E2EOPBUILDCSV,/mnt/beegfs/ysu34/hamlib/dia_e2e/fermi_16_5.txt,65536,5,13774,709815512,245.231,-1,-1
== [1] fermi_18_5 ==
PREPCSV,/mnt/beegfs/ysu34/hamlib/dia_e2e/fermi_18_5.txt,262144,33,spmv,didx,16.937,1.280,0.012063,1510
PREPCSV,/mnt/beegfs/ysu34/hamlib/dia_e2e/fermi_18_5.txt,262144,33,spmv,didx_sym,9.570,3.065,0.011919,1060
PREPCSV,/mnt/beegfs/ysu34/hamlib/dia_e2e/fermi_18_5.txt,262144,33,spmv,gopt,22.621,2.148,0.013619,1819
PREPCSV,/mnt/beegfs/ysu34/hamlib/dia_e2e/fermi_18_5.txt,262144,33,spmv,cusparse_csr,43.991,2.381,0.035860,1293
PREPCSV,/mnt/beegfs/ysu34/hamlib/dia_e2e/fermi_18_5.txt,262144,33,spmspm,ours_flat,1.756,0.483,1.194844,2
PREPCSV,/mnt/beegfs/ysu34/hamlib/dia_e2e/fermi_18_5.txt,262144,33,spmspm,hm_atomic,49.628,3.723,2.511626,21
PREPCSV,/mnt/beegfs/ysu34/hamlib/dia_e2e/fermi_18_5.txt,262144,33,spmspm,ours_sym,0.742,3.167,-1.000000,-1
PREPCSV,/mnt/beegfs/ysu34/hamlib/dia_e2e/fermi_18_5.txt,262144,33,spmspm,ours_sym,0.742,3.167,0.558428,7
SPMSPMCSV,/mnt/beegfs/ysu34/hamlib/dia_e2e/fermi_18_5.txt,262144,33,465,114362994,ours_flat,1.194291,0.000e+00
SPMSPMCSV,/mnt/beegfs/ysu34/hamlib/dia_e2e/fermi_18_5.txt,262144,33,465,114362994,ours_sym,0.558131,0.000e+00
SPMSPMCSV,/mnt/beegfs/ysu34/hamlib/dia_e2e/fermi_18_5.txt,262144,33,465,114362994,hm_atomic,2.510705,0.000e+00
SPMSPMCSV,/mnt/beegfs/ysu34/hamlib/dia_e2e/fermi_18_5.txt,262144,33,465,114362994,diaq_fp32,34.704865,0.000e+00
SPMSPMCSV,/mnt/beegfs/ysu34/hamlib/dia_e2e/fermi_18_5.txt,262144,33,465,114362994,cusparse_spgemm,5.785318,-1.000e+00
CSRNNZ,/mnt/beegfs/ysu34/hamlib/dia_e2e/fermi_18_5.txt,8389122,2359296,0.2812
PREPCSV,/mnt/beegfs/ysu34/hamlib/dia_e2e/fermi_18_5.txt,262144,33,spmv,cusparse_csr,40.517,174.185,0.035820,-1
SPMVCSV,/mnt/beegfs/ysu34/hamlib/dia_e2e/fermi_18_5.txt,262144,33,8389122,2359296,ours_didx_nv1,0.012022,5.902e-08
SPMVCSV,/mnt/beegfs/ysu34/hamlib/dia_e2e/fermi_18_5.txt,262144,33,8389122,2359296,ours_didx_nv2,0.013804,5.922e-08
SPMVCSV,/mnt/beegfs/ysu34/hamlib/dia_e2e/fermi_18_5.txt,262144,33,8389122,2359296,ours_gather_nv1,0.032420,5.902e-08
SPMVCSV,/mnt/beegfs/ysu34/hamlib/dia_e2e/fermi_18_5.txt,262144,33,8389122,2359296,ours_gather_nv2,0.081736,5.922e-08
SPMVCSV,/mnt/beegfs/ysu34/hamlib/dia_e2e/fermi_18_5.txt,262144,33,8389122,2359296,ours_gopt_nv1,0.013496,5.983e-08
SPMVCSV,/mnt/beegfs/ysu34/hamlib/dia_e2e/fermi_18_5.txt,262144,33,8389122,2359296,ours_gopt_nv2,0.018760,5.983e-08
# gopt plan: 527 segs, reads 65.6% of stored band
SPMVCSV,/mnt/beegfs/ysu34/hamlib/dia_e2e/fermi_18_5.txt,262144,33,8389122,2359296,ours_gopt_s_nv1,0.013517,5.983e-08
# auto pick=didx (D=33 fill=0.28 rho=0.66)
SPMVCSV,/mnt/beegfs/ysu34/hamlib/dia_e2e/fermi_18_5.txt,262144,33,8389122,2359296,ours_auto_nv1,0.011981,5.902e-08
SPMVCSV,/mnt/beegfs/ysu34/hamlib/dia_e2e/fermi_18_5.txt,262144,33,8389122,2359296,ours_auto_nv2,0.013844,5.922e-08
SPMVCSV,/mnt/beegfs/ysu34/hamlib/dia_e2e/fermi_18_5.txt,262144,33,8389122,2359296,csr_zskip_nv1,0.014500,5.902e-08
SPMVCSV,/mnt/beegfs/ysu34/hamlib/dia_e2e/fermi_18_5.txt,262144,33,8389122,2359296,row_dense_nv1,0.026235,5.902e-08
SPMVCSV,/mnt/beegfs/ysu34/hamlib/dia_e2e/fermi_18_5.txt,262144,33,8389122,2359296,cusparse_csr,0.035308,5.727e-08
SPMVCSV,/mnt/beegfs/ysu34/hamlib/dia_e2e/fermi_18_5.txt,262144,33,8389122,2359296,diaq_fp64,0.109650,0.000e+00
SPMVCSV,/mnt/beegfs/ysu34/hamlib/dia_e2e/fermi_18_5.txt,262144,33,8389122,2359296,diaq_fp32,0.065475,6.228e-08
E2EEVCSV,/mnt/beegfs/ysu34/hamlib/dia_e2e/fermi_18_5.txt,262144,33,1000,5,didx,41.038,44.886,94.058,420.144,4.467,1.772e-07
E2EEVDIAQCSV,/mnt/beegfs/ysu34/hamlib/dia_e2e/fermi_18_5.txt,262144,33,1000,5,2.801,364.187,3.872,1.509e-07
E2EOPCSV,/mnt/beegfs/ysu34/hamlib/dia_e2e/fermi_18_5.txt,262144,33,2,465,114362994,1.192,1.194,-1
E2EOPCSV,/mnt/beegfs/ysu34/hamlib/dia_e2e/fermi_18_5.txt,262144,33,3,3689,873993202,35.241,18.003,-1
# opbuild wall: Unnz=13140458992 (int32 index limit)
E2EOPBUILDCSV,/mnt/beegfs/ysu34/hamlib/dia_e2e/fermi_18_5.txt,262144,5,61463,13140458992,-1,-1,-1
# opbuild(sym) wall: Unnz=6570360568 (int32 index limit)
E2EOPBUILDCSV,/mnt/beegfs/ysu34/hamlib/dia_e2e/fermi_18_5.txt,262144,5,30732,6570360568,-1,-1,-1
== [1] fermi_20_5 ==
PREPCSV,/mnt/beegfs/ysu34/hamlib/dia_e2e/fermi_20_5.txt,1048576,37,spmv,didx,120.724,4.849,0.056422,2226
PREPCSV,/mnt/beegfs/ysu34/hamlib/dia_e2e/fermi_20_5.txt,1048576,37,spmv,didx_sym,45.393,11.827,0.053228,1075
PREPCSV,/mnt/beegfs/ysu34/hamlib/dia_e2e/fermi_20_5.txt,1048576,37,spmv,gopt,100.105,7.250,0.077988,1377
PREPCSV,/mnt/beegfs/ysu34/hamlib/dia_e2e/fermi_20_5.txt,1048576,37,spmv,cusparse_csr,199.823,7.785,0.087634,2369
PREPCSV,/mnt/beegfs/ysu34/hamlib/dia_e2e/fermi_20_5.txt,1048576,37,spmspm,ours_flat,7.496,0.874,6.220001,1
PREPCSV,/mnt/beegfs/ysu34/hamlib/dia_e2e/fermi_20_5.txt,1048576,37,spmspm,hm_atomic,250.210,12.805,12.749332,21
PREPCSV,/mnt/beegfs/ysu34/hamlib/dia_e2e/fermi_20_5.txt,1048576,37,spmspm,ours_sym,3.699,4.628,-1.000000,-1
PREPCSV,/mnt/beegfs/ysu34/hamlib/dia_e2e/fermi_20_5.txt,1048576,37,spmspm,ours_sym,3.699,4.628,3.130593,3
SPMSPMCSV,/mnt/beegfs/ysu34/hamlib/dia_e2e/fermi_20_5.txt,1048576,37,593,587472114,ours_flat,6.223463,0.000e+00
SPMSPMCSV,/mnt/beegfs/ysu34/hamlib/dia_e2e/fermi_20_5.txt,1048576,37,593,587472114,ours_sym,3.129088,0.000e+00
SPMSPMCSV,/mnt/beegfs/ysu34/hamlib/dia_e2e/fermi_20_5.txt,1048576,37,593,587472114,hm_atomic,12.773079,0.000e+00
SPMSPMCSV,/mnt/beegfs/ysu34/hamlib/dia_e2e/fermi_20_5.txt,1048576,37,593,587472114,diaq_fp32,193.599167,0.000e+00
SPMSPMCSV,/mnt/beegfs/ysu34/hamlib/dia_e2e/fermi_20_5.txt,1048576,37,593,587472114,cusparse_spgemm,11.475363,-1.000e+00
CSRNNZ,/mnt/beegfs/ysu34/hamlib/dia_e2e/fermi_20_5.txt,37749762,10485760,0.2778
PREPCSV,/mnt/beegfs/ysu34/hamlib/dia_e2e/fermi_20_5.txt,1048576,37,spmv,cusparse_csr,182.399,191.537,0.087306,-1
SPMVCSV,/mnt/beegfs/ysu34/hamlib/dia_e2e/fermi_20_5.txt,1048576,37,37749762,10485760,ours_didx_nv1,0.056381,6.230e-08
SPMVCSV,/mnt/beegfs/ysu34/hamlib/dia_e2e/fermi_20_5.txt,1048576,37,37749762,10485760,ours_didx_nv2,0.064410,6.230e-08
SPMVCSV,/mnt/beegfs/ysu34/hamlib/dia_e2e/fermi_20_5.txt,1048576,37,37749762,10485760,ours_gather_nv1,0.120730,6.230e-08
SPMVCSV,/mnt/beegfs/ysu34/hamlib/dia_e2e/fermi_20_5.txt,1048576,37,37749762,10485760,ours_gather_nv2,0.207278,6.230e-08
SPMVCSV,/mnt/beegfs/ysu34/hamlib/dia_e2e/fermi_20_5.txt,1048576,37,37749762,10485760,ours_gopt_nv1,0.078152,6.235e-08
SPMVCSV,/mnt/beegfs/ysu34/hamlib/dia_e2e/fermi_20_5.txt,1048576,37,37749762,10485760,ours_gopt_nv2,0.088125,6.235e-08
# gopt plan: 1041 segs, reads 65.3% of stored band
SPMVCSV,/mnt/beegfs/ysu34/hamlib/dia_e2e/fermi_20_5.txt,1048576,37,37749762,10485760,ours_gopt_s_nv1,0.083149,6.235e-08
# auto pick=didx (D=37 fill=0.28 rho=0.65)
SPMVCSV,/mnt/beegfs/ysu34/hamlib/dia_e2e/fermi_20_5.txt,1048576,37,37749762,10485760,ours_auto_nv1,0.056074,6.230e-08
SPMVCSV,/mnt/beegfs/ysu34/hamlib/dia_e2e/fermi_20_5.txt,1048576,37,37749762,10485760,ours_auto_nv2,0.065925,6.230e-08
SPMVCSV,/mnt/beegfs/ysu34/hamlib/dia_e2e/fermi_20_5.txt,1048576,37,37749762,10485760,csr_zskip_nv1,0.079299,6.230e-08
SPMVCSV,/mnt/beegfs/ysu34/hamlib/dia_e2e/fermi_20_5.txt,1048576,37,37749762,10485760,row_dense_nv1,0.111370,6.230e-08
SPMVCSV,/mnt/beegfs/ysu34/hamlib/dia_e2e/fermi_20_5.txt,1048576,37,37749762,10485760,cusparse_csr,0.087552,5.900e-08
SPMVCSV,/mnt/beegfs/ysu34/hamlib/dia_e2e/fermi_20_5.txt,1048576,37,37749762,10485760,diaq_fp64,0.433644,0.000e+00
SPMVCSV,/mnt/beegfs/ysu34/hamlib/dia_e2e/fermi_20_5.txt,1048576,37,37749762,10485760,diaq_fp32,0.229417,6.502e-08
E2EEVCSV,/mnt/beegfs/ysu34/hamlib/dia_e2e/fermi_20_5.txt,1048576,37,1000,5,didx,236.168,192.619,420.316,1030.958,2.453,1.858e-07
E2EEVDIAQCSV,/mnt/beegfs/ysu34/hamlib/dia_e2e/fermi_20_5.txt,1048576,37,1000,5,10.438,1256.028,2.988,1.550e-07
E2EOPCSV,/mnt/beegfs/ysu34/hamlib/dia_e2e/fermi_20_5.txt,1048576,37,2,593,587472114,6.051,6.223,-1
E2EOPCSV,/mnt/beegfs/ysu34/hamlib/dia_e2e/fermi_20_5.txt,1048576,37,3,5433,5208293746,102.829,121.380,-1
# opbuild wall: Unnz=110337036656 (int32 index limit)
E2EOPBUILDCSV,/mnt/beegfs/ysu34/hamlib/dia_e2e/fermi_20_5.txt,1048576,5,125523,110337036656,-1,-1,-1
# opbuild(sym) wall: Unnz=55169042616 (int32 index limit)
E2EOPBUILDCSV,/mnt/beegfs/ysu34/hamlib/dia_e2e/fermi_20_5.txt,1048576,5,62762,55169042616,-1,-1,-1
== [1] fermiFH_18_4 ==
PREPCSV,/mnt/beegfs/ysu34/hamlib/dia_e2e/fermiFH_18_4.txt,262144,64,spmv,didx,31.334,1.248,0.011735,2776
PREPCSV,/mnt/beegfs/ysu34/hamlib/dia_e2e/fermiFH_18_4.txt,262144,64,spmv,didx_sym,16.546,4.960,0.011653,1846
PREPCSV,/mnt/beegfs/ysu34/hamlib/dia_e2e/fermiFH_18_4.txt,262144,64,spmv,gopt,38.404,2.833,0.034161,1207
PREPCSV,/mnt/beegfs/ysu34/hamlib/dia_e2e/fermiFH_18_4.txt,262144,64,spmv,cusparse_csr,52.147,2.203,0.034529,1574
PREPCSV,/mnt/beegfs/ysu34/hamlib/dia_e2e/fermiFH_18_4.txt,262144,64,spmspm,ours_flat,5.562,0.675,4.393513,1
PREPCSV,/mnt/beegfs/ysu34/hamlib/dia_e2e/fermiFH_18_4.txt,262144,64,spmspm,hm_atomic,150.733,6.137,9.162076,17
PREPCSV,/mnt/beegfs/ysu34/hamlib/dia_e2e/fermiFH_18_4.txt,262144,64,spmspm,ours_sym,1.880,4.105,-1.000000,-1
PREPCSV,/mnt/beegfs/ysu34/hamlib/dia_e2e/fermiFH_18_4.txt,262144,64,spmspm,ours_sym,1.880,4.105,2.086707,3
SPMSPMCSV,/mnt/beegfs/ysu34/hamlib/dia_e2e/fermiFH_18_4.txt,262144,64,1549,366904380,ours_flat,4.394291,0.000e+00
SPMSPMCSV,/mnt/beegfs/ysu34/hamlib/dia_e2e/fermiFH_18_4.txt,262144,64,1549,366904380,ours_sym,2.086001,0.000e+00
SPMSPMCSV,/mnt/beegfs/ysu34/hamlib/dia_e2e/fermiFH_18_4.txt,262144,64,1549,366904380,hm_atomic,9.162783,0.000e+00
SPMSPMCSV,/mnt/beegfs/ysu34/hamlib/dia_e2e/fermiFH_18_4.txt,262144,64,1549,366904380,diaq_fp32,76.083199,0.000e+00
SPMSPMCSV,/mnt/beegfs/ysu34/hamlib/dia_e2e/fermiFH_18_4.txt,262144,64,1549,366904380,cusparse_spgemm,5.757571,-1.000e+00
CSRNNZ,/mnt/beegfs/ysu34/hamlib/dia_e2e/fermiFH_18_4.txt,16071004,2097152,0.1305
PREPCSV,/mnt/beegfs/ysu34/hamlib/dia_e2e/fermiFH_18_4.txt,262144,64,spmv,cusparse_csr,51.953,179.943,0.035226,-1
SPMVCSV,/mnt/beegfs/ysu34/hamlib/dia_e2e/fermiFH_18_4.txt,262144,64,16071004,2097152,ours_didx_nv1,0.011694,5.605e-08
SPMVCSV,/mnt/beegfs/ysu34/hamlib/dia_e2e/fermiFH_18_4.txt,262144,64,16071004,2097152,ours_didx_nv2,0.013476,5.629e-08
SPMVCSV,/mnt/beegfs/ysu34/hamlib/dia_e2e/fermiFH_18_4.txt,262144,64,16071004,2097152,ours_gather_nv1,0.060314,5.605e-08
SPMVCSV,/mnt/beegfs/ysu34/hamlib/dia_e2e/fermiFH_18_4.txt,262144,64,16071004,2097152,ours_gather_nv2,0.151101,5.629e-08
SPMVCSV,/mnt/beegfs/ysu34/hamlib/dia_e2e/fermiFH_18_4.txt,262144,64,16071004,2097152,ours_gopt_nv1,0.034324,5.606e-08
SPMVCSV,/mnt/beegfs/ysu34/hamlib/dia_e2e/fermiFH_18_4.txt,262144,64,16071004,2097152,ours_gopt_nv2,0.039772,5.645e-08
# gopt plan: 1286 segs, reads 52.6% of stored band
SPMVCSV,/mnt/beegfs/ysu34/hamlib/dia_e2e/fermiFH_18_4.txt,262144,64,16071004,2097152,ours_gopt_s_nv1,0.041124,5.606e-08
# auto pick=didx (D=64 fill=0.13 rho=0.53)
SPMVCSV,/mnt/beegfs/ysu34/hamlib/dia_e2e/fermiFH_18_4.txt,262144,64,16071004,2097152,ours_auto_nv1,0.011715,5.605e-08
SPMVCSV,/mnt/beegfs/ysu34/hamlib/dia_e2e/fermiFH_18_4.txt,262144,64,16071004,2097152,ours_auto_nv2,0.013435,5.629e-08
SPMVCSV,/mnt/beegfs/ysu34/hamlib/dia_e2e/fermiFH_18_4.txt,262144,64,16071004,2097152,csr_zskip_nv1,0.013681,5.605e-08
SPMVCSV,/mnt/beegfs/ysu34/hamlib/dia_e2e/fermiFH_18_4.txt,262144,64,16071004,2097152,row_dense_nv1,0.052285,5.605e-08
SPMVCSV,/mnt/beegfs/ysu34/hamlib/dia_e2e/fermiFH_18_4.txt,262144,64,16071004,2097152,cusparse_csr,0.034755,5.054e-08
SPMVCSV,/mnt/beegfs/ysu34/hamlib/dia_e2e/fermiFH_18_4.txt,262144,64,16071004,2097152,diaq_fp64,0.196342,0.000e+00
SPMVCSV,/mnt/beegfs/ysu34/hamlib/dia_e2e/fermiFH_18_4.txt,262144,64,16071004,2097152,diaq_fp32,0.120402,5.616e-08
E2EEVCSV,/mnt/beegfs/ysu34/hamlib/dia_e2e/fermiFH_18_4.txt,262144,64,1000,4,didx,69.323,55.352,75.000,336.779,4.490,1.427e-07
E2EEVDIAQCSV,/mnt/beegfs/ysu34/hamlib/dia_e2e/fermiFH_18_4.txt,262144,64,1000,4,4.760,521.299,6.951,0.000e+00
E2EOPCSV,/mnt/beegfs/ysu34/hamlib/dia_e2e/fermiFH_18_4.txt,262144,64,2,1549,366904380,4.690,4.395,-1
E2EOPCSV,/mnt/beegfs/ysu34/hamlib/dia_e2e/fermiFH_18_4.txt,262144,64,3,17353,3771787488,462.575,113.683,-1
# opbuild wall: Unnz=18912431872 (int32 index limit)
E2EOPBUILDCSV,/mnt/beegfs/ysu34/hamlib/dia_e2e/fermiFH_18_4.txt,262144,4,98163,18912431872,-1,-1,-1
# opbuild(sym) wall: Unnz=9456347008 (int32 index limit)
E2EOPBUILDCSV,/mnt/beegfs/ysu34/hamlib/dia_e2e/fermiFH_18_4.txt,262144,4,49082,9456347008,-1,-1,-1
== [1] H8c_16_4 ==
PREPCSV,/mnt/beegfs/ysu34/hamlib/dia_e2e/H8c_16_4.txt,65536,8887,spmv,didx,646.743,5.310,0.624517,1044
# didx_sym skipped: non-symmetric or Dup>128
PREPCSV,/mnt/beegfs/ysu34/hamlib/dia_e2e/H8c_16_4.txt,65536,8887,spmv,gopt,863.881,38.163,1.679688,537
PREPCSV,/mnt/beegfs/ysu34/hamlib/dia_e2e/H8c_16_4.txt,65536,8887,spmv,cusparse_csr,1551.680,7.207,0.091587,17021
PREPCSV,/mnt/beegfs/ysu34/hamlib/dia_e2e/H8c_16_4.txt,65536,8887,spmspm,ours_flat,11980.334,157.482,13117.507812,1
# hm_atomic skipped: C nnz 2147483648 exceeds HM int32 layout
PREPCSV,/mnt/beegfs/ysu34/hamlib/dia_e2e/H8c_16_4.txt,65536,8887,spmspm,ours_sym,1167.943,83.388,-1.000000,-1
PREPCSV,/mnt/beegfs/ysu34/hamlib/dia_e2e/H8c_16_4.txt,65536,8887,spmspm,ours_sym,1167.943,83.388,6685.007324,0
SPMSPMCSV,/mnt/beegfs/ysu34/hamlib/dia_e2e/H8c_16_4.txt,65536,8887,65535,2147483648,ours_flat,13117.675781,0.000e+00
SPMSPMCSV,/mnt/beegfs/ysu34/hamlib/dia_e2e/H8c_16_4.txt,65536,8887,65535,2147483648,ours_sym,6685.107910,6.104e-05
# hm_atomic skipped: C nnz 2147483648 exceeds HM int32 layout
CSRNNZ,/mnt/beegfs/ysu34/hamlib/dia_e2e/H8c_16_4.txt,398453764,10694387,0.0268
PREPCSV,/mnt/beegfs/ysu34/hamlib/dia_e2e/H8c_16_4.txt,65536,8887,spmv,cusparse_csr,1553.333,202.909,0.091853,-1
SPMVCSV,/mnt/beegfs/ysu34/hamlib/dia_e2e/H8c_16_4.txt,65536,8887,398453764,10694387,ours_didx_nv1,0.624804,2.068e-07
SPMVCSV,/mnt/beegfs/ysu34/hamlib/dia_e2e/H8c_16_4.txt,65536,8887,398453764,10694387,ours_didx_nv2,0.833024,2.068e-07
SPMVCSV,/mnt/beegfs/ysu34/hamlib/dia_e2e/H8c_16_4.txt,65536,8887,398453764,10694387,ours_gather_nv1,1.418322,2.068e-07
SPMVCSV,/mnt/beegfs/ysu34/hamlib/dia_e2e/H8c_16_4.txt,65536,8887,398453764,10694387,ours_gather_nv2,1.695764,2.068e-07
SPMVCSV,/mnt/beegfs/ysu34/hamlib/dia_e2e/H8c_16_4.txt,65536,8887,398453764,10694387,ours_gopt_nv1,1.680896,2.422e-07
SPMVCSV,/mnt/beegfs/ysu34/hamlib/dia_e2e/H8c_16_4.txt,65536,8887,398453764,10694387,ours_gopt_nv2,2.048451,2.422e-07
# gopt plan: 50891 segs, reads 34.8% of stored band
SPMVCSV,/mnt/beegfs/ysu34/hamlib/dia_e2e/H8c_16_4.txt,65536,8887,398453764,10694387,ours_gopt_s_nv1,2.144133,2.422e-07
# auto pick=gopt (D=8887 fill=0.03 rho=0.35)
SPMVCSV,/mnt/beegfs/ysu34/hamlib/dia_e2e/H8c_16_4.txt,65536,8887,398453764,10694387,ours_auto_nv1,1.678520,2.422e-07
SPMVCSV,/mnt/beegfs/ysu34/hamlib/dia_e2e/H8c_16_4.txt,65536,8887,398453764,10694387,ours_auto_nv2,2.049680,2.422e-07
SPMVCSV,/mnt/beegfs/ysu34/hamlib/dia_e2e/H8c_16_4.txt,65536,8887,398453764,10694387,csr_zskip_nv1,0.145818,2.068e-07
SPMVCSV,/mnt/beegfs/ysu34/hamlib/dia_e2e/H8c_16_4.txt,65536,8887,398453764,10694387,row_dense_nv1,1.686897,2.068e-07
SPMVCSV,/mnt/beegfs/ysu34/hamlib/dia_e2e/H8c_16_4.txt,65536,8887,398453764,10694387,cusparse_csr,0.091791,7.568e-08
SPMVCSV,/mnt/beegfs/ysu34/hamlib/dia_e2e/H8c_16_4.txt,65536,8887,398453764,10694387,diaq_fp64,6.035497,0.000e+00
SPMVCSV,/mnt/beegfs/ysu34/hamlib/dia_e2e/H8c_16_4.txt,65536,8887,398453764,10694387,diaq_fp32,5.206426,2.076e-07
E2EEVCSV,/mnt/beegfs/ysu34/hamlib/dia_e2e/H8c_16_4.txt,65536,8887,1000,4,gopt,930.415,1583.636,8247.903,750.290,0.091,2.062e-07
E2EEVDIAQCSV,/mnt/beegfs/ysu34/hamlib/dia_e2e/H8c_16_4.txt,65536,8887,1000,4,105.262,20859.025,2.529,1.858e-07
E2EOPCSV,/mnt/beegfs/ysu34/hamlib/dia_e2e/H8c_16_4.txt,65536,8887,2,65535,2147483648,11114.327,13116.412,-1
E2EOPCSV,/mnt/beegfs/ysu34/hamlib/dia_e2e/H8c_16_4.txt,65536,8887,3,65535,2147483648,69377.572,73353.531,-1
# opbuild wall: Unnz=2147483648 (int32 index limit)
E2EOPBUILDCSV,/mnt/beegfs/ysu34/hamlib/dia_e2e/H8c_16_4.txt,65536,4,65535,2147483648,-1,-1,-1
E2EOPBUILDCSV,/mnt/beegfs/ysu34/hamlib/dia_e2e/H8c_16_4.txt,65536,4,32768,1073774592,96370.219,-1,-1
== [1] heis_16_5 ==
PREPCSV,/mnt/beegfs/ysu34/hamlib/dia_e2e/heis_16_5.txt,65536,31,spmv,didx,4.613,3.920,0.006308,1353
PREPCSV,/mnt/beegfs/ysu34/hamlib/dia_e2e/heis_16_5.txt,65536,31,spmv,didx_sym,2.107,6.886,0.006369,1412
PREPCSV,/mnt/beegfs/ysu34/hamlib/dia_e2e/heis_16_5.txt,65536,31,spmv,gopt,5.570,3.725,0.010772,863
PREPCSV,/mnt/beegfs/ysu34/hamlib/dia_e2e/heis_16_5.txt,65536,31,spmv,cusparse_csr,11.452,5.024,0.021729,758
PREPCSV,/mnt/beegfs/ysu34/hamlib/dia_e2e/heis_16_5.txt,65536,31,spmspm,ours_flat,0.588,2.603,0.215020,15
PREPCSV,/mnt/beegfs/ysu34/hamlib/dia_e2e/heis_16_5.txt,65536,31,spmspm,hm_atomic,10.793,1.517,0.379126,32
PREPCSV,/mnt/beegfs/ysu34/hamlib/dia_e2e/heis_16_5.txt,65536,31,spmspm,ours_sym,0.200,2.135,-1.000000,-1
PREPCSV,/mnt/beegfs/ysu34/hamlib/dia_e2e/heis_16_5.txt,65536,31,spmspm,ours_sym,0.200,2.135,0.106312,22
SPMSPMCSV,/mnt/beegfs/ysu34/hamlib/dia_e2e/heis_16_5.txt,65536,31,399,24395762,ours_flat,0.212828,0.000e+00
SPMSPMCSV,/mnt/beegfs/ysu34/hamlib/dia_e2e/heis_16_5.txt,65536,31,399,24395762,ours_sym,0.106609,0.000e+00
SPMSPMCSV,/mnt/beegfs/ysu34/hamlib/dia_e2e/heis_16_5.txt,65536,31,399,24395762,hm_atomic,0.381686,0.000e+00
SPMSPMCSV,/mnt/beegfs/ysu34/hamlib/dia_e2e/heis_16_5.txt,65536,31,399,24395762,diaq_fp32,6.794670,0.000e+00
SPMSPMCSV,/mnt/beegfs/ysu34/hamlib/dia_e2e/heis_16_5.txt,65536,31,399,24395762,cusparse_spgemm,4.349251,-1.000e+00
CSRNNZ,/mnt/beegfs/ysu34/hamlib/dia_e2e/heis_16_5.txt,1966082,557056,0.2833
PREPCSV,/mnt/beegfs/ysu34/hamlib/dia_e2e/heis_16_5.txt,65536,31,spmv,cusparse_csr,11.687,178.417,0.020685,-1
SPMVCSV,/mnt/beegfs/ysu34/hamlib/dia_e2e/heis_16_5.txt,65536,31,1966082,557056,ours_didx_nv1,0.006103,5.752e-08
SPMVCSV,/mnt/beegfs/ysu34/hamlib/dia_e2e/heis_16_5.txt,65536,31,1966082,557056,ours_didx_nv2,0.006676,5.753e-08
SPMVCSV,/mnt/beegfs/ysu34/hamlib/dia_e2e/heis_16_5.txt,65536,31,1966082,557056,ours_gather_nv1,0.007557,5.752e-08
SPMVCSV,/mnt/beegfs/ysu34/hamlib/dia_e2e/heis_16_5.txt,65536,31,1966082,557056,ours_gather_nv2,0.008724,5.753e-08
SPMVCSV,/mnt/beegfs/ysu34/hamlib/dia_e2e/heis_16_5.txt,65536,31,1966082,557056,ours_gopt_nv1,0.010772,5.880e-08
SPMVCSV,/mnt/beegfs/ysu34/hamlib/dia_e2e/heis_16_5.txt,65536,31,1966082,557056,ours_gopt_nv2,0.013292,5.910e-08
# gopt plan: 145 segs, reads 73.2% of stored band
SPMVCSV,/mnt/beegfs/ysu34/hamlib/dia_e2e/heis_16_5.txt,65536,31,1966082,557056,ours_gopt_s_nv1,0.011919,5.880e-08
# auto pick=didx (D=31 fill=0.28 rho=0.73)
SPMVCSV,/mnt/beegfs/ysu34/hamlib/dia_e2e/heis_16_5.txt,65536,31,1966082,557056,ours_auto_nv1,0.006144,5.752e-08
SPMVCSV,/mnt/beegfs/ysu34/hamlib/dia_e2e/heis_16_5.txt,65536,31,1966082,557056,ours_auto_nv2,0.006676,5.753e-08
SPMVCSV,/mnt/beegfs/ysu34/hamlib/dia_e2e/heis_16_5.txt,65536,31,1966082,557056,csr_zskip_nv1,0.006799,5.752e-08
SPMVCSV,/mnt/beegfs/ysu34/hamlib/dia_e2e/heis_16_5.txt,65536,31,1966082,557056,row_dense_nv1,0.007578,5.752e-08
SPMVCSV,/mnt/beegfs/ysu34/hamlib/dia_e2e/heis_16_5.txt,65536,31,1966082,557056,cusparse_csr,0.021053,5.736e-08
SPMVCSV,/mnt/beegfs/ysu34/hamlib/dia_e2e/heis_16_5.txt,65536,31,1966082,557056,diaq_fp64,0.028938,0.000e+00
SPMVCSV,/mnt/beegfs/ysu34/hamlib/dia_e2e/heis_16_5.txt,65536,31,1966082,557056,diaq_fp32,0.015217,6.107e-08
E2EEVCSV,/mnt/beegfs/ysu34/hamlib/dia_e2e/heis_16_5.txt,65536,31,1000,5,didx,11.449,12.300,52.060,226.070,4.342,2.946e-07
E2EEVDIAQCSV,/mnt/beegfs/ysu34/hamlib/dia_e2e/heis_16_5.txt,65536,31,1000,5,0.809,94.433,1.814,2.728e-07
E2EOPCSV,/mnt/beegfs/ysu34/hamlib/dia_e2e/heis_16_5.txt,65536,31,2,399,24395762,0.418,0.213,-1
E2EOPCSV,/mnt/beegfs/ysu34/hamlib/dia_e2e/heis_16_5.txt,65536,31,3,2791,163414130,20.044,2.999,-1
E2EOPBUILDCSV,/mnt/beegfs/ysu34/hamlib/dia_e2e/heis_16_5.txt,65536,5,32167,1651448944,6262.921,6607.610,1.055
E2EOPBUILDCSV,/mnt/beegfs/ysu34/hamlib/dia_e2e/heis_16_5.txt,65536,5,16084,825757240,327.869,-1,-1
== [1] heis_18_5 ==
PREPCSV,/mnt/beegfs/ysu34/hamlib/dia_e2e/heis_18_5.txt,262144,35,spmv,didx,20.177,1.386,0.012370,1743
PREPCSV,/mnt/beegfs/ysu34/hamlib/dia_e2e/heis_18_5.txt,262144,35,spmv,didx_sym,10.688,3.271,0.012145,1149
PREPCSV,/mnt/beegfs/ysu34/hamlib/dia_e2e/heis_18_5.txt,262144,35,spmv,gopt,22.085,2.353,0.016159,1512
PREPCSV,/mnt/beegfs/ysu34/hamlib/dia_e2e/heis_18_5.txt,262144,35,spmv,cusparse_csr,60.527,2.536,0.036495,1728
PREPCSV,/mnt/beegfs/ysu34/hamlib/dia_e2e/heis_18_5.txt,262144,35,spmspm,ours_flat,1.933,0.491,1.349018,2
PREPCSV,/mnt/beegfs/ysu34/hamlib/dia_e2e/heis_18_5.txt,262144,35,spmspm,hm_atomic,55.340,3.921,2.833920,21
PREPCSV,/mnt/beegfs/ysu34/hamlib/dia_e2e/heis_18_5.txt,262144,35,spmspm,ours_sym,0.830,2.953,-1.000000,-1
PREPCSV,/mnt/beegfs/ysu34/hamlib/dia_e2e/heis_18_5.txt,262144,35,spmspm,ours_sym,0.830,2.953,0.630374,6
SPMSPMCSV,/mnt/beegfs/ysu34/hamlib/dia_e2e/heis_18_5.txt,262144,35,519,127991794,ours_flat,1.348331,0.000e+00
SPMSPMCSV,/mnt/beegfs/ysu34/hamlib/dia_e2e/heis_18_5.txt,262144,35,519,127991794,ours_sym,0.629340,0.000e+00
SPMSPMCSV,/mnt/beegfs/ysu34/hamlib/dia_e2e/heis_18_5.txt,262144,35,519,127991794,hm_atomic,2.834862,0.000e+00
SPMSPMCSV,/mnt/beegfs/ysu34/hamlib/dia_e2e/heis_18_5.txt,262144,35,519,127991794,diaq_fp32,35.787159,0.000e+00
SPMSPMCSV,/mnt/beegfs/ysu34/hamlib/dia_e2e/heis_18_5.txt,262144,35,519,127991794,cusparse_spgemm,6.196170,-1.000e+00
CSRNNZ,/mnt/beegfs/ysu34/hamlib/dia_e2e/heis_18_5.txt,8912898,2490368,0.2794
PREPCSV,/mnt/beegfs/ysu34/hamlib/dia_e2e/heis_18_5.txt,262144,35,spmv,cusparse_csr,55.103,176.225,0.036209,-1
SPMVCSV,/mnt/beegfs/ysu34/hamlib/dia_e2e/heis_18_5.txt,262144,35,8912898,2490368,ours_didx_nv1,0.012308,6.059e-08
SPMVCSV,/mnt/beegfs/ysu34/hamlib/dia_e2e/heis_18_5.txt,262144,35,8912898,2490368,ours_didx_nv2,0.014193,6.090e-08
SPMVCSV,/mnt/beegfs/ysu34/hamlib/dia_e2e/heis_18_5.txt,262144,35,8912898,2490368,ours_gather_nv1,0.034714,6.059e-08
SPMVCSV,/mnt/beegfs/ysu34/hamlib/dia_e2e/heis_18_5.txt,262144,35,8912898,2490368,ours_gather_nv2,0.086487,6.090e-08
SPMVCSV,/mnt/beegfs/ysu34/hamlib/dia_e2e/heis_18_5.txt,262144,35,8912898,2490368,ours_gopt_nv1,0.015995,6.154e-08
SPMVCSV,/mnt/beegfs/ysu34/hamlib/dia_e2e/heis_18_5.txt,262144,35,8912898,2490368,ours_gopt_nv2,0.021176,6.165e-08
# gopt plan: 529 segs, reads 67.6% of stored band
SPMVCSV,/mnt/beegfs/ysu34/hamlib/dia_e2e/heis_18_5.txt,262144,35,8912898,2490368,ours_gopt_s_nv1,0.016773,6.154e-08
# auto pick=didx (D=35 fill=0.28 rho=0.68)
SPMVCSV,/mnt/beegfs/ysu34/hamlib/dia_e2e/heis_18_5.txt,262144,35,8912898,2490368,ours_auto_nv1,0.012308,6.059e-08
SPMVCSV,/mnt/beegfs/ysu34/hamlib/dia_e2e/heis_18_5.txt,262144,35,8912898,2490368,ours_auto_nv2,0.014111,6.090e-08
SPMVCSV,/mnt/beegfs/ysu34/hamlib/dia_e2e/heis_18_5.txt,262144,35,8912898,2490368,csr_zskip_nv1,0.015196,6.059e-08
SPMVCSV,/mnt/beegfs/ysu34/hamlib/dia_e2e/heis_18_5.txt,262144,35,8912898,2490368,row_dense_nv1,0.030310,6.059e-08
SPMVCSV,/mnt/beegfs/ysu34/hamlib/dia_e2e/heis_18_5.txt,262144,35,8912898,2490368,cusparse_csr,0.035860,5.885e-08
SPMVCSV,/mnt/beegfs/ysu34/hamlib/dia_e2e/heis_18_5.txt,262144,35,8912898,2490368,diaq_fp64,0.113521,0.000e+00
SPMVCSV,/mnt/beegfs/ysu34/hamlib/dia_e2e/heis_18_5.txt,262144,35,8912898,2490368,diaq_fp32,0.068813,6.404e-08
E2EEVCSV,/mnt/beegfs/ysu34/hamlib/dia_e2e/heis_18_5.txt,262144,35,1000,5,didx,49.145,61.048,97.324,432.917,4.448,3.099e-07
E2EEVDIAQCSV,/mnt/beegfs/ysu34/hamlib/dia_e2e/heis_18_5.txt,262144,35,1000,5,2.899,382.842,3.934,2.886e-07
E2EOPCSV,/mnt/beegfs/ysu34/hamlib/dia_e2e/heis_18_5.txt,262144,35,2,519,127991794,1.337,1.350,-1
E2EOPCSV,/mnt/beegfs/ysu34/hamlib/dia_e2e/heis_18_5.txt,262144,35,3,4279,1016725618,44.748,21.394,-1
# opbuild wall: Unnz=15484329072 (int32 index limit)
E2EOPBUILDCSV,/mnt/beegfs/ysu34/hamlib/dia_e2e/heis_18_5.txt,262144,5,72483,15484329072,-1,-1,-1
# opbuild(sym) wall: Unnz=7742295608 (int32 index limit)
E2EOPBUILDCSV,/mnt/beegfs/ysu34/hamlib/dia_e2e/heis_18_5.txt,262144,5,36242,7742295608,-1,-1,-1
== [1] heis_20_5 ==
PREPCSV,/mnt/beegfs/ysu34/hamlib/dia_e2e/heis_20_5.txt,1048576,39,spmv,didx,122.118,4.944,0.058266,2181
PREPCSV,/mnt/beegfs/ysu34/hamlib/dia_e2e/heis_20_5.txt,1048576,39,spmv,didx_sym,51.076,12.137,0.054845,1153
PREPCSV,/mnt/beegfs/ysu34/hamlib/dia_e2e/heis_20_5.txt,1048576,39,spmv,gopt,100.769,7.249,0.080159,1348
PREPCSV,/mnt/beegfs/ysu34/hamlib/dia_e2e/heis_20_5.txt,1048576,39,spmv,cusparse_csr,284.280,7.827,0.090214,3238
PREPCSV,/mnt/beegfs/ysu34/hamlib/dia_e2e/heis_20_5.txt,1048576,39,spmspm,ours_flat,8.103,0.926,6.926705,1
PREPCSV,/mnt/beegfs/ysu34/hamlib/dia_e2e/heis_20_5.txt,1048576,39,spmspm,hm_atomic,273.990,13.539,14.230385,20
PREPCSV,/mnt/beegfs/ysu34/hamlib/dia_e2e/heis_20_5.txt,1048576,39,spmspm,ours_sym,3.900,3.885,-1.000000,-1
PREPCSV,/mnt/beegfs/ysu34/hamlib/dia_e2e/heis_20_5.txt,1048576,39,spmspm,ours_sym,3.900,3.885,3.478999,2
SPMSPMCSV,/mnt/beegfs/ysu34/hamlib/dia_e2e/heis_20_5.txt,1048576,39,655,650379250,ours_flat,6.931650,0.000e+00
SPMSPMCSV,/mnt/beegfs/ysu34/hamlib/dia_e2e/heis_20_5.txt,1048576,39,655,650379250,ours_sym,3.477668,0.000e+00
SPMSPMCSV,/mnt/beegfs/ysu34/hamlib/dia_e2e/heis_20_5.txt,1048576,39,655,650379250,hm_atomic,14.213212,0.000e+00
SPMSPMCSV,/mnt/beegfs/ysu34/hamlib/dia_e2e/heis_20_5.txt,1048576,39,655,650379250,diaq_fp32,200.843323,0.000e+00
SPMSPMCSV,/mnt/beegfs/ysu34/hamlib/dia_e2e/heis_20_5.txt,1048576,39,655,650379250,cusparse_spgemm,11.973536,-1.000e+00
CSRNNZ,/mnt/beegfs/ysu34/hamlib/dia_e2e/heis_20_5.txt,39845890,11010048,0.2763
PREPCSV,/mnt/beegfs/ysu34/hamlib/dia_e2e/heis_20_5.txt,1048576,39,spmv,cusparse_csr,275.629,189.977,0.090132,-1
SPMVCSV,/mnt/beegfs/ysu34/hamlib/dia_e2e/heis_20_5.txt,1048576,39,39845890,11010048,ours_didx_nv1,0.058409,6.365e-08
SPMVCSV,/mnt/beegfs/ysu34/hamlib/dia_e2e/heis_20_5.txt,1048576,39,39845890,11010048,ours_didx_nv2,0.066458,6.365e-08
SPMVCSV,/mnt/beegfs/ysu34/hamlib/dia_e2e/heis_20_5.txt,1048576,39,39845890,11010048,ours_gather_nv1,0.125112,6.365e-08
SPMVCSV,/mnt/beegfs/ysu34/hamlib/dia_e2e/heis_20_5.txt,1048576,39,39845890,11010048,ours_gather_nv2,0.216760,6.365e-08
SPMVCSV,/mnt/beegfs/ysu34/hamlib/dia_e2e/heis_20_5.txt,1048576,39,39845890,11010048,ours_gopt_nv1,0.080404,6.430e-08
SPMVCSV,/mnt/beegfs/ysu34/hamlib/dia_e2e/heis_20_5.txt,1048576,39,39845890,11010048,ours_gopt_nv2,0.090624,6.433e-08
# gopt plan: 2065 segs, reads 63.2% of stored band
SPMVCSV,/mnt/beegfs/ysu34/hamlib/dia_e2e/heis_20_5.txt,1048576,39,39845890,11010048,ours_gopt_s_nv1,0.085791,6.430e-08
# auto pick=didx (D=39 fill=0.28 rho=0.63)
SPMVCSV,/mnt/beegfs/ysu34/hamlib/dia_e2e/heis_20_5.txt,1048576,39,39845890,11010048,ours_auto_nv1,0.058286,6.365e-08
SPMVCSV,/mnt/beegfs/ysu34/hamlib/dia_e2e/heis_20_5.txt,1048576,39,39845890,11010048,ours_auto_nv2,0.066806,6.365e-08
SPMVCSV,/mnt/beegfs/ysu34/hamlib/dia_e2e/heis_20_5.txt,1048576,39,39845890,11010048,csr_zskip_nv1,0.082801,6.365e-08
SPMVCSV,/mnt/beegfs/ysu34/hamlib/dia_e2e/heis_20_5.txt,1048576,39,39845890,11010048,row_dense_nv1,0.116982,6.365e-08
SPMVCSV,/mnt/beegfs/ysu34/hamlib/dia_e2e/heis_20_5.txt,1048576,39,39845890,11010048,cusparse_csr,0.090665,6.013e-08
SPMVCSV,/mnt/beegfs/ysu34/hamlib/dia_e2e/heis_20_5.txt,1048576,39,39845890,11010048,diaq_fp64,0.457482,0.000e+00
SPMVCSV,/mnt/beegfs/ysu34/hamlib/dia_e2e/heis_20_5.txt,1048576,39,39845890,11010048,diaq_fp32,0.239677,6.666e-08
E2EEVCSV,/mnt/beegfs/ysu34/hamlib/dia_e2e/heis_20_5.txt,1048576,39,1000,5,didx,252.249,278.459,432.354,1048.388,2.425,3.252e-07
E2EEVDIAQCSV,/mnt/beegfs/ysu34/hamlib/dia_e2e/heis_20_5.txt,1048576,39,1000,5,11.011,1319.882,3.053,3.042e-07
E2EOPCSV,/mnt/beegfs/ysu34/hamlib/dia_e2e/heis_20_5.txt,1048576,39,2,655,650379250,6.600,6.936,-1
E2EOPCSV,/mnt/beegfs/ysu34/hamlib/dia_e2e/heis_20_5.txt,1048576,39,3,6231,5988941938,124.868,141.842,-1
# opbuild wall: Unnz=130519407728 (int32 index limit)
E2EOPBUILDCSV,/mnt/beegfs/ysu34/hamlib/dia_e2e/heis_20_5.txt,1048576,5,148383,130519407728,-1,-1,-1
# opbuild(sym) wall: Unnz=65260228152 (int32 index limit)
E2EOPBUILDCSV,/mnt/beegfs/ysu34/hamlib/dia_e2e/heis_20_5.txt,1048576,5,74192,65260228152,-1,-1,-1
== [1] heis_20_6 ==
PREPCSV,/mnt/beegfs/ysu34/hamlib/dia_e2e/heis_20_6.txt,1048576,39,spmv,didx,126.922,5.027,0.058204,2267
PREPCSV,/mnt/beegfs/ysu34/hamlib/dia_e2e/heis_20_6.txt,1048576,39,spmv,didx_sym,47.656,12.417,0.054743,1097
PREPCSV,/mnt/beegfs/ysu34/hamlib/dia_e2e/heis_20_6.txt,1048576,39,spmv,gopt,105.514,7.399,0.080364,1405
PREPCSV,/mnt/beegfs/ysu34/hamlib/dia_e2e/heis_20_6.txt,1048576,39,spmv,cusparse_csr,283.974,8.058,0.090071,3242
PREPCSV,/mnt/beegfs/ysu34/hamlib/dia_e2e/heis_20_6.txt,1048576,39,spmspm,ours_flat,8.048,0.912,6.926418,1
PREPCSV,/mnt/beegfs/ysu34/hamlib/dia_e2e/heis_20_6.txt,1048576,39,spmspm,hm_atomic,275.439,13.465,14.224548,20
PREPCSV,/mnt/beegfs/ysu34/hamlib/dia_e2e/heis_20_6.txt,1048576,39,spmspm,ours_sym,3.908,3.890,-1.000000,-1
PREPCSV,/mnt/beegfs/ysu34/hamlib/dia_e2e/heis_20_6.txt,1048576,39,spmspm,ours_sym,3.908,3.890,3.478917,2
SPMSPMCSV,/mnt/beegfs/ysu34/hamlib/dia_e2e/heis_20_6.txt,1048576,39,655,650379250,ours_flat,6.931292,0.000e+00
SPMSPMCSV,/mnt/beegfs/ysu34/hamlib/dia_e2e/heis_20_6.txt,1048576,39,655,650379250,ours_sym,3.477688,0.000e+00
SPMSPMCSV,/mnt/beegfs/ysu34/hamlib/dia_e2e/heis_20_6.txt,1048576,39,655,650379250,hm_atomic,14.213417,0.000e+00
SPMSPMCSV,/mnt/beegfs/ysu34/hamlib/dia_e2e/heis_20_6.txt,1048576,39,655,650379250,diaq_fp32,200.857864,0.000e+00
SPMSPMCSV,/mnt/beegfs/ysu34/hamlib/dia_e2e/heis_20_6.txt,1048576,39,655,650379250,cusparse_spgemm,11.950269,-1.000e+00
CSRNNZ,/mnt/beegfs/ysu34/hamlib/dia_e2e/heis_20_6.txt,39845890,11010048,0.2763
PREPCSV,/mnt/beegfs/ysu34/hamlib/dia_e2e/heis_20_6.txt,1048576,39,spmv,cusparse_csr,269.429,190.850,0.090440,-1
SPMVCSV,/mnt/beegfs/ysu34/hamlib/dia_e2e/heis_20_6.txt,1048576,39,39845890,11010048,ours_didx_nv1,0.058122,6.365e-08
SPMVCSV,/mnt/beegfs/ysu34/hamlib/dia_e2e/heis_20_6.txt,1048576,39,39845890,11010048,ours_didx_nv2,0.068219,6.365e-08
SPMVCSV,/mnt/beegfs/ysu34/hamlib/dia_e2e/heis_20_6.txt,1048576,39,39845890,11010048,ours_gather_nv1,0.125051,6.365e-08
SPMVCSV,/mnt/beegfs/ysu34/hamlib/dia_e2e/heis_20_6.txt,1048576,39,39845890,11010048,ours_gather_nv2,0.217129,6.365e-08
SPMVCSV,/mnt/beegfs/ysu34/hamlib/dia_e2e/heis_20_6.txt,1048576,39,39845890,11010048,ours_gopt_nv1,0.080323,6.430e-08
SPMVCSV,/mnt/beegfs/ysu34/hamlib/dia_e2e/heis_20_6.txt,1048576,39,39845890,11010048,ours_gopt_nv2,0.090214,6.433e-08
# gopt plan: 2065 segs, reads 63.2% of stored band
SPMVCSV,/mnt/beegfs/ysu34/hamlib/dia_e2e/heis_20_6.txt,1048576,39,39845890,11010048,ours_gopt_s_nv1,0.085791,6.430e-08
# auto pick=didx (D=39 fill=0.28 rho=0.63)
SPMVCSV,/mnt/beegfs/ysu34/hamlib/dia_e2e/heis_20_6.txt,1048576,39,39845890,11010048,ours_auto_nv1,0.058081,6.365e-08
SPMVCSV,/mnt/beegfs/ysu34/hamlib/dia_e2e/heis_20_6.txt,1048576,39,39845890,11010048,ours_auto_nv2,0.066499,6.365e-08
SPMVCSV,/mnt/beegfs/ysu34/hamlib/dia_e2e/heis_20_6.txt,1048576,39,39845890,11010048,csr_zskip_nv1,0.082534,6.365e-08
SPMVCSV,/mnt/beegfs/ysu34/hamlib/dia_e2e/heis_20_6.txt,1048576,39,39845890,11010048,row_dense_nv1,0.116818,6.365e-08
SPMVCSV,/mnt/beegfs/ysu34/hamlib/dia_e2e/heis_20_6.txt,1048576,39,39845890,11010048,cusparse_csr,0.090010,6.013e-08
SPMVCSV,/mnt/beegfs/ysu34/hamlib/dia_e2e/heis_20_6.txt,1048576,39,39845890,11010048,diaq_fp64,0.456929,0.000e+00
SPMVCSV,/mnt/beegfs/ysu34/hamlib/dia_e2e/heis_20_6.txt,1048576,39,39845890,11010048,diaq_fp32,0.239575,6.666e-08
E2EEVCSV,/mnt/beegfs/ysu34/hamlib/dia_e2e/heis_20_6.txt,1048576,39,1000,6,didx,258.863,281.425,517.716,1262.684,2.439,3.251e-07
E2EEVDIAQCSV,/mnt/beegfs/ysu34/hamlib/dia_e2e/heis_20_6.txt,1048576,39,1000,6,11.258,1581.705,3.055,3.040e-07
E2EOPCSV,/mnt/beegfs/ysu34/hamlib/dia_e2e/heis_20_6.txt,1048576,39,2,655,650379250,6.926,6.933,-1
E2EOPCSV,/mnt/beegfs/ysu34/hamlib/dia_e2e/heis_20_6.txt,1048576,39,3,6231,5988941938,124.475,141.846,-1
# opbuild wall: Unnz=337281752192 (int32 index limit)
E2EOPBUILDCSV,/mnt/beegfs/ysu34/hamlib/dia_e2e/heis_20_6.txt,1048576,6,409911,337281752192,-1,-1,-1
# opbuild(sym) wall: Unnz=168641400384 (int32 index limit)
E2EOPBUILDCSV,/mnt/beegfs/ysu34/hamlib/dia_e2e/heis_20_6.txt,1048576,6,204956,168641400384,-1,-1,-1
== [1] maxcut_16_5 ==
PREPCSV,/mnt/beegfs/ysu34/hamlib/dia_e2e/maxcut_16_5.txt,65536,1,spmv,didx,0.384,0.088,0.003707,127
PREPCSV,/mnt/beegfs/ysu34/hamlib/dia_e2e/maxcut_16_5.txt,65536,1,spmv,didx_sym,0.355,0.107,0.003768,123
PREPCSV,/mnt/beegfs/ysu34/hamlib/dia_e2e/maxcut_16_5.txt,65536,1,spmv,gopt,0.144,0.072,0.003727,58
PREPCSV,/mnt/beegfs/ysu34/hamlib/dia_e2e/maxcut_16_5.txt,65536,1,spmv,cusparse_csr,0.428,0.469,0.021791,41
PREPCSV,/mnt/beegfs/ysu34/hamlib/dia_e2e/maxcut_16_5.txt,65536,1,spmspm,ours_flat,0.159,0.048,0.005059,41
PREPCSV,/mnt/beegfs/ysu34/hamlib/dia_e2e/maxcut_16_5.txt,65536,1,spmspm,hm_atomic,0.331,0.165,0.006717,74
PREPCSV,/mnt/beegfs/ysu34/hamlib/dia_e2e/maxcut_16_5.txt,65536,1,spmspm,ours_sym,0.071,0.042,-1.000000,-1
PREPCSV,/mnt/beegfs/ysu34/hamlib/dia_e2e/maxcut_16_5.txt,65536,1,spmspm,ours_sym,0.071,0.042,0.005018,23
SPMSPMCSV,/mnt/beegfs/ysu34/hamlib/dia_e2e/maxcut_16_5.txt,65536,1,1,65536,ours_flat,0.005100,0.000e+00
SPMSPMCSV,/mnt/beegfs/ysu34/hamlib/dia_e2e/maxcut_16_5.txt,65536,1,1,65536,ours_sym,0.005079,0.000e+00
SPMSPMCSV,/mnt/beegfs/ysu34/hamlib/dia_e2e/maxcut_16_5.txt,65536,1,1,65536,hm_atomic,0.006881,0.000e+00
SPMSPMCSV,/mnt/beegfs/ysu34/hamlib/dia_e2e/maxcut_16_5.txt,65536,1,1,65536,diaq_fp32,0.100209,0.000e+00
SPMSPMCSV,/mnt/beegfs/ysu34/hamlib/dia_e2e/maxcut_16_5.txt,65536,1,1,65536,cusparse_spgemm,2.773936,-1.000e+00
CSRNNZ,/mnt/beegfs/ysu34/hamlib/dia_e2e/maxcut_16_5.txt,65536,34596,0.5279
PREPCSV,/mnt/beegfs/ysu34/hamlib/dia_e2e/maxcut_16_5.txt,65536,1,spmv,cusparse_csr,0.494,165.848,0.022221,-1
SPMVCSV,/mnt/beegfs/ysu34/hamlib/dia_e2e/maxcut_16_5.txt,65536,1,65536,34596,ours_didx_nv1,0.003789,1.876e-08
SPMVCSV,/mnt/beegfs/ysu34/hamlib/dia_e2e/maxcut_16_5.txt,65536,1,65536,34596,ours_didx_nv2,0.003850,1.944e-08
SPMVCSV,/mnt/beegfs/ysu34/hamlib/dia_e2e/maxcut_16_5.txt,65536,1,65536,34596,ours_gather_nv1,0.003645,1.876e-08
SPMVCSV,/mnt/beegfs/ysu34/hamlib/dia_e2e/maxcut_16_5.txt,65536,1,65536,34596,ours_gather_nv2,0.003789,1.944e-08
SPMVCSV,/mnt/beegfs/ysu34/hamlib/dia_e2e/maxcut_16_5.txt,65536,1,65536,34596,ours_gopt_nv1,0.003830,1.876e-08
SPMVCSV,/mnt/beegfs/ysu34/hamlib/dia_e2e/maxcut_16_5.txt,65536,1,65536,34596,ours_gopt_nv2,0.003932,1.944e-08
# gopt plan: 1 segs, reads 100.0% of stored band
SPMVCSV,/mnt/beegfs/ysu34/hamlib/dia_e2e/maxcut_16_5.txt,65536,1,65536,34596,ours_gopt_s_nv1,0.003830,1.876e-08
# auto pick=stream (D=1 fill=0.53 rho=1.00)
SPMVCSV,/mnt/beegfs/ysu34/hamlib/dia_e2e/maxcut_16_5.txt,65536,1,65536,34596,ours_auto_nv1,0.003645,1.876e-08
SPMVCSV,/mnt/beegfs/ysu34/hamlib/dia_e2e/maxcut_16_5.txt,65536,1,65536,34596,ours_auto_nv2,0.003768,1.944e-08
SPMVCSV,/mnt/beegfs/ysu34/hamlib/dia_e2e/maxcut_16_5.txt,65536,1,65536,34596,csr_zskip_nv1,0.003461,1.876e-08
SPMVCSV,/mnt/beegfs/ysu34/hamlib/dia_e2e/maxcut_16_5.txt,65536,1,65536,34596,row_dense_nv1,0.003420,1.876e-08
SPMVCSV,/mnt/beegfs/ysu34/hamlib/dia_e2e/maxcut_16_5.txt,65536,1,65536,34596,cusparse_csr,0.022118,1.876e-08
SPMVCSV,/mnt/beegfs/ysu34/hamlib/dia_e2e/maxcut_16_5.txt,65536,1,65536,34596,diaq_fp64,0.004239,0.000e+00
SPMVCSV,/mnt/beegfs/ysu34/hamlib/dia_e2e/maxcut_16_5.txt,65536,1,65536,34596,diaq_fp32,0.003912,1.923e-08
E2EEVCSV,/mnt/beegfs/ysu34/hamlib/dia_e2e/maxcut_16_5.txt,65536,1,1000,5,stream,0.475,1.020,36.958,244.870,6.626,0.000e+00
E2EEVDIAQCSV,/mnt/beegfs/ysu34/hamlib/dia_e2e/maxcut_16_5.txt,65536,1,1000,5,0.077,37.795,1.023,0.000e+00
E2EOPCSV,/mnt/beegfs/ysu34/hamlib/dia_e2e/maxcut_16_5.txt,65536,1,2,1,65536,0.002,0.005,-1
E2EOPCSV,/mnt/beegfs/ysu34/hamlib/dia_e2e/maxcut_16_5.txt,65536,1,3,1,65536,0.001,0.005,-1
E2EOPBUILDCSV,/mnt/beegfs/ysu34/hamlib/dia_e2e/maxcut_16_5.txt,65536,5,1,65536,1.051,2.507,2.386
E2EOPBUILDCSV,/mnt/beegfs/ysu34/hamlib/dia_e2e/maxcut_16_5.txt,65536,5,1,65536,0.730,-1,-1
== [1] maxcut_18_5 ==
PREPCSV,/mnt/beegfs/ysu34/hamlib/dia_e2e/maxcut_18_5.txt,262144,1,spmv,didx,1.876,0.435,0.004792,482
PREPCSV,/mnt/beegfs/ysu34/hamlib/dia_e2e/maxcut_18_5.txt,262144,1,spmv,didx_sym,1.122,0.443,0.004915,318
PREPCSV,/mnt/beegfs/ysu34/hamlib/dia_e2e/maxcut_18_5.txt,262144,1,spmv,gopt,0.887,0.231,0.004506,248
PREPCSV,/mnt/beegfs/ysu34/hamlib/dia_e2e/maxcut_18_5.txt,262144,1,spmv,cusparse_csr,2.083,0.802,0.022139,130
PREPCSV,/mnt/beegfs/ysu34/hamlib/dia_e2e/maxcut_18_5.txt,262144,1,spmspm,ours_flat,0.517,0.112,0.005612,112
PREPCSV,/mnt/beegfs/ysu34/hamlib/dia_e2e/maxcut_18_5.txt,262144,1,spmspm,hm_atomic,1.083,0.436,0.008294,183
PREPCSV,/mnt/beegfs/ysu34/hamlib/dia_e2e/maxcut_18_5.txt,262144,1,spmspm,ours_sym,0.277,0.115,-1.000000,-1
PREPCSV,/mnt/beegfs/ysu34/hamlib/dia_e2e/maxcut_18_5.txt,262144,1,spmspm,ours_sym,0.277,0.115,0.005632,70
SPMSPMCSV,/mnt/beegfs/ysu34/hamlib/dia_e2e/maxcut_18_5.txt,262144,1,1,262144,ours_flat,0.005437,0.000e+00
SPMSPMCSV,/mnt/beegfs/ysu34/hamlib/dia_e2e/maxcut_18_5.txt,262144,1,1,262144,ours_sym,0.005448,0.000e+00
SPMSPMCSV,/mnt/beegfs/ysu34/hamlib/dia_e2e/maxcut_18_5.txt,262144,1,1,262144,hm_atomic,0.007946,0.000e+00
SPMSPMCSV,/mnt/beegfs/ysu34/hamlib/dia_e2e/maxcut_18_5.txt,262144,1,1,262144,diaq_fp32,0.375101,0.000e+00
SPMSPMCSV,/mnt/beegfs/ysu34/hamlib/dia_e2e/maxcut_18_5.txt,262144,1,1,262144,cusparse_spgemm,2.922022,-1.000e+00
CSRNNZ,/mnt/beegfs/ysu34/hamlib/dia_e2e/maxcut_18_5.txt,262144,262144,1.0000
PREPCSV,/mnt/beegfs/ysu34/hamlib/dia_e2e/maxcut_18_5.txt,262144,1,spmv,cusparse_csr,2.375,174.046,0.021996,-1
SPMVCSV,/mnt/beegfs/ysu34/hamlib/dia_e2e/maxcut_18_5.txt,262144,1,262144,262144,ours_didx_nv1,0.004649,2.561e-08
SPMVCSV,/mnt/beegfs/ysu34/hamlib/dia_e2e/maxcut_18_5.txt,262144,1,262144,262144,ours_didx_nv2,0.005161,2.584e-08
SPMVCSV,/mnt/beegfs/ysu34/hamlib/dia_e2e/maxcut_18_5.txt,262144,1,262144,262144,ours_gather_nv1,0.004116,2.561e-08
SPMVCSV,/mnt/beegfs/ysu34/hamlib/dia_e2e/maxcut_18_5.txt,262144,1,262144,262144,ours_gather_nv2,0.004997,2.584e-08
SPMVCSV,/mnt/beegfs/ysu34/hamlib/dia_e2e/maxcut_18_5.txt,262144,1,262144,262144,ours_gopt_nv1,0.004383,2.561e-08
SPMVCSV,/mnt/beegfs/ysu34/hamlib/dia_e2e/maxcut_18_5.txt,262144,1,262144,262144,ours_gopt_nv2,0.004833,2.584e-08
# gopt plan: 1 segs, reads 100.0% of stored band
SPMVCSV,/mnt/beegfs/ysu34/hamlib/dia_e2e/maxcut_18_5.txt,262144,1,262144,262144,ours_gopt_s_nv1,0.004301,2.561e-08
# auto pick=stream (D=1 fill=1.00 rho=1.00)
SPMVCSV,/mnt/beegfs/ysu34/hamlib/dia_e2e/maxcut_18_5.txt,262144,1,262144,262144,ours_auto_nv1,0.004055,2.561e-08
SPMVCSV,/mnt/beegfs/ysu34/hamlib/dia_e2e/maxcut_18_5.txt,262144,1,262144,262144,ours_auto_nv2,0.004977,2.584e-08
SPMVCSV,/mnt/beegfs/ysu34/hamlib/dia_e2e/maxcut_18_5.txt,262144,1,262144,262144,csr_zskip_nv1,0.004403,2.561e-08
SPMVCSV,/mnt/beegfs/ysu34/hamlib/dia_e2e/maxcut_18_5.txt,262144,1,262144,262144,row_dense_nv1,0.003912,2.561e-08
SPMVCSV,/mnt/beegfs/ysu34/hamlib/dia_e2e/maxcut_18_5.txt,262144,1,262144,262144,cusparse_csr,0.021565,2.561e-08
SPMVCSV,/mnt/beegfs/ysu34/hamlib/dia_e2e/maxcut_18_5.txt,262144,1,262144,262144,diaq_fp64,0.006021,0.000e+00
SPMVCSV,/mnt/beegfs/ysu34/hamlib/dia_e2e/maxcut_18_5.txt,262144,1,262144,262144,diaq_fp32,0.004833,2.578e-08
E2EEVCSV,/mnt/beegfs/ysu34/hamlib/dia_e2e/maxcut_18_5.txt,262144,1,1000,5,stream,1.362,3.411,51.405,247.783,4.820,0.000e+00
E2EEVDIAQCSV,/mnt/beegfs/ysu34/hamlib/dia_e2e/maxcut_18_5.txt,262144,1,1000,5,0.226,48.969,0.953,0.000e+00
E2EOPCSV,/mnt/beegfs/ysu34/hamlib/dia_e2e/maxcut_18_5.txt,262144,1,2,1,262144,0.005,0.006,-1
E2EOPCSV,/mnt/beegfs/ysu34/hamlib/dia_e2e/maxcut_18_5.txt,262144,1,3,1,262144,0.003,0.006,-1
E2EOPBUILDCSV,/mnt/beegfs/ysu34/hamlib/dia_e2e/maxcut_18_5.txt,262144,5,1,262144,2.955,5.608,1.898
E2EOPBUILDCSV,/mnt/beegfs/ysu34/hamlib/dia_e2e/maxcut_18_5.txt,262144,5,1,262144,1.691,-1,-1
== [1] maxcut_20_5 ==
PREPCSV,/mnt/beegfs/ysu34/hamlib/dia_e2e/maxcut_20_5.txt,1048576,1,spmv,didx,5.349,0.922,0.008479,740
PREPCSV,/mnt/beegfs/ysu34/hamlib/dia_e2e/maxcut_20_5.txt,1048576,1,spmv,didx_sym,5.288,0.992,0.008847,710
PREPCSV,/mnt/beegfs/ysu34/hamlib/dia_e2e/maxcut_20_5.txt,1048576,1,spmv,gopt,2.502,0.405,0.006533,445
PREPCSV,/mnt/beegfs/ysu34/hamlib/dia_e2e/maxcut_20_5.txt,1048576,1,spmv,cusparse_csr,5.665,1.693,0.037908,194
PREPCSV,/mnt/beegfs/ysu34/hamlib/dia_e2e/maxcut_20_5.txt,1048576,1,spmspm,ours_flat,2.100,0.187,0.009134,250
PREPCSV,/mnt/beegfs/ysu34/hamlib/dia_e2e/maxcut_20_5.txt,1048576,1,spmspm,hm_atomic,5.400,1.399,0.014316,475
PREPCSV,/mnt/beegfs/ysu34/hamlib/dia_e2e/maxcut_20_5.txt,1048576,1,spmspm,ours_sym,1.337,0.185,-1.000000,-1
PREPCSV,/mnt/beegfs/ysu34/hamlib/dia_e2e/maxcut_20_5.txt,1048576,1,spmspm,ours_sym,1.337,0.185,0.009114,167
SPMSPMCSV,/mnt/beegfs/ysu34/hamlib/dia_e2e/maxcut_20_5.txt,1048576,1,1,1048576,ours_flat,0.008960,0.000e+00
SPMSPMCSV,/mnt/beegfs/ysu34/hamlib/dia_e2e/maxcut_20_5.txt,1048576,1,1,1048576,ours_sym,0.008960,0.000e+00
SPMSPMCSV,/mnt/beegfs/ysu34/hamlib/dia_e2e/maxcut_20_5.txt,1048576,1,1,1048576,hm_atomic,0.014152,0.000e+00
SPMSPMCSV,/mnt/beegfs/ysu34/hamlib/dia_e2e/maxcut_20_5.txt,1048576,1,1,1048576,diaq_fp32,1.471509,0.000e+00
SPMSPMCSV,/mnt/beegfs/ysu34/hamlib/dia_e2e/maxcut_20_5.txt,1048576,1,1,1048576,cusparse_spgemm,3.115472,-1.000e+00
CSRNNZ,/mnt/beegfs/ysu34/hamlib/dia_e2e/maxcut_20_5.txt,1048576,595984,0.5684
PREPCSV,/mnt/beegfs/ysu34/hamlib/dia_e2e/maxcut_20_5.txt,1048576,1,spmv,cusparse_csr,5.770,180.161,0.038236,-1
SPMVCSV,/mnt/beegfs/ysu34/hamlib/dia_e2e/maxcut_20_5.txt,1048576,1,1048576,595984,ours_didx_nv1,0.008540,2.064e-08
SPMVCSV,/mnt/beegfs/ysu34/hamlib/dia_e2e/maxcut_20_5.txt,1048576,1,1048576,595984,ours_didx_nv2,0.010957,2.080e-08
SPMVCSV,/mnt/beegfs/ysu34/hamlib/dia_e2e/maxcut_20_5.txt,1048576,1,1048576,595984,ours_gather_nv1,0.005980,2.064e-08
SPMVCSV,/mnt/beegfs/ysu34/hamlib/dia_e2e/maxcut_20_5.txt,1048576,1,1048576,595984,ours_gather_nv2,0.009359,2.080e-08
SPMVCSV,/mnt/beegfs/ysu34/hamlib/dia_e2e/maxcut_20_5.txt,1048576,1,1048576,595984,ours_gopt_nv1,0.006533,2.064e-08
SPMVCSV,/mnt/beegfs/ysu34/hamlib/dia_e2e/maxcut_20_5.txt,1048576,1,1048576,595984,ours_gopt_nv2,0.008274,2.080e-08
# gopt plan: 183 segs, reads 75.4% of stored band
SPMVCSV,/mnt/beegfs/ysu34/hamlib/dia_e2e/maxcut_20_5.txt,1048576,1,1048576,595984,ours_gopt_s_nv1,0.006021,2.064e-08
# auto pick=stream (D=1 fill=0.57 rho=0.75)
SPMVCSV,/mnt/beegfs/ysu34/hamlib/dia_e2e/maxcut_20_5.txt,1048576,1,1048576,595984,ours_auto_nv1,0.006001,2.064e-08
SPMVCSV,/mnt/beegfs/ysu34/hamlib/dia_e2e/maxcut_20_5.txt,1048576,1,1048576,595984,ours_auto_nv2,0.009503,2.080e-08
SPMVCSV,/mnt/beegfs/ysu34/hamlib/dia_e2e/maxcut_20_5.txt,1048576,1,1048576,595984,csr_zskip_nv1,0.008294,2.064e-08
SPMVCSV,/mnt/beegfs/ysu34/hamlib/dia_e2e/maxcut_20_5.txt,1048576,1,1048576,595984,row_dense_nv1,0.006984,2.064e-08
SPMVCSV,/mnt/beegfs/ysu34/hamlib/dia_e2e/maxcut_20_5.txt,1048576,1,1048576,595984,cusparse_csr,0.037949,2.064e-08
SPMVCSV,/mnt/beegfs/ysu34/hamlib/dia_e2e/maxcut_20_5.txt,1048576,1,1048576,595984,diaq_fp64,0.035369,0.000e+00
SPMVCSV,/mnt/beegfs/ysu34/hamlib/dia_e2e/maxcut_20_5.txt,1048576,1,1048576,595984,diaq_fp32,0.009912,2.084e-08
E2EEVCSV,/mnt/beegfs/ysu34/hamlib/dia_e2e/maxcut_20_5.txt,1048576,1,1000,5,stream,4.950,8.449,118.135,532.723,4.509,0.000e+00
E2EEVDIAQCSV,/mnt/beegfs/ysu34/hamlib/dia_e2e/maxcut_20_5.txt,1048576,1,1000,5,0.661,128.510,1.088,0.000e+00
E2EOPCSV,/mnt/beegfs/ysu34/hamlib/dia_e2e/maxcut_20_5.txt,1048576,1,2,1,1048576,0.010,0.010,-1
E2EOPCSV,/mnt/beegfs/ysu34/hamlib/dia_e2e/maxcut_20_5.txt,1048576,1,3,1,1048576,0.009,0.009,-1
E2EOPBUILDCSV,/mnt/beegfs/ysu34/hamlib/dia_e2e/maxcut_20_5.txt,1048576,5,1,1048576,10.384,20.915,2.014
E2EOPBUILDCSV,/mnt/beegfs/ysu34/hamlib/dia_e2e/maxcut_20_5.txt,1048576,5,1,1048576,5.403,-1,-1
== [1] O2c_16_5 ==
PREPCSV,/mnt/beegfs/ysu34/hamlib/dia_e2e/O2c_16_5.txt,65536,1243,spmv,didx,123.208,2.634,0.084316,1493
# didx_sym skipped: non-symmetric or Dup>128
PREPCSV,/mnt/beegfs/ysu34/hamlib/dia_e2e/O2c_16_5.txt,65536,1243,spmv,gopt,132.376,8.730,0.356659,396
PREPCSV,/mnt/beegfs/ysu34/hamlib/dia_e2e/O2c_16_5.txt,65536,1243,spmv,cusparse_csr,331.355,3.731,0.054292,6172
PREPCSV,/mnt/beegfs/ysu34/hamlib/dia_e2e/O2c_16_5.txt,65536,1243,spmspm,ours_flat,2319.139,7.717,283.615936,8
# hm_atomic skipped: C nnz 3826555296 exceeds HM int32 layout
PREPCSV,/mnt/beegfs/ysu34/hamlib/dia_e2e/O2c_16_5.txt,65536,1243,spmspm,ours_sym,97.426,28.136,-1.000000,-1
PREPCSV,/mnt/beegfs/ysu34/hamlib/dia_e2e/O2c_16_5.txt,65536,1243,spmspm,ours_sym,97.426,28.136,133.655670,1
SPMSPMCSV,/mnt/beegfs/ysu34/hamlib/dia_e2e/O2c_16_5.txt,65536,1243,100569,3826555296,ours_flat,283.596588,0.000e+00
SPMSPMCSV,/mnt/beegfs/ysu34/hamlib/dia_e2e/O2c_16_5.txt,65536,1243,100569,3826555296,ours_sym,133.633896,1.221e-04
# hm_atomic skipped: C nnz 3826555296 exceeds HM int32 layout
SPMSPMCSV,/mnt/beegfs/ysu34/hamlib/dia_e2e/O2c_16_5.txt,65536,1243,100569,3826555296,diaq_fp32,1440.694336,6.104e-05
SPMSPMCSV,/mnt/beegfs/ysu34/hamlib/dia_e2e/O2c_16_5.txt,65536,1243,100569,3826555296,cusparse_spgemm,38.329750,-1.000e+00
CSRNNZ,/mnt/beegfs/ysu34/hamlib/dia_e2e/O2c_16_5.txt,64895428,4830852,0.0744
PREPCSV,/mnt/beegfs/ysu34/hamlib/dia_e2e/O2c_16_5.txt,65536,1243,spmv,cusparse_csr,328.479,196.970,0.052306,-1
SPMVCSV,/mnt/beegfs/ysu34/hamlib/dia_e2e/O2c_16_5.txt,65536,1243,64895428,4830852,ours_didx_nv1,0.084296,1.217e-07
SPMVCSV,/mnt/beegfs/ysu34/hamlib/dia_e2e/O2c_16_5.txt,65536,1243,64895428,4830852,ours_didx_nv2,0.112353,1.217e-07
SPMVCSV,/mnt/beegfs/ysu34/hamlib/dia_e2e/O2c_16_5.txt,65536,1243,64895428,4830852,ours_gather_nv1,0.225812,1.217e-07
SPMVCSV,/mnt/beegfs/ysu34/hamlib/dia_e2e/O2c_16_5.txt,65536,1243,64895428,4830852,ours_gather_nv2,0.269967,1.217e-07
SPMVCSV,/mnt/beegfs/ysu34/hamlib/dia_e2e/O2c_16_5.txt,65536,1243,64895428,4830852,ours_gopt_nv1,0.356434,1.488e-07
SPMVCSV,/mnt/beegfs/ysu34/hamlib/dia_e2e/O2c_16_5.txt,65536,1243,64895428,4830852,ours_gopt_nv2,0.426086,1.497e-07
# gopt plan: 10757 segs, reads 48.1% of stored band
SPMVCSV,/mnt/beegfs/ysu34/hamlib/dia_e2e/O2c_16_5.txt,65536,1243,64895428,4830852,ours_gopt_s_nv1,0.439194,1.488e-07
# auto pick=didx (D=1243 fill=0.07 rho=0.48)
SPMVCSV,/mnt/beegfs/ysu34/hamlib/dia_e2e/O2c_16_5.txt,65536,1243,64895428,4830852,ours_auto_nv1,0.084214,1.217e-07
SPMVCSV,/mnt/beegfs/ysu34/hamlib/dia_e2e/O2c_16_5.txt,65536,1243,64895428,4830852,ours_auto_nv2,0.112251,1.217e-07
SPMVCSV,/mnt/beegfs/ysu34/hamlib/dia_e2e/O2c_16_5.txt,65536,1243,64895428,4830852,csr_zskip_nv1,0.062874,1.217e-07
SPMVCSV,/mnt/beegfs/ysu34/hamlib/dia_e2e/O2c_16_5.txt,65536,1243,64895428,4830852,row_dense_nv1,0.267018,1.217e-07
SPMVCSV,/mnt/beegfs/ysu34/hamlib/dia_e2e/O2c_16_5.txt,65536,1243,64895428,4830852,cusparse_csr,0.053821,7.023e-08
SPMVCSV,/mnt/beegfs/ysu34/hamlib/dia_e2e/O2c_16_5.txt,65536,1243,64895428,4830852,diaq_fp64,0.990433,0.000e+00
SPMVCSV,/mnt/beegfs/ysu34/hamlib/dia_e2e/O2c_16_5.txt,65536,1243,64895428,4830852,diaq_fp32,0.860488,1.248e-07
E2EEVCSV,/mnt/beegfs/ysu34/hamlib/dia_e2e/O2c_16_5.txt,65536,1243,1000,5,didx,270.115,342.863,587.906,553.013,0.941,2.483e-07
E2EEVDIAQCSV,/mnt/beegfs/ysu34/hamlib/dia_e2e/O2c_16_5.txt,65536,1243,1000,5,17.787,4326.446,7.359,1.956e-07
E2EOPCSV,/mnt/beegfs/ysu34/hamlib/dia_e2e/O2c_16_5.txt,65536,1243,2,100569,3826555296,2143.907,283.646,-1
E2EOPCSV,/mnt/beegfs/ysu34/hamlib/dia_e2e/O2c_16_5.txt,65536,1243,3,131071,4294967296,167446.243,21167.586,-1
# opbuild wall: Unnz=4294967296 (int32 index limit)
E2EOPBUILDCSV,/mnt/beegfs/ysu34/hamlib/dia_e2e/O2c_16_5.txt,65536,5,131071,4294967296,-1,-1,-1
# opbuild(sym) wall: Unnz=2147516416 (int32 index limit)
E2EOPBUILDCSV,/mnt/beegfs/ysu34/hamlib/dia_e2e/O2c_16_5.txt,65536,5,65536,2147516416,-1,-1,-1
== [1] O2c_20_5 ==
PREPCSV,/mnt/beegfs/ysu34/hamlib/dia_e2e/O2c_20_5.txt,1048576,3359,spmv,didx,7292.033,84.129,4.749701,1553
# didx_sym skipped: non-symmetric or Dup>128
PREPCSV,/mnt/beegfs/ysu34/hamlib/dia_e2e/O2c_20_5.txt,1048576,3359,spmv,gopt,5966.178,266.510,2.842685,2193
# cusparse_csr(32I) impossible (H nnz 2885216396); running 64I
PREPCSV,/mnt/beegfs/ysu34/hamlib/dia_e2e/O2c_20_5.txt,1048576,3359,spmv,cusparse_csr_64i,21606.232,169.181,1.857249,11725
CUDA prep_driver.cu:324 out of memory
CUDA spmspm_driver.cu:94 out of memory
CSRNNZ,/mnt/beegfs/ysu34/hamlib/dia_e2e/O2c_20_5.txt,2885216396,205269418,0.0711
PREPCSV,/mnt/beegfs/ysu34/hamlib/dia_e2e/O2c_20_5.txt,1048576,3359,spmv,cusparse_csr,21373.825,314.295,1.497661,-1
SPMVCSV,/mnt/beegfs/ysu34/hamlib/dia_e2e/O2c_20_5.txt,1048576,3359,2885216396,205269418,ours_didx_nv1,4.754760,2.061e-07
SPMVCSV,/mnt/beegfs/ysu34/hamlib/dia_e2e/O2c_20_5.txt,1048576,3359,2885216396,205269418,ours_didx_nv2,6.874235,2.062e-07
SPMVCSV,/mnt/beegfs/ysu34/hamlib/dia_e2e/O2c_20_5.txt,1048576,3359,2885216396,205269418,ours_gather_nv1,8.436817,2.061e-07
SPMVCSV,/mnt/beegfs/ysu34/hamlib/dia_e2e/O2c_20_5.txt,1048576,3359,2885216396,205269418,ours_gather_nv2,14.573404,2.062e-07
SPMVCSV,/mnt/beegfs/ysu34/hamlib/dia_e2e/O2c_20_5.txt,1048576,3359,2885216396,205269418,ours_gopt_nv1,2.850652,2.426e-07
SPMVCSV,/mnt/beegfs/ysu34/hamlib/dia_e2e/O2c_20_5.txt,1048576,3359,2885216396,205269418,ours_gopt_nv2,3.345572,2.426e-07
# gopt plan: 283107 segs, reads 34.2% of stored band
SPMVCSV,/mnt/beegfs/ysu34/hamlib/dia_e2e/O2c_20_5.txt,1048576,3359,2885216396,205269418,ours_gopt_s_nv1,3.182326,2.426e-07
# auto pick=gopt (D=3359 fill=0.07 rho=0.34)
SPMVCSV,/mnt/beegfs/ysu34/hamlib/dia_e2e/O2c_20_5.txt,1048576,3359,2885216396,205269418,ours_auto_nv1,2.844570,2.426e-07
SPMVCSV,/mnt/beegfs/ysu34/hamlib/dia_e2e/O2c_20_5.txt,1048576,3359,2885216396,205269418,ours_auto_nv2,3.341291,2.426e-07
SPMVCSV,/mnt/beegfs/ysu34/hamlib/dia_e2e/O2c_20_5.txt,1048576,3359,2885216396,205269418,csr_zskip_nv1,3.302953,2.061e-07
SPMVCSV,/mnt/beegfs/ysu34/hamlib/dia_e2e/O2c_20_5.txt,1048576,3359,2885216396,205269418,row_dense_nv1,7.739965,2.061e-07
SPMVCSV,/mnt/beegfs/ysu34/hamlib/dia_e2e/O2c_20_5.txt,1048576,3359,2885216396,205269418,cusparse_csr,1.523978,7.921e-08
SPMVCSV,/mnt/beegfs/ysu34/hamlib/dia_e2e/O2c_20_5.txt,1048576,3359,2885216396,205269418,diaq_fp64,30.553457,0.000e+00
SPMVCSV,/mnt/beegfs/ysu34/hamlib/dia_e2e/O2c_20_5.txt,1048576,3359,2885216396,205269418,diaq_fp32,16.351805,2.080e-07
# cusparse arm skipped: H nnz 2885216396 > INT32_MAX
E2EEVCSV,/mnt/beegfs/ysu34/hamlib/dia_e2e/O2c_20_5.txt,1048576,3359,1000,5,gopt,6844.178,0.000,16832.535,-1.000,-1.000,-1.000e+00
E2EEVDIAQCSV,/mnt/beegfs/ysu34/hamlib/dia_e2e/O2c_20_5.txt,1048576,3359,1000,5,763.333,82008.859,4.872,2.151e-07
E2EOPCSV,/mnt/beegfs/ysu34/hamlib/dia_e2e/O2c_20_5.txt,1048576,3359,2,932391,622284972764,-1,-1,-1
# opbuild wall: Unnz=1099511627776 (int32 index limit)
E2EOPBUILDCSV,/mnt/beegfs/ysu34/hamlib/dia_e2e/O2c_20_5.txt,1048576,5,2097151,1099511627776,-1,-1,-1
# opbuild(sym) wall: Unnz=549756338176 (int32 index limit)
E2EOPBUILDCSV,/mnt/beegfs/ysu34/hamlib/dia_e2e/O2c_20_5.txt,1048576,5,1048576,549756338176,-1,-1,-1
== [1] qmaxcut_16_4 ==
PREPCSV,/mnt/beegfs/ysu34/hamlib/dia_e2e/qmaxcut_16_4.txt,65536,31,spmv,didx,3.444,0.414,0.006164,626
PREPCSV,/mnt/beegfs/ysu34/hamlib/dia_e2e/qmaxcut_16_4.txt,65536,31,spmv,didx_sym,1.688,0.528,0.006615,335
PREPCSV,/mnt/beegfs/ysu34/hamlib/dia_e2e/qmaxcut_16_4.txt,65536,31,spmv,gopt,3.353,0.443,0.008110,468
PREPCSV,/mnt/beegfs/ysu34/hamlib/dia_e2e/qmaxcut_16_4.txt,65536,31,spmv,cusparse_csr,9.048,0.888,0.020623,482
PREPCSV,/mnt/beegfs/ysu34/hamlib/dia_e2e/qmaxcut_16_4.txt,65536,31,spmspm,ours_flat,0.512,0.212,0.106516,7
PREPCSV,/mnt/beegfs/ysu34/hamlib/dia_e2e/qmaxcut_16_4.txt,65536,31,spmspm,hm_atomic,6.795,1.070,0.160584,49
PREPCSV,/mnt/beegfs/ysu34/hamlib/dia_e2e/qmaxcut_16_4.txt,65536,31,spmspm,ours_sym,0.162,1.283,-1.000000,-1
PREPCSV,/mnt/beegfs/ysu34/hamlib/dia_e2e/qmaxcut_16_4.txt,65536,31,spmspm,ours_sym,0.162,1.283,0.055542,26
SPMSPMCSV,/mnt/beegfs/ysu34/hamlib/dia_e2e/qmaxcut_16_4.txt,65536,31,481,15138746,ours_flat,0.107182,0.000e+00
SPMSPMCSV,/mnt/beegfs/ysu34/hamlib/dia_e2e/qmaxcut_16_4.txt,65536,31,481,15138746,ours_sym,0.055685,0.000e+00
SPMSPMCSV,/mnt/beegfs/ysu34/hamlib/dia_e2e/qmaxcut_16_4.txt,65536,31,481,15138746,hm_atomic,0.161178,0.000e+00
SPMSPMCSV,/mnt/beegfs/ysu34/hamlib/dia_e2e/qmaxcut_16_4.txt,65536,31,481,15138746,diaq_fp32,4.376832,0.000e+00
SPMSPMCSV,/mnt/beegfs/ysu34/hamlib/dia_e2e/qmaxcut_16_4.txt,65536,31,481,15138746,cusparse_spgemm,4.249610,-1.000e+00
CSRNNZ,/mnt/beegfs/ysu34/hamlib/dia_e2e/qmaxcut_16_4.txt,1114110,557056,0.5000
PREPCSV,/mnt/beegfs/ysu34/hamlib/dia_e2e/qmaxcut_16_4.txt,65536,31,spmv,cusparse_csr,8.968,178.100,0.020726,-1
SPMVCSV,/mnt/beegfs/ysu34/hamlib/dia_e2e/qmaxcut_16_4.txt,65536,31,1114110,557056,ours_didx_nv1,0.006144,5.857e-08
SPMVCSV,/mnt/beegfs/ysu34/hamlib/dia_e2e/qmaxcut_16_4.txt,65536,31,1114110,557056,ours_didx_nv2,0.006656,5.857e-08
SPMVCSV,/mnt/beegfs/ysu34/hamlib/dia_e2e/qmaxcut_16_4.txt,65536,31,1114110,557056,ours_gather_nv1,0.007168,5.857e-08
SPMVCSV,/mnt/beegfs/ysu34/hamlib/dia_e2e/qmaxcut_16_4.txt,65536,31,1114110,557056,ours_gather_nv2,0.007987,5.857e-08
SPMVCSV,/mnt/beegfs/ysu34/hamlib/dia_e2e/qmaxcut_16_4.txt,65536,31,1114110,557056,ours_gopt_nv1,0.008110,5.881e-08
SPMVCSV,/mnt/beegfs/ysu34/hamlib/dia_e2e/qmaxcut_16_4.txt,65536,31,1114110,557056,ours_gopt_nv2,0.009810,5.881e-08
# gopt plan: 83 segs, reads 79.2% of stored band
SPMVCSV,/mnt/beegfs/ysu34/hamlib/dia_e2e/qmaxcut_16_4.txt,65536,31,1114110,557056,ours_gopt_s_nv1,0.008888,5.881e-08
# auto pick=didx (D=31 fill=0.50 rho=0.79)
SPMVCSV,/mnt/beegfs/ysu34/hamlib/dia_e2e/qmaxcut_16_4.txt,65536,31,1114110,557056,ours_auto_nv1,0.006164,5.857e-08
SPMVCSV,/mnt/beegfs/ysu34/hamlib/dia_e2e/qmaxcut_16_4.txt,65536,31,1114110,557056,ours_auto_nv2,0.006636,5.857e-08
SPMVCSV,/mnt/beegfs/ysu34/hamlib/dia_e2e/qmaxcut_16_4.txt,65536,31,1114110,557056,csr_zskip_nv1,0.006656,5.857e-08
SPMVCSV,/mnt/beegfs/ysu34/hamlib/dia_e2e/qmaxcut_16_4.txt,65536,31,1114110,557056,row_dense_nv1,0.006717,5.857e-08
SPMVCSV,/mnt/beegfs/ysu34/hamlib/dia_e2e/qmaxcut_16_4.txt,65536,31,1114110,557056,cusparse_csr,0.020664,5.268e-08
SPMVCSV,/mnt/beegfs/ysu34/hamlib/dia_e2e/qmaxcut_16_4.txt,65536,31,1114110,557056,diaq_fp64,0.015606,0.000e+00
SPMVCSV,/mnt/beegfs/ysu34/hamlib/dia_e2e/qmaxcut_16_4.txt,65536,31,1114110,557056,diaq_fp32,0.013619,5.978e-08
E2EEVCSV,/mnt/beegfs/ysu34/hamlib/dia_e2e/qmaxcut_16_4.txt,65536,31,1000,4,didx,7.008,9.733,42.989,183.283,4.263,1.000e-07
E2EEVDIAQCSV,/mnt/beegfs/ysu34/hamlib/dia_e2e/qmaxcut_16_4.txt,65536,31,1000,4,0.470,70.267,1.635,5.704e-08
E2EOPCSV,/mnt/beegfs/ysu34/hamlib/dia_e2e/qmaxcut_16_4.txt,65536,31,2,481,15138746,0.342,0.107,-1
E2EOPCSV,/mnt/beegfs/ysu34/hamlib/dia_e2e/qmaxcut_16_4.txt,65536,31,3,3031,103776028,21.153,1.229,-1
E2EOPBUILDCSV,/mnt/beegfs/ysu34/hamlib/dia_e2e/qmaxcut_16_4.txt,65536,4,15507,499792596,677.840,906.782,1.338
E2EOPBUILDCSV,/mnt/beegfs/ysu34/hamlib/dia_e2e/qmaxcut_16_4.txt,65536,4,7754,249929066,48.572,-1,-1
== [1] qmaxcut_18_4 ==
PREPCSV,/mnt/beegfs/ysu34/hamlib/dia_e2e/qmaxcut_18_4.txt,262144,35,spmv,didx,13.362,1.406,0.012493,1182
PREPCSV,/mnt/beegfs/ysu34/hamlib/dia_e2e/qmaxcut_18_4.txt,262144,35,spmv,didx_sym,7.196,2.180,0.012534,748
PREPCSV,/mnt/beegfs/ysu34/hamlib/dia_e2e/qmaxcut_18_4.txt,262144,35,spmv,gopt,11.983,1.628,0.010383,1311
PREPCSV,/mnt/beegfs/ysu34/hamlib/dia_e2e/qmaxcut_18_4.txt,262144,35,spmv,cusparse_csr,42.192,2.527,0.036372,1229
PREPCSV,/mnt/beegfs/ysu34/hamlib/dia_e2e/qmaxcut_18_4.txt,262144,35,spmspm,ours_flat,1.579,0.403,0.537108,4
PREPCSV,/mnt/beegfs/ysu34/hamlib/dia_e2e/qmaxcut_18_4.txt,262144,35,spmspm,hm_atomic,31.984,2.755,0.811438,43
PREPCSV,/mnt/beegfs/ysu34/hamlib/dia_e2e/qmaxcut_18_4.txt,262144,35,spmspm,ours_sym,0.637,2.605,-1.000000,-1
PREPCSV,/mnt/beegfs/ysu34/hamlib/dia_e2e/qmaxcut_18_4.txt,262144,35,spmspm,ours_sym,0.637,2.605,0.271360,12
SPMSPMCSV,/mnt/beegfs/ysu34/hamlib/dia_e2e/qmaxcut_18_4.txt,262144,35,613,77332402,ours_flat,0.537180,0.000e+00
SPMSPMCSV,/mnt/beegfs/ysu34/hamlib/dia_e2e/qmaxcut_18_4.txt,262144,35,613,77332402,ours_sym,0.270746,0.000e+00
SPMSPMCSV,/mnt/beegfs/ysu34/hamlib/dia_e2e/qmaxcut_18_4.txt,262144,35,613,77332402,hm_atomic,0.811807,0.000e+00
SPMSPMCSV,/mnt/beegfs/ysu34/hamlib/dia_e2e/qmaxcut_18_4.txt,262144,35,613,77332402,diaq_fp32,21.142601,0.000e+00
SPMSPMCSV,/mnt/beegfs/ysu34/hamlib/dia_e2e/qmaxcut_18_4.txt,262144,35,613,77332402,cusparse_spgemm,6.255839,-1.000e+00
CSRNNZ,/mnt/beegfs/ysu34/hamlib/dia_e2e/qmaxcut_18_4.txt,4980734,2490368,0.5000
PREPCSV,/mnt/beegfs/ysu34/hamlib/dia_e2e/qmaxcut_18_4.txt,262144,35,spmv,cusparse_csr,39.349,178.936,0.036065,-1
SPMVCSV,/mnt/beegfs/ysu34/hamlib/dia_e2e/qmaxcut_18_4.txt,262144,35,4980734,2490368,ours_didx_nv1,0.012554,6.216e-08
SPMVCSV,/mnt/beegfs/ysu34/hamlib/dia_e2e/qmaxcut_18_4.txt,262144,35,4980734,2490368,ours_didx_nv2,0.014295,6.217e-08
SPMVCSV,/mnt/beegfs/ysu34/hamlib/dia_e2e/qmaxcut_18_4.txt,262144,35,4980734,2490368,ours_gather_nv1,0.016916,6.216e-08
SPMVCSV,/mnt/beegfs/ysu34/hamlib/dia_e2e/qmaxcut_18_4.txt,262144,35,4980734,2490368,ours_gather_nv2,0.032317,6.217e-08
SPMVCSV,/mnt/beegfs/ysu34/hamlib/dia_e2e/qmaxcut_18_4.txt,262144,35,4980734,2490368,ours_gopt_nv1,0.010404,6.226e-08
SPMVCSV,/mnt/beegfs/ysu34/hamlib/dia_e2e/qmaxcut_18_4.txt,262144,35,4980734,2490368,ours_gopt_nv2,0.013435,6.228e-08
# gopt plan: 275 segs, reads 76.3% of stored band
SPMVCSV,/mnt/beegfs/ysu34/hamlib/dia_e2e/qmaxcut_18_4.txt,262144,35,4980734,2490368,ours_gopt_s_nv1,0.010486,6.226e-08
# auto pick=didx (D=35 fill=0.50 rho=0.76)
SPMVCSV,/mnt/beegfs/ysu34/hamlib/dia_e2e/qmaxcut_18_4.txt,262144,35,4980734,2490368,ours_auto_nv1,0.012534,6.216e-08
SPMVCSV,/mnt/beegfs/ysu34/hamlib/dia_e2e/qmaxcut_18_4.txt,262144,35,4980734,2490368,ours_auto_nv2,0.014295,6.217e-08
SPMVCSV,/mnt/beegfs/ysu34/hamlib/dia_e2e/qmaxcut_18_4.txt,262144,35,4980734,2490368,csr_zskip_nv1,0.015626,6.216e-08
SPMVCSV,/mnt/beegfs/ysu34/hamlib/dia_e2e/qmaxcut_18_4.txt,262144,35,4980734,2490368,row_dense_nv1,0.015708,6.216e-08
SPMVCSV,/mnt/beegfs/ysu34/hamlib/dia_e2e/qmaxcut_18_4.txt,262144,35,4980734,2490368,cusparse_csr,0.036864,5.465e-08
SPMVCSV,/mnt/beegfs/ysu34/hamlib/dia_e2e/qmaxcut_18_4.txt,262144,35,4980734,2490368,diaq_fp64,0.069120,0.000e+00
SPMVCSV,/mnt/beegfs/ysu34/hamlib/dia_e2e/qmaxcut_18_4.txt,262144,35,4980734,2490368,diaq_fp32,0.043274,6.332e-08
E2EEVCSV,/mnt/beegfs/ysu34/hamlib/dia_e2e/qmaxcut_18_4.txt,262144,35,1000,4,didx,25.266,43.012,79.061,349.047,4.415,1.063e-07
E2EEVDIAQCSV,/mnt/beegfs/ysu34/hamlib/dia_e2e/qmaxcut_18_4.txt,262144,35,1000,4,1.732,202.263,2.558,6.257e-08
E2EOPCSV,/mnt/beegfs/ysu34/hamlib/dia_e2e/qmaxcut_18_4.txt,262144,35,2,613,77332402,0.955,0.538,-1
E2EOPCSV,/mnt/beegfs/ysu34/hamlib/dia_e2e/qmaxcut_18_4.txt,262144,35,3,4455,608304862,44.473,7.359,-1
# opbuild wall: Unnz=3485530152 (int32 index limit)
E2EOPBUILDCSV,/mnt/beegfs/ysu34/hamlib/dia_e2e/qmaxcut_18_4.txt,262144,4,27051,3485530152,-1,-1,-1
E2EOPBUILDCSV,/mnt/beegfs/ysu34/hamlib/dia_e2e/qmaxcut_18_4.txt,262144,4,13526,1742896148,165.508,-1,-1
== [1] qmaxcut_20_4 ==
PREPCSV,/mnt/beegfs/ysu34/hamlib/dia_e2e/qmaxcut_20_4.txt,1048576,39,spmv,didx,80.937,4.884,0.061420,1397
PREPCSV,/mnt/beegfs/ysu34/hamlib/dia_e2e/qmaxcut_20_4.txt,1048576,39,spmv,didx_sym,31.573,7.861,0.062996,626
PREPCSV,/mnt/beegfs/ysu34/hamlib/dia_e2e/qmaxcut_20_4.txt,1048576,39,spmv,gopt,58.529,4.995,0.054907,1157
PREPCSV,/mnt/beegfs/ysu34/hamlib/dia_e2e/qmaxcut_20_4.txt,1048576,39,spmv,cusparse_csr,206.399,7.773,0.091771,2334
PREPCSV,/mnt/beegfs/ysu34/hamlib/dia_e2e/qmaxcut_20_4.txt,1048576,39,spmspm,ours_flat,5.737,0.736,2.824458,2
PREPCSV,/mnt/beegfs/ysu34/hamlib/dia_e2e/qmaxcut_20_4.txt,1048576,39,spmspm,hm_atomic,163.634,8.175,4.819763,36
PREPCSV,/mnt/beegfs/ysu34/hamlib/dia_e2e/qmaxcut_20_4.txt,1048576,39,spmspm,ours_sym,2.817,3.001,-1.000000,-1
PREPCSV,/mnt/beegfs/ysu34/hamlib/dia_e2e/qmaxcut_20_4.txt,1048576,39,spmspm,ours_sym,2.817,3.001,1.441178,4
SPMSPMCSV,/mnt/beegfs/ysu34/hamlib/dia_e2e/qmaxcut_20_4.txt,1048576,39,761,384827306,ours_flat,2.823547,0.000e+00
SPMSPMCSV,/mnt/beegfs/ysu34/hamlib/dia_e2e/qmaxcut_20_4.txt,1048576,39,761,384827306,ours_sym,1.438966,0.000e+00
SPMSPMCSV,/mnt/beegfs/ysu34/hamlib/dia_e2e/qmaxcut_20_4.txt,1048576,39,761,384827306,hm_atomic,4.818811,0.000e+00
SPMSPMCSV,/mnt/beegfs/ysu34/hamlib/dia_e2e/qmaxcut_20_4.txt,1048576,39,761,384827306,diaq_fp32,104.239014,0.000e+00
SPMSPMCSV,/mnt/beegfs/ysu34/hamlib/dia_e2e/qmaxcut_20_4.txt,1048576,39,761,384827306,cusparse_spgemm,13.105014,-1.000e+00
CSRNNZ,/mnt/beegfs/ysu34/hamlib/dia_e2e/qmaxcut_20_4.txt,22020094,11010048,0.5000
PREPCSV,/mnt/beegfs/ysu34/hamlib/dia_e2e/qmaxcut_20_4.txt,1048576,39,spmv,cusparse_csr,203.237,199.344,0.091976,-1
SPMVCSV,/mnt/beegfs/ysu34/hamlib/dia_e2e/qmaxcut_20_4.txt,1048576,39,22020094,11010048,ours_didx_nv1,0.061133,6.498e-08
SPMVCSV,/mnt/beegfs/ysu34/hamlib/dia_e2e/qmaxcut_20_4.txt,1048576,39,22020094,11010048,ours_didx_nv2,0.072110,6.513e-08
SPMVCSV,/mnt/beegfs/ysu34/hamlib/dia_e2e/qmaxcut_20_4.txt,1048576,39,22020094,11010048,ours_gather_nv1,0.080937,6.498e-08
SPMVCSV,/mnt/beegfs/ysu34/hamlib/dia_e2e/qmaxcut_20_4.txt,1048576,39,22020094,11010048,ours_gather_nv2,0.141353,6.513e-08
SPMVCSV,/mnt/beegfs/ysu34/hamlib/dia_e2e/qmaxcut_20_4.txt,1048576,39,22020094,11010048,ours_gopt_nv1,0.054804,6.501e-08
SPMVCSV,/mnt/beegfs/ysu34/hamlib/dia_e2e/qmaxcut_20_4.txt,1048576,39,22020094,11010048,ours_gopt_nv2,0.061399,6.517e-08
# gopt plan: 1043 segs, reads 73.8% of stored band
SPMVCSV,/mnt/beegfs/ysu34/hamlib/dia_e2e/qmaxcut_20_4.txt,1048576,39,22020094,11010048,ours_gopt_s_nv1,0.057426,6.501e-08
# auto pick=didx (D=39 fill=0.50 rho=0.74)
SPMVCSV,/mnt/beegfs/ysu34/hamlib/dia_e2e/qmaxcut_20_4.txt,1048576,39,22020094,11010048,ours_auto_nv1,0.061276,6.498e-08
SPMVCSV,/mnt/beegfs/ysu34/hamlib/dia_e2e/qmaxcut_20_4.txt,1048576,39,22020094,11010048,ours_auto_nv2,0.071946,6.513e-08
SPMVCSV,/mnt/beegfs/ysu34/hamlib/dia_e2e/qmaxcut_20_4.txt,1048576,39,22020094,11010048,csr_zskip_nv1,0.085033,6.498e-08
SPMVCSV,/mnt/beegfs/ysu34/hamlib/dia_e2e/qmaxcut_20_4.txt,1048576,39,22020094,11010048,row_dense_nv1,0.074772,6.498e-08
SPMVCSV,/mnt/beegfs/ysu34/hamlib/dia_e2e/qmaxcut_20_4.txt,1048576,39,22020094,11010048,cusparse_csr,0.091525,5.598e-08
SPMVCSV,/mnt/beegfs/ysu34/hamlib/dia_e2e/qmaxcut_20_4.txt,1048576,39,22020094,11010048,diaq_fp64,0.287744,0.000e+00
SPMVCSV,/mnt/beegfs/ysu34/hamlib/dia_e2e/qmaxcut_20_4.txt,1048576,39,22020094,11010048,diaq_fp32,0.153805,6.615e-08
E2EEVCSV,/mnt/beegfs/ysu34/hamlib/dia_e2e/qmaxcut_20_4.txt,1048576,39,1000,4,didx,154.607,213.092,361.793,855.407,2.364,1.115e-07
E2EEVDIAQCSV,/mnt/beegfs/ysu34/hamlib/dia_e2e/qmaxcut_20_4.txt,1048576,39,1000,4,6.295,708.742,1.959,6.784e-08
E2EOPCSV,/mnt/beegfs/ysu34/hamlib/dia_e2e/qmaxcut_20_4.txt,1048576,39,2,761,384827306,3.539,2.825,-1
E2EOPCSV,/mnt/beegfs/ysu34/hamlib/dia_e2e/qmaxcut_20_4.txt,1048576,39,3,6271,3415735960,104.242,44.743,-1
# opbuild wall: Unnz=22750164124 (int32 index limit)
E2EOPBUILDCSV,/mnt/beegfs/ysu34/hamlib/dia_e2e/qmaxcut_20_4.txt,1048576,4,44143,22750164124,-1,-1,-1
# opbuild(sym) wall: Unnz=11375606350 (int32 index limit)
E2EOPBUILDCSV,/mnt/beegfs/ysu34/hamlib/dia_e2e/qmaxcut_20_4.txt,1048576,4,22072,11375606350,-1,-1,-1
== [1] qmaxcutC_18_4 ==
PREPCSV,/mnt/beegfs/ysu34/hamlib/dia_e2e/qmaxcutC_18_4.txt,262144,73,spmv,didx,57.839,2.413,0.026235,2297
PREPCSV,/mnt/beegfs/ysu34/hamlib/dia_e2e/qmaxcutC_18_4.txt,262144,73,spmv,didx_sym,20.229,5.809,0.026317,989
PREPCSV,/mnt/beegfs/ysu34/hamlib/dia_e2e/qmaxcutC_18_4.txt,262144,73,spmv,gopt,46.901,4.080,0.046326,1100
PREPCSV,/mnt/beegfs/ysu34/hamlib/dia_e2e/qmaxcutC_18_4.txt,262144,73,spmv,cusparse_csr,107.335,4.123,0.056709,1965
PREPCSV,/mnt/beegfs/ysu34/hamlib/dia_e2e/qmaxcutC_18_4.txt,262144,73,spmspm,ours_flat,7.008,0.759,5.425377,1
PREPCSV,/mnt/beegfs/ysu34/hamlib/dia_e2e/qmaxcutC_18_4.txt,262144,73,spmspm,hm_atomic,182.618,7.173,11.381145,17
PREPCSV,/mnt/beegfs/ysu34/hamlib/dia_e2e/qmaxcutC_18_4.txt,262144,73,spmspm,ours_sym,2.186,4.190,-1.000000,-1
PREPCSV,/mnt/beegfs/ysu34/hamlib/dia_e2e/qmaxcutC_18_4.txt,262144,73,spmspm,ours_sym,2.186,4.190,2.573251,2
SPMSPMCSV,/mnt/beegfs/ysu34/hamlib/dia_e2e/qmaxcutC_18_4.txt,262144,73,1995,447316210,ours_flat,5.425879,0.000e+00
SPMSPMCSV,/mnt/beegfs/ysu34/hamlib/dia_e2e/qmaxcutC_18_4.txt,262144,73,1995,447316210,ours_sym,2.571725,0.000e+00
SPMSPMCSV,/mnt/beegfs/ysu34/hamlib/dia_e2e/qmaxcutC_18_4.txt,262144,73,1995,447316210,hm_atomic,11.368970,0.000e+00
SPMSPMCSV,/mnt/beegfs/ysu34/hamlib/dia_e2e/qmaxcutC_18_4.txt,262144,73,1995,447316210,diaq_fp32,88.735954,0.000e+00
SPMSPMCSV,/mnt/beegfs/ysu34/hamlib/dia_e2e/qmaxcutC_18_4.txt,262144,73,1995,447316210,cusparse_spgemm,11.056259,-1.000e+00
CSRNNZ,/mnt/beegfs/ysu34/hamlib/dia_e2e/qmaxcutC_18_4.txt,17825808,4912412,0.2756
PREPCSV,/mnt/beegfs/ysu34/hamlib/dia_e2e/qmaxcutC_18_4.txt,262144,73,spmv,cusparse_csr,100.867,184.460,0.055808,-1
SPMVCSV,/mnt/beegfs/ysu34/hamlib/dia_e2e/qmaxcutC_18_4.txt,262144,73,17825808,4912412,ours_didx_nv1,0.026255,8.373e-08
SPMVCSV,/mnt/beegfs/ysu34/hamlib/dia_e2e/qmaxcutC_18_4.txt,262144,73,17825808,4912412,ours_didx_nv2,0.032113,8.392e-08
SPMVCSV,/mnt/beegfs/ysu34/hamlib/dia_e2e/qmaxcutC_18_4.txt,262144,73,17825808,4912412,ours_gather_nv1,0.066212,8.373e-08
SPMVCSV,/mnt/beegfs/ysu34/hamlib/dia_e2e/qmaxcutC_18_4.txt,262144,73,17825808,4912412,ours_gather_nv2,0.172380,8.392e-08
SPMVCSV,/mnt/beegfs/ysu34/hamlib/dia_e2e/qmaxcutC_18_4.txt,262144,73,17825808,4912412,ours_gopt_nv1,0.046182,8.488e-08
SPMVCSV,/mnt/beegfs/ysu34/hamlib/dia_e2e/qmaxcutC_18_4.txt,262144,73,17825808,4912412,ours_gopt_nv2,0.053780,8.501e-08
# gopt plan: 1189 segs, reads 68.4% of stored band
SPMVCSV,/mnt/beegfs/ysu34/hamlib/dia_e2e/qmaxcutC_18_4.txt,262144,73,17825808,4912412,ours_gopt_s_nv1,0.053228,8.488e-08
# auto pick=didx (D=73 fill=0.28 rho=0.68)
SPMVCSV,/mnt/beegfs/ysu34/hamlib/dia_e2e/qmaxcutC_18_4.txt,262144,73,17825808,4912412,ours_auto_nv1,0.026092,8.373e-08
SPMVCSV,/mnt/beegfs/ysu34/hamlib/dia_e2e/qmaxcutC_18_4.txt,262144,73,17825808,4912412,ours_auto_nv2,0.032195,8.392e-08
SPMVCSV,/mnt/beegfs/ysu34/hamlib/dia_e2e/qmaxcutC_18_4.txt,262144,73,17825808,4912412,csr_zskip_nv1,0.048968,8.373e-08
SPMVCSV,/mnt/beegfs/ysu34/hamlib/dia_e2e/qmaxcutC_18_4.txt,262144,73,17825808,4912412,row_dense_nv1,0.057590,8.373e-08
SPMVCSV,/mnt/beegfs/ysu34/hamlib/dia_e2e/qmaxcutC_18_4.txt,262144,73,17825808,4912412,cusparse_csr,0.056975,6.351e-08
SPMVCSV,/mnt/beegfs/ysu34/hamlib/dia_e2e/qmaxcutC_18_4.txt,262144,73,17825808,4912412,diaq_fp64,0.216207,0.000e+00
SPMVCSV,/mnt/beegfs/ysu34/hamlib/dia_e2e/qmaxcutC_18_4.txt,262144,73,17825808,4912412,diaq_fp32,0.133714,8.419e-08
E2EEVCSV,/mnt/beegfs/ysu34/hamlib/dia_e2e/qmaxcutC_18_4.txt,262144,73,1000,4,didx,105.959,106.946,161.972,468.772,2.894,1.468e-07
E2EEVDIAQCSV,/mnt/beegfs/ysu34/hamlib/dia_e2e/qmaxcutC_18_4.txt,262144,73,1000,4,5.309,575.859,3.555,9.377e-08
E2EOPCSV,/mnt/beegfs/ysu34/hamlib/dia_e2e/qmaxcutC_18_4.txt,262144,73,2,1995,447316210,6.112,5.427,-1
E2EOPCSV,/mnt/beegfs/ysu34/hamlib/dia_e2e/qmaxcutC_18_4.txt,262144,73,3,25185,5108188748,840.560,152.068,-1
# opbuild wall: Unnz=26670401436 (int32 index limit)
E2EOPBUILDCSV,/mnt/beegfs/ysu34/hamlib/dia_e2e/qmaxcutC_18_4.txt,262144,4,149585,26670401436,-1,-1,-1
# opbuild(sym) wall: Unnz=13335331790 (int32 index limit)
E2EOPBUILDCSV,/mnt/beegfs/ysu34/hamlib/dia_e2e/qmaxcutC_18_4.txt,262144,4,74793,13335331790,-1,-1,-1
== [1] qmaxcutK_18_4 ==
PREPCSV,/mnt/beegfs/ysu34/hamlib/dia_e2e/qmaxcutK_18_4.txt,262144,19,spmv,didx,11.001,1.020,0.008765,1371
PREPCSV,/mnt/beegfs/ysu34/hamlib/dia_e2e/qmaxcutK_18_4.txt,262144,19,spmv,didx_sym,5.819,2.064,0.009748,809
PREPCSV,/mnt/beegfs/ysu34/hamlib/dia_e2e/qmaxcutK_18_4.txt,262144,19,spmv,gopt,13.522,1.813,0.011878,1291
PREPCSV,/mnt/beegfs/ysu34/hamlib/dia_e2e/qmaxcutK_18_4.txt,262144,19,spmv,cusparse_csr,10.864,1.720,0.030679,410
PREPCSV,/mnt/beegfs/ysu34/hamlib/dia_e2e/qmaxcutK_18_4.txt,262144,19,spmspm,ours_flat,0.890,0.316,0.364442,3
PREPCSV,/mnt/beegfs/ysu34/hamlib/dia_e2e/qmaxcutK_18_4.txt,262144,19,spmspm,hm_atomic,16.614,2.701,0.771195,25
PREPCSV,/mnt/beegfs/ysu34/hamlib/dia_e2e/qmaxcutK_18_4.txt,262144,19,spmspm,ours_sym,0.452,3.097,-1.000000,-1
PREPCSV,/mnt/beegfs/ysu34/hamlib/dia_e2e/qmaxcutK_18_4.txt,262144,19,spmspm,ours_sym,0.452,3.097,0.175309,20
SPMSPMCSV,/mnt/beegfs/ysu34/hamlib/dia_e2e/qmaxcutK_18_4.txt,262144,19,147,37034376,ours_flat,0.364575,0.000e+00
SPMSPMCSV,/mnt/beegfs/ysu34/hamlib/dia_e2e/qmaxcutK_18_4.txt,262144,19,147,37034376,ours_sym,0.175350,0.000e+00
SPMSPMCSV,/mnt/beegfs/ysu34/hamlib/dia_e2e/qmaxcutK_18_4.txt,262144,19,147,37034376,hm_atomic,0.773622,0.000e+00
SPMSPMCSV,/mnt/beegfs/ysu34/hamlib/dia_e2e/qmaxcutK_18_4.txt,262144,19,147,37034376,diaq_fp32,19.933666,0.000e+00
SPMSPMCSV,/mnt/beegfs/ysu34/hamlib/dia_e2e/qmaxcutK_18_4.txt,262144,19,147,37034376,cusparse_spgemm,5.144586,-1.000e+00
CSRNNZ,/mnt/beegfs/ysu34/hamlib/dia_e2e/qmaxcutK_18_4.txt,4879506,1441792,0.2955
PREPCSV,/mnt/beegfs/ysu34/hamlib/dia_e2e/qmaxcutK_18_4.txt,262144,19,spmv,cusparse_csr,11.725,175.322,0.031212,-1
SPMVCSV,/mnt/beegfs/ysu34/hamlib/dia_e2e/qmaxcutK_18_4.txt,262144,19,4879506,1441792,ours_didx_nv1,0.008724,4.660e-08
SPMVCSV,/mnt/beegfs/ysu34/hamlib/dia_e2e/qmaxcutK_18_4.txt,262144,19,4879506,1441792,ours_didx_nv2,0.009994,4.679e-08
SPMVCSV,/mnt/beegfs/ysu34/hamlib/dia_e2e/qmaxcutK_18_4.txt,262144,19,4879506,1441792,ours_gather_nv1,0.011940,4.660e-08
SPMVCSV,/mnt/beegfs/ysu34/hamlib/dia_e2e/qmaxcutK_18_4.txt,262144,19,4879506,1441792,ours_gather_nv2,0.022528,4.679e-08
SPMVCSV,/mnt/beegfs/ysu34/hamlib/dia_e2e/qmaxcutK_18_4.txt,262144,19,4879506,1441792,ours_gopt_nv1,0.011837,4.671e-08
SPMVCSV,/mnt/beegfs/ysu34/hamlib/dia_e2e/qmaxcutK_18_4.txt,262144,19,4879506,1441792,ours_gopt_nv2,0.015872,4.686e-08
# gopt plan: 61 segs, reads 85.9% of stored band
SPMVCSV,/mnt/beegfs/ysu34/hamlib/dia_e2e/qmaxcutK_18_4.txt,262144,19,4879506,1441792,ours_gopt_s_nv1,0.011305,4.671e-08
# auto pick=didx (D=19 fill=0.30 rho=0.86)
SPMVCSV,/mnt/beegfs/ysu34/hamlib/dia_e2e/qmaxcutK_18_4.txt,262144,19,4879506,1441792,ours_auto_nv1,0.008724,4.660e-08
SPMVCSV,/mnt/beegfs/ysu34/hamlib/dia_e2e/qmaxcutK_18_4.txt,262144,19,4879506,1441792,ours_auto_nv2,0.009994,4.679e-08
SPMVCSV,/mnt/beegfs/ysu34/hamlib/dia_e2e/qmaxcutK_18_4.txt,262144,19,4879506,1441792,csr_zskip_nv1,0.009851,4.660e-08
SPMVCSV,/mnt/beegfs/ysu34/hamlib/dia_e2e/qmaxcutK_18_4.txt,262144,19,4879506,1441792,row_dense_nv1,0.011530,4.660e-08
SPMVCSV,/mnt/beegfs/ysu34/hamlib/dia_e2e/qmaxcutK_18_4.txt,262144,19,4879506,1441792,cusparse_csr,0.030618,4.636e-08
SPMVCSV,/mnt/beegfs/ysu34/hamlib/dia_e2e/qmaxcutK_18_4.txt,262144,19,4879506,1441792,diaq_fp64,0.067420,0.000e+00
SPMVCSV,/mnt/beegfs/ysu34/hamlib/dia_e2e/qmaxcutK_18_4.txt,262144,19,4879506,1441792,diaq_fp32,0.040899,4.865e-08
E2EEVCSV,/mnt/beegfs/ysu34/hamlib/dia_e2e/qmaxcutK_18_4.txt,262144,19,1000,4,didx,26.143,13.094,61.547,288.882,4.694,7.641e-08
E2EEVDIAQCSV,/mnt/beegfs/ysu34/hamlib/dia_e2e/qmaxcutK_18_4.txt,262144,19,1000,4,1.813,190.220,3.091,4.512e-08
E2EOPCSV,/mnt/beegfs/ysu34/hamlib/dia_e2e/qmaxcutK_18_4.txt,262144,19,2,147,37034376,0.353,0.364,-1
E2EOPCSV,/mnt/beegfs/ysu34/hamlib/dia_e2e/qmaxcutK_18_4.txt,262144,19,3,629,155370334,2.855,3.184,-1
E2EOPBUILDCSV,/mnt/beegfs/ysu34/hamlib/dia_e2e/qmaxcutK_18_4.txt,262144,4,1875,453768152,58.162,167.598,2.882
E2EOPBUILDCSV,/mnt/beegfs/ysu34/hamlib/dia_e2e/qmaxcutK_18_4.txt,262144,4,938,227015148,22.047,-1,-1
== [1] qmaxcutR_18_3 ==
PREPCSV,/mnt/beegfs/ysu34/hamlib/dia_e2e/qmaxcutR_18_3.txt,262144,9,spmv,didx,5.335,0.695,0.006840,882
PREPCSV,/mnt/beegfs/ysu34/hamlib/dia_e2e/qmaxcutR_18_3.txt,262144,9,spmv,didx_sym,2.966,1.009,0.007823,508
PREPCSV,/mnt/beegfs/ysu34/hamlib/dia_e2e/qmaxcutR_18_3.txt,262144,9,spmv,gopt,5.368,0.662,0.006758,892
PREPCSV,/mnt/beegfs/ysu34/hamlib/dia_e2e/qmaxcutR_18_3.txt,262144,9,spmv,cusparse_csr,5.827,1.238,0.023532,300
PREPCSV,/mnt/beegfs/ysu34/hamlib/dia_e2e/qmaxcutR_18_3.txt,262144,9,spmspm,ours_flat,0.603,0.196,0.083026,10
PREPCSV,/mnt/beegfs/ysu34/hamlib/dia_e2e/qmaxcutR_18_3.txt,262144,9,spmspm,hm_atomic,6.218,1.789,0.121057,66
PREPCSV,/mnt/beegfs/ysu34/hamlib/dia_e2e/qmaxcutR_18_3.txt,262144,9,spmspm,ours_sym,0.352,0.756,-1.000000,-1
PREPCSV,/mnt/beegfs/ysu34/hamlib/dia_e2e/qmaxcutR_18_3.txt,262144,9,spmspm,ours_sym,0.352,0.756,0.039014,28
SPMSPMCSV,/mnt/beegfs/ysu34/hamlib/dia_e2e/qmaxcutR_18_3.txt,262144,9,35,9027634,ours_flat,0.082801,0.000e+00
SPMSPMCSV,/mnt/beegfs/ysu34/hamlib/dia_e2e/qmaxcutR_18_3.txt,262144,9,35,9027634,ours_sym,0.039885,0.000e+00
SPMSPMCSV,/mnt/beegfs/ysu34/hamlib/dia_e2e/qmaxcutR_18_3.txt,262144,9,35,9027634,hm_atomic,0.121027,0.000e+00
SPMSPMCSV,/mnt/beegfs/ysu34/hamlib/dia_e2e/qmaxcutR_18_3.txt,262144,9,35,9027634,diaq_fp32,9.078876,0.000e+00
SPMSPMCSV,/mnt/beegfs/ysu34/hamlib/dia_e2e/qmaxcutR_18_3.txt,262144,9,35,9027634,cusparse_spgemm,3.485795,-1.000e+00
CSRNNZ,/mnt/beegfs/ysu34/hamlib/dia_e2e/qmaxcutR_18_3.txt,2334730,688128,0.2947
PREPCSV,/mnt/beegfs/ysu34/hamlib/dia_e2e/qmaxcutR_18_3.txt,262144,9,spmv,cusparse_csr,5.502,178.760,0.023511,-1
SPMVCSV,/mnt/beegfs/ysu34/hamlib/dia_e2e/qmaxcutR_18_3.txt,262144,9,2334730,688128,ours_didx_nv1,0.006820,2.761e-08
SPMVCSV,/mnt/beegfs/ysu34/hamlib/dia_e2e/qmaxcutR_18_3.txt,262144,9,2334730,688128,ours_didx_nv2,0.007823,2.767e-08
SPMVCSV,/mnt/beegfs/ysu34/hamlib/dia_e2e/qmaxcutR_18_3.txt,262144,9,2334730,688128,ours_gather_nv1,0.008008,2.761e-08
SPMVCSV,/mnt/beegfs/ysu34/hamlib/dia_e2e/qmaxcutR_18_3.txt,262144,9,2334730,688128,ours_gather_nv2,0.012882,2.767e-08
SPMVCSV,/mnt/beegfs/ysu34/hamlib/dia_e2e/qmaxcutR_18_3.txt,262144,9,2334730,688128,ours_gopt_nv1,0.006758,2.765e-08
SPMVCSV,/mnt/beegfs/ysu34/hamlib/dia_e2e/qmaxcutR_18_3.txt,262144,9,2334730,688128,ours_gopt_nv2,0.008192,2.783e-08
# gopt plan: 321 segs, reads 50.5% of stored band
SPMVCSV,/mnt/beegfs/ysu34/hamlib/dia_e2e/qmaxcutR_18_3.txt,262144,9,2334730,688128,ours_gopt_s_nv1,0.006472,2.765e-08
# auto pick=didx (D=9 fill=0.29 rho=0.51)
SPMVCSV,/mnt/beegfs/ysu34/hamlib/dia_e2e/qmaxcutR_18_3.txt,262144,9,2334730,688128,ours_auto_nv1,0.006840,2.761e-08
SPMVCSV,/mnt/beegfs/ysu34/hamlib/dia_e2e/qmaxcutR_18_3.txt,262144,9,2334730,688128,ours_auto_nv2,0.007782,2.767e-08
SPMVCSV,/mnt/beegfs/ysu34/hamlib/dia_e2e/qmaxcutR_18_3.txt,262144,9,2334730,688128,csr_zskip_nv1,0.006820,2.761e-08
SPMVCSV,/mnt/beegfs/ysu34/hamlib/dia_e2e/qmaxcutR_18_3.txt,262144,9,2334730,688128,row_dense_nv1,0.007619,2.761e-08
SPMVCSV,/mnt/beegfs/ysu34/hamlib/dia_e2e/qmaxcutR_18_3.txt,262144,9,2334730,688128,cusparse_csr,0.023511,2.721e-08
SPMVCSV,/mnt/beegfs/ysu34/hamlib/dia_e2e/qmaxcutR_18_3.txt,262144,9,2334730,688128,diaq_fp64,0.036618,0.000e+00
SPMVCSV,/mnt/beegfs/ysu34/hamlib/dia_e2e/qmaxcutR_18_3.txt,262144,9,2334730,688128,diaq_fp32,0.013783,2.768e-08
E2EEVCSV,/mnt/beegfs/ysu34/hamlib/dia_e2e/qmaxcutR_18_3.txt,262144,9,1000,3,didx,12.455,7.640,39.548,159.035,4.021,3.959e-08
E2EEVDIAQCSV,/mnt/beegfs/ysu34/hamlib/dia_e2e/qmaxcutR_18_3.txt,262144,9,1000,3,0.929,61.485,1.555,0.000e+00
E2EOPCSV,/mnt/beegfs/ysu34/hamlib/dia_e2e/qmaxcutR_18_3.txt,262144,9,2,35,9027634,0.075,0.083,-1
E2EOPCSV,/mnt/beegfs/ysu34/hamlib/dia_e2e/qmaxcutR_18_3.txt,262144,9,3,75,19210410,0.199,0.341,-1
E2EOPBUILDCSV,/mnt/beegfs/ysu34/hamlib/dia_e2e/qmaxcutR_18_3.txt,262144,3,75,19210410,2.775,27.843,10.033
E2EOPBUILDCSV,/mnt/beegfs/ysu34/hamlib/dia_e2e/qmaxcutR_18_3.txt,262144,3,38,9736277,2.233,-1,-1
== [1] tfim_16_4 ==
PREPCSV,/mnt/beegfs/ysu34/hamlib/dia_e2e/tfim_16_4.txt,65536,33,spmv,didx,6.232,0.759,0.007229,967
PREPCSV,/mnt/beegfs/ysu34/hamlib/dia_e2e/tfim_16_4.txt,65536,33,spmv,didx_sym,2.908,0.904,0.006717,567
PREPCSV,/mnt/beegfs/ysu34/hamlib/dia_e2e/tfim_16_4.txt,65536,33,spmv,gopt,6.545,0.808,0.012349,595
PREPCSV,/mnt/beegfs/ysu34/hamlib/dia_e2e/tfim_16_4.txt,65536,33,spmv,cusparse_csr,15.038,1.436,0.028242,583
PREPCSV,/mnt/beegfs/ysu34/hamlib/dia_e2e/tfim_16_4.txt,65536,33,spmspm,ours_flat,0.668,0.247,0.228495,4
PREPCSV,/mnt/beegfs/ysu34/hamlib/dia_e2e/tfim_16_4.txt,65536,33,spmspm,hm_atomic,11.629,1.437,0.414331,32
PREPCSV,/mnt/beegfs/ysu34/hamlib/dia_e2e/tfim_16_4.txt,65536,33,spmspm,ours_sym,0.188,2.203,-1.000000,-1
PREPCSV,/mnt/beegfs/ysu34/hamlib/dia_e2e/tfim_16_4.txt,65536,33,spmspm,ours_sym,0.188,2.203,0.114708,21
SPMSPMCSV,/mnt/beegfs/ysu34/hamlib/dia_e2e/tfim_16_4.txt,65536,33,455,26181618,ours_flat,0.228772,0.000e+00
SPMSPMCSV,/mnt/beegfs/ysu34/hamlib/dia_e2e/tfim_16_4.txt,65536,33,455,26181618,ours_sym,0.114647,0.000e+00
SPMSPMCSV,/mnt/beegfs/ysu34/hamlib/dia_e2e/tfim_16_4.txt,65536,33,455,26181618,hm_atomic,0.416358,0.000e+00
SPMSPMCSV,/mnt/beegfs/ysu34/hamlib/dia_e2e/tfim_16_4.txt,65536,33,455,26181618,diaq_fp32,6.978919,0.000e+00
SPMSPMCSV,/mnt/beegfs/ysu34/hamlib/dia_e2e/tfim_16_4.txt,65536,33,455,26181618,cusparse_spgemm,5.492548,-1.000e+00
CSRNNZ,/mnt/beegfs/ysu34/hamlib/dia_e2e/tfim_16_4.txt,2031618,1114112,0.5484
PREPCSV,/mnt/beegfs/ysu34/hamlib/dia_e2e/tfim_16_4.txt,65536,33,spmv,cusparse_csr,14.139,181.460,0.028303,-1
SPMVCSV,/mnt/beegfs/ysu34/hamlib/dia_e2e/tfim_16_4.txt,65536,33,2031618,1114112,ours_didx_nv1,0.007209,8.047e-08
SPMVCSV,/mnt/beegfs/ysu34/hamlib/dia_e2e/tfim_16_4.txt,65536,33,2031618,1114112,ours_didx_nv2,0.007782,8.047e-08
SPMVCSV,/mnt/beegfs/ysu34/hamlib/dia_e2e/tfim_16_4.txt,65536,33,2031618,1114112,ours_gather_nv1,0.007557,8.047e-08
SPMVCSV,/mnt/beegfs/ysu34/hamlib/dia_e2e/tfim_16_4.txt,65536,33,2031618,1114112,ours_gather_nv2,0.008991,8.047e-08
SPMVCSV,/mnt/beegfs/ysu34/hamlib/dia_e2e/tfim_16_4.txt,65536,33,2031618,1114112,ours_gopt_nv1,0.012268,8.065e-08
SPMVCSV,/mnt/beegfs/ysu34/hamlib/dia_e2e/tfim_16_4.txt,65536,33,2031618,1114112,ours_gopt_nv2,0.015278,8.065e-08
# gopt plan: 147 segs, reads 87.0% of stored band
SPMVCSV,/mnt/beegfs/ysu34/hamlib/dia_e2e/tfim_16_4.txt,65536,33,2031618,1114112,ours_gopt_s_nv1,0.013537,8.065e-08
# auto pick=didx (D=33 fill=0.55 rho=0.87)
SPMVCSV,/mnt/beegfs/ysu34/hamlib/dia_e2e/tfim_16_4.txt,65536,33,2031618,1114112,ours_auto_nv1,0.007188,8.047e-08
SPMVCSV,/mnt/beegfs/ysu34/hamlib/dia_e2e/tfim_16_4.txt,65536,33,2031618,1114112,ours_auto_nv2,0.007803,8.047e-08
SPMVCSV,/mnt/beegfs/ysu34/hamlib/dia_e2e/tfim_16_4.txt,65536,33,2031618,1114112,csr_zskip_nv1,0.007762,8.047e-08
SPMVCSV,/mnt/beegfs/ysu34/hamlib/dia_e2e/tfim_16_4.txt,65536,33,2031618,1114112,row_dense_nv1,0.007332,8.047e-08
SPMVCSV,/mnt/beegfs/ysu34/hamlib/dia_e2e/tfim_16_4.txt,65536,33,2031618,1114112,cusparse_csr,0.028221,6.603e-08
SPMVCSV,/mnt/beegfs/ysu34/hamlib/dia_e2e/tfim_16_4.txt,65536,33,2031618,1114112,diaq_fp64,0.032993,0.000e+00
SPMVCSV,/mnt/beegfs/ysu34/hamlib/dia_e2e/tfim_16_4.txt,65536,33,2031618,1114112,diaq_fp32,0.015647,8.243e-08
E2EEVCSV,/mnt/beegfs/ysu34/hamlib/dia_e2e/tfim_16_4.txt,65536,33,1000,4,didx,14.341,16.304,47.094,251.015,5.330,2.446e-07
E2EEVDIAQCSV,/mnt/beegfs/ysu34/hamlib/dia_e2e/tfim_16_4.txt,65536,33,1000,4,0.815,78.657,1.670,2.204e-07
E2EOPCSV,/mnt/beegfs/ysu34/hamlib/dia_e2e/tfim_16_4.txt,65536,33,2,455,26181618,0.528,0.229,-1
E2EOPCSV,/mnt/beegfs/ysu34/hamlib/dia_e2e/tfim_16_4.txt,65536,33,3,3447,182780016,27.753,3.335,-1
E2EOPBUILDCSV,/mnt/beegfs/ysu34/hamlib/dia_e2e/tfim_16_4.txt,65536,4,15727,759430272,911.672,1032.972,1.133
E2EOPBUILDCSV,/mnt/beegfs/ysu34/hamlib/dia_e2e/tfim_16_4.txt,65536,4,7864,379747904,66.940,-1,-1
== [1] tfim_16_5 ==
PREPCSV,/mnt/beegfs/ysu34/hamlib/dia_e2e/tfim_16_5.txt,65536,33,spmv,didx,6.253,0.720,0.007373,946
PREPCSV,/mnt/beegfs/ysu34/hamlib/dia_e2e/tfim_16_5.txt,65536,33,spmv,didx_sym,2.600,0.879,0.006881,506
PREPCSV,/mnt/beegfs/ysu34/hamlib/dia_e2e/tfim_16_5.txt,65536,33,spmv,gopt,6.758,0.826,0.012493,607
PREPCSV,/mnt/beegfs/ysu34/hamlib/dia_e2e/tfim_16_5.txt,65536,33,spmv,cusparse_csr,14.517,1.460,0.028652,558
PREPCSV,/mnt/beegfs/ysu34/hamlib/dia_e2e/tfim_16_5.txt,65536,33,spmspm,ours_flat,0.665,0.225,0.228700,4
PREPCSV,/mnt/beegfs/ysu34/hamlib/dia_e2e/tfim_16_5.txt,65536,33,spmspm,hm_atomic,11.716,1.433,0.414495,32
PREPCSV,/mnt/beegfs/ysu34/hamlib/dia_e2e/tfim_16_5.txt,65536,33,spmspm,ours_sym,0.187,2.227,-1.000000,-1
PREPCSV,/mnt/beegfs/ysu34/hamlib/dia_e2e/tfim_16_5.txt,65536,33,spmspm,ours_sym,0.187,2.227,0.114749,21
SPMSPMCSV,/mnt/beegfs/ysu34/hamlib/dia_e2e/tfim_16_5.txt,65536,33,455,26181618,ours_flat,0.228721,0.000e+00
SPMSPMCSV,/mnt/beegfs/ysu34/hamlib/dia_e2e/tfim_16_5.txt,65536,33,455,26181618,ours_sym,0.114708,0.000e+00
SPMSPMCSV,/mnt/beegfs/ysu34/hamlib/dia_e2e/tfim_16_5.txt,65536,33,455,26181618,hm_atomic,0.416471,0.000e+00
SPMSPMCSV,/mnt/beegfs/ysu34/hamlib/dia_e2e/tfim_16_5.txt,65536,33,455,26181618,diaq_fp32,6.977976,0.000e+00
SPMSPMCSV,/mnt/beegfs/ysu34/hamlib/dia_e2e/tfim_16_5.txt,65536,33,455,26181618,cusparse_spgemm,5.439017,-1.000e+00
CSRNNZ,/mnt/beegfs/ysu34/hamlib/dia_e2e/tfim_16_5.txt,2031618,1114112,0.5484
PREPCSV,/mnt/beegfs/ysu34/hamlib/dia_e2e/tfim_16_5.txt,65536,33,spmv,cusparse_csr,13.491,179.444,0.028713,-1
SPMVCSV,/mnt/beegfs/ysu34/hamlib/dia_e2e/tfim_16_5.txt,65536,33,2031618,1114112,ours_didx_nv1,0.007209,8.047e-08
SPMVCSV,/mnt/beegfs/ysu34/hamlib/dia_e2e/tfim_16_5.txt,65536,33,2031618,1114112,ours_didx_nv2,0.007762,8.047e-08
SPMVCSV,/mnt/beegfs/ysu34/hamlib/dia_e2e/tfim_16_5.txt,65536,33,2031618,1114112,ours_gather_nv1,0.007557,8.047e-08
SPMVCSV,/mnt/beegfs/ysu34/hamlib/dia_e2e/tfim_16_5.txt,65536,33,2031618,1114112,ours_gather_nv2,0.008950,8.047e-08
SPMVCSV,/mnt/beegfs/ysu34/hamlib/dia_e2e/tfim_16_5.txt,65536,33,2031618,1114112,ours_gopt_nv1,0.012308,8.065e-08
SPMVCSV,/mnt/beegfs/ysu34/hamlib/dia_e2e/tfim_16_5.txt,65536,33,2031618,1114112,ours_gopt_nv2,0.015278,8.065e-08
# gopt plan: 147 segs, reads 87.0% of stored band
SPMVCSV,/mnt/beegfs/ysu34/hamlib/dia_e2e/tfim_16_5.txt,65536,33,2031618,1114112,ours_gopt_s_nv1,0.013537,8.065e-08
# auto pick=didx (D=33 fill=0.55 rho=0.87)
SPMVCSV,/mnt/beegfs/ysu34/hamlib/dia_e2e/tfim_16_5.txt,65536,33,2031618,1114112,ours_auto_nv1,0.007209,8.047e-08
SPMVCSV,/mnt/beegfs/ysu34/hamlib/dia_e2e/tfim_16_5.txt,65536,33,2031618,1114112,ours_auto_nv2,0.007803,8.047e-08
SPMVCSV,/mnt/beegfs/ysu34/hamlib/dia_e2e/tfim_16_5.txt,65536,33,2031618,1114112,csr_zskip_nv1,0.007762,8.047e-08
SPMVCSV,/mnt/beegfs/ysu34/hamlib/dia_e2e/tfim_16_5.txt,65536,33,2031618,1114112,row_dense_nv1,0.007352,8.047e-08
SPMVCSV,/mnt/beegfs/ysu34/hamlib/dia_e2e/tfim_16_5.txt,65536,33,2031618,1114112,cusparse_csr,0.028221,6.603e-08
SPMVCSV,/mnt/beegfs/ysu34/hamlib/dia_e2e/tfim_16_5.txt,65536,33,2031618,1114112,diaq_fp64,0.030863,0.000e+00
SPMVCSV,/mnt/beegfs/ysu34/hamlib/dia_e2e/tfim_16_5.txt,65536,33,2031618,1114112,diaq_fp32,0.015626,8.243e-08
E2EEVCSV,/mnt/beegfs/ysu34/hamlib/dia_e2e/tfim_16_5.txt,65536,33,1000,5,didx,14.425,16.216,58.726,307.764,5.241,2.436e-07
E2EEVDIAQCSV,/mnt/beegfs/ysu34/hamlib/dia_e2e/tfim_16_5.txt,65536,33,1000,5,0.830,98.205,1.672,2.202e-07
E2EOPCSV,/mnt/beegfs/ysu34/hamlib/dia_e2e/tfim_16_5.txt,65536,33,2,455,26181618,0.522,0.229,-1
E2EOPCSV,/mnt/beegfs/ysu34/hamlib/dia_e2e/tfim_16_5.txt,65536,33,3,3447,182780016,27.752,3.335,-1
E2EOPBUILDCSV,/mnt/beegfs/ysu34/hamlib/dia_e2e/tfim_16_5.txt,65536,5,45471,1968446464,11191.978,12247.187,1.094
E2EOPBUILDCSV,/mnt/beegfs/ysu34/hamlib/dia_e2e/tfim_16_5.txt,65536,5,22736,984256000,549.376,-1,-1
== [1] tfim_18_4 ==
PREPCSV,/mnt/beegfs/ysu34/hamlib/dia_e2e/tfim_18_4.txt,262144,37,spmv,didx,43.967,2.492,0.022016,2110
PREPCSV,/mnt/beegfs/ysu34/hamlib/dia_e2e/tfim_18_4.txt,262144,37,spmv,didx_sym,11.660,3.473,0.015811,957
PREPCSV,/mnt/beegfs/ysu34/hamlib/dia_e2e/tfim_18_4.txt,262144,37,spmv,gopt,29.536,2.754,0.025375,1273
PREPCSV,/mnt/beegfs/ysu34/hamlib/dia_e2e/tfim_18_4.txt,262144,37,spmv,cusparse_csr,72.773,4.220,0.057426,1341
PREPCSV,/mnt/beegfs/ysu34/hamlib/dia_e2e/tfim_18_4.txt,262144,37,spmspm,ours_flat,2.149,0.495,1.445683,2
PREPCSV,/mnt/beegfs/ysu34/hamlib/dia_e2e/tfim_18_4.txt,262144,37,spmspm,hm_atomic,58.507,4.004,2.994299,21
PREPCSV,/mnt/beegfs/ysu34/hamlib/dia_e2e/tfim_18_4.txt,262144,37,spmspm,ours_sym,0.864,2.815,-1.000000,-1
PREPCSV,/mnt/beegfs/ysu34/hamlib/dia_e2e/tfim_18_4.txt,262144,37,spmspm,ours_sym,0.864,2.815,0.672850,5
SPMSPMCSV,/mnt/beegfs/ysu34/hamlib/dia_e2e/tfim_18_4.txt,262144,37,583,136183794,ours_flat,1.445786,0.000e+00
SPMSPMCSV,/mnt/beegfs/ysu34/hamlib/dia_e2e/tfim_18_4.txt,262144,37,583,136183794,ours_sym,0.672481,0.000e+00
SPMSPMCSV,/mnt/beegfs/ysu34/hamlib/dia_e2e/tfim_18_4.txt,262144,37,583,136183794,hm_atomic,2.997770,0.000e+00
SPMSPMCSV,/mnt/beegfs/ysu34/hamlib/dia_e2e/tfim_18_4.txt,262144,37,583,136183794,diaq_fp32,38.244339,0.000e+00
SPMSPMCSV,/mnt/beegfs/ysu34/hamlib/dia_e2e/tfim_18_4.txt,262144,37,583,136183794,cusparse_spgemm,10.622429,-1.000e+00
CSRNNZ,/mnt/beegfs/ysu34/hamlib/dia_e2e/tfim_18_4.txt,9175042,4980736,0.5429
PREPCSV,/mnt/beegfs/ysu34/hamlib/dia_e2e/tfim_18_4.txt,262144,37,spmv,cusparse_csr,68.218,182.926,0.056771,-1
SPMVCSV,/mnt/beegfs/ysu34/hamlib/dia_e2e/tfim_18_4.txt,262144,37,9175042,4980736,ours_didx_nv1,0.021996,8.435e-08
SPMVCSV,/mnt/beegfs/ysu34/hamlib/dia_e2e/tfim_18_4.txt,262144,37,9175042,4980736,ours_didx_nv2,0.024658,8.435e-08
SPMVCSV,/mnt/beegfs/ysu34/hamlib/dia_e2e/tfim_18_4.txt,262144,37,9175042,4980736,ours_gather_nv1,0.036639,8.435e-08
SPMVCSV,/mnt/beegfs/ysu34/hamlib/dia_e2e/tfim_18_4.txt,262144,37,9175042,4980736,ours_gather_nv2,0.089661,8.435e-08
SPMVCSV,/mnt/beegfs/ysu34/hamlib/dia_e2e/tfim_18_4.txt,262144,37,9175042,4980736,ours_gopt_nv1,0.025559,8.445e-08
SPMVCSV,/mnt/beegfs/ysu34/hamlib/dia_e2e/tfim_18_4.txt,262144,37,9175042,4980736,ours_gopt_nv2,0.031949,8.445e-08
# gopt plan: 531 segs, reads 82.8% of stored band
SPMVCSV,/mnt/beegfs/ysu34/hamlib/dia_e2e/tfim_18_4.txt,262144,37,9175042,4980736,ours_gopt_s_nv1,0.028979,8.445e-08
# auto pick=didx (D=37 fill=0.54 rho=0.83)
SPMVCSV,/mnt/beegfs/ysu34/hamlib/dia_e2e/tfim_18_4.txt,262144,37,9175042,4980736,ours_auto_nv1,0.021955,8.435e-08
SPMVCSV,/mnt/beegfs/ysu34/hamlib/dia_e2e/tfim_18_4.txt,262144,37,9175042,4980736,ours_auto_nv2,0.024596,8.435e-08
SPMVCSV,/mnt/beegfs/ysu34/hamlib/dia_e2e/tfim_18_4.txt,262144,37,9175042,4980736,csr_zskip_nv1,0.058696,8.435e-08
SPMVCSV,/mnt/beegfs/ysu34/hamlib/dia_e2e/tfim_18_4.txt,262144,37,9175042,4980736,row_dense_nv1,0.031519,8.435e-08
SPMVCSV,/mnt/beegfs/ysu34/hamlib/dia_e2e/tfim_18_4.txt,262144,37,9175042,4980736,cusparse_csr,0.058225,6.651e-08
SPMVCSV,/mnt/beegfs/ysu34/hamlib/dia_e2e/tfim_18_4.txt,262144,37,9175042,4980736,diaq_fp64,0.116920,0.000e+00
SPMVCSV,/mnt/beegfs/ysu34/hamlib/dia_e2e/tfim_18_4.txt,262144,37,9175042,4980736,diaq_fp32,0.070615,8.681e-08
E2EEVCSV,/mnt/beegfs/ysu34/hamlib/dia_e2e/tfim_18_4.txt,262144,37,1000,4,didx,70.580,75.004,126.986,482.831,3.802,2.569e-07
E2EEVDIAQCSV,/mnt/beegfs/ysu34/hamlib/dia_e2e/tfim_18_4.txt,262144,37,1000,4,2.953,314.265,2.475,2.346e-07
E2EOPCSV,/mnt/beegfs/ysu34/hamlib/dia_e2e/tfim_18_4.txt,262144,37,2,583,136183794,1.547,1.447,-1
E2EOPCSV,/mnt/beegfs/ysu34/hamlib/dia_e2e/tfim_18_4.txt,262144,37,3,5155,1121714288,60.541,23.396,-1
# opbuild wall: Unnz=5652348032 (int32 index limit)
E2EOPBUILDCSV,/mnt/beegfs/ysu34/hamlib/dia_e2e/tfim_18_4.txt,262144,4,28143,5652348032,-1,-1,-1
# opbuild(sym) wall: Unnz=2826305088 (int32 index limit)
E2EOPBUILDCSV,/mnt/beegfs/ysu34/hamlib/dia_e2e/tfim_18_4.txt,262144,4,14072,2826305088,-1,-1,-1
== [1] tfim_18_5 ==
PREPCSV,/mnt/beegfs/ysu34/hamlib/dia_e2e/tfim_18_5.txt,262144,37,spmv,didx,44.454,2.515,0.021955,2139
PREPCSV,/mnt/beegfs/ysu34/hamlib/dia_e2e/tfim_18_5.txt,262144,37,spmv,didx_sym,11.542,3.458,0.015770,951
PREPCSV,/mnt/beegfs/ysu34/hamlib/dia_e2e/tfim_18_5.txt,262144,37,spmv,gopt,28.506,2.673,0.025436,1226
PREPCSV,/mnt/beegfs/ysu34/hamlib/dia_e2e/tfim_18_5.txt,262144,37,spmv,cusparse_csr,74.104,4.160,0.057528,1360
PREPCSV,/mnt/beegfs/ysu34/hamlib/dia_e2e/tfim_18_5.txt,262144,37,spmspm,ours_flat,2.149,0.484,1.445745,2
PREPCSV,/mnt/beegfs/ysu34/hamlib/dia_e2e/tfim_18_5.txt,262144,37,spmspm,hm_atomic,58.664,3.972,2.994790,21
PREPCSV,/mnt/beegfs/ysu34/hamlib/dia_e2e/tfim_18_5.txt,262144,37,spmspm,ours_sym,0.864,2.814,-1.000000,-1
PREPCSV,/mnt/beegfs/ysu34/hamlib/dia_e2e/tfim_18_5.txt,262144,37,spmspm,ours_sym,0.864,2.814,0.672973,5
SPMSPMCSV,/mnt/beegfs/ysu34/hamlib/dia_e2e/tfim_18_5.txt,262144,37,583,136183794,ours_flat,1.445929,0.000e+00
SPMSPMCSV,/mnt/beegfs/ysu34/hamlib/dia_e2e/tfim_18_5.txt,262144,37,583,136183794,ours_sym,0.672471,0.000e+00
SPMSPMCSV,/mnt/beegfs/ysu34/hamlib/dia_e2e/tfim_18_5.txt,262144,37,583,136183794,hm_atomic,2.998518,0.000e+00
SPMSPMCSV,/mnt/beegfs/ysu34/hamlib/dia_e2e/tfim_18_5.txt,262144,37,583,136183794,diaq_fp32,38.242855,0.000e+00
SPMSPMCSV,/mnt/beegfs/ysu34/hamlib/dia_e2e/tfim_18_5.txt,262144,37,583,136183794,cusparse_spgemm,10.598265,-1.000e+00
CSRNNZ,/mnt/beegfs/ysu34/hamlib/dia_e2e/tfim_18_5.txt,9175042,4980736,0.5429
PREPCSV,/mnt/beegfs/ysu34/hamlib/dia_e2e/tfim_18_5.txt,262144,37,spmv,cusparse_csr,68.356,181.925,0.056279,-1
SPMVCSV,/mnt/beegfs/ysu34/hamlib/dia_e2e/tfim_18_5.txt,262144,37,9175042,4980736,ours_didx_nv1,0.022118,8.435e-08
SPMVCSV,/mnt/beegfs/ysu34/hamlib/dia_e2e/tfim_18_5.txt,262144,37,9175042,4980736,ours_didx_nv2,0.024596,8.435e-08
SPMVCSV,/mnt/beegfs/ysu34/hamlib/dia_e2e/tfim_18_5.txt,262144,37,9175042,4980736,ours_gather_nv1,0.036680,8.435e-08
SPMVCSV,/mnt/beegfs/ysu34/hamlib/dia_e2e/tfim_18_5.txt,262144,37,9175042,4980736,ours_gather_nv2,0.090153,8.435e-08
SPMVCSV,/mnt/beegfs/ysu34/hamlib/dia_e2e/tfim_18_5.txt,262144,37,9175042,4980736,ours_gopt_nv1,0.025600,8.445e-08
SPMVCSV,/mnt/beegfs/ysu34/hamlib/dia_e2e/tfim_18_5.txt,262144,37,9175042,4980736,ours_gopt_nv2,0.032072,8.445e-08
# gopt plan: 531 segs, reads 82.8% of stored band
SPMVCSV,/mnt/beegfs/ysu34/hamlib/dia_e2e/tfim_18_5.txt,262144,37,9175042,4980736,ours_gopt_s_nv1,0.029123,8.445e-08
# auto pick=didx (D=37 fill=0.54 rho=0.83)
SPMVCSV,/mnt/beegfs/ysu34/hamlib/dia_e2e/tfim_18_5.txt,262144,37,9175042,4980736,ours_auto_nv1,0.022016,8.435e-08
SPMVCSV,/mnt/beegfs/ysu34/hamlib/dia_e2e/tfim_18_5.txt,262144,37,9175042,4980736,ours_auto_nv2,0.024699,8.435e-08
SPMVCSV,/mnt/beegfs/ysu34/hamlib/dia_e2e/tfim_18_5.txt,262144,37,9175042,4980736,csr_zskip_nv1,0.059781,8.435e-08
SPMVCSV,/mnt/beegfs/ysu34/hamlib/dia_e2e/tfim_18_5.txt,262144,37,9175042,4980736,row_dense_nv1,0.031478,8.435e-08
SPMVCSV,/mnt/beegfs/ysu34/hamlib/dia_e2e/tfim_18_5.txt,262144,37,9175042,4980736,cusparse_csr,0.058429,6.651e-08
SPMVCSV,/mnt/beegfs/ysu34/hamlib/dia_e2e/tfim_18_5.txt,262144,37,9175042,4980736,diaq_fp64,0.117207,0.000e+00
SPMVCSV,/mnt/beegfs/ysu34/hamlib/dia_e2e/tfim_18_5.txt,262144,37,9175042,4980736,diaq_fp32,0.070717,8.681e-08
E2EEVCSV,/mnt/beegfs/ysu34/hamlib/dia_e2e/tfim_18_5.txt,262144,37,1000,5,didx,70.893,73.222,156.926,595.137,3.792,2.569e-07
E2EEVDIAQCSV,/mnt/beegfs/ysu34/hamlib/dia_e2e/tfim_18_5.txt,262144,37,1000,5,2.877,391.094,2.492,2.343e-07
E2EOPCSV,/mnt/beegfs/ysu34/hamlib/dia_e2e/tfim_18_5.txt,262144,37,2,583,136183794,1.554,1.447,-1
E2EOPCSV,/mnt/beegfs/ysu34/hamlib/dia_e2e/tfim_18_5.txt,262144,37,3,5155,1121714288,60.316,23.397,-1
# opbuild wall: Unnz=18243132416 (int32 index limit)
E2EOPBUILDCSV,/mnt/beegfs/ysu34/hamlib/dia_e2e/tfim_18_5.txt,262144,5,99695,18243132416,-1,-1,-1
# opbuild(sym) wall: Unnz=9121697280 (int32 index limit)
E2EOPBUILDCSV,/mnt/beegfs/ysu34/hamlib/dia_e2e/tfim_18_5.txt,262144,5,49848,9121697280,-1,-1,-1
== [1] tfim_20_5 ==
PREPCSV,/mnt/beegfs/ysu34/hamlib/dia_e2e/tfim_20_5.txt,1048576,41,spmv,didx,218.109,8.542,0.107950,2100
PREPCSV,/mnt/beegfs/ysu34/hamlib/dia_e2e/tfim_20_5.txt,1048576,41,spmv,didx_sym,67.614,13.644,0.076390,1064
PREPCSV,/mnt/beegfs/ysu34/hamlib/dia_e2e/tfim_20_5.txt,1048576,41,spmv,gopt,134.814,9.660,0.097710,1479
PREPCSV,/mnt/beegfs/ysu34/hamlib/dia_e2e/tfim_20_5.txt,1048576,41,spmv,cusparse_csr,344.648,13.833,0.166912,2148
PREPCSV,/mnt/beegfs/ysu34/hamlib/dia_e2e/tfim_20_5.txt,1048576,41,spmspm,ours_flat,8.420,1.004,7.354695,1
PREPCSV,/mnt/beegfs/ysu34/hamlib/dia_e2e/tfim_20_5.txt,1048576,41,spmspm,hm_atomic,290.160,13.989,14.973624,20
PREPCSV,/mnt/beegfs/ysu34/hamlib/dia_e2e/tfim_20_5.txt,1048576,41,spmspm,ours_sym,4.098,4.361,-1.000000,-1
PREPCSV,/mnt/beegfs/ysu34/hamlib/dia_e2e/tfim_20_5.txt,1048576,41,spmspm,ours_sym,4.098,4.361,3.692278,2
SPMSPMCSV,/mnt/beegfs/ysu34/hamlib/dia_e2e/tfim_20_5.txt,1048576,41,727,687341554,ours_flat,7.352883,0.000e+00
SPMSPMCSV,/mnt/beegfs/ysu34/hamlib/dia_e2e/tfim_20_5.txt,1048576,41,727,687341554,ours_sym,3.685550,0.000e+00
SPMSPMCSV,/mnt/beegfs/ysu34/hamlib/dia_e2e/tfim_20_5.txt,1048576,41,727,687341554,hm_atomic,14.974751,0.000e+00
SPMSPMCSV,/mnt/beegfs/ysu34/hamlib/dia_e2e/tfim_20_5.txt,1048576,41,727,687341554,diaq_fp32,212.631638,0.000e+00
SPMSPMCSV,/mnt/beegfs/ysu34/hamlib/dia_e2e/tfim_20_5.txt,1048576,41,727,687341554,cusparse_spgemm,96.475533,-1.000e+00
CSRNNZ,/mnt/beegfs/ysu34/hamlib/dia_e2e/tfim_20_5.txt,40894466,22020096,0.5385
PREPCSV,/mnt/beegfs/ysu34/hamlib/dia_e2e/tfim_20_5.txt,1048576,41,spmv,cusparse_csr,326.642,241.530,0.166113,-1
SPMVCSV,/mnt/beegfs/ysu34/hamlib/dia_e2e/tfim_20_5.txt,1048576,41,40894466,22020096,ours_didx_nv1,0.106496,8.817e-08
SPMVCSV,/mnt/beegfs/ysu34/hamlib/dia_e2e/tfim_20_5.txt,1048576,41,40894466,22020096,ours_didx_nv2,0.120873,8.817e-08
SPMVCSV,/mnt/beegfs/ysu34/hamlib/dia_e2e/tfim_20_5.txt,1048576,41,40894466,22020096,ours_gather_nv1,0.127836,8.817e-08
SPMVCSV,/mnt/beegfs/ysu34/hamlib/dia_e2e/tfim_20_5.txt,1048576,41,40894466,22020096,ours_gather_nv2,0.223887,8.817e-08
SPMVCSV,/mnt/beegfs/ysu34/hamlib/dia_e2e/tfim_20_5.txt,1048576,41,40894466,22020096,ours_gopt_nv1,0.097505,8.821e-08
SPMVCSV,/mnt/beegfs/ysu34/hamlib/dia_e2e/tfim_20_5.txt,1048576,41,40894466,22020096,ours_gopt_nv2,0.108052,8.821e-08
# gopt plan: 2067 segs, reads 79.5% of stored band
SPMVCSV,/mnt/beegfs/ysu34/hamlib/dia_e2e/tfim_20_5.txt,1048576,41,40894466,22020096,ours_gopt_s_nv1,0.106967,8.821e-08
# auto pick=didx (D=41 fill=0.54 rho=0.79)
SPMVCSV,/mnt/beegfs/ysu34/hamlib/dia_e2e/tfim_20_5.txt,1048576,41,40894466,22020096,ours_auto_nv1,0.106312,8.817e-08
SPMVCSV,/mnt/beegfs/ysu34/hamlib/dia_e2e/tfim_20_5.txt,1048576,41,40894466,22020096,ours_auto_nv2,0.120852,8.817e-08
SPMVCSV,/mnt/beegfs/ysu34/hamlib/dia_e2e/tfim_20_5.txt,1048576,41,40894466,22020096,csr_zskip_nv1,0.166871,8.817e-08
SPMVCSV,/mnt/beegfs/ysu34/hamlib/dia_e2e/tfim_20_5.txt,1048576,41,40894466,22020096,row_dense_nv1,0.122552,8.817e-08
SPMVCSV,/mnt/beegfs/ysu34/hamlib/dia_e2e/tfim_20_5.txt,1048576,41,40894466,22020096,cusparse_csr,0.166707,6.758e-08
SPMVCSV,/mnt/beegfs/ysu34/hamlib/dia_e2e/tfim_20_5.txt,1048576,41,40894466,22020096,diaq_fp64,0.476488,0.000e+00
SPMVCSV,/mnt/beegfs/ysu34/hamlib/dia_e2e/tfim_20_5.txt,1048576,41,40894466,22020096,diaq_fp32,0.249979,9.037e-08
E2EEVCSV,/mnt/beegfs/ysu34/hamlib/dia_e2e/tfim_20_5.txt,1048576,41,1000,5,didx,366.851,340.363,719.893,1825.257,2.535,2.691e-07
E2EEVDIAQCSV,/mnt/beegfs/ysu34/hamlib/dia_e2e/tfim_20_5.txt,1048576,41,1000,5,11.370,1369.706,1.903,2.462e-07
E2EOPCSV,/mnt/beegfs/ysu34/hamlib/dia_e2e/tfim_20_5.txt,1048576,41,2,727,687341554,7.258,7.352,-1
E2EOPCSV,/mnt/beegfs/ysu34/hamlib/dia_e2e/tfim_20_5.txt,1048576,41,3,7359,6535774320,152.851,152.666,-1
# opbuild wall: Unnz=151712177152 (int32 index limit)
E2EOPBUILDCSV,/mnt/beegfs/ysu34/hamlib/dia_e2e/tfim_20_5.txt,1048576,5,198479,151712177152,-1,-1,-1
# opbuild(sym) wall: Unnz=75856612864 (int32 index limit)
E2EOPBUILDCSV,/mnt/beegfs/ysu34/hamlib/dia_e2e/tfim_20_5.txt,1048576,5,99240,75856612864,-1,-1,-1
== [1] tsp_18_4 ==
PREPCSV,/mnt/beegfs/ysu34/hamlib/dia_e2e/tsp_18_4.txt,262144,1,spmv,didx,1.791,0.432,0.004751,468
PREPCSV,/mnt/beegfs/ysu34/hamlib/dia_e2e/tsp_18_4.txt,262144,1,spmv,didx_sym,1.155,0.436,0.004915,324
PREPCSV,/mnt/beegfs/ysu34/hamlib/dia_e2e/tsp_18_4.txt,262144,1,spmv,gopt,0.855,0.250,0.004362,253
PREPCSV,/mnt/beegfs/ysu34/hamlib/dia_e2e/tsp_18_4.txt,262144,1,spmv,cusparse_csr,1.957,0.831,0.022016,127
PREPCSV,/mnt/beegfs/ysu34/hamlib/dia_e2e/tsp_18_4.txt,262144,1,spmspm,ours_flat,0.514,0.109,0.005468,114
PREPCSV,/mnt/beegfs/ysu34/hamlib/dia_e2e/tsp_18_4.txt,262144,1,spmspm,hm_atomic,1.064,0.438,0.008090,186
PREPCSV,/mnt/beegfs/ysu34/hamlib/dia_e2e/tsp_18_4.txt,262144,1,spmspm,ours_sym,0.283,0.114,-1.000000,-1
PREPCSV,/mnt/beegfs/ysu34/hamlib/dia_e2e/tsp_18_4.txt,262144,1,spmspm,ours_sym,0.283,0.114,0.005386,74
SPMSPMCSV,/mnt/beegfs/ysu34/hamlib/dia_e2e/tsp_18_4.txt,262144,1,1,262144,ours_flat,0.005427,0.000e+00
SPMSPMCSV,/mnt/beegfs/ysu34/hamlib/dia_e2e/tsp_18_4.txt,262144,1,1,262144,ours_sym,0.005427,0.000e+00
SPMSPMCSV,/mnt/beegfs/ysu34/hamlib/dia_e2e/tsp_18_4.txt,262144,1,1,262144,hm_atomic,0.007987,0.000e+00
SPMSPMCSV,/mnt/beegfs/ysu34/hamlib/dia_e2e/tsp_18_4.txt,262144,1,1,262144,diaq_fp32,0.375368,0.000e+00
SPMSPMCSV,/mnt/beegfs/ysu34/hamlib/dia_e2e/tsp_18_4.txt,262144,1,1,262144,cusparse_spgemm,2.914976,-1.000e+00
CSRNNZ,/mnt/beegfs/ysu34/hamlib/dia_e2e/tsp_18_4.txt,262144,262144,1.0000
PREPCSV,/mnt/beegfs/ysu34/hamlib/dia_e2e/tsp_18_4.txt,262144,1,spmv,cusparse_csr,2.288,178.840,0.021893,-1
SPMVCSV,/mnt/beegfs/ysu34/hamlib/dia_e2e/tsp_18_4.txt,262144,1,262144,262144,ours_didx_nv1,0.004649,2.622e-08
SPMVCSV,/mnt/beegfs/ysu34/hamlib/dia_e2e/tsp_18_4.txt,262144,1,262144,262144,ours_didx_nv2,0.005161,2.630e-08
SPMVCSV,/mnt/beegfs/ysu34/hamlib/dia_e2e/tsp_18_4.txt,262144,1,262144,262144,ours_gather_nv1,0.004055,2.622e-08
SPMVCSV,/mnt/beegfs/ysu34/hamlib/dia_e2e/tsp_18_4.txt,262144,1,262144,262144,ours_gather_nv2,0.004977,2.630e-08
SPMVCSV,/mnt/beegfs/ysu34/hamlib/dia_e2e/tsp_18_4.txt,262144,1,262144,262144,ours_gopt_nv1,0.004424,2.622e-08
SPMVCSV,/mnt/beegfs/ysu34/hamlib/dia_e2e/tsp_18_4.txt,262144,1,262144,262144,ours_gopt_nv2,0.004895,2.630e-08
# gopt plan: 1 segs, reads 100.0% of stored band
SPMVCSV,/mnt/beegfs/ysu34/hamlib/dia_e2e/tsp_18_4.txt,262144,1,262144,262144,ours_gopt_s_nv1,0.004280,2.622e-08
# auto pick=stream (D=1 fill=1.00 rho=1.00)
SPMVCSV,/mnt/beegfs/ysu34/hamlib/dia_e2e/tsp_18_4.txt,262144,1,262144,262144,ours_auto_nv1,0.004035,2.622e-08
SPMVCSV,/mnt/beegfs/ysu34/hamlib/dia_e2e/tsp_18_4.txt,262144,1,262144,262144,ours_auto_nv2,0.004977,2.630e-08
SPMVCSV,/mnt/beegfs/ysu34/hamlib/dia_e2e/tsp_18_4.txt,262144,1,262144,262144,csr_zskip_nv1,0.004444,2.622e-08
SPMVCSV,/mnt/beegfs/ysu34/hamlib/dia_e2e/tsp_18_4.txt,262144,1,262144,262144,row_dense_nv1,0.003932,2.622e-08
SPMVCSV,/mnt/beegfs/ysu34/hamlib/dia_e2e/tsp_18_4.txt,262144,1,262144,262144,cusparse_csr,0.021688,2.622e-08
SPMVCSV,/mnt/beegfs/ysu34/hamlib/dia_e2e/tsp_18_4.txt,262144,1,262144,262144,diaq_fp64,0.006083,0.000e+00
SPMVCSV,/mnt/beegfs/ysu34/hamlib/dia_e2e/tsp_18_4.txt,262144,1,262144,262144,diaq_fp32,0.004874,2.628e-08
E2EEVCSV,/mnt/beegfs/ysu34/hamlib/dia_e2e/tsp_18_4.txt,262144,1,1000,4,stream,1.359,3.361,40.625,192.602,4.741,0.000e+00
E2EEVDIAQCSV,/mnt/beegfs/ysu34/hamlib/dia_e2e/tsp_18_4.txt,262144,1,1000,4,0.228,38.794,0.955,0.000e+00
E2EOPCSV,/mnt/beegfs/ysu34/hamlib/dia_e2e/tsp_18_4.txt,262144,1,2,1,262144,0.004,0.006,-1
E2EOPCSV,/mnt/beegfs/ysu34/hamlib/dia_e2e/tsp_18_4.txt,262144,1,3,1,262144,0.003,0.006,-1
E2EOPBUILDCSV,/mnt/beegfs/ysu34/hamlib/dia_e2e/tsp_18_4.txt,262144,4,1,262144,2.316,4.315,1.863
E2EOPBUILDCSV,/mnt/beegfs/ysu34/hamlib/dia_e2e/tsp_18_4.txt,262144,4,1,262144,1.369,-1,-1
== [1] vibbf3_18_3 ==
PREPCSV,/mnt/beegfs/ysu34/hamlib/dia_e2e/vibbf3_18_3.txt,262144,12,spmv,didx,7.422,0.868,0.007537,1100
PREPCSV,/mnt/beegfs/ysu34/hamlib/dia_e2e/vibbf3_18_3.txt,262144,12,spmv,didx_sym,3.786,1.344,0.008458,606
PREPCSV,/mnt/beegfs/ysu34/hamlib/dia_e2e/vibbf3_18_3.txt,262144,12,spmv,gopt,7.561,0.965,0.007823,1090
PREPCSV,/mnt/beegfs/ysu34/hamlib/dia_e2e/vibbf3_18_3.txt,262144,12,spmv,cusparse_csr,7.646,1.460,0.025518,357
PREPCSV,/mnt/beegfs/ysu34/hamlib/dia_e2e/vibbf3_18_3.txt,262144,12,spmspm,ours_flat,0.671,0.225,0.145490,6
PREPCSV,/mnt/beegfs/ysu34/hamlib/dia_e2e/vibbf3_18_3.txt,262144,12,spmspm,hm_atomic,8.546,2.144,0.241193,44
PREPCSV,/mnt/beegfs/ysu34/hamlib/dia_e2e/vibbf3_18_3.txt,262144,12,spmspm,ours_sym,0.370,1.376,-1.000000,-1
PREPCSV,/mnt/beegfs/ysu34/hamlib/dia_e2e/vibbf3_18_3.txt,262144,12,spmspm,ours_sym,0.370,1.376,0.070656,25
SPMSPMCSV,/mnt/beegfs/ysu34/hamlib/dia_e2e/vibbf3_18_3.txt,262144,12,65,16457670,ours_flat,0.145224,0.000e+00
SPMSPMCSV,/mnt/beegfs/ysu34/hamlib/dia_e2e/vibbf3_18_3.txt,262144,12,65,16457670,ours_sym,0.070554,2.384e-07
SPMSPMCSV,/mnt/beegfs/ysu34/hamlib/dia_e2e/vibbf3_18_3.txt,262144,12,65,16457670,hm_atomic,0.240916,2.384e-07
SPMSPMCSV,/mnt/beegfs/ysu34/hamlib/dia_e2e/vibbf3_18_3.txt,262144,12,65,16457670,diaq_fp32,11.677072,2.384e-07
SPMSPMCSV,/mnt/beegfs/ysu34/hamlib/dia_e2e/vibbf3_18_3.txt,262144,12,65,16457670,cusparse_spgemm,4.799271,-1.000e+00
CSRNNZ,/mnt/beegfs/ysu34/hamlib/dia_e2e/vibbf3_18_3.txt,3088370,1038976,0.3364
PREPCSV,/mnt/beegfs/ysu34/hamlib/dia_e2e/vibbf3_18_3.txt,262144,12,spmv,cusparse_csr,8.082,178.813,0.025457,-1
SPMVCSV,/mnt/beegfs/ysu34/hamlib/dia_e2e/vibbf3_18_3.txt,262144,12,3088370,1038976,ours_didx_nv1,0.007516,3.830e-08
SPMVCSV,/mnt/beegfs/ysu34/hamlib/dia_e2e/vibbf3_18_3.txt,262144,12,3088370,1038976,ours_didx_nv2,0.008192,3.830e-08
SPMVCSV,/mnt/beegfs/ysu34/hamlib/dia_e2e/vibbf3_18_3.txt,262144,12,3088370,1038976,ours_gather_nv1,0.009544,3.830e-08
SPMVCSV,/mnt/beegfs/ysu34/hamlib/dia_e2e/vibbf3_18_3.txt,262144,12,3088370,1038976,ours_gather_nv2,0.015954,3.830e-08
SPMVCSV,/mnt/beegfs/ysu34/hamlib/dia_e2e/vibbf3_18_3.txt,262144,12,3088370,1038976,ours_gopt_nv1,0.007741,3.829e-08
SPMVCSV,/mnt/beegfs/ysu34/hamlib/dia_e2e/vibbf3_18_3.txt,262144,12,3088370,1038976,ours_gopt_nv2,0.009933,3.829e-08
# gopt plan: 62 segs, reads 67.9% of stored band
SPMVCSV,/mnt/beegfs/ysu34/hamlib/dia_e2e/vibbf3_18_3.txt,262144,12,3088370,1038976,ours_gopt_s_nv1,0.007352,3.829e-08
# auto pick=didx (D=12 fill=0.34 rho=0.68)
SPMVCSV,/mnt/beegfs/ysu34/hamlib/dia_e2e/vibbf3_18_3.txt,262144,12,3088370,1038976,ours_auto_nv1,0.007537,3.830e-08
SPMVCSV,/mnt/beegfs/ysu34/hamlib/dia_e2e/vibbf3_18_3.txt,262144,12,3088370,1038976,ours_auto_nv2,0.008212,3.830e-08
SPMVCSV,/mnt/beegfs/ysu34/hamlib/dia_e2e/vibbf3_18_3.txt,262144,12,3088370,1038976,csr_zskip_nv1,0.008028,3.830e-08
SPMVCSV,/mnt/beegfs/ysu34/hamlib/dia_e2e/vibbf3_18_3.txt,262144,12,3088370,1038976,row_dense_nv1,0.008376,3.830e-08
SPMVCSV,/mnt/beegfs/ysu34/hamlib/dia_e2e/vibbf3_18_3.txt,262144,12,3088370,1038976,cusparse_csr,0.025518,4.631e-08
SPMVCSV,/mnt/beegfs/ysu34/hamlib/dia_e2e/vibbf3_18_3.txt,262144,12,3088370,1038976,diaq_fp64,0.045527,0.000e+00
SPMVCSV,/mnt/beegfs/ysu34/hamlib/dia_e2e/vibbf3_18_3.txt,262144,12,3088370,1038976,diaq_fp32,0.021033,4.611e-08
E2EEVCSV,/mnt/beegfs/ysu34/hamlib/dia_e2e/vibbf3_18_3.txt,262144,12,1000,3,didx,16.161,10.134,42.039,172.919,4.113,6.878e-08
E2EEVDIAQCSV,/mnt/beegfs/ysu34/hamlib/dia_e2e/vibbf3_18_3.txt,262144,12,1000,3,1.206,87.767,2.088,6.225e-08
E2EOPCSV,/mnt/beegfs/ysu34/hamlib/dia_e2e/vibbf3_18_3.txt,262144,12,2,65,16457670,0.139,0.146,-1
E2EOPCSV,/mnt/beegfs/ysu34/hamlib/dia_e2e/vibbf3_18_3.txt,262144,12,3,177,43966330,0.559,0.868,-1
E2EOPBUILDCSV,/mnt/beegfs/ysu34/hamlib/dia_e2e/vibbf3_18_3.txt,262144,3,177,43966330,4.204,38.510,9.161
E2EOPBUILDCSV,/mnt/beegfs/ysu34/hamlib/dia_e2e/vibbf3_18_3.txt,262144,3,89,22114237,4.047,-1,-1
== [1] atmosmodd ==
PREPCSV,/mnt/beegfs/ysu34/hamlib/dia_suitesparse/atmosmodd.txt,1270432,7,spmv,didx,35.922,4.414,0.047718,845
# didx_sym skipped: non-symmetric or Dup>128
PREPCSV,/mnt/beegfs/ysu34/hamlib/dia_suitesparse/atmosmodd.txt,1270432,7,spmv,gopt,28.444,2.958,0.036188,868
PREPCSV,/mnt/beegfs/ysu34/hamlib/dia_suitesparse/atmosmodd.txt,1270432,7,spmv,cusparse_csr,29.991,7.161,0.083722,444
PREPCSV,/mnt/beegfs/ysu34/hamlib/dia_suitesparse/atmosmodd.txt,1270432,7,spmspm,ours_flat,2.737,0.400,0.300278,10
PREPCSV,/mnt/beegfs/ysu34/hamlib/dia_suitesparse/atmosmodd.txt,1270432,7,spmspm,hm_atomic,22.728,4.360,0.587121,46
PREPCSV,/mnt/beegfs/ysu34/hamlib/dia_suitesparse/atmosmodd.txt,1270432,7,spmspm,ours_sym,1.702,1.895,-1.000000,-1
PREPCSV,/mnt/beegfs/ysu34/hamlib/dia_suitesparse/atmosmodd.txt,1270432,7,spmspm,ours_sym,1.702,1.895,0.156733,23
SPMSPMCSV,/mnt/beegfs/ysu34/hamlib/dia_suitesparse/atmosmodd.txt,1270432,7,25,31452658,ours_flat,0.300288,0.000e+00
SPMSPMCSV,/mnt/beegfs/ysu34/hamlib/dia_suitesparse/atmosmodd.txt,1270432,7,25,31452658,ours_sym,0.156744,3.760e+06
SPMSPMCSV,/mnt/beegfs/ysu34/hamlib/dia_suitesparse/atmosmodd.txt,1270432,7,25,31452658,hm_atomic,0.585103,1.024e+03
SPMSPMCSV,/mnt/beegfs/ysu34/hamlib/dia_suitesparse/atmosmodd.txt,1270432,7,25,31452658,diaq_fp32,41.923656,1.024e+03
SPMSPMCSV,/mnt/beegfs/ysu34/hamlib/dia_suitesparse/atmosmodd.txt,1270432,7,25,31452658,cusparse_spgemm,8.235700,-1.000e+00
CSRNNZ,/mnt/beegfs/ysu34/hamlib/dia_suitesparse/atmosmodd.txt,8848918,8814880,0.9962
PREPCSV,/mnt/beegfs/ysu34/hamlib/dia_suitesparse/atmosmodd.txt,1270432,7,spmv,cusparse_csr,30.389,187.977,0.083743,-1
SPMVCSV,/mnt/beegfs/ysu34/hamlib/dia_suitesparse/atmosmodd.txt,1270432,7,8848918,8814880,ours_didx_nv1,0.047882,4.980e-08
SPMVCSV,/mnt/beegfs/ysu34/hamlib/dia_suitesparse/atmosmodd.txt,1270432,7,8848918,8814880,ours_didx_nv2,0.057774,4.981e-08
SPMVCSV,/mnt/beegfs/ysu34/hamlib/dia_suitesparse/atmosmodd.txt,1270432,7,8848918,8814880,ours_gather_nv1,0.035410,4.980e-08
SPMVCSV,/mnt/beegfs/ysu34/hamlib/dia_suitesparse/atmosmodd.txt,1270432,7,8848918,8814880,ours_gather_nv2,0.056136,4.981e-08
SPMVCSV,/mnt/beegfs/ysu34/hamlib/dia_suitesparse/atmosmodd.txt,1270432,7,8848918,8814880,ours_gopt_nv1,0.036024,4.981e-08
SPMVCSV,/mnt/beegfs/ysu34/hamlib/dia_suitesparse/atmosmodd.txt,1270432,7,8848918,8814880,ours_gopt_nv2,0.046100,4.983e-08
# gopt plan: 7 segs, reads 100.0% of stored band
SPMVCSV,/mnt/beegfs/ysu34/hamlib/dia_suitesparse/atmosmodd.txt,1270432,7,8848918,8814880,ours_gopt_s_nv1,0.035963,4.981e-08
# auto pick=stream (D=7 fill=1.00 rho=1.00)
SPMVCSV,/mnt/beegfs/ysu34/hamlib/dia_suitesparse/atmosmodd.txt,1270432,7,8848918,8814880,ours_auto_nv1,0.035369,4.980e-08
SPMVCSV,/mnt/beegfs/ysu34/hamlib/dia_suitesparse/atmosmodd.txt,1270432,7,8848918,8814880,ours_auto_nv2,0.056504,4.981e-08
SPMVCSV,/mnt/beegfs/ysu34/hamlib/dia_suitesparse/atmosmodd.txt,1270432,7,8848918,8814880,csr_zskip_nv1,0.065495,4.980e-08
SPMVCSV,/mnt/beegfs/ysu34/hamlib/dia_suitesparse/atmosmodd.txt,1270432,7,8848918,8814880,row_dense_nv1,0.036966,4.980e-08
SPMVCSV,/mnt/beegfs/ysu34/hamlib/dia_suitesparse/atmosmodd.txt,1270432,7,8848918,8814880,cusparse_csr,0.083948,5.706e-08
SPMVCSV,/mnt/beegfs/ysu34/hamlib/dia_suitesparse/atmosmodd.txt,1270432,7,8848918,8814880,diaq_fp64,0.124027,0.000e+00
SPMVCSV,/mnt/beegfs/ysu34/hamlib/dia_suitesparse/atmosmodd.txt,1270432,7,8848918,8814880,diaq_fp32,0.068567,5.777e-08
== [1] ecology2 ==
PREPCSV,/mnt/beegfs/ysu34/hamlib/dia_suitesparse/ecology2.txt,999999,7,spmv,didx,22.130,2.925,0.030065,833
PREPCSV,/mnt/beegfs/ysu34/hamlib/dia_suitesparse/ecology2.txt,999999,7,spmv,didx_sym,13.374,3.123,0.023060,715
PREPCSV,/mnt/beegfs/ysu34/hamlib/dia_suitesparse/ecology2.txt,999999,7,spmv,gopt,16.525,1.921,0.014868,1241
PREPCSV,/mnt/beegfs/ysu34/hamlib/dia_suitesparse/ecology2.txt,999999,7,spmv,cusparse_csr,20.054,4.395,0.059208,413
PREPCSV,/mnt/beegfs/ysu34/hamlib/dia_suitesparse/ecology2.txt,999999,7,spmspm,ours_flat,2.136,0.381,0.210022,12
PREPCSV,/mnt/beegfs/ysu34/hamlib/dia_suitesparse/ecology2.txt,999999,7,spmspm,hm_atomic,14.216,3.804,0.450519,40
PREPCSV,/mnt/beegfs/ysu34/hamlib/dia_suitesparse/ecology2.txt,999999,7,spmspm,ours_sym,1.385,1.277,-1.000000,-1
PREPCSV,/mnt/beegfs/ysu34/hamlib/dia_suitesparse/ecology2.txt,999999,7,spmspm,ours_sym,1.385,1.277,0.109732,24
SPMSPMCSV,/mnt/beegfs/ysu34/hamlib/dia_suitesparse/ecology2.txt,999999,7,19,18979985,ours_flat,0.210319,0.000e+00
SPMSPMCSV,/mnt/beegfs/ysu34/hamlib/dia_suitesparse/ecology2.txt,999999,7,19,18979985,ours_sym,0.109763,1.526e-05
SPMSPMCSV,/mnt/beegfs/ysu34/hamlib/dia_suitesparse/ecology2.txt,999999,7,19,18979985,hm_atomic,0.450980,7.629e-06
SPMSPMCSV,/mnt/beegfs/ysu34/hamlib/dia_suitesparse/ecology2.txt,999999,7,19,18979985,diaq_fp32,34.739017,7.629e-06
SPMSPMCSV,/mnt/beegfs/ysu34/hamlib/dia_suitesparse/ecology2.txt,999999,7,19,18979985,cusparse_spgemm,5.976996,-1.000e+00
CSRNNZ,/mnt/beegfs/ysu34/hamlib/dia_suitesparse/ecology2.txt,6995993,4995991,0.7141
PREPCSV,/mnt/beegfs/ysu34/hamlib/dia_suitesparse/ecology2.txt,999999,7,spmv,cusparse_csr,19.565,186.357,0.059310,-1
SPMVCSV,/mnt/beegfs/ysu34/hamlib/dia_suitesparse/ecology2.txt,999999,7,6995993,4995991,ours_didx_nv1,0.029819,4.499e-08
SPMVCSV,/mnt/beegfs/ysu34/hamlib/dia_suitesparse/ecology2.txt,999999,7,6995993,4995991,ours_didx_nv2,0.038769,4.500e-08
SPMVCSV,/mnt/beegfs/ysu34/hamlib/dia_suitesparse/ecology2.txt,999999,7,6995993,4995991,ours_gather_nv1,0.026808,4.499e-08
SPMVCSV,/mnt/beegfs/ysu34/hamlib/dia_suitesparse/ecology2.txt,999999,7,6995993,4995991,ours_gather_nv2,0.047698,4.500e-08
# gopt_nv2 skipped: n%4!=0 (float4 plane stride)
SPMVCSV,/mnt/beegfs/ysu34/hamlib/dia_suitesparse/ecology2.txt,999999,7,6995993,4995991,ours_gopt_nv1,0.014868,4.500e-08
# gopt plan: 7 segs, reads 71.5% of stored band
SPMVCSV,/mnt/beegfs/ysu34/hamlib/dia_suitesparse/ecology2.txt,999999,7,6995993,4995991,ours_gopt_s_nv1,0.014582,4.500e-08
# auto pick=stream (D=7 fill=0.71 rho=0.71)
SPMVCSV,/mnt/beegfs/ysu34/hamlib/dia_suitesparse/ecology2.txt,999999,7,6995993,4995991,ours_auto_nv1,0.026419,4.499e-08
SPMVCSV,/mnt/beegfs/ysu34/hamlib/dia_suitesparse/ecology2.txt,999999,7,6995993,4995991,ours_auto_nv2,0.047985,4.500e-08
SPMVCSV,/mnt/beegfs/ysu34/hamlib/dia_suitesparse/ecology2.txt,999999,7,6995993,4995991,csr_zskip_nv1,0.041636,4.499e-08
SPMVCSV,/mnt/beegfs/ysu34/hamlib/dia_suitesparse/ecology2.txt,999999,7,6995993,4995991,row_dense_nv1,0.028938,4.499e-08
SPMVCSV,/mnt/beegfs/ysu34/hamlib/dia_suitesparse/ecology2.txt,999999,7,6995993,4995991,cusparse_csr,0.059453,5.409e-08
SPMVCSV,/mnt/beegfs/ysu34/hamlib/dia_suitesparse/ecology2.txt,999999,7,6995993,4995991,diaq_fp64,0.099779,0.000e+00
SPMVCSV,/mnt/beegfs/ysu34/hamlib/dia_suitesparse/ecology2.txt,999999,7,6995993,4995991,diaq_fp32,0.055398,5.424e-08
== [1] Lin ==
PREPCSV,/mnt/beegfs/ysu34/hamlib/dia_suitesparse/Lin.txt,256000,7,spmv,didx,6.489,1.079,0.008090,935
PREPCSV,/mnt/beegfs/ysu34/hamlib/dia_suitesparse/Lin.txt,256000,7,spmv,didx_sym,3.464,0.981,0.007844,567
PREPCSV,/mnt/beegfs/ysu34/hamlib/dia_suitesparse/Lin.txt,256000,7,spmv,gopt,4.525,0.782,0.007270,730
PREPCSV,/mnt/beegfs/ysu34/hamlib/dia_suitesparse/Lin.txt,256000,7,spmv,cusparse_csr,5.984,1.996,0.030679,260
PREPCSV,/mnt/beegfs/ysu34/hamlib/dia_suitesparse/Lin.txt,256000,7,spmspm,ours_flat,0.574,0.218,0.050954,16
PREPCSV,/mnt/beegfs/ysu34/hamlib/dia_suitesparse/Lin.txt,256000,7,spmspm,hm_atomic,3.896,1.490,0.073769,73
PREPCSV,/mnt/beegfs/ysu34/hamlib/dia_suitesparse/Lin.txt,256000,7,spmspm,ours_sym,0.323,0.547,-1.000000,-1
PREPCSV,/mnt/beegfs/ysu34/hamlib/dia_suitesparse/Lin.txt,256000,7,spmspm,ours_sym,0.323,0.547,0.025416,34
SPMSPMCSV,/mnt/beegfs/ysu34/hamlib/dia_suitesparse/Lin.txt,256000,7,25,6309594,ours_flat,0.051169,0.000e+00
SPMSPMCSV,/mnt/beegfs/ysu34/hamlib/dia_suitesparse/Lin.txt,256000,7,25,6309594,ours_sym,0.025477,6.250e-02
SPMSPMCSV,/mnt/beegfs/ysu34/hamlib/dia_suitesparse/Lin.txt,256000,7,25,6309594,hm_atomic,0.074199,3.125e-02
SPMSPMCSV,/mnt/beegfs/ysu34/hamlib/dia_suitesparse/Lin.txt,256000,7,25,6309594,diaq_fp32,6.548111,3.125e-02
SPMSPMCSV,/mnt/beegfs/ysu34/hamlib/dia_suitesparse/Lin.txt,256000,7,25,6309594,cusparse_spgemm,5.050279,-1.000e+00
CSRNNZ,/mnt/beegfs/ysu34/hamlib/dia_suitesparse/Lin.txt,1779038,1766400,0.9929
PREPCSV,/mnt/beegfs/ysu34/hamlib/dia_suitesparse/Lin.txt,256000,7,spmv,cusparse_csr,6.007,179.843,0.030597,-1
SPMVCSV,/mnt/beegfs/ysu34/hamlib/dia_suitesparse/Lin.txt,256000,7,1779038,1766400,ours_didx_nv1,0.008151,5.070e-08
SPMVCSV,/mnt/beegfs/ysu34/hamlib/dia_suitesparse/Lin.txt,256000,7,1779038,1766400,ours_didx_nv2,0.009052,5.080e-08
SPMVCSV,/mnt/beegfs/ysu34/hamlib/dia_suitesparse/Lin.txt,256000,7,1779038,1766400,ours_gather_nv1,0.006840,5.070e-08
SPMVCSV,/mnt/beegfs/ysu34/hamlib/dia_suitesparse/Lin.txt,256000,7,1779038,1766400,ours_gather_nv2,0.010527,5.080e-08
SPMVCSV,/mnt/beegfs/ysu34/hamlib/dia_suitesparse/Lin.txt,256000,7,1779038,1766400,ours_gopt_nv1,0.007250,5.075e-08
SPMVCSV,/mnt/beegfs/ysu34/hamlib/dia_suitesparse/Lin.txt,256000,7,1779038,1766400,ours_gopt_nv2,0.008806,5.084e-08
# gopt plan: 7 segs, reads 100.0% of stored band
SPMVCSV,/mnt/beegfs/ysu34/hamlib/dia_suitesparse/Lin.txt,256000,7,1779038,1766400,ours_gopt_s_nv1,0.006881,5.075e-08
# auto pick=stream (D=7 fill=0.99 rho=1.00)
SPMVCSV,/mnt/beegfs/ysu34/hamlib/dia_suitesparse/Lin.txt,256000,7,1779038,1766400,ours_auto_nv1,0.006861,5.070e-08
SPMVCSV,/mnt/beegfs/ysu34/hamlib/dia_suitesparse/Lin.txt,256000,7,1779038,1766400,ours_auto_nv2,0.010547,5.080e-08
SPMVCSV,/mnt/beegfs/ysu34/hamlib/dia_suitesparse/Lin.txt,256000,7,1779038,1766400,csr_zskip_nv1,0.009523,5.070e-08
SPMVCSV,/mnt/beegfs/ysu34/hamlib/dia_suitesparse/Lin.txt,256000,7,1779038,1766400,row_dense_nv1,0.006943,5.070e-08
SPMVCSV,/mnt/beegfs/ysu34/hamlib/dia_suitesparse/Lin.txt,256000,7,1779038,1766400,cusparse_csr,0.030638,5.665e-08
SPMVCSV,/mnt/beegfs/ysu34/hamlib/dia_suitesparse/Lin.txt,256000,7,1779038,1766400,diaq_fp64,0.029348,0.000e+00
SPMVCSV,/mnt/beegfs/ysu34/hamlib/dia_suitesparse/Lin.txt,256000,7,1779038,1766400,diaq_fp32,0.010301,5.754e-08
== [2] BH_20_7 ==
PREPCSV,/mnt/beegfs/ysu34/hamlib/dia_e2e/BH_20_7.txt,1048576,127,spmv,didx,481.693,9.948,0.152637,3221
PREPCSV,/mnt/beegfs/ysu34/hamlib/dia_e2e/BH_20_7.txt,1048576,127,spmv,didx_sym,193.461,36.786,0.140780,1636
PREPCSV,/mnt/beegfs/ysu34/hamlib/dia_e2e/BH_20_7.txt,1048576,127,spmv,gopt,371.155,22.748,0.226550,1739
PREPCSV,/mnt/beegfs/ysu34/hamlib/dia_e2e/BH_20_7.txt,1048576,127,spmv,cusparse_csr,720.751,16.233,0.197919,3724
PREPCSV,/mnt/beegfs/ysu34/hamlib/dia_e2e/BH_20_7.txt,1048576,127,spmspm,ours_flat,68.201,4.764,69.807472,1
# hm_atomic skipped: C nnz 5108440242 exceeds HM int32 layout
PREPCSV,/mnt/beegfs/ysu34/hamlib/dia_e2e/BH_20_7.txt,1048576,127,spmspm,ours_sym,25.014,16.515,-1.000000,-1
PREPCSV,/mnt/beegfs/ysu34/hamlib/dia_e2e/BH_20_7.txt,1048576,127,spmspm,ours_sym,25.014,16.515,34.775860,1
SPMSPMCSV,/mnt/beegfs/ysu34/hamlib/dia_e2e/BH_20_7.txt,1048576,127,5555,5108440242,ours_flat,69.836311,0.000e+00
SPMSPMCSV,/mnt/beegfs/ysu34/hamlib/dia_e2e/BH_20_7.txt,1048576,127,5555,5108440242,ours_sym,34.768661,7.629e-06
# hm_atomic skipped: C nnz 5108440242 exceeds HM int32 layout
# diaq_fp32 skipped: C nnz 5108440242 exceeds diaq u32 layout
SPMSPMCSV,/mnt/beegfs/ysu34/hamlib/dia_e2e/BH_20_7.txt,1048576,127,5555,5108440242,cusparse_spgemm,231.483429,-1.000e+00
CSRNNZ,/mnt/beegfs/ysu34/hamlib/dia_e2e/BH_20_7.txt,125829148,25824385,0.2052
PREPCSV,/mnt/beegfs/ysu34/hamlib/dia_e2e/BH_20_7.txt,1048576,127,spmv,cusparse_csr,694.960,244.107,0.198103,-1
SPMVCSV,/mnt/beegfs/ysu34/hamlib/dia_e2e/BH_20_7.txt,1048576,127,125829148,25824385,ours_didx_nv1,0.151368,6.086e-08
SPMVCSV,/mnt/beegfs/ysu34/hamlib/dia_e2e/BH_20_7.txt,1048576,127,125829148,25824385,ours_didx_nv2,0.181555,6.086e-08
SPMVCSV,/mnt/beegfs/ysu34/hamlib/dia_e2e/BH_20_7.txt,1048576,127,125829148,25824385,ours_gather_nv1,0.371466,6.086e-08
SPMVCSV,/mnt/beegfs/ysu34/hamlib/dia_e2e/BH_20_7.txt,1048576,127,125829148,25824385,ours_gather_nv2,0.664740,6.086e-08
SPMVCSV,/mnt/beegfs/ysu34/hamlib/dia_e2e/BH_20_7.txt,1048576,127,125829148,25824385,ours_gopt_nv1,0.225894,6.186e-08
SPMVCSV,/mnt/beegfs/ysu34/hamlib/dia_e2e/BH_20_7.txt,1048576,127,125829148,25824385,ours_gopt_nv2,0.244920,6.186e-08
# gopt plan: 9026 segs, reads 63.7% of stored band
SPMVCSV,/mnt/beegfs/ysu34/hamlib/dia_e2e/BH_20_7.txt,1048576,127,125829148,25824385,ours_gopt_s_nv1,0.251044,6.186e-08
# auto pick=didx (D=127 fill=0.21 rho=0.64)
SPMVCSV,/mnt/beegfs/ysu34/hamlib/dia_e2e/BH_20_7.txt,1048576,127,125829148,25824385,ours_auto_nv1,0.151265,6.086e-08
SPMVCSV,/mnt/beegfs/ysu34/hamlib/dia_e2e/BH_20_7.txt,1048576,127,125829148,25824385,ours_auto_nv2,0.181617,6.086e-08
SPMVCSV,/mnt/beegfs/ysu34/hamlib/dia_e2e/BH_20_7.txt,1048576,127,125829148,25824385,csr_zskip_nv1,0.230912,6.086e-08
SPMVCSV,/mnt/beegfs/ysu34/hamlib/dia_e2e/BH_20_7.txt,1048576,127,125829148,25824385,row_dense_nv1,0.348733,6.086e-08
SPMVCSV,/mnt/beegfs/ysu34/hamlib/dia_e2e/BH_20_7.txt,1048576,127,125829148,25824385,cusparse_csr,0.197448,5.812e-08
SPMVCSV,/mnt/beegfs/ysu34/hamlib/dia_e2e/BH_20_7.txt,1048576,127,125829148,25824385,diaq_fp64,1.378509,0.000e+00
SPMVCSV,/mnt/beegfs/ysu34/hamlib/dia_e2e/BH_20_7.txt,1048576,127,125829148,25824385,diaq_fp32,0.724500,6.624e-08
E2EEVCSV,/mnt/beegfs/ysu34/hamlib/dia_e2e/BH_20_7.txt,1048576,127,1000,7,didx,901.101,721.439,1439.237,3005.294,2.088,7.550e-07
E2EEVDIAQCSV,/mnt/beegfs/ysu34/hamlib/dia_e2e/BH_20_7.txt,1048576,127,1000,7,33.792,5235.229,3.638,7.391e-07
E2EOPCSV,/mnt/beegfs/ysu34/hamlib/dia_e2e/BH_20_7.txt,1048576,127,2,5555,5108440242,64.970,69.838,-1
E2EOPCSV,/mnt/beegfs/ysu34/hamlib/dia_e2e/BH_20_7.txt,1048576,127,3,98989,82073030294,-1,-1,-1
# opbuild wall: Unnz=1099511627776 (int32 index limit)
E2EOPBUILDCSV,/mnt/beegfs/ysu34/hamlib/dia_e2e/BH_20_7.txt,1048576,7,2097151,1099511627776,-1,-1,-1
# opbuild(sym) wall: Unnz=549756338176 (int32 index limit)
E2EOPBUILDCSV,/mnt/beegfs/ysu34/hamlib/dia_e2e/BH_20_7.txt,1048576,7,1048576,549756338176,-1,-1,-1
== [2] bhc_16_7 ==
PREPCSV,/mnt/beegfs/ysu34/hamlib/dia_e2e/bhc_16_7.txt,65536,99,spmv,didx,14.492,0.775,0.009933,1537
PREPCSV,/mnt/beegfs/ysu34/hamlib/dia_e2e/bhc_16_7.txt,65536,99,spmv,didx_sym,7.249,2.178,0.009708,971
PREPCSV,/mnt/beegfs/ysu34/hamlib/dia_e2e/bhc_16_7.txt,65536,99,spmv,gopt,18.911,1.615,0.025498,805
PREPCSV,/mnt/beegfs/ysu34/hamlib/dia_e2e/bhc_16_7.txt,65536,99,spmv,cusparse_csr,26.666,1.433,0.029696,946
PREPCSV,/mnt/beegfs/ysu34/hamlib/dia_e2e/bhc_16_7.txt,65536,99,spmspm,ours_flat,8.139,0.553,2.212250,4
PREPCSV,/mnt/beegfs/ysu34/hamlib/dia_e2e/bhc_16_7.txt,65536,99,spmspm,hm_atomic,65.851,3.031,3.943711,17
PREPCSV,/mnt/beegfs/ysu34/hamlib/dia_e2e/bhc_16_7.txt,65536,99,spmspm,ours_sym,0.969,3.681,-1.000000,-1
PREPCSV,/mnt/beegfs/ysu34/hamlib/dia_e2e/bhc_16_7.txt,65536,99,spmspm,ours_sym,0.969,3.681,0.950272,5
SPMSPMCSV,/mnt/beegfs/ysu34/hamlib/dia_e2e/bhc_16_7.txt,65536,99,3023,166182066,ours_flat,2.213315,0.000e+00
SPMSPMCSV,/mnt/beegfs/ysu34/hamlib/dia_e2e/bhc_16_7.txt,65536,99,3023,166182066,ours_sym,0.950712,7.629e-06
SPMSPMCSV,/mnt/beegfs/ysu34/hamlib/dia_e2e/bhc_16_7.txt,65536,99,3023,166182066,hm_atomic,3.941540,3.052e-05
SPMSPMCSV,/mnt/beegfs/ysu34/hamlib/dia_e2e/bhc_16_7.txt,65536,99,3023,166182066,diaq_fp32,29.503428,3.052e-05
SPMSPMCSV,/mnt/beegfs/ysu34/hamlib/dia_e2e/bhc_16_7.txt,65536,99,3023,166182066,cusparse_spgemm,5.295974,-1.000e+00
CSRNNZ,/mnt/beegfs/ysu34/hamlib/dia_e2e/bhc_16_7.txt,6029340,1250845,0.2075
PREPCSV,/mnt/beegfs/ysu34/hamlib/dia_e2e/bhc_16_7.txt,65536,99,spmv,cusparse_csr,25.682,179.459,0.030003,-1
SPMVCSV,/mnt/beegfs/ysu34/hamlib/dia_e2e/bhc_16_7.txt,65536,99,6029340,1250845,ours_didx_nv1,0.009974,5.466e-08
SPMVCSV,/mnt/beegfs/ysu34/hamlib/dia_e2e/bhc_16_7.txt,65536,99,6029340,1250845,ours_didx_nv2,0.011366,5.466e-08
SPMVCSV,/mnt/beegfs/ysu34/hamlib/dia_e2e/bhc_16_7.txt,65536,99,6029340,1250845,ours_gather_nv1,0.015667,5.466e-08
SPMVCSV,/mnt/beegfs/ysu34/hamlib/dia_e2e/bhc_16_7.txt,65536,99,6029340,1250845,ours_gather_nv2,0.019927,5.466e-08
SPMVCSV,/mnt/beegfs/ysu34/hamlib/dia_e2e/bhc_16_7.txt,65536,99,6029340,1250845,ours_gopt_nv1,0.025620,5.584e-08
SPMVCSV,/mnt/beegfs/ysu34/hamlib/dia_e2e/bhc_16_7.txt,65536,99,6029340,1250845,ours_gopt_nv2,0.034468,5.593e-08
# gopt plan: 565 segs, reads 74.3% of stored band
SPMVCSV,/mnt/beegfs/ysu34/hamlib/dia_e2e/bhc_16_7.txt,65536,99,6029340,1250845,ours_gopt_s_nv1,0.030228,5.584e-08
# auto pick=didx (D=99 fill=0.21 rho=0.74)
SPMVCSV,/mnt/beegfs/ysu34/hamlib/dia_e2e/bhc_16_7.txt,65536,99,6029340,1250845,ours_auto_nv1,0.010035,5.466e-08
SPMVCSV,/mnt/beegfs/ysu34/hamlib/dia_e2e/bhc_16_7.txt,65536,99,6029340,1250845,ours_auto_nv2,0.011387,5.466e-08
SPMVCSV,/mnt/beegfs/ysu34/hamlib/dia_e2e/bhc_16_7.txt,65536,99,6029340,1250845,csr_zskip_nv1,0.011141,5.466e-08
SPMVCSV,/mnt/beegfs/ysu34/hamlib/dia_e2e/bhc_16_7.txt,65536,99,6029340,1250845,row_dense_nv1,0.016548,5.466e-08
SPMVCSV,/mnt/beegfs/ysu34/hamlib/dia_e2e/bhc_16_7.txt,65536,99,6029340,1250845,cusparse_csr,0.030126,5.607e-08
SPMVCSV,/mnt/beegfs/ysu34/hamlib/dia_e2e/bhc_16_7.txt,65536,99,6029340,1250845,diaq_fp64,0.088207,0.000e+00
SPMVCSV,/mnt/beegfs/ysu34/hamlib/dia_e2e/bhc_16_7.txt,65536,99,6029340,1250845,diaq_fp32,0.076186,5.995e-08
E2EEVCSV,/mnt/beegfs/ysu34/hamlib/dia_e2e/bhc_16_7.txt,65536,99,1000,7,didx,33.894,27.417,104.813,463.533,4.422,7.165e-07
E2EEVDIAQCSV,/mnt/beegfs/ysu34/hamlib/dia_e2e/bhc_16_7.txt,65536,99,1000,7,2.173,558.471,5.328,6.985e-07
E2EOPCSV,/mnt/beegfs/ysu34/hamlib/dia_e2e/bhc_16_7.txt,65536,99,2,3023,166182066,7.479,2.214,-1
E2EOPCSV,/mnt/beegfs/ysu34/hamlib/dia_e2e/bhc_16_7.txt,65536,99,3,31181,1471690390,1761.154,66.879,-1
# opbuild wall: Unnz=4294967296 (int32 index limit)
E2EOPBUILDCSV,/mnt/beegfs/ysu34/hamlib/dia_e2e/bhc_16_7.txt,65536,7,131071,4294967296,-1,-1,-1
# opbuild(sym) wall: Unnz=2147516416 (int32 index limit)
E2EOPBUILDCSV,/mnt/beegfs/ysu34/hamlib/dia_e2e/bhc_16_7.txt,65536,7,65536,2147516416,-1,-1,-1
== [2] bhc_18_7 ==
PREPCSV,/mnt/beegfs/ysu34/hamlib/dia_e2e/bhc_18_7.txt,262144,112,spmv,didx,91.704,2.745,0.032768,2882
PREPCSV,/mnt/beegfs/ysu34/hamlib/dia_e2e/bhc_18_7.txt,262144,112,spmv,didx_sym,34.113,8.818,0.033423,1284
PREPCSV,/mnt/beegfs/ysu34/hamlib/dia_e2e/bhc_18_7.txt,262144,112,spmv,gopt,78.447,5.782,0.069755,1207
PREPCSV,/mnt/beegfs/ysu34/hamlib/dia_e2e/bhc_18_7.txt,262144,112,spmv,cusparse_csr,136.960,4.626,0.062915,2250
PREPCSV,/mnt/beegfs/ysu34/hamlib/dia_e2e/bhc_18_7.txt,262144,112,spmspm,ours_flat,19.002,1.169,12.834775,2
PREPCSV,/mnt/beegfs/ysu34/hamlib/dia_e2e/bhc_18_7.txt,262144,112,spmspm,hm_atomic,374.183,10.217,26.821899,14
PREPCSV,/mnt/beegfs/ysu34/hamlib/dia_e2e/bhc_18_7.txt,262144,112,spmspm,ours_sym,4.222,6.457,-1.000000,-1
PREPCSV,/mnt/beegfs/ysu34/hamlib/dia_e2e/bhc_18_7.txt,262144,112,spmspm,ours_sym,4.222,6.457,6.081741,2
SPMSPMCSV,/mnt/beegfs/ysu34/hamlib/dia_e2e/bhc_18_7.txt,262144,112,4111,930782386,ours_flat,12.833936,0.000e+00
SPMSPMCSV,/mnt/beegfs/ysu34/hamlib/dia_e2e/bhc_18_7.txt,262144,112,4111,930782386,ours_sym,6.078699,7.629e-06
SPMSPMCSV,/mnt/beegfs/ysu34/hamlib/dia_e2e/bhc_18_7.txt,262144,112,4111,930782386,hm_atomic,26.783560,3.052e-05
SPMSPMCSV,/mnt/beegfs/ysu34/hamlib/dia_e2e/bhc_18_7.txt,262144,112,4111,930782386,diaq_fp32,153.635468,3.052e-05
SPMSPMCSV,/mnt/beegfs/ysu34/hamlib/dia_e2e/bhc_18_7.txt,262144,112,4111,930782386,cusparse_spgemm,19.212194,-1.000e+00
CSRNNZ,/mnt/beegfs/ysu34/hamlib/dia_e2e/bhc_18_7.txt,27607068,5640030,0.2043
PREPCSV,/mnt/beegfs/ysu34/hamlib/dia_e2e/bhc_18_7.txt,262144,112,spmv,cusparse_csr,128.431,188.698,0.061235,-1
SPMVCSV,/mnt/beegfs/ysu34/hamlib/dia_e2e/bhc_18_7.txt,262144,112,27607068,5640030,ours_didx_nv1,0.032727,5.809e-08
SPMVCSV,/mnt/beegfs/ysu34/hamlib/dia_e2e/bhc_18_7.txt,262144,112,27607068,5640030,ours_didx_nv2,0.040223,5.809e-08
SPMVCSV,/mnt/beegfs/ysu34/hamlib/dia_e2e/bhc_18_7.txt,262144,112,27607068,5640030,ours_gather_nv1,0.099287,5.809e-08
SPMVCSV,/mnt/beegfs/ysu34/hamlib/dia_e2e/bhc_18_7.txt,262144,112,27607068,5640030,ours_gather_nv2,0.258028,5.809e-08
SPMVCSV,/mnt/beegfs/ysu34/hamlib/dia_e2e/bhc_18_7.txt,262144,112,27607068,5640030,ours_gopt_nv1,0.068813,5.931e-08
SPMVCSV,/mnt/beegfs/ysu34/hamlib/dia_e2e/bhc_18_7.txt,262144,112,27607068,5640030,ours_gopt_nv2,0.079258,5.931e-08
# gopt plan: 2237 segs, reads 68.5% of stored band
SPMVCSV,/mnt/beegfs/ysu34/hamlib/dia_e2e/bhc_18_7.txt,262144,112,27607068,5640030,ours_gopt_s_nv1,0.083988,5.931e-08
# auto pick=didx (D=112 fill=0.20 rho=0.69)
SPMVCSV,/mnt/beegfs/ysu34/hamlib/dia_e2e/bhc_18_7.txt,262144,112,27607068,5640030,ours_auto_nv1,0.032666,5.809e-08
SPMVCSV,/mnt/beegfs/ysu34/hamlib/dia_e2e/bhc_18_7.txt,262144,112,27607068,5640030,ours_auto_nv2,0.041308,5.809e-08
SPMVCSV,/mnt/beegfs/ysu34/hamlib/dia_e2e/bhc_18_7.txt,262144,112,27607068,5640030,csr_zskip_nv1,0.052593,5.809e-08
SPMVCSV,/mnt/beegfs/ysu34/hamlib/dia_e2e/bhc_18_7.txt,262144,112,27607068,5640030,row_dense_nv1,0.085217,5.809e-08
SPMVCSV,/mnt/beegfs/ysu34/hamlib/dia_e2e/bhc_18_7.txt,262144,112,27607068,5640030,cusparse_csr,0.062771,5.708e-08
SPMVCSV,/mnt/beegfs/ysu34/hamlib/dia_e2e/bhc_18_7.txt,262144,112,27607068,5640030,diaq_fp64,0.326799,0.000e+00
SPMVCSV,/mnt/beegfs/ysu34/hamlib/dia_e2e/bhc_18_7.txt,262144,112,27607068,5640030,diaq_fp32,0.203366,6.318e-08
E2EEVCSV,/mnt/beegfs/ysu34/hamlib/dia_e2e/bhc_18_7.txt,262144,112,1000,7,didx,176.817,136.053,334.910,909.766,2.716,7.358e-07
E2EEVDIAQCSV,/mnt/beegfs/ysu34/hamlib/dia_e2e/bhc_18_7.txt,262144,112,1000,7,8.129,1495.092,4.464,7.206e-07
E2EOPCSV,/mnt/beegfs/ysu34/hamlib/dia_e2e/bhc_18_7.txt,262144,112,2,4111,930782386,17.597,12.838,-1
E2EOPCSV,/mnt/beegfs/ysu34/hamlib/dia_e2e/bhc_18_7.txt,262144,112,3,56779,11338608278,4979.401,511.276,-1
# opbuild wall: Unnz=68719476736 (int32 index limit)
E2EOPBUILDCSV,/mnt/beegfs/ysu34/hamlib/dia_e2e/bhc_18_7.txt,262144,7,524287,68719476736,-1,-1,-1
# opbuild(sym) wall: Unnz=34359869440 (int32 index limit)
E2EOPBUILDCSV,/mnt/beegfs/ysu34/hamlib/dia_e2e/bhc_18_7.txt,262144,7,262144,34359869440,-1,-1,-1
== [2] bhD1_18_7 ==
PREPCSV,/mnt/beegfs/ysu34/hamlib/dia_e2e/bhD1_18_7.txt,262144,112,spmv,didx,91.936,2.738,0.032870,2880
PREPCSV,/mnt/beegfs/ysu34/hamlib/dia_e2e/bhD1_18_7.txt,262144,112,spmv,didx_sym,34.164,8.794,0.033280,1291
PREPCSV,/mnt/beegfs/ysu34/hamlib/dia_e2e/bhD1_18_7.txt,262144,112,spmv,gopt,85.903,5.787,0.071393,1284
PREPCSV,/mnt/beegfs/ysu34/hamlib/dia_e2e/bhD1_18_7.txt,262144,112,spmv,cusparse_csr,133.844,4.589,0.062935,2200
PREPCSV,/mnt/beegfs/ysu34/hamlib/dia_e2e/bhD1_18_7.txt,262144,112,spmspm,ours_flat,18.938,1.183,12.835431,2
PREPCSV,/mnt/beegfs/ysu34/hamlib/dia_e2e/bhD1_18_7.txt,262144,112,spmspm,hm_atomic,373.427,10.189,26.820179,14
PREPCSV,/mnt/beegfs/ysu34/hamlib/dia_e2e/bhD1_18_7.txt,262144,112,spmspm,ours_sym,4.212,6.549,-1.000000,-1
PREPCSV,/mnt/beegfs/ysu34/hamlib/dia_e2e/bhD1_18_7.txt,262144,112,spmspm,ours_sym,4.212,6.549,6.082703,2
SPMSPMCSV,/mnt/beegfs/ysu34/hamlib/dia_e2e/bhD1_18_7.txt,262144,112,4111,930782386,ours_flat,12.835021,0.000e+00
SPMSPMCSV,/mnt/beegfs/ysu34/hamlib/dia_e2e/bhD1_18_7.txt,262144,112,4111,930782386,ours_sym,6.079836,7.629e-06
SPMSPMCSV,/mnt/beegfs/ysu34/hamlib/dia_e2e/bhD1_18_7.txt,262144,112,4111,930782386,hm_atomic,26.788179,3.052e-05
SPMSPMCSV,/mnt/beegfs/ysu34/hamlib/dia_e2e/bhD1_18_7.txt,262144,112,4111,930782386,diaq_fp32,153.669373,3.052e-05
SPMSPMCSV,/mnt/beegfs/ysu34/hamlib/dia_e2e/bhD1_18_7.txt,262144,112,4111,930782386,cusparse_spgemm,19.185108,-1.000e+00
CSRNNZ,/mnt/beegfs/ysu34/hamlib/dia_e2e/bhD1_18_7.txt,27607068,5640030,0.2043
PREPCSV,/mnt/beegfs/ysu34/hamlib/dia_e2e/bhD1_18_7.txt,262144,112,spmv,cusparse_csr,130.402,194.613,0.061604,-1
SPMVCSV,/mnt/beegfs/ysu34/hamlib/dia_e2e/bhD1_18_7.txt,262144,112,27607068,5640030,ours_didx_nv1,0.032911,5.809e-08
SPMVCSV,/mnt/beegfs/ysu34/hamlib/dia_e2e/bhD1_18_7.txt,262144,112,27607068,5640030,ours_didx_nv2,0.040100,5.809e-08
SPMVCSV,/mnt/beegfs/ysu34/hamlib/dia_e2e/bhD1_18_7.txt,262144,112,27607068,5640030,ours_gather_nv1,0.099410,5.809e-08
SPMVCSV,/mnt/beegfs/ysu34/hamlib/dia_e2e/bhD1_18_7.txt,262144,112,27607068,5640030,ours_gather_nv2,0.257475,5.809e-08
SPMVCSV,/mnt/beegfs/ysu34/hamlib/dia_e2e/bhD1_18_7.txt,262144,112,27607068,5640030,ours_gopt_nv1,0.070267,5.931e-08
SPMVCSV,/mnt/beegfs/ysu34/hamlib/dia_e2e/bhD1_18_7.txt,262144,112,27607068,5640030,ours_gopt_nv2,0.082432,5.931e-08
# gopt plan: 2237 segs, reads 68.5% of stored band
SPMVCSV,/mnt/beegfs/ysu34/hamlib/dia_e2e/bhD1_18_7.txt,262144,112,27607068,5640030,ours_gopt_s_nv1,0.084705,5.931e-08
# auto pick=didx (D=112 fill=0.20 rho=0.69)
SPMVCSV,/mnt/beegfs/ysu34/hamlib/dia_e2e/bhD1_18_7.txt,262144,112,27607068,5640030,ours_auto_nv1,0.032809,5.809e-08
SPMVCSV,/mnt/beegfs/ysu34/hamlib/dia_e2e/bhD1_18_7.txt,262144,112,27607068,5640030,ours_auto_nv2,0.042107,5.809e-08
SPMVCSV,/mnt/beegfs/ysu34/hamlib/dia_e2e/bhD1_18_7.txt,262144,112,27607068,5640030,csr_zskip_nv1,0.052511,5.809e-08
SPMVCSV,/mnt/beegfs/ysu34/hamlib/dia_e2e/bhD1_18_7.txt,262144,112,27607068,5640030,row_dense_nv1,0.085320,5.809e-08
SPMVCSV,/mnt/beegfs/ysu34/hamlib/dia_e2e/bhD1_18_7.txt,262144,112,27607068,5640030,cusparse_csr,0.062976,5.708e-08
SPMVCSV,/mnt/beegfs/ysu34/hamlib/dia_e2e/bhD1_18_7.txt,262144,112,27607068,5640030,diaq_fp64,0.326164,0.000e+00
SPMVCSV,/mnt/beegfs/ysu34/hamlib/dia_e2e/bhD1_18_7.txt,262144,112,27607068,5640030,diaq_fp32,0.203141,6.318e-08
E2EEVCSV,/mnt/beegfs/ysu34/hamlib/dia_e2e/bhD1_18_7.txt,262144,112,1000,7,didx,179.587,134.570,332.715,897.447,2.697,7.358e-07
E2EEVDIAQCSV,/mnt/beegfs/ysu34/hamlib/dia_e2e/bhD1_18_7.txt,262144,112,1000,7,7.895,1493.385,4.488,7.206e-07
E2EOPCSV,/mnt/beegfs/ysu34/hamlib/dia_e2e/bhD1_18_7.txt,262144,112,2,4111,930782386,17.579,12.838,-1
E2EOPCSV,/mnt/beegfs/ysu34/hamlib/dia_e2e/bhD1_18_7.txt,262144,112,3,56779,11338608278,4983.853,511.272,-1
# opbuild wall: Unnz=68719476736 (int32 index limit)
E2EOPBUILDCSV,/mnt/beegfs/ysu34/hamlib/dia_e2e/bhD1_18_7.txt,262144,7,524287,68719476736,-1,-1,-1
# opbuild(sym) wall: Unnz=34359869440 (int32 index limit)
E2EOPBUILDCSV,/mnt/beegfs/ysu34/hamlib/dia_e2e/bhD1_18_7.txt,262144,7,262144,34359869440,-1,-1,-1
== [2] C2c_18_4 ==
PREPCSV,/mnt/beegfs/ysu34/hamlib/dia_e2e/C2c_18_4.txt,262144,9971,spmv,didx,3179.013,12.915,1.290342,2474
# didx_sym skipped: non-symmetric or Dup>128
PREPCSV,/mnt/beegfs/ysu34/hamlib/dia_e2e/C2c_18_4.txt,262144,9971,spmv,gopt,3458.680,107.495,1.793884,1988
PREPCSV,/mnt/beegfs/ysu34/hamlib/dia_e2e/C2c_18_4.txt,262144,9971,spmv,cusparse_csr,8378.984,17.878,0.219771,38207
CUDA prep_driver.cu:324 out of memory
CUDA spmspm_driver.cu:94 out of memory
CSRNNZ,/mnt/beegfs/ysu34/hamlib/dia_e2e/C2c_18_4.txt,2039105210,30193577,0.0148
PREPCSV,/mnt/beegfs/ysu34/hamlib/dia_e2e/C2c_18_4.txt,262144,9971,spmv,cusparse_csr,8261.216,221.311,0.219546,-1
SPMVCSV,/mnt/beegfs/ysu34/hamlib/dia_e2e/C2c_18_4.txt,262144,9971,2039105210,30193577,ours_didx_nv1,1.291919,1.591e-07
SPMVCSV,/mnt/beegfs/ysu34/hamlib/dia_e2e/C2c_18_4.txt,262144,9971,2039105210,30193577,ours_didx_nv2,1.760891,1.591e-07
SPMVCSV,/mnt/beegfs/ysu34/hamlib/dia_e2e/C2c_18_4.txt,262144,9971,2039105210,30193577,ours_gather_nv1,7.447470,1.591e-07
SPMVCSV,/mnt/beegfs/ysu34/hamlib/dia_e2e/C2c_18_4.txt,262144,9971,2039105210,30193577,ours_gather_nv2,18.894829,1.591e-07
SPMVCSV,/mnt/beegfs/ysu34/hamlib/dia_e2e/C2c_18_4.txt,262144,9971,2039105210,30193577,ours_gopt_nv1,1.787146,1.938e-07
SPMVCSV,/mnt/beegfs/ysu34/hamlib/dia_e2e/C2c_18_4.txt,262144,9971,2039105210,30193577,ours_gopt_nv2,2.140447,1.938e-07
# gopt plan: 260290 segs, reads 19.8% of stored band
SPMVCSV,/mnt/beegfs/ysu34/hamlib/dia_e2e/C2c_18_4.txt,262144,9971,2039105210,30193577,ours_gopt_s_nv1,2.150175,1.938e-07
# auto pick=gopt (D=9971 fill=0.01 rho=0.20)
SPMVCSV,/mnt/beegfs/ysu34/hamlib/dia_e2e/C2c_18_4.txt,262144,9971,2039105210,30193577,ours_auto_nv1,1.790833,1.938e-07
SPMVCSV,/mnt/beegfs/ysu34/hamlib/dia_e2e/C2c_18_4.txt,262144,9971,2039105210,30193577,ours_auto_nv2,2.137846,1.938e-07
SPMVCSV,/mnt/beegfs/ysu34/hamlib/dia_e2e/C2c_18_4.txt,262144,9971,2039105210,30193577,csr_zskip_nv1,0.422932,1.591e-07
SPMVCSV,/mnt/beegfs/ysu34/hamlib/dia_e2e/C2c_18_4.txt,262144,9971,2039105210,30193577,row_dense_nv1,6.091243,1.591e-07
SPMVCSV,/mnt/beegfs/ysu34/hamlib/dia_e2e/C2c_18_4.txt,262144,9971,2039105210,30193577,cusparse_csr,0.220488,7.214e-08
SPMVCSV,/mnt/beegfs/ysu34/hamlib/dia_e2e/C2c_18_4.txt,262144,9971,2039105210,30193577,diaq_fp64,23.322643,0.000e+00
SPMVCSV,/mnt/beegfs/ysu34/hamlib/dia_e2e/C2c_18_4.txt,262144,9971,2039105210,30193577,diaq_fp32,14.204601,1.612e-07
E2EEVCSV,/mnt/beegfs/ysu34/hamlib/dia_e2e/C2c_18_4.txt,262144,9971,1000,4,gopt,3614.863,8414.587,8612.299,1894.757,0.220,1.226e-07
E2EEVDIAQCSV,/mnt/beegfs/ysu34/hamlib/dia_e2e/C2c_18_4.txt,262144,9971,1000,4,551.899,56866.352,6.603,1.127e-07
E2EOPCSV,/mnt/beegfs/ysu34/hamlib/dia_e2e/C2c_18_4.txt,262144,9971,2,483276,65622141244,-1,-1,-1
# opbuild wall: Unnz=68719476736 (int32 index limit)
E2EOPBUILDCSV,/mnt/beegfs/ysu34/hamlib/dia_e2e/C2c_18_4.txt,262144,4,524287,68719476736,-1,-1,-1
# opbuild(sym) wall: Unnz=34359869440 (int32 index limit)
E2EOPBUILDCSV,/mnt/beegfs/ysu34/hamlib/dia_e2e/C2c_18_4.txt,262144,4,262144,34359869440,-1,-1,-1
== [2] fermi_16_5 ==
PREPCSV,/mnt/beegfs/ysu34/hamlib/dia_e2e/fermi_16_5.txt,65536,29,spmv,didx,4.419,0.424,0.005960,813
PREPCSV,/mnt/beegfs/ysu34/hamlib/dia_e2e/fermi_16_5.txt,65536,29,spmv,didx_sym,2.144,0.696,0.006062,469
PREPCSV,/mnt/beegfs/ysu34/hamlib/dia_e2e/fermi_16_5.txt,65536,29,spmv,gopt,5.654,0.666,0.010056,628
PREPCSV,/mnt/beegfs/ysu34/hamlib/dia_e2e/fermi_16_5.txt,65536,29,spmv,cusparse_csr,10.112,0.954,0.020337,544
PREPCSV,/mnt/beegfs/ysu34/hamlib/dia_e2e/fermi_16_5.txt,65536,29,spmspm,ours_flat,0.590,0.227,0.186573,4
PREPCSV,/mnt/beegfs/ysu34/hamlib/dia_e2e/fermi_16_5.txt,65536,29,spmspm,hm_atomic,9.214,1.424,0.326656,33
PREPCSV,/mnt/beegfs/ysu34/hamlib/dia_e2e/fermi_16_5.txt,65536,29,spmspm,ours_sym,0.173,2.022,-1.000000,-1
PREPCSV,/mnt/beegfs/ysu34/hamlib/dia_e2e/fermi_16_5.txt,65536,29,spmspm,ours_sym,0.173,2.022,0.094167,23
SPMSPMCSV,/mnt/beegfs/ysu34/hamlib/dia_e2e/fermi_16_5.txt,65536,29,353,21513010,ours_flat,0.186614,0.000e+00
SPMSPMCSV,/mnt/beegfs/ysu34/hamlib/dia_e2e/fermi_16_5.txt,65536,29,353,21513010,ours_sym,0.094044,0.000e+00
SPMSPMCSV,/mnt/beegfs/ysu34/hamlib/dia_e2e/fermi_16_5.txt,65536,29,353,21513010,hm_atomic,0.326707,0.000e+00
SPMSPMCSV,/mnt/beegfs/ysu34/hamlib/dia_e2e/fermi_16_5.txt,65536,29,353,21513010,diaq_fp32,6.526361,0.000e+00
SPMSPMCSV,/mnt/beegfs/ysu34/hamlib/dia_e2e/fermi_16_5.txt,65536,29,353,21513010,cusparse_spgemm,4.338412,-1.000e+00
CSRNNZ,/mnt/beegfs/ysu34/hamlib/dia_e2e/fermi_16_5.txt,1835266,503876,0.2746
PREPCSV,/mnt/beegfs/ysu34/hamlib/dia_e2e/fermi_16_5.txt,65536,29,spmv,cusparse_csr,9.277,183.087,0.020234,-1
SPMVCSV,/mnt/beegfs/ysu34/hamlib/dia_e2e/fermi_16_5.txt,65536,29,1835266,503876,ours_didx_nv1,0.006042,5.450e-08
SPMVCSV,/mnt/beegfs/ysu34/hamlib/dia_e2e/fermi_16_5.txt,65536,29,1835266,503876,ours_didx_nv2,0.006533,5.450e-08
SPMVCSV,/mnt/beegfs/ysu34/hamlib/dia_e2e/fermi_16_5.txt,65536,29,1835266,503876,ours_gather_nv1,0.007127,5.450e-08
SPMVCSV,/mnt/beegfs/ysu34/hamlib/dia_e2e/fermi_16_5.txt,65536,29,1835266,503876,ours_gather_nv2,0.008356,5.450e-08
SPMVCSV,/mnt/beegfs/ysu34/hamlib/dia_e2e/fermi_16_5.txt,65536,29,1835266,503876,ours_gopt_nv1,0.010076,5.600e-08
SPMVCSV,/mnt/beegfs/ysu34/hamlib/dia_e2e/fermi_16_5.txt,65536,29,1835266,503876,ours_gopt_nv2,0.012534,5.614e-08
# gopt plan: 143 segs, reads 71.3% of stored band
SPMVCSV,/mnt/beegfs/ysu34/hamlib/dia_e2e/fermi_16_5.txt,65536,29,1835266,503876,ours_gopt_s_nv1,0.011121,5.600e-08
# auto pick=didx (D=29 fill=0.27 rho=0.71)
SPMVCSV,/mnt/beegfs/ysu34/hamlib/dia_e2e/fermi_16_5.txt,65536,29,1835266,503876,ours_auto_nv1,0.006042,5.450e-08
SPMVCSV,/mnt/beegfs/ysu34/hamlib/dia_e2e/fermi_16_5.txt,65536,29,1835266,503876,ours_auto_nv2,0.006554,5.450e-08
SPMVCSV,/mnt/beegfs/ysu34/hamlib/dia_e2e/fermi_16_5.txt,65536,29,1835266,503876,csr_zskip_nv1,0.006513,5.450e-08
SPMVCSV,/mnt/beegfs/ysu34/hamlib/dia_e2e/fermi_16_5.txt,65536,29,1835266,503876,row_dense_nv1,0.007086,5.450e-08
SPMVCSV,/mnt/beegfs/ysu34/hamlib/dia_e2e/fermi_16_5.txt,65536,29,1835266,503876,cusparse_csr,0.020705,5.324e-08
SPMVCSV,/mnt/beegfs/ysu34/hamlib/dia_e2e/fermi_16_5.txt,65536,29,1835266,503876,diaq_fp64,0.025272,0.000e+00
SPMVCSV,/mnt/beegfs/ysu34/hamlib/dia_e2e/fermi_16_5.txt,65536,29,1835266,503876,diaq_fp32,0.014438,5.504e-08
E2EEVCSV,/mnt/beegfs/ysu34/hamlib/dia_e2e/fermi_16_5.txt,65536,29,1000,5,didx,10.462,11.000,51.578,224.844,4.359,2.193e-07
E2EEVDIAQCSV,/mnt/beegfs/ysu34/hamlib/dia_e2e/fermi_16_5.txt,65536,29,1000,5,0.734,91.319,1.770,8.135e-08
E2EOPCSV,/mnt/beegfs/ysu34/hamlib/dia_e2e/fermi_16_5.txt,65536,29,2,353,21513010,0.431,0.187,-1
E2EOPCSV,/mnt/beegfs/ysu34/hamlib/dia_e2e/fermi_16_5.txt,65536,29,3,2377,138741682,18.035,2.479,-1
E2EOPBUILDCSV,/mnt/beegfs/ysu34/hamlib/dia_e2e/fermi_16_5.txt,65536,5,27547,1419565488,5577.519,5895.642,1.057
E2EOPBUILDCSV,/mnt/beegfs/ysu34/hamlib/dia_e2e/fermi_16_5.txt,65536,5,13774,709815512,247.412,-1,-1
== [2] fermi_18_5 ==
PREPCSV,/mnt/beegfs/ysu34/hamlib/dia_e2e/fermi_18_5.txt,262144,33,spmv,didx,17.235,1.307,0.012104,1532
PREPCSV,/mnt/beegfs/ysu34/hamlib/dia_e2e/fermi_18_5.txt,262144,33,spmv,didx_sym,9.573,3.132,0.011919,1066
PREPCSV,/mnt/beegfs/ysu34/hamlib/dia_e2e/fermi_18_5.txt,262144,33,spmv,gopt,21.129,2.128,0.013537,1718
PREPCSV,/mnt/beegfs/ysu34/hamlib/dia_e2e/fermi_18_5.txt,262144,33,spmv,cusparse_csr,44.628,2.401,0.035840,1312
PREPCSV,/mnt/beegfs/ysu34/hamlib/dia_e2e/fermi_18_5.txt,262144,33,spmspm,ours_flat,1.752,0.482,1.194394,2
PREPCSV,/mnt/beegfs/ysu34/hamlib/dia_e2e/fermi_18_5.txt,262144,33,spmspm,hm_atomic,49.924,3.760,2.510234,21
PREPCSV,/mnt/beegfs/ysu34/hamlib/dia_e2e/fermi_18_5.txt,262144,33,spmspm,ours_sym,0.745,3.144,-1.000000,-1
PREPCSV,/mnt/beegfs/ysu34/hamlib/dia_e2e/fermi_18_5.txt,262144,33,spmspm,ours_sym,0.745,3.144,0.558141,7
SPMSPMCSV,/mnt/beegfs/ysu34/hamlib/dia_e2e/fermi_18_5.txt,262144,33,465,114362994,ours_flat,1.193810,0.000e+00
SPMSPMCSV,/mnt/beegfs/ysu34/hamlib/dia_e2e/fermi_18_5.txt,262144,33,465,114362994,ours_sym,0.557732,0.000e+00
SPMSPMCSV,/mnt/beegfs/ysu34/hamlib/dia_e2e/fermi_18_5.txt,262144,33,465,114362994,hm_atomic,2.510459,0.000e+00
SPMSPMCSV,/mnt/beegfs/ysu34/hamlib/dia_e2e/fermi_18_5.txt,262144,33,465,114362994,diaq_fp32,34.675701,0.000e+00
SPMSPMCSV,/mnt/beegfs/ysu34/hamlib/dia_e2e/fermi_18_5.txt,262144,33,465,114362994,cusparse_spgemm,5.805993,-1.000e+00
CSRNNZ,/mnt/beegfs/ysu34/hamlib/dia_e2e/fermi_18_5.txt,8389122,2359296,0.2812
PREPCSV,/mnt/beegfs/ysu34/hamlib/dia_e2e/fermi_18_5.txt,262144,33,spmv,cusparse_csr,40.837,177.961,0.035615,-1
SPMVCSV,/mnt/beegfs/ysu34/hamlib/dia_e2e/fermi_18_5.txt,262144,33,8389122,2359296,ours_didx_nv1,0.012165,5.902e-08
SPMVCSV,/mnt/beegfs/ysu34/hamlib/dia_e2e/fermi_18_5.txt,262144,33,8389122,2359296,ours_didx_nv2,0.013926,5.922e-08
SPMVCSV,/mnt/beegfs/ysu34/hamlib/dia_e2e/fermi_18_5.txt,262144,33,8389122,2359296,ours_gather_nv1,0.032420,5.902e-08
SPMVCSV,/mnt/beegfs/ysu34/hamlib/dia_e2e/fermi_18_5.txt,262144,33,8389122,2359296,ours_gather_nv2,0.081715,5.922e-08
SPMVCSV,/mnt/beegfs/ysu34/hamlib/dia_e2e/fermi_18_5.txt,262144,33,8389122,2359296,ours_gopt_nv1,0.013558,5.983e-08
SPMVCSV,/mnt/beegfs/ysu34/hamlib/dia_e2e/fermi_18_5.txt,262144,33,8389122,2359296,ours_gopt_nv2,0.018780,5.983e-08
# gopt plan: 527 segs, reads 65.6% of stored band
SPMVCSV,/mnt/beegfs/ysu34/hamlib/dia_e2e/fermi_18_5.txt,262144,33,8389122,2359296,ours_gopt_s_nv1,0.013373,5.983e-08
# auto pick=didx (D=33 fill=0.28 rho=0.66)
SPMVCSV,/mnt/beegfs/ysu34/hamlib/dia_e2e/fermi_18_5.txt,262144,33,8389122,2359296,ours_auto_nv1,0.012124,5.902e-08
SPMVCSV,/mnt/beegfs/ysu34/hamlib/dia_e2e/fermi_18_5.txt,262144,33,8389122,2359296,ours_auto_nv2,0.013844,5.922e-08
SPMVCSV,/mnt/beegfs/ysu34/hamlib/dia_e2e/fermi_18_5.txt,262144,33,8389122,2359296,csr_zskip_nv1,0.014275,5.902e-08
SPMVCSV,/mnt/beegfs/ysu34/hamlib/dia_e2e/fermi_18_5.txt,262144,33,8389122,2359296,row_dense_nv1,0.026276,5.902e-08
SPMVCSV,/mnt/beegfs/ysu34/hamlib/dia_e2e/fermi_18_5.txt,262144,33,8389122,2359296,cusparse_csr,0.035901,5.727e-08
SPMVCSV,/mnt/beegfs/ysu34/hamlib/dia_e2e/fermi_18_5.txt,262144,33,8389122,2359296,diaq_fp64,0.109015,0.000e+00
SPMVCSV,/mnt/beegfs/ysu34/hamlib/dia_e2e/fermi_18_5.txt,262144,33,8389122,2359296,diaq_fp32,0.065679,6.228e-08
E2EEVCSV,/mnt/beegfs/ysu34/hamlib/dia_e2e/fermi_18_5.txt,262144,33,1000,5,didx,39.792,44.598,94.570,422.156,4.464,1.772e-07
E2EEVDIAQCSV,/mnt/beegfs/ysu34/hamlib/dia_e2e/fermi_18_5.txt,262144,33,1000,5,2.768,364.557,3.855,1.509e-07
E2EOPCSV,/mnt/beegfs/ysu34/hamlib/dia_e2e/fermi_18_5.txt,262144,33,2,465,114362994,1.186,1.194,-1
E2EOPCSV,/mnt/beegfs/ysu34/hamlib/dia_e2e/fermi_18_5.txt,262144,33,3,3689,873993202,35.203,17.998,-1
# opbuild wall: Unnz=13140458992 (int32 index limit)
E2EOPBUILDCSV,/mnt/beegfs/ysu34/hamlib/dia_e2e/fermi_18_5.txt,262144,5,61463,13140458992,-1,-1,-1
# opbuild(sym) wall: Unnz=6570360568 (int32 index limit)
E2EOPBUILDCSV,/mnt/beegfs/ysu34/hamlib/dia_e2e/fermi_18_5.txt,262144,5,30732,6570360568,-1,-1,-1
== [2] fermi_20_5 ==
PREPCSV,/mnt/beegfs/ysu34/hamlib/dia_e2e/fermi_20_5.txt,1048576,37,spmv,didx,119.458,4.788,0.056361,2204
PREPCSV,/mnt/beegfs/ysu34/hamlib/dia_e2e/fermi_20_5.txt,1048576,37,spmv,didx_sym,45.283,11.611,0.053166,1070
PREPCSV,/mnt/beegfs/ysu34/hamlib/dia_e2e/fermi_20_5.txt,1048576,37,spmv,gopt,102.565,7.111,0.078193,1403
PREPCSV,/mnt/beegfs/ysu34/hamlib/dia_e2e/fermi_20_5.txt,1048576,37,spmv,cusparse_csr,200.326,7.573,0.087675,2371
PREPCSV,/mnt/beegfs/ysu34/hamlib/dia_e2e/fermi_20_5.txt,1048576,37,spmspm,ours_flat,7.507,0.865,6.220206,1
PREPCSV,/mnt/beegfs/ysu34/hamlib/dia_e2e/fermi_20_5.txt,1048576,37,spmspm,hm_atomic,250.653,12.634,12.752015,21
PREPCSV,/mnt/beegfs/ysu34/hamlib/dia_e2e/fermi_20_5.txt,1048576,37,spmspm,ours_sym,3.678,4.490,-1.000000,-1
PREPCSV,/mnt/beegfs/ysu34/hamlib/dia_e2e/fermi_20_5.txt,1048576,37,spmspm,ours_sym,3.678,4.490,3.130347,3
SPMSPMCSV,/mnt/beegfs/ysu34/hamlib/dia_e2e/fermi_20_5.txt,1048576,37,593,587472114,ours_flat,6.222991,0.000e+00
SPMSPMCSV,/mnt/beegfs/ysu34/hamlib/dia_e2e/fermi_20_5.txt,1048576,37,593,587472114,ours_sym,3.128207,0.000e+00
SPMSPMCSV,/mnt/beegfs/ysu34/hamlib/dia_e2e/fermi_20_5.txt,1048576,37,593,587472114,hm_atomic,12.781987,0.000e+00
SPMSPMCSV,/mnt/beegfs/ysu34/hamlib/dia_e2e/fermi_20_5.txt,1048576,37,593,587472114,diaq_fp32,193.567245,0.000e+00
SPMSPMCSV,/mnt/beegfs/ysu34/hamlib/dia_e2e/fermi_20_5.txt,1048576,37,593,587472114,cusparse_spgemm,11.472845,-1.000e+00
CSRNNZ,/mnt/beegfs/ysu34/hamlib/dia_e2e/fermi_20_5.txt,37749762,10485760,0.2778
PREPCSV,/mnt/beegfs/ysu34/hamlib/dia_e2e/fermi_20_5.txt,1048576,37,spmv,cusparse_csr,181.567,192.293,0.087491,-1
SPMVCSV,/mnt/beegfs/ysu34/hamlib/dia_e2e/fermi_20_5.txt,1048576,37,37749762,10485760,ours_didx_nv1,0.056545,6.230e-08
SPMVCSV,/mnt/beegfs/ysu34/hamlib/dia_e2e/fermi_20_5.txt,1048576,37,37749762,10485760,ours_didx_nv2,0.064532,6.230e-08
SPMVCSV,/mnt/beegfs/ysu34/hamlib/dia_e2e/fermi_20_5.txt,1048576,37,37749762,10485760,ours_gather_nv1,0.119050,6.230e-08
SPMVCSV,/mnt/beegfs/ysu34/hamlib/dia_e2e/fermi_20_5.txt,1048576,37,37749762,10485760,ours_gather_nv2,0.207135,6.230e-08
SPMVCSV,/mnt/beegfs/ysu34/hamlib/dia_e2e/fermi_20_5.txt,1048576,37,37749762,10485760,ours_gopt_nv1,0.078111,6.235e-08
SPMVCSV,/mnt/beegfs/ysu34/hamlib/dia_e2e/fermi_20_5.txt,1048576,37,37749762,10485760,ours_gopt_nv2,0.088166,6.235e-08
# gopt plan: 1041 segs, reads 65.3% of stored band
SPMVCSV,/mnt/beegfs/ysu34/hamlib/dia_e2e/fermi_20_5.txt,1048576,37,37749762,10485760,ours_gopt_s_nv1,0.083210,6.235e-08
# auto pick=didx (D=37 fill=0.28 rho=0.65)
SPMVCSV,/mnt/beegfs/ysu34/hamlib/dia_e2e/fermi_20_5.txt,1048576,37,37749762,10485760,ours_auto_nv1,0.056177,6.230e-08
SPMVCSV,/mnt/beegfs/ysu34/hamlib/dia_e2e/fermi_20_5.txt,1048576,37,37749762,10485760,ours_auto_nv2,0.064492,6.230e-08
SPMVCSV,/mnt/beegfs/ysu34/hamlib/dia_e2e/fermi_20_5.txt,1048576,37,37749762,10485760,csr_zskip_nv1,0.078909,6.230e-08
SPMVCSV,/mnt/beegfs/ysu34/hamlib/dia_e2e/fermi_20_5.txt,1048576,37,37749762,10485760,row_dense_nv1,0.111268,6.230e-08
SPMVCSV,/mnt/beegfs/ysu34/hamlib/dia_e2e/fermi_20_5.txt,1048576,37,37749762,10485760,cusparse_csr,0.087450,5.900e-08
SPMVCSV,/mnt/beegfs/ysu34/hamlib/dia_e2e/fermi_20_5.txt,1048576,37,37749762,10485760,diaq_fp64,0.433295,0.000e+00
SPMVCSV,/mnt/beegfs/ysu34/hamlib/dia_e2e/fermi_20_5.txt,1048576,37,37749762,10485760,diaq_fp32,0.229786,6.502e-08
E2EEVCSV,/mnt/beegfs/ysu34/hamlib/dia_e2e/fermi_20_5.txt,1048576,37,1000,5,didx,239.674,192.163,420.012,1026.806,2.445,1.858e-07
E2EEVDIAQCSV,/mnt/beegfs/ysu34/hamlib/dia_e2e/fermi_20_5.txt,1048576,37,1000,5,10.503,1255.980,2.990,1.550e-07
E2EOPCSV,/mnt/beegfs/ysu34/hamlib/dia_e2e/fermi_20_5.txt,1048576,37,2,593,587472114,5.865,6.224,-1
E2EOPCSV,/mnt/beegfs/ysu34/hamlib/dia_e2e/fermi_20_5.txt,1048576,37,3,5433,5208293746,103.553,121.374,-1
# opbuild wall: Unnz=110337036656 (int32 index limit)
E2EOPBUILDCSV,/mnt/beegfs/ysu34/hamlib/dia_e2e/fermi_20_5.txt,1048576,5,125523,110337036656,-1,-1,-1
# opbuild(sym) wall: Unnz=55169042616 (int32 index limit)
E2EOPBUILDCSV,/mnt/beegfs/ysu34/hamlib/dia_e2e/fermi_20_5.txt,1048576,5,62762,55169042616,-1,-1,-1
== [2] fermiFH_18_4 ==
PREPCSV,/mnt/beegfs/ysu34/hamlib/dia_e2e/fermiFH_18_4.txt,262144,64,spmv,didx,30.305,1.247,0.011776,2679
PREPCSV,/mnt/beegfs/ysu34/hamlib/dia_e2e/fermiFH_18_4.txt,262144,64,spmv,didx_sym,16.696,4.983,0.011653,1860
PREPCSV,/mnt/beegfs/ysu34/hamlib/dia_e2e/fermiFH_18_4.txt,262144,64,spmv,gopt,37.763,2.834,0.034222,1186
PREPCSV,/mnt/beegfs/ysu34/hamlib/dia_e2e/fermiFH_18_4.txt,262144,64,spmv,cusparse_csr,52.419,2.180,0.034673,1575
PREPCSV,/mnt/beegfs/ysu34/hamlib/dia_e2e/fermiFH_18_4.txt,262144,64,spmspm,ours_flat,5.570,0.692,4.394291,1
PREPCSV,/mnt/beegfs/ysu34/hamlib/dia_e2e/fermiFH_18_4.txt,262144,64,spmspm,hm_atomic,151.095,6.167,9.160561,17
PREPCSV,/mnt/beegfs/ysu34/hamlib/dia_e2e/fermiFH_18_4.txt,262144,64,spmspm,ours_sym,1.882,4.091,-1.000000,-1
PREPCSV,/mnt/beegfs/ysu34/hamlib/dia_e2e/fermiFH_18_4.txt,262144,64,spmspm,ours_sym,1.882,4.091,2.086380,3
SPMSPMCSV,/mnt/beegfs/ysu34/hamlib/dia_e2e/fermiFH_18_4.txt,262144,64,1549,366904380,ours_flat,4.393503,0.000e+00
SPMSPMCSV,/mnt/beegfs/ysu34/hamlib/dia_e2e/fermiFH_18_4.txt,262144,64,1549,366904380,ours_sym,2.085519,0.000e+00
SPMSPMCSV,/mnt/beegfs/ysu34/hamlib/dia_e2e/fermiFH_18_4.txt,262144,64,1549,366904380,hm_atomic,9.161492,0.000e+00
SPMSPMCSV,/mnt/beegfs/ysu34/hamlib/dia_e2e/fermiFH_18_4.txt,262144,64,1549,366904380,diaq_fp32,76.155472,0.000e+00
SPMSPMCSV,/mnt/beegfs/ysu34/hamlib/dia_e2e/fermiFH_18_4.txt,262144,64,1549,366904380,cusparse_spgemm,5.699229,-1.000e+00
CSRNNZ,/mnt/beegfs/ysu34/hamlib/dia_e2e/fermiFH_18_4.txt,16071004,2097152,0.1305
PREPCSV,/mnt/beegfs/ysu34/hamlib/dia_e2e/fermiFH_18_4.txt,262144,64,spmv,cusparse_csr,51.559,181.009,0.034673,-1
SPMVCSV,/mnt/beegfs/ysu34/hamlib/dia_e2e/fermiFH_18_4.txt,262144,64,16071004,2097152,ours_didx_nv1,0.011796,5.605e-08
SPMVCSV,/mnt/beegfs/ysu34/hamlib/dia_e2e/fermiFH_18_4.txt,262144,64,16071004,2097152,ours_didx_nv2,0.013537,5.629e-08
SPMVCSV,/mnt/beegfs/ysu34/hamlib/dia_e2e/fermiFH_18_4.txt,262144,64,16071004,2097152,ours_gather_nv1,0.060006,5.605e-08
SPMVCSV,/mnt/beegfs/ysu34/hamlib/dia_e2e/fermiFH_18_4.txt,262144,64,16071004,2097152,ours_gather_nv2,0.151695,5.629e-08
SPMVCSV,/mnt/beegfs/ysu34/hamlib/dia_e2e/fermiFH_18_4.txt,262144,64,16071004,2097152,ours_gopt_nv1,0.034202,5.606e-08
SPMVCSV,/mnt/beegfs/ysu34/hamlib/dia_e2e/fermiFH_18_4.txt,262144,64,16071004,2097152,ours_gopt_nv2,0.039752,5.645e-08
# gopt plan: 1286 segs, reads 52.6% of stored band
SPMVCSV,/mnt/beegfs/ysu34/hamlib/dia_e2e/fermiFH_18_4.txt,262144,64,16071004,2097152,ours_gopt_s_nv1,0.040919,5.606e-08
# auto pick=didx (D=64 fill=0.13 rho=0.53)
SPMVCSV,/mnt/beegfs/ysu34/hamlib/dia_e2e/fermiFH_18_4.txt,262144,64,16071004,2097152,ours_auto_nv1,0.011735,5.605e-08
SPMVCSV,/mnt/beegfs/ysu34/hamlib/dia_e2e/fermiFH_18_4.txt,262144,64,16071004,2097152,ours_auto_nv2,0.013517,5.629e-08
SPMVCSV,/mnt/beegfs/ysu34/hamlib/dia_e2e/fermiFH_18_4.txt,262144,64,16071004,2097152,csr_zskip_nv1,0.013701,5.605e-08
SPMVCSV,/mnt/beegfs/ysu34/hamlib/dia_e2e/fermiFH_18_4.txt,262144,64,16071004,2097152,row_dense_nv1,0.052183,5.605e-08
SPMVCSV,/mnt/beegfs/ysu34/hamlib/dia_e2e/fermiFH_18_4.txt,262144,64,16071004,2097152,cusparse_csr,0.034796,5.054e-08
SPMVCSV,/mnt/beegfs/ysu34/hamlib/dia_e2e/fermiFH_18_4.txt,262144,64,16071004,2097152,diaq_fp64,0.195953,0.000e+00
SPMVCSV,/mnt/beegfs/ysu34/hamlib/dia_e2e/fermiFH_18_4.txt,262144,64,16071004,2097152,diaq_fp32,0.120340,5.616e-08
E2EEVCSV,/mnt/beegfs/ysu34/hamlib/dia_e2e/fermiFH_18_4.txt,262144,64,1000,4,didx,71.475,54.714,75.227,336.239,4.470,1.427e-07
E2EEVDIAQCSV,/mnt/beegfs/ysu34/hamlib/dia_e2e/fermiFH_18_4.txt,262144,64,1000,4,4.662,521.618,6.934,0.000e+00
E2EOPCSV,/mnt/beegfs/ysu34/hamlib/dia_e2e/fermiFH_18_4.txt,262144,64,2,1549,366904380,4.690,4.394,-1
E2EOPCSV,/mnt/beegfs/ysu34/hamlib/dia_e2e/fermiFH_18_4.txt,262144,64,3,17353,3771787488,463.042,113.675,-1
# opbuild wall: Unnz=18912431872 (int32 index limit)
E2EOPBUILDCSV,/mnt/beegfs/ysu34/hamlib/dia_e2e/fermiFH_18_4.txt,262144,4,98163,18912431872,-1,-1,-1
# opbuild(sym) wall: Unnz=9456347008 (int32 index limit)
E2EOPBUILDCSV,/mnt/beegfs/ysu34/hamlib/dia_e2e/fermiFH_18_4.txt,262144,4,49082,9456347008,-1,-1,-1
== [2] H8c_16_4 ==
PREPCSV,/mnt/beegfs/ysu34/hamlib/dia_e2e/H8c_16_4.txt,65536,8887,spmv,didx,646.337,5.339,0.624599,1043
# didx_sym skipped: non-symmetric or Dup>128
PREPCSV,/mnt/beegfs/ysu34/hamlib/dia_e2e/H8c_16_4.txt,65536,8887,spmv,gopt,784.798,38.384,1.679135,490
PREPCSV,/mnt/beegfs/ysu34/hamlib/dia_e2e/H8c_16_4.txt,65536,8887,spmv,cusparse_csr,1552.864,7.226,0.091484,17053
PREPCSV,/mnt/beegfs/ysu34/hamlib/dia_e2e/H8c_16_4.txt,65536,8887,spmspm,ours_flat,12014.649,158.592,13119.968750,1
# hm_atomic skipped: C nnz 2147483648 exceeds HM int32 layout
PREPCSV,/mnt/beegfs/ysu34/hamlib/dia_e2e/H8c_16_4.txt,65536,8887,spmspm,ours_sym,1168.011,81.555,-1.000000,-1
PREPCSV,/mnt/beegfs/ysu34/hamlib/dia_e2e/H8c_16_4.txt,65536,8887,spmspm,ours_sym,1168.011,81.555,6685.060547,0
SPMSPMCSV,/mnt/beegfs/ysu34/hamlib/dia_e2e/H8c_16_4.txt,65536,8887,65535,2147483648,ours_flat,13117.518555,0.000e+00
SPMSPMCSV,/mnt/beegfs/ysu34/hamlib/dia_e2e/H8c_16_4.txt,65536,8887,65535,2147483648,ours_sym,6685.094238,6.104e-05
# hm_atomic skipped: C nnz 2147483648 exceeds HM int32 layout
CSRNNZ,/mnt/beegfs/ysu34/hamlib/dia_e2e/H8c_16_4.txt,398453764,10694387,0.0268
PREPCSV,/mnt/beegfs/ysu34/hamlib/dia_e2e/H8c_16_4.txt,65536,8887,spmv,cusparse_csr,1559.675,208.722,0.092406,-1
SPMVCSV,/mnt/beegfs/ysu34/hamlib/dia_e2e/H8c_16_4.txt,65536,8887,398453764,10694387,ours_didx_nv1,0.623616,2.068e-07
SPMVCSV,/mnt/beegfs/ysu34/hamlib/dia_e2e/H8c_16_4.txt,65536,8887,398453764,10694387,ours_didx_nv2,0.832471,2.068e-07
SPMVCSV,/mnt/beegfs/ysu34/hamlib/dia_e2e/H8c_16_4.txt,65536,8887,398453764,10694387,ours_gather_nv1,1.417564,2.068e-07
SPMVCSV,/mnt/beegfs/ysu34/hamlib/dia_e2e/H8c_16_4.txt,65536,8887,398453764,10694387,ours_gather_nv2,1.696420,2.068e-07
SPMVCSV,/mnt/beegfs/ysu34/hamlib/dia_e2e/H8c_16_4.txt,65536,8887,398453764,10694387,ours_gopt_nv1,1.679155,2.422e-07
SPMVCSV,/mnt/beegfs/ysu34/hamlib/dia_e2e/H8c_16_4.txt,65536,8887,398453764,10694387,ours_gopt_nv2,2.049638,2.422e-07
# gopt plan: 50891 segs, reads 34.8% of stored band
SPMVCSV,/mnt/beegfs/ysu34/hamlib/dia_e2e/H8c_16_4.txt,65536,8887,398453764,10694387,ours_gopt_s_nv1,2.145813,2.422e-07
# auto pick=gopt (D=8887 fill=0.03 rho=0.35)
SPMVCSV,/mnt/beegfs/ysu34/hamlib/dia_e2e/H8c_16_4.txt,65536,8887,398453764,10694387,ours_auto_nv1,1.679176,2.422e-07
SPMVCSV,/mnt/beegfs/ysu34/hamlib/dia_e2e/H8c_16_4.txt,65536,8887,398453764,10694387,ours_auto_nv2,2.050273,2.422e-07
SPMVCSV,/mnt/beegfs/ysu34/hamlib/dia_e2e/H8c_16_4.txt,65536,8887,398453764,10694387,csr_zskip_nv1,0.145428,2.068e-07
SPMVCSV,/mnt/beegfs/ysu34/hamlib/dia_e2e/H8c_16_4.txt,65536,8887,398453764,10694387,row_dense_nv1,1.684746,2.068e-07
SPMVCSV,/mnt/beegfs/ysu34/hamlib/dia_e2e/H8c_16_4.txt,65536,8887,398453764,10694387,cusparse_csr,0.091566,7.568e-08
SPMVCSV,/mnt/beegfs/ysu34/hamlib/dia_e2e/H8c_16_4.txt,65536,8887,398453764,10694387,diaq_fp64,6.033961,0.000e+00
SPMVCSV,/mnt/beegfs/ysu34/hamlib/dia_e2e/H8c_16_4.txt,65536,8887,398453764,10694387,diaq_fp32,5.207224,2.076e-07
E2EEVCSV,/mnt/beegfs/ysu34/hamlib/dia_e2e/H8c_16_4.txt,65536,8887,1000,4,gopt,859.355,1584.487,8248.309,749.044,0.091,2.062e-07
E2EEVDIAQCSV,/mnt/beegfs/ysu34/hamlib/dia_e2e/H8c_16_4.txt,65536,8887,1000,4,108.545,20859.703,2.529,1.858e-07
E2EOPCSV,/mnt/beegfs/ysu34/hamlib/dia_e2e/H8c_16_4.txt,65536,8887,2,65535,2147483648,11158.366,13116.732,-1
E2EOPCSV,/mnt/beegfs/ysu34/hamlib/dia_e2e/H8c_16_4.txt,65536,8887,3,65535,2147483648,69224.478,73355.922,-1
# opbuild wall: Unnz=2147483648 (int32 index limit)
E2EOPBUILDCSV,/mnt/beegfs/ysu34/hamlib/dia_e2e/H8c_16_4.txt,65536,4,65535,2147483648,-1,-1,-1
E2EOPBUILDCSV,/mnt/beegfs/ysu34/hamlib/dia_e2e/H8c_16_4.txt,65536,4,32768,1073774592,96376.773,-1,-1
== [2] heis_16_5 ==
PREPCSV,/mnt/beegfs/ysu34/hamlib/dia_e2e/heis_16_5.txt,65536,31,spmv,didx,4.631,0.457,0.006226,817
PREPCSV,/mnt/beegfs/ysu34/hamlib/dia_e2e/heis_16_5.txt,65536,31,spmv,didx_sym,2.113,0.719,0.006267,452
PREPCSV,/mnt/beegfs/ysu34/hamlib/dia_e2e/heis_16_5.txt,65536,31,spmv,gopt,5.954,0.717,0.010772,619
PREPCSV,/mnt/beegfs/ysu34/hamlib/dia_e2e/heis_16_5.txt,65536,31,spmv,cusparse_csr,10.706,0.980,0.021238,550
PREPCSV,/mnt/beegfs/ysu34/hamlib/dia_e2e/heis_16_5.txt,65536,31,spmspm,ours_flat,0.588,0.234,0.212910,4
PREPCSV,/mnt/beegfs/ysu34/hamlib/dia_e2e/heis_16_5.txt,65536,31,spmspm,hm_atomic,10.807,1.614,0.378511,33
PREPCSV,/mnt/beegfs/ysu34/hamlib/dia_e2e/heis_16_5.txt,65536,31,spmspm,ours_sym,0.184,2.148,-1.000000,-1
PREPCSV,/mnt/beegfs/ysu34/hamlib/dia_e2e/heis_16_5.txt,65536,31,spmspm,ours_sym,0.184,2.148,0.106619,22
SPMSPMCSV,/mnt/beegfs/ysu34/hamlib/dia_e2e/heis_16_5.txt,65536,31,399,24395762,ours_flat,0.212818,0.000e+00
SPMSPMCSV,/mnt/beegfs/ysu34/hamlib/dia_e2e/heis_16_5.txt,65536,31,399,24395762,ours_sym,0.106506,0.000e+00
SPMSPMCSV,/mnt/beegfs/ysu34/hamlib/dia_e2e/heis_16_5.txt,65536,31,399,24395762,hm_atomic,0.380928,0.000e+00
SPMSPMCSV,/mnt/beegfs/ysu34/hamlib/dia_e2e/heis_16_5.txt,65536,31,399,24395762,diaq_fp32,6.794333,0.000e+00
SPMSPMCSV,/mnt/beegfs/ysu34/hamlib/dia_e2e/heis_16_5.txt,65536,31,399,24395762,cusparse_spgemm,4.355568,-1.000e+00
CSRNNZ,/mnt/beegfs/ysu34/hamlib/dia_e2e/heis_16_5.txt,1966082,557056,0.2833
PREPCSV,/mnt/beegfs/ysu34/hamlib/dia_e2e/heis_16_5.txt,65536,31,spmv,cusparse_csr,11.193,177.030,0.021094,-1
SPMVCSV,/mnt/beegfs/ysu34/hamlib/dia_e2e/heis_16_5.txt,65536,31,1966082,557056,ours_didx_nv1,0.006001,5.752e-08
SPMVCSV,/mnt/beegfs/ysu34/hamlib/dia_e2e/heis_16_5.txt,65536,31,1966082,557056,ours_didx_nv2,0.006554,5.753e-08
SPMVCSV,/mnt/beegfs/ysu34/hamlib/dia_e2e/heis_16_5.txt,65536,31,1966082,557056,ours_gather_nv1,0.007455,5.752e-08
SPMVCSV,/mnt/beegfs/ysu34/hamlib/dia_e2e/heis_16_5.txt,65536,31,1966082,557056,ours_gather_nv2,0.008622,5.753e-08
SPMVCSV,/mnt/beegfs/ysu34/hamlib/dia_e2e/heis_16_5.txt,65536,31,1966082,557056,ours_gopt_nv1,0.010650,5.880e-08
SPMVCSV,/mnt/beegfs/ysu34/hamlib/dia_e2e/heis_16_5.txt,65536,31,1966082,557056,ours_gopt_nv2,0.013210,5.910e-08
# gopt plan: 145 segs, reads 73.2% of stored band
SPMVCSV,/mnt/beegfs/ysu34/hamlib/dia_e2e/heis_16_5.txt,65536,31,1966082,557056,ours_gopt_s_nv1,0.011776,5.880e-08
# auto pick=didx (D=31 fill=0.28 rho=0.73)
SPMVCSV,/mnt/beegfs/ysu34/hamlib/dia_e2e/heis_16_5.txt,65536,31,1966082,557056,ours_auto_nv1,0.005980,5.752e-08
SPMVCSV,/mnt/beegfs/ysu34/hamlib/dia_e2e/heis_16_5.txt,65536,31,1966082,557056,ours_auto_nv2,0.006533,5.753e-08
SPMVCSV,/mnt/beegfs/ysu34/hamlib/dia_e2e/heis_16_5.txt,65536,31,1966082,557056,csr_zskip_nv1,0.006656,5.752e-08
SPMVCSV,/mnt/beegfs/ysu34/hamlib/dia_e2e/heis_16_5.txt,65536,31,1966082,557056,row_dense_nv1,0.007455,5.752e-08
SPMVCSV,/mnt/beegfs/ysu34/hamlib/dia_e2e/heis_16_5.txt,65536,31,1966082,557056,cusparse_csr,0.020562,5.736e-08
SPMVCSV,/mnt/beegfs/ysu34/hamlib/dia_e2e/heis_16_5.txt,65536,31,1966082,557056,diaq_fp64,0.028836,0.000e+00
SPMVCSV,/mnt/beegfs/ysu34/hamlib/dia_e2e/heis_16_5.txt,65536,31,1966082,557056,diaq_fp32,0.015135,6.107e-08
E2EEVCSV,/mnt/beegfs/ysu34/hamlib/dia_e2e/heis_16_5.txt,65536,31,1000,5,didx,11.010,11.836,50.815,225.132,4.430,2.946e-07
E2EEVDIAQCSV,/mnt/beegfs/ysu34/hamlib/dia_e2e/heis_16_5.txt,65536,31,1000,5,0.770,93.798,1.846,2.728e-07
E2EOPCSV,/mnt/beegfs/ysu34/hamlib/dia_e2e/heis_16_5.txt,65536,31,2,399,24395762,0.429,0.213,-1
E2EOPCSV,/mnt/beegfs/ysu34/hamlib/dia_e2e/heis_16_5.txt,65536,31,3,2791,163414130,20.134,2.999,-1
E2EOPBUILDCSV,/mnt/beegfs/ysu34/hamlib/dia_e2e/heis_16_5.txt,65536,5,32167,1651448944,6262.490,6607.003,1.055
E2EOPBUILDCSV,/mnt/beegfs/ysu34/hamlib/dia_e2e/heis_16_5.txt,65536,5,16084,825757240,330.019,-1,-1
== [2] heis_18_5 ==
PREPCSV,/mnt/beegfs/ysu34/hamlib/dia_e2e/heis_18_5.txt,262144,35,spmv,didx,20.532,1.403,0.012411,1767
PREPCSV,/mnt/beegfs/ysu34/hamlib/dia_e2e/heis_18_5.txt,262144,35,spmv,didx_sym,10.121,3.262,0.012186,1098
PREPCSV,/mnt/beegfs/ysu34/hamlib/dia_e2e/heis_18_5.txt,262144,35,spmv,gopt,21.819,2.337,0.016118,1499
PREPCSV,/mnt/beegfs/ysu34/hamlib/dia_e2e/heis_18_5.txt,262144,35,spmv,cusparse_csr,57.159,2.492,0.036639,1628
PREPCSV,/mnt/beegfs/ysu34/hamlib/dia_e2e/heis_18_5.txt,262144,35,spmspm,ours_flat,1.939,0.482,1.348813,2
PREPCSV,/mnt/beegfs/ysu34/hamlib/dia_e2e/heis_18_5.txt,262144,35,spmspm,hm_atomic,55.423,3.921,2.833879,21
PREPCSV,/mnt/beegfs/ysu34/hamlib/dia_e2e/heis_18_5.txt,262144,35,spmspm,ours_sym,0.803,2.941,-1.000000,-1
PREPCSV,/mnt/beegfs/ysu34/hamlib/dia_e2e/heis_18_5.txt,262144,35,spmspm,ours_sym,0.803,2.941,0.630456,6
SPMSPMCSV,/mnt/beegfs/ysu34/hamlib/dia_e2e/heis_18_5.txt,262144,35,519,127991794,ours_flat,1.348342,0.000e+00
SPMSPMCSV,/mnt/beegfs/ysu34/hamlib/dia_e2e/heis_18_5.txt,262144,35,519,127991794,ours_sym,0.629412,0.000e+00
SPMSPMCSV,/mnt/beegfs/ysu34/hamlib/dia_e2e/heis_18_5.txt,262144,35,519,127991794,hm_atomic,2.835200,0.000e+00
SPMSPMCSV,/mnt/beegfs/ysu34/hamlib/dia_e2e/heis_18_5.txt,262144,35,519,127991794,diaq_fp32,35.791546,0.000e+00
SPMSPMCSV,/mnt/beegfs/ysu34/hamlib/dia_e2e/heis_18_5.txt,262144,35,519,127991794,cusparse_spgemm,6.107677,-1.000e+00
CSRNNZ,/mnt/beegfs/ysu34/hamlib/dia_e2e/heis_18_5.txt,8912898,2490368,0.2794
PREPCSV,/mnt/beegfs/ysu34/hamlib/dia_e2e/heis_18_5.txt,262144,35,spmv,cusparse_csr,58.326,180.762,0.036188,-1
SPMVCSV,/mnt/beegfs/ysu34/hamlib/dia_e2e/heis_18_5.txt,262144,35,8912898,2490368,ours_didx_nv1,0.012308,6.059e-08
SPMVCSV,/mnt/beegfs/ysu34/hamlib/dia_e2e/heis_18_5.txt,262144,35,8912898,2490368,ours_didx_nv2,0.014131,6.090e-08
SPMVCSV,/mnt/beegfs/ysu34/hamlib/dia_e2e/heis_18_5.txt,262144,35,8912898,2490368,ours_gather_nv1,0.034775,6.059e-08
SPMVCSV,/mnt/beegfs/ysu34/hamlib/dia_e2e/heis_18_5.txt,262144,35,8912898,2490368,ours_gather_nv2,0.086794,6.090e-08
SPMVCSV,/mnt/beegfs/ysu34/hamlib/dia_e2e/heis_18_5.txt,262144,35,8912898,2490368,ours_gopt_nv1,0.016015,6.154e-08
SPMVCSV,/mnt/beegfs/ysu34/hamlib/dia_e2e/heis_18_5.txt,262144,35,8912898,2490368,ours_gopt_nv2,0.021156,6.165e-08
# gopt plan: 529 segs, reads 67.6% of stored band
SPMVCSV,/mnt/beegfs/ysu34/hamlib/dia_e2e/heis_18_5.txt,262144,35,8912898,2490368,ours_gopt_s_nv1,0.016630,6.154e-08
# auto pick=didx (D=35 fill=0.28 rho=0.68)
SPMVCSV,/mnt/beegfs/ysu34/hamlib/dia_e2e/heis_18_5.txt,262144,35,8912898,2490368,ours_auto_nv1,0.012288,6.059e-08
SPMVCSV,/mnt/beegfs/ysu34/hamlib/dia_e2e/heis_18_5.txt,262144,35,8912898,2490368,ours_auto_nv2,0.014152,6.090e-08
SPMVCSV,/mnt/beegfs/ysu34/hamlib/dia_e2e/heis_18_5.txt,262144,35,8912898,2490368,csr_zskip_nv1,0.014991,6.059e-08
SPMVCSV,/mnt/beegfs/ysu34/hamlib/dia_e2e/heis_18_5.txt,262144,35,8912898,2490368,row_dense_nv1,0.030392,6.059e-08
SPMVCSV,/mnt/beegfs/ysu34/hamlib/dia_e2e/heis_18_5.txt,262144,35,8912898,2490368,cusparse_csr,0.036250,5.885e-08
SPMVCSV,/mnt/beegfs/ysu34/hamlib/dia_e2e/heis_18_5.txt,262144,35,8912898,2490368,diaq_fp64,0.113316,0.000e+00
SPMVCSV,/mnt/beegfs/ysu34/hamlib/dia_e2e/heis_18_5.txt,262144,35,8912898,2490368,diaq_fp32,0.068710,6.404e-08
E2EEVCSV,/mnt/beegfs/ysu34/hamlib/dia_e2e/heis_18_5.txt,262144,35,1000,5,didx,45.340,58.786,96.048,424.511,4.420,3.099e-07
E2EEVDIAQCSV,/mnt/beegfs/ysu34/hamlib/dia_e2e/heis_18_5.txt,262144,35,1000,5,2.856,381.774,3.975,2.886e-07
E2EOPCSV,/mnt/beegfs/ysu34/hamlib/dia_e2e/heis_18_5.txt,262144,35,2,519,127991794,1.338,1.349,-1
E2EOPCSV,/mnt/beegfs/ysu34/hamlib/dia_e2e/heis_18_5.txt,262144,35,3,4279,1016725618,44.825,21.395,-1
# opbuild wall: Unnz=15484329072 (int32 index limit)
E2EOPBUILDCSV,/mnt/beegfs/ysu34/hamlib/dia_e2e/heis_18_5.txt,262144,5,72483,15484329072,-1,-1,-1
# opbuild(sym) wall: Unnz=7742295608 (int32 index limit)
E2EOPBUILDCSV,/mnt/beegfs/ysu34/hamlib/dia_e2e/heis_18_5.txt,262144,5,36242,7742295608,-1,-1,-1
== [2] heis_20_5 ==
PREPCSV,/mnt/beegfs/ysu34/hamlib/dia_e2e/heis_20_5.txt,1048576,39,spmv,didx,125.944,5.027,0.058286,2247
PREPCSV,/mnt/beegfs/ysu34/hamlib/dia_e2e/heis_20_5.txt,1048576,39,spmv,didx_sym,48.046,12.503,0.054825,1104
PREPCSV,/mnt/beegfs/ysu34/hamlib/dia_e2e/heis_20_5.txt,1048576,39,spmv,gopt,94.506,7.463,0.080138,1272
PREPCSV,/mnt/beegfs/ysu34/hamlib/dia_e2e/heis_20_5.txt,1048576,39,spmv,cusparse_csr,282.470,8.137,0.090522,3210
PREPCSV,/mnt/beegfs/ysu34/hamlib/dia_e2e/heis_20_5.txt,1048576,39,spmspm,ours_flat,8.040,0.922,6.926439,1
PREPCSV,/mnt/beegfs/ysu34/hamlib/dia_e2e/heis_20_5.txt,1048576,39,spmspm,hm_atomic,275.667,13.471,14.227722,20
PREPCSV,/mnt/beegfs/ysu34/hamlib/dia_e2e/heis_20_5.txt,1048576,39,spmspm,ours_sym,3.933,3.686,-1.000000,-1
PREPCSV,/mnt/beegfs/ysu34/hamlib/dia_e2e/heis_20_5.txt,1048576,39,spmspm,ours_sym,3.933,3.686,3.479327,2
SPMSPMCSV,/mnt/beegfs/ysu34/hamlib/dia_e2e/heis_20_5.txt,1048576,39,655,650379250,ours_flat,6.930760,0.000e+00
SPMSPMCSV,/mnt/beegfs/ysu34/hamlib/dia_e2e/heis_20_5.txt,1048576,39,655,650379250,ours_sym,3.477381,0.000e+00
SPMSPMCSV,/mnt/beegfs/ysu34/hamlib/dia_e2e/heis_20_5.txt,1048576,39,655,650379250,hm_atomic,14.210918,0.000e+00
SPMSPMCSV,/mnt/beegfs/ysu34/hamlib/dia_e2e/heis_20_5.txt,1048576,39,655,650379250,diaq_fp32,200.811539,0.000e+00
SPMSPMCSV,/mnt/beegfs/ysu34/hamlib/dia_e2e/heis_20_5.txt,1048576,39,655,650379250,cusparse_spgemm,12.010397,-1.000e+00
CSRNNZ,/mnt/beegfs/ysu34/hamlib/dia_e2e/heis_20_5.txt,39845890,11010048,0.2763
PREPCSV,/mnt/beegfs/ysu34/hamlib/dia_e2e/heis_20_5.txt,1048576,39,spmv,cusparse_csr,267.955,192.753,0.090624,-1
SPMVCSV,/mnt/beegfs/ysu34/hamlib/dia_e2e/heis_20_5.txt,1048576,39,39845890,11010048,ours_didx_nv1,0.058327,6.365e-08
SPMVCSV,/mnt/beegfs/ysu34/hamlib/dia_e2e/heis_20_5.txt,1048576,39,39845890,11010048,ours_didx_nv2,0.067686,6.365e-08
SPMVCSV,/mnt/beegfs/ysu34/hamlib/dia_e2e/heis_20_5.txt,1048576,39,39845890,11010048,ours_gather_nv1,0.124805,6.365e-08
SPMVCSV,/mnt/beegfs/ysu34/hamlib/dia_e2e/heis_20_5.txt,1048576,39,39845890,11010048,ours_gather_nv2,0.216863,6.365e-08
SPMVCSV,/mnt/beegfs/ysu34/hamlib/dia_e2e/heis_20_5.txt,1048576,39,39845890,11010048,ours_gopt_nv1,0.080323,6.430e-08
SPMVCSV,/mnt/beegfs/ysu34/hamlib/dia_e2e/heis_20_5.txt,1048576,39,39845890,11010048,ours_gopt_nv2,0.090337,6.433e-08
# gopt plan: 2065 segs, reads 63.2% of stored band
SPMVCSV,/mnt/beegfs/ysu34/hamlib/dia_e2e/heis_20_5.txt,1048576,39,39845890,11010048,ours_gopt_s_nv1,0.085647,6.430e-08
# auto pick=didx (D=39 fill=0.28 rho=0.63)
SPMVCSV,/mnt/beegfs/ysu34/hamlib/dia_e2e/heis_20_5.txt,1048576,39,39845890,11010048,ours_auto_nv1,0.058307,6.365e-08
SPMVCSV,/mnt/beegfs/ysu34/hamlib/dia_e2e/heis_20_5.txt,1048576,39,39845890,11010048,ours_auto_nv2,0.066724,6.365e-08
SPMVCSV,/mnt/beegfs/ysu34/hamlib/dia_e2e/heis_20_5.txt,1048576,39,39845890,11010048,csr_zskip_nv1,0.082760,6.365e-08
SPMVCSV,/mnt/beegfs/ysu34/hamlib/dia_e2e/heis_20_5.txt,1048576,39,39845890,11010048,row_dense_nv1,0.117002,6.365e-08
SPMVCSV,/mnt/beegfs/ysu34/hamlib/dia_e2e/heis_20_5.txt,1048576,39,39845890,11010048,cusparse_csr,0.090767,6.013e-08
SPMVCSV,/mnt/beegfs/ysu34/hamlib/dia_e2e/heis_20_5.txt,1048576,39,39845890,11010048,diaq_fp64,0.457339,0.000e+00
SPMVCSV,/mnt/beegfs/ysu34/hamlib/dia_e2e/heis_20_5.txt,1048576,39,39845890,11010048,diaq_fp32,0.239964,6.666e-08
E2EEVCSV,/mnt/beegfs/ysu34/hamlib/dia_e2e/heis_20_5.txt,1048576,39,1000,5,didx,239.371,280.427,432.691,1047.888,2.422,3.252e-07
E2EEVDIAQCSV,/mnt/beegfs/ysu34/hamlib/dia_e2e/heis_20_5.txt,1048576,39,1000,5,11.259,1319.654,3.050,3.042e-07
E2EOPCSV,/mnt/beegfs/ysu34/hamlib/dia_e2e/heis_20_5.txt,1048576,39,2,655,650379250,6.633,6.933,-1
E2EOPCSV,/mnt/beegfs/ysu34/hamlib/dia_e2e/heis_20_5.txt,1048576,39,3,6231,5988941938,125.131,141.847,-1
# opbuild wall: Unnz=130519407728 (int32 index limit)
E2EOPBUILDCSV,/mnt/beegfs/ysu34/hamlib/dia_e2e/heis_20_5.txt,1048576,5,148383,130519407728,-1,-1,-1
# opbuild(sym) wall: Unnz=65260228152 (int32 index limit)
E2EOPBUILDCSV,/mnt/beegfs/ysu34/hamlib/dia_e2e/heis_20_5.txt,1048576,5,74192,65260228152,-1,-1,-1
== [2] heis_20_6 ==
PREPCSV,/mnt/beegfs/ysu34/hamlib/dia_e2e/heis_20_6.txt,1048576,39,spmv,didx,128.510,5.043,0.058307,2291
PREPCSV,/mnt/beegfs/ysu34/hamlib/dia_e2e/heis_20_6.txt,1048576,39,spmv,didx_sym,47.607,12.470,0.054907,1094
PREPCSV,/mnt/beegfs/ysu34/hamlib/dia_e2e/heis_20_6.txt,1048576,39,spmv,gopt,108.120,7.426,0.080261,1440
PREPCSV,/mnt/beegfs/ysu34/hamlib/dia_e2e/heis_20_6.txt,1048576,39,spmv,cusparse_csr,285.578,8.044,0.090255,3253
PREPCSV,/mnt/beegfs/ysu34/hamlib/dia_e2e/heis_20_6.txt,1048576,39,spmspm,ours_flat,8.038,0.896,6.927278,1
PREPCSV,/mnt/beegfs/ysu34/hamlib/dia_e2e/heis_20_6.txt,1048576,39,spmspm,hm_atomic,274.242,13.734,14.230671,20
PREPCSV,/mnt/beegfs/ysu34/hamlib/dia_e2e/heis_20_6.txt,1048576,39,spmspm,ours_sym,3.902,3.839,-1.000000,-1
PREPCSV,/mnt/beegfs/ysu34/hamlib/dia_e2e/heis_20_6.txt,1048576,39,spmspm,ours_sym,3.902,3.839,3.479163,2
SPMSPMCSV,/mnt/beegfs/ysu34/hamlib/dia_e2e/heis_20_6.txt,1048576,39,655,650379250,ours_flat,6.930524,0.000e+00
SPMSPMCSV,/mnt/beegfs/ysu34/hamlib/dia_e2e/heis_20_6.txt,1048576,39,655,650379250,ours_sym,3.477207,0.000e+00
SPMSPMCSV,/mnt/beegfs/ysu34/hamlib/dia_e2e/heis_20_6.txt,1048576,39,655,650379250,hm_atomic,14.215752,0.000e+00
SPMSPMCSV,/mnt/beegfs/ysu34/hamlib/dia_e2e/heis_20_6.txt,1048576,39,655,650379250,diaq_fp32,200.825821,0.000e+00
SPMSPMCSV,/mnt/beegfs/ysu34/hamlib/dia_e2e/heis_20_6.txt,1048576,39,655,650379250,cusparse_spgemm,12.063992,-1.000e+00
CSRNNZ,/mnt/beegfs/ysu34/hamlib/dia_e2e/heis_20_6.txt,39845890,11010048,0.2763
PREPCSV,/mnt/beegfs/ysu34/hamlib/dia_e2e/heis_20_6.txt,1048576,39,spmv,cusparse_csr,273.927,193.730,0.090378,-1
SPMVCSV,/mnt/beegfs/ysu34/hamlib/dia_e2e/heis_20_6.txt,1048576,39,39845890,11010048,ours_didx_nv1,0.058204,6.365e-08
SPMVCSV,/mnt/beegfs/ysu34/hamlib/dia_e2e/heis_20_6.txt,1048576,39,39845890,11010048,ours_didx_nv2,0.067645,6.365e-08
SPMVCSV,/mnt/beegfs/ysu34/hamlib/dia_e2e/heis_20_6.txt,1048576,39,39845890,11010048,ours_gather_nv1,0.124805,6.365e-08
SPMVCSV,/mnt/beegfs/ysu34/hamlib/dia_e2e/heis_20_6.txt,1048576,39,39845890,11010048,ours_gather_nv2,0.217436,6.365e-08
SPMVCSV,/mnt/beegfs/ysu34/hamlib/dia_e2e/heis_20_6.txt,1048576,39,39845890,11010048,ours_gopt_nv1,0.080425,6.430e-08
SPMVCSV,/mnt/beegfs/ysu34/hamlib/dia_e2e/heis_20_6.txt,1048576,39,39845890,11010048,ours_gopt_nv2,0.090665,6.433e-08
# gopt plan: 2065 segs, reads 63.2% of stored band
SPMVCSV,/mnt/beegfs/ysu34/hamlib/dia_e2e/heis_20_6.txt,1048576,39,39845890,11010048,ours_gopt_s_nv1,0.085565,6.430e-08
# auto pick=didx (D=39 fill=0.28 rho=0.63)
SPMVCSV,/mnt/beegfs/ysu34/hamlib/dia_e2e/heis_20_6.txt,1048576,39,39845890,11010048,ours_auto_nv1,0.058286,6.365e-08
SPMVCSV,/mnt/beegfs/ysu34/hamlib/dia_e2e/heis_20_6.txt,1048576,39,39845890,11010048,ours_auto_nv2,0.066703,6.365e-08
SPMVCSV,/mnt/beegfs/ysu34/hamlib/dia_e2e/heis_20_6.txt,1048576,39,39845890,11010048,csr_zskip_nv1,0.082903,6.365e-08
SPMVCSV,/mnt/beegfs/ysu34/hamlib/dia_e2e/heis_20_6.txt,1048576,39,39845890,11010048,row_dense_nv1,0.117268,6.365e-08
SPMVCSV,/mnt/beegfs/ysu34/hamlib/dia_e2e/heis_20_6.txt,1048576,39,39845890,11010048,cusparse_csr,0.090399,6.013e-08
SPMVCSV,/mnt/beegfs/ysu34/hamlib/dia_e2e/heis_20_6.txt,1048576,39,39845890,11010048,diaq_fp64,0.456806,0.000e+00
SPMVCSV,/mnt/beegfs/ysu34/hamlib/dia_e2e/heis_20_6.txt,1048576,39,39845890,11010048,diaq_fp32,0.239882,6.666e-08
E2EEVCSV,/mnt/beegfs/ysu34/hamlib/dia_e2e/heis_20_6.txt,1048576,39,1000,6,didx,227.615,284.839,518.242,1263.180,2.437,3.251e-07
E2EEVDIAQCSV,/mnt/beegfs/ysu34/hamlib/dia_e2e/heis_20_6.txt,1048576,39,1000,6,11.260,1582.181,3.053,3.040e-07
E2EOPCSV,/mnt/beegfs/ysu34/hamlib/dia_e2e/heis_20_6.txt,1048576,39,2,655,650379250,6.787,6.932,-1
E2EOPCSV,/mnt/beegfs/ysu34/hamlib/dia_e2e/heis_20_6.txt,1048576,39,3,6231,5988941938,125.108,141.842,-1
# opbuild wall: Unnz=337281752192 (int32 index limit)
E2EOPBUILDCSV,/mnt/beegfs/ysu34/hamlib/dia_e2e/heis_20_6.txt,1048576,6,409911,337281752192,-1,-1,-1
# opbuild(sym) wall: Unnz=168641400384 (int32 index limit)
E2EOPBUILDCSV,/mnt/beegfs/ysu34/hamlib/dia_e2e/heis_20_6.txt,1048576,6,204956,168641400384,-1,-1,-1
== [2] maxcut_16_5 ==
PREPCSV,/mnt/beegfs/ysu34/hamlib/dia_e2e/maxcut_16_5.txt,65536,1,spmv,didx,0.375,0.090,0.003707,125
PREPCSV,/mnt/beegfs/ysu34/hamlib/dia_e2e/maxcut_16_5.txt,65536,1,spmv,didx_sym,0.354,0.109,0.003727,124
PREPCSV,/mnt/beegfs/ysu34/hamlib/dia_e2e/maxcut_16_5.txt,65536,1,spmv,gopt,0.150,0.070,0.003727,59
PREPCSV,/mnt/beegfs/ysu34/hamlib/dia_e2e/maxcut_16_5.txt,65536,1,spmv,cusparse_csr,0.402,0.479,0.021873,40
PREPCSV,/mnt/beegfs/ysu34/hamlib/dia_e2e/maxcut_16_5.txt,65536,1,spmspm,ours_flat,0.129,0.043,0.005059,34
PREPCSV,/mnt/beegfs/ysu34/hamlib/dia_e2e/maxcut_16_5.txt,65536,1,spmspm,hm_atomic,0.324,0.157,0.006738,71
PREPCSV,/mnt/beegfs/ysu34/hamlib/dia_e2e/maxcut_16_5.txt,65536,1,spmspm,ours_sym,0.072,0.042,-1.000000,-1
PREPCSV,/mnt/beegfs/ysu34/hamlib/dia_e2e/maxcut_16_5.txt,65536,1,spmspm,ours_sym,0.072,0.042,0.005059,22
SPMSPMCSV,/mnt/beegfs/ysu34/hamlib/dia_e2e/maxcut_16_5.txt,65536,1,1,65536,ours_flat,0.005069,0.000e+00
SPMSPMCSV,/mnt/beegfs/ysu34/hamlib/dia_e2e/maxcut_16_5.txt,65536,1,1,65536,ours_sym,0.005069,0.000e+00
SPMSPMCSV,/mnt/beegfs/ysu34/hamlib/dia_e2e/maxcut_16_5.txt,65536,1,1,65536,hm_atomic,0.006810,0.000e+00
SPMSPMCSV,/mnt/beegfs/ysu34/hamlib/dia_e2e/maxcut_16_5.txt,65536,1,1,65536,diaq_fp32,0.099922,0.000e+00
SPMSPMCSV,/mnt/beegfs/ysu34/hamlib/dia_e2e/maxcut_16_5.txt,65536,1,1,65536,cusparse_spgemm,2.780256,-1.000e+00
CSRNNZ,/mnt/beegfs/ysu34/hamlib/dia_e2e/maxcut_16_5.txt,65536,34596,0.5279
PREPCSV,/mnt/beegfs/ysu34/hamlib/dia_e2e/maxcut_16_5.txt,65536,1,spmv,cusparse_csr,0.497,171.372,0.021791,-1
SPMVCSV,/mnt/beegfs/ysu34/hamlib/dia_e2e/maxcut_16_5.txt,65536,1,65536,34596,ours_didx_nv1,0.003666,1.876e-08
SPMVCSV,/mnt/beegfs/ysu34/hamlib/dia_e2e/maxcut_16_5.txt,65536,1,65536,34596,ours_didx_nv2,0.003748,1.944e-08
SPMVCSV,/mnt/beegfs/ysu34/hamlib/dia_e2e/maxcut_16_5.txt,65536,1,65536,34596,ours_gather_nv1,0.003523,1.876e-08
SPMVCSV,/mnt/beegfs/ysu34/hamlib/dia_e2e/maxcut_16_5.txt,65536,1,65536,34596,ours_gather_nv2,0.003666,1.944e-08
SPMVCSV,/mnt/beegfs/ysu34/hamlib/dia_e2e/maxcut_16_5.txt,65536,1,65536,34596,ours_gopt_nv1,0.003727,1.876e-08
SPMVCSV,/mnt/beegfs/ysu34/hamlib/dia_e2e/maxcut_16_5.txt,65536,1,65536,34596,ours_gopt_nv2,0.003809,1.944e-08
# gopt plan: 1 segs, reads 100.0% of stored band
# auto pick=stream (D=1 fill=0.53 rho=1.00)
SPMVCSV,/mnt/beegfs/ysu34/hamlib/dia_e2e/maxcut_16_5.txt,65536,1,65536,34596,ours_gopt_s_nv1,0.003727,1.876e-08
SPMVCSV,/mnt/beegfs/ysu34/hamlib/dia_e2e/maxcut_16_5.txt,65536,1,65536,34596,ours_auto_nv1,0.003523,1.876e-08
SPMVCSV,/mnt/beegfs/ysu34/hamlib/dia_e2e/maxcut_16_5.txt,65536,1,65536,34596,ours_auto_nv2,0.003686,1.944e-08
SPMVCSV,/mnt/beegfs/ysu34/hamlib/dia_e2e/maxcut_16_5.txt,65536,1,65536,34596,csr_zskip_nv1,0.003359,1.876e-08
SPMVCSV,/mnt/beegfs/ysu34/hamlib/dia_e2e/maxcut_16_5.txt,65536,1,65536,34596,row_dense_nv1,0.003277,1.876e-08
SPMVCSV,/mnt/beegfs/ysu34/hamlib/dia_e2e/maxcut_16_5.txt,65536,1,65536,34596,cusparse_csr,0.021832,1.876e-08
SPMVCSV,/mnt/beegfs/ysu34/hamlib/dia_e2e/maxcut_16_5.txt,65536,1,65536,34596,diaq_fp64,0.004096,0.000e+00
SPMVCSV,/mnt/beegfs/ysu34/hamlib/dia_e2e/maxcut_16_5.txt,65536,1,65536,34596,diaq_fp32,0.003789,1.923e-08
E2EEVCSV,/mnt/beegfs/ysu34/hamlib/dia_e2e/maxcut_16_5.txt,65536,1,1000,5,stream,0.463,1.021,37.162,243.032,6.540,0.000e+00
E2EEVDIAQCSV,/mnt/beegfs/ysu34/hamlib/dia_e2e/maxcut_16_5.txt,65536,1,1000,5,0.074,37.594,1.012,0.000e+00
E2EOPCSV,/mnt/beegfs/ysu34/hamlib/dia_e2e/maxcut_16_5.txt,65536,1,2,1,65536,0.003,0.005,-1
E2EOPCSV,/mnt/beegfs/ysu34/hamlib/dia_e2e/maxcut_16_5.txt,65536,1,3,1,65536,0.001,0.005,-1
E2EOPBUILDCSV,/mnt/beegfs/ysu34/hamlib/dia_e2e/maxcut_16_5.txt,65536,5,1,65536,1.008,2.438,2.420
E2EOPBUILDCSV,/mnt/beegfs/ysu34/hamlib/dia_e2e/maxcut_16_5.txt,65536,5,1,65536,0.727,-1,-1
== [2] maxcut_18_5 ==
PREPCSV,/mnt/beegfs/ysu34/hamlib/dia_e2e/maxcut_18_5.txt,262144,1,spmv,didx,1.880,0.436,0.004690,494
PREPCSV,/mnt/beegfs/ysu34/hamlib/dia_e2e/maxcut_18_5.txt,262144,1,spmv,didx_sym,1.132,0.435,0.004792,327
PREPCSV,/mnt/beegfs/ysu34/hamlib/dia_e2e/maxcut_18_5.txt,262144,1,spmv,gopt,0.845,0.240,0.004403,247
PREPCSV,/mnt/beegfs/ysu34/hamlib/dia_e2e/maxcut_18_5.txt,262144,1,spmv,cusparse_csr,2.016,0.828,0.021729,131
PREPCSV,/mnt/beegfs/ysu34/hamlib/dia_e2e/maxcut_18_5.txt,262144,1,spmspm,ours_flat,0.508,0.111,0.005468,113
PREPCSV,/mnt/beegfs/ysu34/hamlib/dia_e2e/maxcut_18_5.txt,262144,1,spmspm,hm_atomic,1.077,0.440,0.008172,186
PREPCSV,/mnt/beegfs/ysu34/hamlib/dia_e2e/maxcut_18_5.txt,262144,1,spmspm,ours_sym,0.282,0.116,-1.000000,-1
PREPCSV,/mnt/beegfs/ysu34/hamlib/dia_e2e/maxcut_18_5.txt,262144,1,spmspm,ours_sym,0.282,0.116,0.005489,72
SPMSPMCSV,/mnt/beegfs/ysu34/hamlib/dia_e2e/maxcut_18_5.txt,262144,1,1,262144,ours_flat,0.005448,0.000e+00
SPMSPMCSV,/mnt/beegfs/ysu34/hamlib/dia_e2e/maxcut_18_5.txt,262144,1,1,262144,ours_sym,0.005427,0.000e+00
SPMSPMCSV,/mnt/beegfs/ysu34/hamlib/dia_e2e/maxcut_18_5.txt,262144,1,1,262144,hm_atomic,0.008090,0.000e+00
SPMSPMCSV,/mnt/beegfs/ysu34/hamlib/dia_e2e/maxcut_18_5.txt,262144,1,1,262144,diaq_fp32,0.375337,0.000e+00
SPMSPMCSV,/mnt/beegfs/ysu34/hamlib/dia_e2e/maxcut_18_5.txt,262144,1,1,262144,cusparse_spgemm,2.894067,-1.000e+00
CSRNNZ,/mnt/beegfs/ysu34/hamlib/dia_e2e/maxcut_18_5.txt,262144,262144,1.0000
PREPCSV,/mnt/beegfs/ysu34/hamlib/dia_e2e/maxcut_18_5.txt,262144,1,spmv,cusparse_csr,2.395,167.554,0.021484,-1
SPMVCSV,/mnt/beegfs/ysu34/hamlib/dia_e2e/maxcut_18_5.txt,262144,1,262144,262144,ours_didx_nv1,0.004751,2.561e-08
SPMVCSV,/mnt/beegfs/ysu34/hamlib/dia_e2e/maxcut_18_5.txt,262144,1,262144,262144,ours_didx_nv2,0.005243,2.584e-08
SPMVCSV,/mnt/beegfs/ysu34/hamlib/dia_e2e/maxcut_18_5.txt,262144,1,262144,262144,ours_gather_nv1,0.004178,2.561e-08
SPMVCSV,/mnt/beegfs/ysu34/hamlib/dia_e2e/maxcut_18_5.txt,262144,1,262144,262144,ours_gather_nv2,0.005079,2.584e-08
SPMVCSV,/mnt/beegfs/ysu34/hamlib/dia_e2e/maxcut_18_5.txt,262144,1,262144,262144,ours_gopt_nv1,0.004444,2.561e-08
SPMVCSV,/mnt/beegfs/ysu34/hamlib/dia_e2e/maxcut_18_5.txt,262144,1,262144,262144,ours_gopt_nv2,0.004977,2.584e-08
# gopt plan: 1 segs, reads 100.0% of stored band
SPMVCSV,/mnt/beegfs/ysu34/hamlib/dia_e2e/maxcut_18_5.txt,262144,1,262144,262144,ours_gopt_s_nv1,0.004383,2.561e-08
# auto pick=stream (D=1 fill=1.00 rho=1.00)
SPMVCSV,/mnt/beegfs/ysu34/hamlib/dia_e2e/maxcut_18_5.txt,262144,1,262144,262144,ours_auto_nv1,0.004178,2.561e-08
SPMVCSV,/mnt/beegfs/ysu34/hamlib/dia_e2e/maxcut_18_5.txt,262144,1,262144,262144,ours_auto_nv2,0.005079,2.584e-08
SPMVCSV,/mnt/beegfs/ysu34/hamlib/dia_e2e/maxcut_18_5.txt,262144,1,262144,262144,csr_zskip_nv1,0.004444,2.561e-08
SPMVCSV,/mnt/beegfs/ysu34/hamlib/dia_e2e/maxcut_18_5.txt,262144,1,262144,262144,row_dense_nv1,0.003973,2.561e-08
SPMVCSV,/mnt/beegfs/ysu34/hamlib/dia_e2e/maxcut_18_5.txt,262144,1,262144,262144,cusparse_csr,0.021893,2.561e-08
SPMVCSV,/mnt/beegfs/ysu34/hamlib/dia_e2e/maxcut_18_5.txt,262144,1,262144,262144,diaq_fp64,0.006124,0.000e+00
SPMVCSV,/mnt/beegfs/ysu34/hamlib/dia_e2e/maxcut_18_5.txt,262144,1,262144,262144,diaq_fp32,0.004956,2.578e-08
E2EEVCSV,/mnt/beegfs/ysu34/hamlib/dia_e2e/maxcut_18_5.txt,262144,1,1000,5,stream,1.390,3.285,50.914,244.807,4.808,0.000e+00
E2EEVDIAQCSV,/mnt/beegfs/ysu34/hamlib/dia_e2e/maxcut_18_5.txt,262144,1,1000,5,0.230,48.509,0.953,0.000e+00
E2EOPCSV,/mnt/beegfs/ysu34/hamlib/dia_e2e/maxcut_18_5.txt,262144,1,2,1,262144,0.004,0.006,-1
E2EOPCSV,/mnt/beegfs/ysu34/hamlib/dia_e2e/maxcut_18_5.txt,262144,1,3,1,262144,0.003,0.006,-1
E2EOPBUILDCSV,/mnt/beegfs/ysu34/hamlib/dia_e2e/maxcut_18_5.txt,262144,5,1,262144,2.916,5.613,1.925
E2EOPBUILDCSV,/mnt/beegfs/ysu34/hamlib/dia_e2e/maxcut_18_5.txt,262144,5,1,262144,1.693,-1,-1
== [2] maxcut_20_5 ==
PREPCSV,/mnt/beegfs/ysu34/hamlib/dia_e2e/maxcut_20_5.txt,1048576,1,spmv,didx,5.211,0.920,0.008397,730
PREPCSV,/mnt/beegfs/ysu34/hamlib/dia_e2e/maxcut_20_5.txt,1048576,1,spmv,didx_sym,5.358,0.988,0.008786,722
PREPCSV,/mnt/beegfs/ysu34/hamlib/dia_e2e/maxcut_20_5.txt,1048576,1,spmv,gopt,2.476,0.409,0.006472,446
PREPCSV,/mnt/beegfs/ysu34/hamlib/dia_e2e/maxcut_20_5.txt,1048576,1,spmv,cusparse_csr,5.625,1.686,0.037663,194
PREPCSV,/mnt/beegfs/ysu34/hamlib/dia_e2e/maxcut_20_5.txt,1048576,1,spmspm,ours_flat,2.100,0.187,0.009011,254
PREPCSV,/mnt/beegfs/ysu34/hamlib/dia_e2e/maxcut_20_5.txt,1048576,1,spmspm,hm_atomic,5.463,1.398,0.014111,486
PREPCSV,/mnt/beegfs/ysu34/hamlib/dia_e2e/maxcut_20_5.txt,1048576,1,spmspm,ours_sym,1.310,0.184,-1.000000,-1
PREPCSV,/mnt/beegfs/ysu34/hamlib/dia_e2e/maxcut_20_5.txt,1048576,1,spmspm,ours_sym,1.310,0.184,0.009052,165
SPMSPMCSV,/mnt/beegfs/ysu34/hamlib/dia_e2e/maxcut_20_5.txt,1048576,1,1,1048576,ours_flat,0.008980,0.000e+00
SPMSPMCSV,/mnt/beegfs/ysu34/hamlib/dia_e2e/maxcut_20_5.txt,1048576,1,1,1048576,ours_sym,0.008980,0.000e+00
SPMSPMCSV,/mnt/beegfs/ysu34/hamlib/dia_e2e/maxcut_20_5.txt,1048576,1,1,1048576,hm_atomic,0.014172,0.000e+00
SPMSPMCSV,/mnt/beegfs/ysu34/hamlib/dia_e2e/maxcut_20_5.txt,1048576,1,1,1048576,diaq_fp32,1.472533,0.000e+00
SPMSPMCSV,/mnt/beegfs/ysu34/hamlib/dia_e2e/maxcut_20_5.txt,1048576,1,1,1048576,cusparse_spgemm,3.153165,-1.000e+00
CSRNNZ,/mnt/beegfs/ysu34/hamlib/dia_e2e/maxcut_20_5.txt,1048576,595984,0.5684
PREPCSV,/mnt/beegfs/ysu34/hamlib/dia_e2e/maxcut_20_5.txt,1048576,1,spmv,cusparse_csr,6.067,179.327,0.038031,-1
SPMVCSV,/mnt/beegfs/ysu34/hamlib/dia_e2e/maxcut_20_5.txt,1048576,1,1048576,595984,ours_didx_nv1,0.008479,2.064e-08
SPMVCSV,/mnt/beegfs/ysu34/hamlib/dia_e2e/maxcut_20_5.txt,1048576,1,1048576,595984,ours_didx_nv2,0.010957,2.080e-08
SPMVCSV,/mnt/beegfs/ysu34/hamlib/dia_e2e/maxcut_20_5.txt,1048576,1,1048576,595984,ours_gather_nv1,0.006021,2.064e-08
SPMVCSV,/mnt/beegfs/ysu34/hamlib/dia_e2e/maxcut_20_5.txt,1048576,1,1048576,595984,ours_gather_nv2,0.009400,2.080e-08
SPMVCSV,/mnt/beegfs/ysu34/hamlib/dia_e2e/maxcut_20_5.txt,1048576,1,1048576,595984,ours_gopt_nv1,0.006533,2.064e-08
SPMVCSV,/mnt/beegfs/ysu34/hamlib/dia_e2e/maxcut_20_5.txt,1048576,1,1048576,595984,ours_gopt_nv2,0.008274,2.080e-08
# gopt plan: 183 segs, reads 75.4% of stored band
SPMVCSV,/mnt/beegfs/ysu34/hamlib/dia_e2e/maxcut_20_5.txt,1048576,1,1048576,595984,ours_gopt_s_nv1,0.006042,2.064e-08
# auto pick=stream (D=1 fill=0.57 rho=0.75)
SPMVCSV,/mnt/beegfs/ysu34/hamlib/dia_e2e/maxcut_20_5.txt,1048576,1,1048576,595984,ours_auto_nv1,0.006001,2.064e-08
SPMVCSV,/mnt/beegfs/ysu34/hamlib/dia_e2e/maxcut_20_5.txt,1048576,1,1048576,595984,ours_auto_nv2,0.009523,2.080e-08
SPMVCSV,/mnt/beegfs/ysu34/hamlib/dia_e2e/maxcut_20_5.txt,1048576,1,1048576,595984,csr_zskip_nv1,0.008233,2.064e-08
SPMVCSV,/mnt/beegfs/ysu34/hamlib/dia_e2e/maxcut_20_5.txt,1048576,1,1048576,595984,row_dense_nv1,0.007004,2.064e-08
SPMVCSV,/mnt/beegfs/ysu34/hamlib/dia_e2e/maxcut_20_5.txt,1048576,1,1048576,595984,cusparse_csr,0.037786,2.064e-08
SPMVCSV,/mnt/beegfs/ysu34/hamlib/dia_e2e/maxcut_20_5.txt,1048576,1,1048576,595984,diaq_fp64,0.035410,0.000e+00
SPMVCSV,/mnt/beegfs/ysu34/hamlib/dia_e2e/maxcut_20_5.txt,1048576,1,1048576,595984,diaq_fp32,0.009892,2.084e-08
E2EEVCSV,/mnt/beegfs/ysu34/hamlib/dia_e2e/maxcut_20_5.txt,1048576,1,1000,5,stream,5.077,8.191,117.791,531.011,4.508,0.000e+00
E2EEVDIAQCSV,/mnt/beegfs/ysu34/hamlib/dia_e2e/maxcut_20_5.txt,1048576,1,1000,5,0.673,128.044,1.087,0.000e+00
E2EOPCSV,/mnt/beegfs/ysu34/hamlib/dia_e2e/maxcut_20_5.txt,1048576,1,2,1,1048576,0.011,0.009,-1
E2EOPCSV,/mnt/beegfs/ysu34/hamlib/dia_e2e/maxcut_20_5.txt,1048576,1,3,1,1048576,0.009,0.009,-1
E2EOPBUILDCSV,/mnt/beegfs/ysu34/hamlib/dia_e2e/maxcut_20_5.txt,1048576,5,1,1048576,10.397,20.939,2.014
E2EOPBUILDCSV,/mnt/beegfs/ysu34/hamlib/dia_e2e/maxcut_20_5.txt,1048576,5,1,1048576,5.402,-1,-1
== [2] O2c_16_5 ==
PREPCSV,/mnt/beegfs/ysu34/hamlib/dia_e2e/O2c_16_5.txt,65536,1243,spmv,didx,122.543,2.657,0.084644,1479
# didx_sym skipped: non-symmetric or Dup>128
PREPCSV,/mnt/beegfs/ysu34/hamlib/dia_e2e/O2c_16_5.txt,65536,1243,spmv,gopt,131.698,8.769,0.357110,393
PREPCSV,/mnt/beegfs/ysu34/hamlib/dia_e2e/O2c_16_5.txt,65536,1243,spmv,cusparse_csr,331.484,3.747,0.053760,6236
PREPCSV,/mnt/beegfs/ysu34/hamlib/dia_e2e/O2c_16_5.txt,65536,1243,spmspm,ours_flat,2318.631,7.679,283.617310,8
# hm_atomic skipped: C nnz 3826555296 exceeds HM int32 layout
PREPCSV,/mnt/beegfs/ysu34/hamlib/dia_e2e/O2c_16_5.txt,65536,1243,spmspm,ours_sym,98.386,27.152,-1.000000,-1
PREPCSV,/mnt/beegfs/ysu34/hamlib/dia_e2e/O2c_16_5.txt,65536,1243,spmspm,ours_sym,98.386,27.152,133.655579,1
SPMSPMCSV,/mnt/beegfs/ysu34/hamlib/dia_e2e/O2c_16_5.txt,65536,1243,100569,3826555296,ours_flat,283.586151,0.000e+00
SPMSPMCSV,/mnt/beegfs/ysu34/hamlib/dia_e2e/O2c_16_5.txt,65536,1243,100569,3826555296,ours_sym,133.647827,1.221e-04
# hm_atomic skipped: C nnz 3826555296 exceeds HM int32 layout
SPMSPMCSV,/mnt/beegfs/ysu34/hamlib/dia_e2e/O2c_16_5.txt,65536,1243,100569,3826555296,diaq_fp32,1441.236450,6.104e-05
SPMSPMCSV,/mnt/beegfs/ysu34/hamlib/dia_e2e/O2c_16_5.txt,65536,1243,100569,3826555296,cusparse_spgemm,38.230080,-1.000e+00
CSRNNZ,/mnt/beegfs/ysu34/hamlib/dia_e2e/O2c_16_5.txt,64895428,4830852,0.0744
PREPCSV,/mnt/beegfs/ysu34/hamlib/dia_e2e/O2c_16_5.txt,65536,1243,spmv,cusparse_csr,327.386,203.916,0.051917,-1
SPMVCSV,/mnt/beegfs/ysu34/hamlib/dia_e2e/O2c_16_5.txt,65536,1243,64895428,4830852,ours_didx_nv1,0.084378,1.217e-07
SPMVCSV,/mnt/beegfs/ysu34/hamlib/dia_e2e/O2c_16_5.txt,65536,1243,64895428,4830852,ours_didx_nv2,0.112312,1.217e-07
SPMVCSV,/mnt/beegfs/ysu34/hamlib/dia_e2e/O2c_16_5.txt,65536,1243,64895428,4830852,ours_gather_nv1,0.225751,1.217e-07
SPMVCSV,/mnt/beegfs/ysu34/hamlib/dia_e2e/O2c_16_5.txt,65536,1243,64895428,4830852,ours_gather_nv2,0.270049,1.217e-07
SPMVCSV,/mnt/beegfs/ysu34/hamlib/dia_e2e/O2c_16_5.txt,65536,1243,64895428,4830852,ours_gopt_nv1,0.356885,1.488e-07
SPMVCSV,/mnt/beegfs/ysu34/hamlib/dia_e2e/O2c_16_5.txt,65536,1243,64895428,4830852,ours_gopt_nv2,0.426476,1.497e-07
# gopt plan: 10757 segs, reads 48.1% of stored band
SPMVCSV,/mnt/beegfs/ysu34/hamlib/dia_e2e/O2c_16_5.txt,65536,1243,64895428,4830852,ours_gopt_s_nv1,0.439849,1.488e-07
# auto pick=didx (D=1243 fill=0.07 rho=0.48)
SPMVCSV,/mnt/beegfs/ysu34/hamlib/dia_e2e/O2c_16_5.txt,65536,1243,64895428,4830852,ours_auto_nv1,0.084480,1.217e-07
SPMVCSV,/mnt/beegfs/ysu34/hamlib/dia_e2e/O2c_16_5.txt,65536,1243,64895428,4830852,ours_auto_nv2,0.112456,1.217e-07
SPMVCSV,/mnt/beegfs/ysu34/hamlib/dia_e2e/O2c_16_5.txt,65536,1243,64895428,4830852,csr_zskip_nv1,0.063037,1.217e-07
SPMVCSV,/mnt/beegfs/ysu34/hamlib/dia_e2e/O2c_16_5.txt,65536,1243,64895428,4830852,row_dense_nv1,0.266220,1.217e-07
SPMVCSV,/mnt/beegfs/ysu34/hamlib/dia_e2e/O2c_16_5.txt,65536,1243,64895428,4830852,cusparse_csr,0.054272,7.023e-08
SPMVCSV,/mnt/beegfs/ysu34/hamlib/dia_e2e/O2c_16_5.txt,65536,1243,64895428,4830852,diaq_fp64,0.990556,0.000e+00
SPMVCSV,/mnt/beegfs/ysu34/hamlib/dia_e2e/O2c_16_5.txt,65536,1243,64895428,4830852,diaq_fp32,0.860733,1.248e-07
E2EEVCSV,/mnt/beegfs/ysu34/hamlib/dia_e2e/O2c_16_5.txt,65536,1243,1000,5,didx,293.165,346.133,587.955,553.359,0.941,2.483e-07
E2EEVDIAQCSV,/mnt/beegfs/ysu34/hamlib/dia_e2e/O2c_16_5.txt,65536,1243,1000,5,18.307,4328.249,7.362,1.956e-07
E2EOPCSV,/mnt/beegfs/ysu34/hamlib/dia_e2e/O2c_16_5.txt,65536,1243,2,100569,3826555296,2141.479,283.646,-1
E2EOPCSV,/mnt/beegfs/ysu34/hamlib/dia_e2e/O2c_16_5.txt,65536,1243,3,131071,4294967296,166871.309,21167.473,-1
# opbuild wall: Unnz=4294967296 (int32 index limit)
E2EOPBUILDCSV,/mnt/beegfs/ysu34/hamlib/dia_e2e/O2c_16_5.txt,65536,5,131071,4294967296,-1,-1,-1
# opbuild(sym) wall: Unnz=2147516416 (int32 index limit)
E2EOPBUILDCSV,/mnt/beegfs/ysu34/hamlib/dia_e2e/O2c_16_5.txt,65536,5,65536,2147516416,-1,-1,-1
== [2] O2c_20_5 ==
PREPCSV,/mnt/beegfs/ysu34/hamlib/dia_e2e/O2c_20_5.txt,1048576,3359,spmv,didx,7263.221,81.989,4.753387,1545
# didx_sym skipped: non-symmetric or Dup>128
PREPCSV,/mnt/beegfs/ysu34/hamlib/dia_e2e/O2c_20_5.txt,1048576,3359,spmv,gopt,6663.173,260.330,2.846351,2432
# cusparse_csr(32I) impossible (H nnz 2885216396); running 64I
PREPCSV,/mnt/beegfs/ysu34/hamlib/dia_e2e/O2c_20_5.txt,1048576,3359,spmv,cusparse_csr_64i,20579.410,164.760,1.856655,11173
CUDA prep_driver.cu:324 out of memory
CUDA spmspm_driver.cu:94 out of memory
CSRNNZ,/mnt/beegfs/ysu34/hamlib/dia_e2e/O2c_20_5.txt,2885216396,205269418,0.0711
PREPCSV,/mnt/beegfs/ysu34/hamlib/dia_e2e/O2c_20_5.txt,1048576,3359,spmv,cusparse_csr,20424.596,317.255,1.500119,-1
SPMVCSV,/mnt/beegfs/ysu34/hamlib/dia_e2e/O2c_20_5.txt,1048576,3359,2885216396,205269418,ours_didx_nv1,4.752220,2.061e-07
SPMVCSV,/mnt/beegfs/ysu34/hamlib/dia_e2e/O2c_20_5.txt,1048576,3359,2885216396,205269418,ours_didx_nv2,6.880952,2.062e-07
SPMVCSV,/mnt/beegfs/ysu34/hamlib/dia_e2e/O2c_20_5.txt,1048576,3359,2885216396,205269418,ours_gather_nv1,8.433684,2.061e-07
SPMVCSV,/mnt/beegfs/ysu34/hamlib/dia_e2e/O2c_20_5.txt,1048576,3359,2885216396,205269418,ours_gather_nv2,14.577991,2.062e-07
SPMVCSV,/mnt/beegfs/ysu34/hamlib/dia_e2e/O2c_20_5.txt,1048576,3359,2885216396,205269418,ours_gopt_nv1,2.847846,2.426e-07
SPMVCSV,/mnt/beegfs/ysu34/hamlib/dia_e2e/O2c_20_5.txt,1048576,3359,2885216396,205269418,ours_gopt_nv2,3.344671,2.426e-07
# gopt plan: 283107 segs, reads 34.2% of stored band
SPMVCSV,/mnt/beegfs/ysu34/hamlib/dia_e2e/O2c_20_5.txt,1048576,3359,2885216396,205269418,ours_gopt_s_nv1,3.188224,2.426e-07
# auto pick=gopt (D=3359 fill=0.07 rho=0.34)
SPMVCSV,/mnt/beegfs/ysu34/hamlib/dia_e2e/O2c_20_5.txt,1048576,3359,2885216396,205269418,ours_auto_nv1,2.842378,2.426e-07
SPMVCSV,/mnt/beegfs/ysu34/hamlib/dia_e2e/O2c_20_5.txt,1048576,3359,2885216396,205269418,ours_auto_nv2,3.343544,2.426e-07
SPMVCSV,/mnt/beegfs/ysu34/hamlib/dia_e2e/O2c_20_5.txt,1048576,3359,2885216396,205269418,csr_zskip_nv1,3.301888,2.061e-07
SPMVCSV,/mnt/beegfs/ysu34/hamlib/dia_e2e/O2c_20_5.txt,1048576,3359,2885216396,205269418,row_dense_nv1,7.738737,2.061e-07
SPMVCSV,/mnt/beegfs/ysu34/hamlib/dia_e2e/O2c_20_5.txt,1048576,3359,2885216396,205269418,cusparse_csr,1.519288,7.921e-08
SPMVCSV,/mnt/beegfs/ysu34/hamlib/dia_e2e/O2c_20_5.txt,1048576,3359,2885216396,205269418,diaq_fp64,30.530254,0.000e+00
SPMVCSV,/mnt/beegfs/ysu34/hamlib/dia_e2e/O2c_20_5.txt,1048576,3359,2885216396,205269418,diaq_fp32,16.356230,2.080e-07
# cusparse arm skipped: H nnz 2885216396 > INT32_MAX
E2EEVCSV,/mnt/beegfs/ysu34/hamlib/dia_e2e/O2c_20_5.txt,1048576,3359,1000,5,gopt,7120.661,0.000,16856.762,-1.000,-1.000,-1.000e+00
E2EEVDIAQCSV,/mnt/beegfs/ysu34/hamlib/dia_e2e/O2c_20_5.txt,1048576,3359,1000,5,775.397,81998.695,4.864,2.151e-07
E2EOPCSV,/mnt/beegfs/ysu34/hamlib/dia_e2e/O2c_20_5.txt,1048576,3359,2,932391,622284972764,-1,-1,-1
# opbuild wall: Unnz=1099511627776 (int32 index limit)
E2EOPBUILDCSV,/mnt/beegfs/ysu34/hamlib/dia_e2e/O2c_20_5.txt,1048576,5,2097151,1099511627776,-1,-1,-1
# opbuild(sym) wall: Unnz=549756338176 (int32 index limit)
E2EOPBUILDCSV,/mnt/beegfs/ysu34/hamlib/dia_e2e/O2c_20_5.txt,1048576,5,1048576,549756338176,-1,-1,-1
== [2] qmaxcut_16_4 ==
PREPCSV,/mnt/beegfs/ysu34/hamlib/dia_e2e/qmaxcut_16_4.txt,65536,31,spmv,didx,3.414,0.419,0.006205,618
PREPCSV,/mnt/beegfs/ysu34/hamlib/dia_e2e/qmaxcut_16_4.txt,65536,31,spmv,didx_sym,1.671,0.520,0.006717,326
PREPCSV,/mnt/beegfs/ysu34/hamlib/dia_e2e/qmaxcut_16_4.txt,65536,31,spmv,gopt,3.366,0.437,0.008212,463
PREPCSV,/mnt/beegfs/ysu34/hamlib/dia_e2e/qmaxcut_16_4.txt,65536,31,spmv,cusparse_csr,9.199,0.913,0.021135,478
PREPCSV,/mnt/beegfs/ysu34/hamlib/dia_e2e/qmaxcut_16_4.txt,65536,31,spmspm,ours_flat,0.537,0.218,0.106373,7
PREPCSV,/mnt/beegfs/ysu34/hamlib/dia_e2e/qmaxcut_16_4.txt,65536,31,spmspm,hm_atomic,6.762,1.057,0.160973,49
PREPCSV,/mnt/beegfs/ysu34/hamlib/dia_e2e/qmaxcut_16_4.txt,65536,31,spmspm,ours_sym,0.155,1.284,-1.000000,-1
PREPCSV,/mnt/beegfs/ysu34/hamlib/dia_e2e/qmaxcut_16_4.txt,65536,31,spmspm,ours_sym,0.155,1.284,0.055562,26
SPMSPMCSV,/mnt/beegfs/ysu34/hamlib/dia_e2e/qmaxcut_16_4.txt,65536,31,481,15138746,ours_flat,0.107141,0.000e+00
SPMSPMCSV,/mnt/beegfs/ysu34/hamlib/dia_e2e/qmaxcut_16_4.txt,65536,31,481,15138746,ours_sym,0.055654,0.000e+00
SPMSPMCSV,/mnt/beegfs/ysu34/hamlib/dia_e2e/qmaxcut_16_4.txt,65536,31,481,15138746,hm_atomic,0.160952,0.000e+00
SPMSPMCSV,/mnt/beegfs/ysu34/hamlib/dia_e2e/qmaxcut_16_4.txt,65536,31,481,15138746,diaq_fp32,4.375829,0.000e+00
SPMSPMCSV,/mnt/beegfs/ysu34/hamlib/dia_e2e/qmaxcut_16_4.txt,65536,31,481,15138746,cusparse_spgemm,4.252019,-1.000e+00
CSRNNZ,/mnt/beegfs/ysu34/hamlib/dia_e2e/qmaxcut_16_4.txt,1114110,557056,0.5000
PREPCSV,/mnt/beegfs/ysu34/hamlib/dia_e2e/qmaxcut_16_4.txt,65536,31,spmv,cusparse_csr,9.215,178.852,0.020664,-1
SPMVCSV,/mnt/beegfs/ysu34/hamlib/dia_e2e/qmaxcut_16_4.txt,65536,31,1114110,557056,ours_didx_nv1,0.006205,5.857e-08
SPMVCSV,/mnt/beegfs/ysu34/hamlib/dia_e2e/qmaxcut_16_4.txt,65536,31,1114110,557056,ours_didx_nv2,0.006697,5.857e-08
SPMVCSV,/mnt/beegfs/ysu34/hamlib/dia_e2e/qmaxcut_16_4.txt,65536,31,1114110,557056,ours_gather_nv1,0.007291,5.857e-08
SPMVCSV,/mnt/beegfs/ysu34/hamlib/dia_e2e/qmaxcut_16_4.txt,65536,31,1114110,557056,ours_gather_nv2,0.008069,5.857e-08
SPMVCSV,/mnt/beegfs/ysu34/hamlib/dia_e2e/qmaxcut_16_4.txt,65536,31,1114110,557056,ours_gopt_nv1,0.008151,5.881e-08
SPMVCSV,/mnt/beegfs/ysu34/hamlib/dia_e2e/qmaxcut_16_4.txt,65536,31,1114110,557056,ours_gopt_nv2,0.009892,5.881e-08
SPMVCSV,/mnt/beegfs/ysu34/hamlib/dia_e2e/qmaxcut_16_4.txt,65536,31,1114110,557056,ours_gopt_s_nv1,0.009032,5.881e-08
# gopt plan: 83 segs, reads 79.2% of stored band
# auto pick=didx (D=31 fill=0.50 rho=0.79)
SPMVCSV,/mnt/beegfs/ysu34/hamlib/dia_e2e/qmaxcut_16_4.txt,65536,31,1114110,557056,ours_auto_nv1,0.006205,5.857e-08
SPMVCSV,/mnt/beegfs/ysu34/hamlib/dia_e2e/qmaxcut_16_4.txt,65536,31,1114110,557056,ours_auto_nv2,0.006738,5.857e-08
SPMVCSV,/mnt/beegfs/ysu34/hamlib/dia_e2e/qmaxcut_16_4.txt,65536,31,1114110,557056,csr_zskip_nv1,0.006697,5.857e-08
SPMVCSV,/mnt/beegfs/ysu34/hamlib/dia_e2e/qmaxcut_16_4.txt,65536,31,1114110,557056,row_dense_nv1,0.006799,5.857e-08
SPMVCSV,/mnt/beegfs/ysu34/hamlib/dia_e2e/qmaxcut_16_4.txt,65536,31,1114110,557056,cusparse_csr,0.020972,5.268e-08
SPMVCSV,/mnt/beegfs/ysu34/hamlib/dia_e2e/qmaxcut_16_4.txt,65536,31,1114110,557056,diaq_fp64,0.015667,0.000e+00
SPMVCSV,/mnt/beegfs/ysu34/hamlib/dia_e2e/qmaxcut_16_4.txt,65536,31,1114110,557056,diaq_fp32,0.013722,5.978e-08
E2EEVCSV,/mnt/beegfs/ysu34/hamlib/dia_e2e/qmaxcut_16_4.txt,65536,31,1000,4,didx,7.326,10.015,43.618,186.440,4.274,1.000e-07
E2EEVDIAQCSV,/mnt/beegfs/ysu34/hamlib/dia_e2e/qmaxcut_16_4.txt,65536,31,1000,4,0.499,70.818,1.624,5.704e-08
E2EOPCSV,/mnt/beegfs/ysu34/hamlib/dia_e2e/qmaxcut_16_4.txt,65536,31,2,481,15138746,0.348,0.108,-1
E2EOPCSV,/mnt/beegfs/ysu34/hamlib/dia_e2e/qmaxcut_16_4.txt,65536,31,3,3031,103776028,21.283,1.228,-1
E2EOPBUILDCSV,/mnt/beegfs/ysu34/hamlib/dia_e2e/qmaxcut_16_4.txt,65536,4,15507,499792596,677.084,908.639,1.342
E2EOPBUILDCSV,/mnt/beegfs/ysu34/hamlib/dia_e2e/qmaxcut_16_4.txt,65536,4,7754,249929066,48.580,-1,-1
== [2] qmaxcut_18_4 ==
PREPCSV,/mnt/beegfs/ysu34/hamlib/dia_e2e/qmaxcut_18_4.txt,262144,35,spmv,didx,13.295,1.426,0.012554,1173
PREPCSV,/mnt/beegfs/ysu34/hamlib/dia_e2e/qmaxcut_18_4.txt,262144,35,spmv,didx_sym,7.518,2.183,0.012616,769
PREPCSV,/mnt/beegfs/ysu34/hamlib/dia_e2e/qmaxcut_18_4.txt,262144,35,spmv,gopt,12.207,1.644,0.010486,1321
PREPCSV,/mnt/beegfs/ysu34/hamlib/dia_e2e/qmaxcut_18_4.txt,262144,35,spmv,cusparse_csr,41.102,2.530,0.037069,1177
PREPCSV,/mnt/beegfs/ysu34/hamlib/dia_e2e/qmaxcut_18_4.txt,262144,35,spmspm,ours_flat,1.548,0.399,0.537231,4
PREPCSV,/mnt/beegfs/ysu34/hamlib/dia_e2e/qmaxcut_18_4.txt,262144,35,spmspm,hm_atomic,31.858,2.747,0.811110,43
PREPCSV,/mnt/beegfs/ysu34/hamlib/dia_e2e/qmaxcut_18_4.txt,262144,35,spmspm,ours_sym,0.602,2.620,-1.000000,-1
PREPCSV,/mnt/beegfs/ysu34/hamlib/dia_e2e/qmaxcut_18_4.txt,262144,35,spmspm,ours_sym,0.602,2.620,0.271503,12
SPMSPMCSV,/mnt/beegfs/ysu34/hamlib/dia_e2e/qmaxcut_18_4.txt,262144,35,613,77332402,ours_flat,0.538440,0.000e+00
SPMSPMCSV,/mnt/beegfs/ysu34/hamlib/dia_e2e/qmaxcut_18_4.txt,262144,35,613,77332402,ours_sym,0.270981,0.000e+00
SPMSPMCSV,/mnt/beegfs/ysu34/hamlib/dia_e2e/qmaxcut_18_4.txt,262144,35,613,77332402,hm_atomic,0.812134,0.000e+00
SPMSPMCSV,/mnt/beegfs/ysu34/hamlib/dia_e2e/qmaxcut_18_4.txt,262144,35,613,77332402,diaq_fp32,21.134602,0.000e+00
SPMSPMCSV,/mnt/beegfs/ysu34/hamlib/dia_e2e/qmaxcut_18_4.txt,262144,35,613,77332402,cusparse_spgemm,6.347430,-1.000e+00
CSRNNZ,/mnt/beegfs/ysu34/hamlib/dia_e2e/qmaxcut_18_4.txt,4980734,2490368,0.5000
PREPCSV,/mnt/beegfs/ysu34/hamlib/dia_e2e/qmaxcut_18_4.txt,262144,35,spmv,cusparse_csr,39.575,176.705,0.036659,-1
SPMVCSV,/mnt/beegfs/ysu34/hamlib/dia_e2e/qmaxcut_18_4.txt,262144,35,4980734,2490368,ours_didx_nv1,0.012452,6.216e-08
SPMVCSV,/mnt/beegfs/ysu34/hamlib/dia_e2e/qmaxcut_18_4.txt,262144,35,4980734,2490368,ours_didx_nv2,0.014234,6.217e-08
SPMVCSV,/mnt/beegfs/ysu34/hamlib/dia_e2e/qmaxcut_18_4.txt,262144,35,4980734,2490368,ours_gather_nv1,0.016855,6.216e-08
SPMVCSV,/mnt/beegfs/ysu34/hamlib/dia_e2e/qmaxcut_18_4.txt,262144,35,4980734,2490368,ours_gather_nv2,0.032256,6.217e-08
SPMVCSV,/mnt/beegfs/ysu34/hamlib/dia_e2e/qmaxcut_18_4.txt,262144,35,4980734,2490368,ours_gopt_nv1,0.010404,6.226e-08
SPMVCSV,/mnt/beegfs/ysu34/hamlib/dia_e2e/qmaxcut_18_4.txt,262144,35,4980734,2490368,ours_gopt_nv2,0.013414,6.228e-08
# gopt plan: 275 segs, reads 76.3% of stored band
SPMVCSV,/mnt/beegfs/ysu34/hamlib/dia_e2e/qmaxcut_18_4.txt,262144,35,4980734,2490368,ours_gopt_s_nv1,0.010527,6.226e-08
# auto pick=didx (D=35 fill=0.50 rho=0.76)
SPMVCSV,/mnt/beegfs/ysu34/hamlib/dia_e2e/qmaxcut_18_4.txt,262144,35,4980734,2490368,ours_auto_nv1,0.012431,6.216e-08
SPMVCSV,/mnt/beegfs/ysu34/hamlib/dia_e2e/qmaxcut_18_4.txt,262144,35,4980734,2490368,ours_auto_nv2,0.014316,6.217e-08
SPMVCSV,/mnt/beegfs/ysu34/hamlib/dia_e2e/qmaxcut_18_4.txt,262144,35,4980734,2490368,csr_zskip_nv1,0.015544,6.216e-08
SPMVCSV,/mnt/beegfs/ysu34/hamlib/dia_e2e/qmaxcut_18_4.txt,262144,35,4980734,2490368,row_dense_nv1,0.015667,6.216e-08
SPMVCSV,/mnt/beegfs/ysu34/hamlib/dia_e2e/qmaxcut_18_4.txt,262144,35,4980734,2490368,cusparse_csr,0.036372,5.465e-08
SPMVCSV,/mnt/beegfs/ysu34/hamlib/dia_e2e/qmaxcut_18_4.txt,262144,35,4980734,2490368,diaq_fp64,0.068649,0.000e+00
SPMVCSV,/mnt/beegfs/ysu34/hamlib/dia_e2e/qmaxcut_18_4.txt,262144,35,4980734,2490368,diaq_fp32,0.043213,6.332e-08
E2EEVCSV,/mnt/beegfs/ysu34/hamlib/dia_e2e/qmaxcut_18_4.txt,262144,35,1000,4,didx,27.533,43.150,78.917,350.199,4.438,1.063e-07
E2EEVDIAQCSV,/mnt/beegfs/ysu34/hamlib/dia_e2e/qmaxcut_18_4.txt,262144,35,1000,4,1.722,201.903,2.558,6.257e-08
E2EOPCSV,/mnt/beegfs/ysu34/hamlib/dia_e2e/qmaxcut_18_4.txt,262144,35,2,613,77332402,0.964,0.538,-1
E2EOPCSV,/mnt/beegfs/ysu34/hamlib/dia_e2e/qmaxcut_18_4.txt,262144,35,3,4455,608304862,44.372,7.345,-1
# opbuild wall: Unnz=3485530152 (int32 index limit)
E2EOPBUILDCSV,/mnt/beegfs/ysu34/hamlib/dia_e2e/qmaxcut_18_4.txt,262144,4,27051,3485530152,-1,-1,-1
E2EOPBUILDCSV,/mnt/beegfs/ysu34/hamlib/dia_e2e/qmaxcut_18_4.txt,262144,4,13526,1742896148,165.557,-1,-1
== [2] qmaxcut_20_4 ==
PREPCSV,/mnt/beegfs/ysu34/hamlib/dia_e2e/qmaxcut_20_4.txt,1048576,39,spmv,didx,81.767,4.874,0.061399,1411
PREPCSV,/mnt/beegfs/ysu34/hamlib/dia_e2e/qmaxcut_20_4.txt,1048576,39,spmv,didx_sym,30.472,7.840,0.062874,609
PREPCSV,/mnt/beegfs/ysu34/hamlib/dia_e2e/qmaxcut_20_4.txt,1048576,39,spmv,gopt,63.690,5.008,0.054845,1253
PREPCSV,/mnt/beegfs/ysu34/hamlib/dia_e2e/qmaxcut_20_4.txt,1048576,39,spmv,cusparse_csr,208.437,7.772,0.091873,2353
PREPCSV,/mnt/beegfs/ysu34/hamlib/dia_e2e/qmaxcut_20_4.txt,1048576,39,spmspm,ours_flat,5.734,0.739,2.824622,2
PREPCSV,/mnt/beegfs/ysu34/hamlib/dia_e2e/qmaxcut_20_4.txt,1048576,39,spmspm,hm_atomic,163.719,8.134,4.820029,36
PREPCSV,/mnt/beegfs/ysu34/hamlib/dia_e2e/qmaxcut_20_4.txt,1048576,39,spmspm,ours_sym,2.816,2.986,-1.000000,-1
PREPCSV,/mnt/beegfs/ysu34/hamlib/dia_e2e/qmaxcut_20_4.txt,1048576,39,spmspm,ours_sym,2.816,2.986,1.441280,4
SPMSPMCSV,/mnt/beegfs/ysu34/hamlib/dia_e2e/qmaxcut_20_4.txt,1048576,39,761,384827306,ours_flat,2.823731,0.000e+00
SPMSPMCSV,/mnt/beegfs/ysu34/hamlib/dia_e2e/qmaxcut_20_4.txt,1048576,39,761,384827306,ours_sym,1.439078,0.000e+00
SPMSPMCSV,/mnt/beegfs/ysu34/hamlib/dia_e2e/qmaxcut_20_4.txt,1048576,39,761,384827306,hm_atomic,4.819845,0.000e+00
SPMSPMCSV,/mnt/beegfs/ysu34/hamlib/dia_e2e/qmaxcut_20_4.txt,1048576,39,761,384827306,diaq_fp32,104.255478,0.000e+00
SPMSPMCSV,/mnt/beegfs/ysu34/hamlib/dia_e2e/qmaxcut_20_4.txt,1048576,39,761,384827306,cusparse_spgemm,13.039373,-1.000e+00
CSRNNZ,/mnt/beegfs/ysu34/hamlib/dia_e2e/qmaxcut_20_4.txt,22020094,11010048,0.5000
PREPCSV,/mnt/beegfs/ysu34/hamlib/dia_e2e/qmaxcut_20_4.txt,1048576,39,spmv,cusparse_csr,203.150,192.826,0.091423,-1
SPMVCSV,/mnt/beegfs/ysu34/hamlib/dia_e2e/qmaxcut_20_4.txt,1048576,39,22020094,11010048,ours_didx_nv1,0.061522,6.498e-08
SPMVCSV,/mnt/beegfs/ysu34/hamlib/dia_e2e/qmaxcut_20_4.txt,1048576,39,22020094,11010048,ours_didx_nv2,0.072274,6.513e-08
SPMVCSV,/mnt/beegfs/ysu34/hamlib/dia_e2e/qmaxcut_20_4.txt,1048576,39,22020094,11010048,ours_gather_nv1,0.081121,6.498e-08
SPMVCSV,/mnt/beegfs/ysu34/hamlib/dia_e2e/qmaxcut_20_4.txt,1048576,39,22020094,11010048,ours_gather_nv2,0.141292,6.513e-08
SPMVCSV,/mnt/beegfs/ysu34/hamlib/dia_e2e/qmaxcut_20_4.txt,1048576,39,22020094,11010048,ours_gopt_nv1,0.054968,6.501e-08
SPMVCSV,/mnt/beegfs/ysu34/hamlib/dia_e2e/qmaxcut_20_4.txt,1048576,39,22020094,11010048,ours_gopt_nv2,0.061583,6.517e-08
# gopt plan: 1043 segs, reads 73.8% of stored band
SPMVCSV,/mnt/beegfs/ysu34/hamlib/dia_e2e/qmaxcut_20_4.txt,1048576,39,22020094,11010048,ours_gopt_s_nv1,0.057467,6.501e-08
# auto pick=didx (D=39 fill=0.50 rho=0.74)
SPMVCSV,/mnt/beegfs/ysu34/hamlib/dia_e2e/qmaxcut_20_4.txt,1048576,39,22020094,11010048,ours_auto_nv1,0.061276,6.498e-08
SPMVCSV,/mnt/beegfs/ysu34/hamlib/dia_e2e/qmaxcut_20_4.txt,1048576,39,22020094,11010048,ours_auto_nv2,0.072212,6.513e-08
SPMVCSV,/mnt/beegfs/ysu34/hamlib/dia_e2e/qmaxcut_20_4.txt,1048576,39,22020094,11010048,csr_zskip_nv1,0.085033,6.498e-08
SPMVCSV,/mnt/beegfs/ysu34/hamlib/dia_e2e/qmaxcut_20_4.txt,1048576,39,22020094,11010048,row_dense_nv1,0.074854,6.498e-08
SPMVCSV,/mnt/beegfs/ysu34/hamlib/dia_e2e/qmaxcut_20_4.txt,1048576,39,22020094,11010048,cusparse_csr,0.091853,5.598e-08
SPMVCSV,/mnt/beegfs/ysu34/hamlib/dia_e2e/qmaxcut_20_4.txt,1048576,39,22020094,11010048,diaq_fp64,0.286351,0.000e+00
SPMVCSV,/mnt/beegfs/ysu34/hamlib/dia_e2e/qmaxcut_20_4.txt,1048576,39,22020094,11010048,diaq_fp32,0.154399,6.615e-08
E2EEVCSV,/mnt/beegfs/ysu34/hamlib/dia_e2e/qmaxcut_20_4.txt,1048576,39,1000,4,didx,155.693,216.327,361.381,851.805,2.357,1.115e-07
E2EEVDIAQCSV,/mnt/beegfs/ysu34/hamlib/dia_e2e/qmaxcut_20_4.txt,1048576,39,1000,4,6.459,708.116,1.959,6.784e-08
E2EOPCSV,/mnt/beegfs/ysu34/hamlib/dia_e2e/qmaxcut_20_4.txt,1048576,39,2,761,384827306,3.529,2.825,-1
E2EOPCSV,/mnt/beegfs/ysu34/hamlib/dia_e2e/qmaxcut_20_4.txt,1048576,39,3,6271,3415735960,103.681,44.744,-1
# opbuild wall: Unnz=22750164124 (int32 index limit)
E2EOPBUILDCSV,/mnt/beegfs/ysu34/hamlib/dia_e2e/qmaxcut_20_4.txt,1048576,4,44143,22750164124,-1,-1,-1
# opbuild(sym) wall: Unnz=11375606350 (int32 index limit)
E2EOPBUILDCSV,/mnt/beegfs/ysu34/hamlib/dia_e2e/qmaxcut_20_4.txt,1048576,4,22072,11375606350,-1,-1,-1
== [2] qmaxcutC_18_4 ==
PREPCSV,/mnt/beegfs/ysu34/hamlib/dia_e2e/qmaxcutC_18_4.txt,262144,73,spmv,didx,57.757,2.405,0.026296,2288
PREPCSV,/mnt/beegfs/ysu34/hamlib/dia_e2e/qmaxcutC_18_4.txt,262144,73,spmv,didx_sym,19.904,5.697,0.026276,974
PREPCSV,/mnt/beegfs/ysu34/hamlib/dia_e2e/qmaxcutC_18_4.txt,262144,73,spmv,gopt,45.096,4.027,0.048517,1012
PREPCSV,/mnt/beegfs/ysu34/hamlib/dia_e2e/qmaxcutC_18_4.txt,262144,73,spmv,cusparse_csr,109.043,4.045,0.057119,1980
PREPCSV,/mnt/beegfs/ysu34/hamlib/dia_e2e/qmaxcutC_18_4.txt,262144,73,spmspm,ours_flat,7.015,0.766,5.425848,1
PREPCSV,/mnt/beegfs/ysu34/hamlib/dia_e2e/qmaxcutC_18_4.txt,262144,73,spmspm,hm_atomic,182.434,6.722,11.378504,17
PREPCSV,/mnt/beegfs/ysu34/hamlib/dia_e2e/qmaxcutC_18_4.txt,262144,73,spmspm,ours_sym,2.185,4.152,-1.000000,-1
PREPCSV,/mnt/beegfs/ysu34/hamlib/dia_e2e/qmaxcutC_18_4.txt,262144,73,spmspm,ours_sym,2.185,4.152,2.573435,2
SPMSPMCSV,/mnt/beegfs/ysu34/hamlib/dia_e2e/qmaxcutC_18_4.txt,262144,73,1995,447316210,ours_flat,5.426708,0.000e+00
SPMSPMCSV,/mnt/beegfs/ysu34/hamlib/dia_e2e/qmaxcutC_18_4.txt,262144,73,1995,447316210,ours_sym,2.571950,0.000e+00
SPMSPMCSV,/mnt/beegfs/ysu34/hamlib/dia_e2e/qmaxcutC_18_4.txt,262144,73,1995,447316210,hm_atomic,11.366962,0.000e+00
SPMSPMCSV,/mnt/beegfs/ysu34/hamlib/dia_e2e/qmaxcutC_18_4.txt,262144,73,1995,447316210,diaq_fp32,88.644226,0.000e+00
SPMSPMCSV,/mnt/beegfs/ysu34/hamlib/dia_e2e/qmaxcutC_18_4.txt,262144,73,1995,447316210,cusparse_spgemm,11.123798,-1.000e+00
CSRNNZ,/mnt/beegfs/ysu34/hamlib/dia_e2e/qmaxcutC_18_4.txt,17825808,4912412,0.2756
PREPCSV,/mnt/beegfs/ysu34/hamlib/dia_e2e/qmaxcutC_18_4.txt,262144,73,spmv,cusparse_csr,100.767,189.286,0.055869,-1
SPMVCSV,/mnt/beegfs/ysu34/hamlib/dia_e2e/qmaxcutC_18_4.txt,262144,73,17825808,4912412,ours_didx_nv1,0.026112,8.373e-08
SPMVCSV,/mnt/beegfs/ysu34/hamlib/dia_e2e/qmaxcutC_18_4.txt,262144,73,17825808,4912412,ours_didx_nv2,0.031867,8.392e-08
SPMVCSV,/mnt/beegfs/ysu34/hamlib/dia_e2e/qmaxcutC_18_4.txt,262144,73,17825808,4912412,ours_gather_nv1,0.066171,8.373e-08
SPMVCSV,/mnt/beegfs/ysu34/hamlib/dia_e2e/qmaxcutC_18_4.txt,262144,73,17825808,4912412,ours_gather_nv2,0.172564,8.392e-08
SPMVCSV,/mnt/beegfs/ysu34/hamlib/dia_e2e/qmaxcutC_18_4.txt,262144,73,17825808,4912412,ours_gopt_nv1,0.046100,8.488e-08
SPMVCSV,/mnt/beegfs/ysu34/hamlib/dia_e2e/qmaxcutC_18_4.txt,262144,73,17825808,4912412,ours_gopt_nv2,0.053760,8.501e-08
# gopt plan: 1189 segs, reads 68.4% of stored band
SPMVCSV,/mnt/beegfs/ysu34/hamlib/dia_e2e/qmaxcutC_18_4.txt,262144,73,17825808,4912412,ours_gopt_s_nv1,0.052756,8.488e-08
# auto pick=didx (D=73 fill=0.28 rho=0.68)
SPMVCSV,/mnt/beegfs/ysu34/hamlib/dia_e2e/qmaxcutC_18_4.txt,262144,73,17825808,4912412,ours_auto_nv1,0.026153,8.373e-08
SPMVCSV,/mnt/beegfs/ysu34/hamlib/dia_e2e/qmaxcutC_18_4.txt,262144,73,17825808,4912412,ours_auto_nv2,0.031990,8.392e-08
SPMVCSV,/mnt/beegfs/ysu34/hamlib/dia_e2e/qmaxcutC_18_4.txt,262144,73,17825808,4912412,csr_zskip_nv1,0.049009,8.373e-08
SPMVCSV,/mnt/beegfs/ysu34/hamlib/dia_e2e/qmaxcutC_18_4.txt,262144,73,17825808,4912412,row_dense_nv1,0.057487,8.373e-08
SPMVCSV,/mnt/beegfs/ysu34/hamlib/dia_e2e/qmaxcutC_18_4.txt,262144,73,17825808,4912412,cusparse_csr,0.056771,6.351e-08
SPMVCSV,/mnt/beegfs/ysu34/hamlib/dia_e2e/qmaxcutC_18_4.txt,262144,73,17825808,4912412,diaq_fp64,0.215900,0.000e+00
SPMVCSV,/mnt/beegfs/ysu34/hamlib/dia_e2e/qmaxcutC_18_4.txt,262144,73,17825808,4912412,diaq_fp32,0.133673,8.419e-08
E2EEVCSV,/mnt/beegfs/ysu34/hamlib/dia_e2e/qmaxcutC_18_4.txt,262144,73,1000,4,didx,113.867,106.391,162.870,474.382,2.913,1.468e-07
E2EEVDIAQCSV,/mnt/beegfs/ysu34/hamlib/dia_e2e/qmaxcutC_18_4.txt,262144,73,1000,4,5.283,576.821,3.542,9.377e-08
E2EOPCSV,/mnt/beegfs/ysu34/hamlib/dia_e2e/qmaxcutC_18_4.txt,262144,73,2,1995,447316210,6.112,5.427,-1
E2EOPCSV,/mnt/beegfs/ysu34/hamlib/dia_e2e/qmaxcutC_18_4.txt,262144,73,3,25185,5108188748,839.976,152.066,-1
# opbuild wall: Unnz=26670401436 (int32 index limit)
E2EOPBUILDCSV,/mnt/beegfs/ysu34/hamlib/dia_e2e/qmaxcutC_18_4.txt,262144,4,149585,26670401436,-1,-1,-1
# opbuild(sym) wall: Unnz=13335331790 (int32 index limit)
E2EOPBUILDCSV,/mnt/beegfs/ysu34/hamlib/dia_e2e/qmaxcutC_18_4.txt,262144,4,74793,13335331790,-1,-1,-1
== [2] qmaxcutK_18_4 ==
PREPCSV,/mnt/beegfs/ysu34/hamlib/dia_e2e/qmaxcutK_18_4.txt,262144,19,spmv,didx,10.992,1.016,0.008765,1370
PREPCSV,/mnt/beegfs/ysu34/hamlib/dia_e2e/qmaxcutK_18_4.txt,262144,19,spmv,didx_sym,5.787,2.082,0.009728,809
PREPCSV,/mnt/beegfs/ysu34/hamlib/dia_e2e/qmaxcutK_18_4.txt,262144,19,spmv,gopt,14.210,1.897,0.011878,1356
PREPCSV,/mnt/beegfs/ysu34/hamlib/dia_e2e/qmaxcutK_18_4.txt,262144,19,spmv,cusparse_csr,10.886,1.686,0.030822,408
PREPCSV,/mnt/beegfs/ysu34/hamlib/dia_e2e/qmaxcutK_18_4.txt,262144,19,spmspm,ours_flat,0.937,0.328,0.364564,3
PREPCSV,/mnt/beegfs/ysu34/hamlib/dia_e2e/qmaxcutK_18_4.txt,262144,19,spmspm,hm_atomic,16.689,2.658,0.770826,25
PREPCSV,/mnt/beegfs/ysu34/hamlib/dia_e2e/qmaxcutK_18_4.txt,262144,19,spmspm,ours_sym,0.449,3.108,-1.000000,-1
PREPCSV,/mnt/beegfs/ysu34/hamlib/dia_e2e/qmaxcutK_18_4.txt,262144,19,spmspm,ours_sym,0.449,3.108,0.175247,20
SPMSPMCSV,/mnt/beegfs/ysu34/hamlib/dia_e2e/qmaxcutK_18_4.txt,262144,19,147,37034376,ours_flat,0.364452,0.000e+00
SPMSPMCSV,/mnt/beegfs/ysu34/hamlib/dia_e2e/qmaxcutK_18_4.txt,262144,19,147,37034376,ours_sym,0.175299,0.000e+00
SPMSPMCSV,/mnt/beegfs/ysu34/hamlib/dia_e2e/qmaxcutK_18_4.txt,262144,19,147,37034376,hm_atomic,0.773652,0.000e+00
SPMSPMCSV,/mnt/beegfs/ysu34/hamlib/dia_e2e/qmaxcutK_18_4.txt,262144,19,147,37034376,diaq_fp32,19.938139,0.000e+00
SPMSPMCSV,/mnt/beegfs/ysu34/hamlib/dia_e2e/qmaxcutK_18_4.txt,262144,19,147,37034376,cusparse_spgemm,5.155478,-1.000e+00
CSRNNZ,/mnt/beegfs/ysu34/hamlib/dia_e2e/qmaxcutK_18_4.txt,4879506,1441792,0.2955
PREPCSV,/mnt/beegfs/ysu34/hamlib/dia_e2e/qmaxcutK_18_4.txt,262144,19,spmv,cusparse_csr,11.511,176.859,0.030884,-1
SPMVCSV,/mnt/beegfs/ysu34/hamlib/dia_e2e/qmaxcutK_18_4.txt,262144,19,4879506,1441792,ours_didx_nv1,0.008847,4.660e-08
SPMVCSV,/mnt/beegfs/ysu34/hamlib/dia_e2e/qmaxcutK_18_4.txt,262144,19,4879506,1441792,ours_didx_nv2,0.010117,4.679e-08
SPMVCSV,/mnt/beegfs/ysu34/hamlib/dia_e2e/qmaxcutK_18_4.txt,262144,19,4879506,1441792,ours_gather_nv1,0.011981,4.660e-08
SPMVCSV,/mnt/beegfs/ysu34/hamlib/dia_e2e/qmaxcutK_18_4.txt,262144,19,4879506,1441792,ours_gather_nv2,0.022651,4.679e-08
SPMVCSV,/mnt/beegfs/ysu34/hamlib/dia_e2e/qmaxcutK_18_4.txt,262144,19,4879506,1441792,ours_gopt_nv1,0.011899,4.671e-08
SPMVCSV,/mnt/beegfs/ysu34/hamlib/dia_e2e/qmaxcutK_18_4.txt,262144,19,4879506,1441792,ours_gopt_nv2,0.015954,4.686e-08
# gopt plan: 61 segs, reads 85.9% of stored band
SPMVCSV,/mnt/beegfs/ysu34/hamlib/dia_e2e/qmaxcutK_18_4.txt,262144,19,4879506,1441792,ours_gopt_s_nv1,0.011387,4.671e-08
# auto pick=didx (D=19 fill=0.30 rho=0.86)
SPMVCSV,/mnt/beegfs/ysu34/hamlib/dia_e2e/qmaxcutK_18_4.txt,262144,19,4879506,1441792,ours_auto_nv1,0.008827,4.660e-08
SPMVCSV,/mnt/beegfs/ysu34/hamlib/dia_e2e/qmaxcutK_18_4.txt,262144,19,4879506,1441792,ours_auto_nv2,0.010056,4.679e-08
SPMVCSV,/mnt/beegfs/ysu34/hamlib/dia_e2e/qmaxcutK_18_4.txt,262144,19,4879506,1441792,csr_zskip_nv1,0.009933,4.660e-08
SPMVCSV,/mnt/beegfs/ysu34/hamlib/dia_e2e/qmaxcutK_18_4.txt,262144,19,4879506,1441792,row_dense_nv1,0.011694,4.660e-08
SPMVCSV,/mnt/beegfs/ysu34/hamlib/dia_e2e/qmaxcutK_18_4.txt,262144,19,4879506,1441792,cusparse_csr,0.031232,4.636e-08
SPMVCSV,/mnt/beegfs/ysu34/hamlib/dia_e2e/qmaxcutK_18_4.txt,262144,19,4879506,1441792,diaq_fp64,0.067482,0.000e+00
SPMVCSV,/mnt/beegfs/ysu34/hamlib/dia_e2e/qmaxcutK_18_4.txt,262144,19,4879506,1441792,diaq_fp32,0.040960,4.865e-08
E2EEVCSV,/mnt/beegfs/ysu34/hamlib/dia_e2e/qmaxcutK_18_4.txt,262144,19,1000,4,didx,26.405,13.053,61.228,287.020,4.688,7.641e-08
E2EEVDIAQCSV,/mnt/beegfs/ysu34/hamlib/dia_e2e/qmaxcutK_18_4.txt,262144,19,1000,4,1.785,189.925,3.102,4.512e-08
E2EOPCSV,/mnt/beegfs/ysu34/hamlib/dia_e2e/qmaxcutK_18_4.txt,262144,19,2,147,37034376,0.352,0.364,-1
E2EOPCSV,/mnt/beegfs/ysu34/hamlib/dia_e2e/qmaxcutK_18_4.txt,262144,19,3,629,155370334,2.844,3.183,-1
E2EOPBUILDCSV,/mnt/beegfs/ysu34/hamlib/dia_e2e/qmaxcutK_18_4.txt,262144,4,1875,453768152,58.155,167.539,2.881
E2EOPBUILDCSV,/mnt/beegfs/ysu34/hamlib/dia_e2e/qmaxcutK_18_4.txt,262144,4,938,227015148,22.044,-1,-1
== [2] qmaxcutR_18_3 ==
PREPCSV,/mnt/beegfs/ysu34/hamlib/dia_e2e/qmaxcutR_18_3.txt,262144,9,spmv,didx,5.235,0.699,0.006902,860
PREPCSV,/mnt/beegfs/ysu34/hamlib/dia_e2e/qmaxcutR_18_3.txt,262144,9,spmv,didx_sym,2.978,1.013,0.007905,505
PREPCSV,/mnt/beegfs/ysu34/hamlib/dia_e2e/qmaxcutR_18_3.txt,262144,9,spmv,gopt,6.543,0.653,0.006840,1052
PREPCSV,/mnt/beegfs/ysu34/hamlib/dia_e2e/qmaxcutR_18_3.txt,262144,9,spmv,cusparse_csr,6.211,1.252,0.024003,311
PREPCSV,/mnt/beegfs/ysu34/hamlib/dia_e2e/qmaxcutR_18_3.txt,262144,9,spmspm,ours_flat,0.594,0.191,0.082985,9
PREPCSV,/mnt/beegfs/ysu34/hamlib/dia_e2e/qmaxcutR_18_3.txt,262144,9,spmspm,hm_atomic,6.334,1.765,0.121221,67
PREPCSV,/mnt/beegfs/ysu34/hamlib/dia_e2e/qmaxcutR_18_3.txt,262144,9,spmspm,ours_sym,0.338,0.767,-1.000000,-1
PREPCSV,/mnt/beegfs/ysu34/hamlib/dia_e2e/qmaxcutR_18_3.txt,262144,9,spmspm,ours_sym,0.338,0.767,0.039137,28
SPMSPMCSV,/mnt/beegfs/ysu34/hamlib/dia_e2e/qmaxcutR_18_3.txt,262144,9,35,9027634,ours_flat,0.082831,0.000e+00
SPMSPMCSV,/mnt/beegfs/ysu34/hamlib/dia_e2e/qmaxcutR_18_3.txt,262144,9,35,9027634,ours_sym,0.039885,0.000e+00
SPMSPMCSV,/mnt/beegfs/ysu34/hamlib/dia_e2e/qmaxcutR_18_3.txt,262144,9,35,9027634,hm_atomic,0.121139,0.000e+00
SPMSPMCSV,/mnt/beegfs/ysu34/hamlib/dia_e2e/qmaxcutR_18_3.txt,262144,9,35,9027634,diaq_fp32,9.073726,0.000e+00
SPMSPMCSV,/mnt/beegfs/ysu34/hamlib/dia_e2e/qmaxcutR_18_3.txt,262144,9,35,9027634,cusparse_spgemm,3.613152,-1.000e+00
CSRNNZ,/mnt/beegfs/ysu34/hamlib/dia_e2e/qmaxcutR_18_3.txt,2334730,688128,0.2947
PREPCSV,/mnt/beegfs/ysu34/hamlib/dia_e2e/qmaxcutR_18_3.txt,262144,9,spmv,cusparse_csr,5.479,178.479,0.023572,-1
SPMVCSV,/mnt/beegfs/ysu34/hamlib/dia_e2e/qmaxcutR_18_3.txt,262144,9,2334730,688128,ours_didx_nv1,0.006922,2.761e-08
SPMVCSV,/mnt/beegfs/ysu34/hamlib/dia_e2e/qmaxcutR_18_3.txt,262144,9,2334730,688128,ours_didx_nv2,0.007864,2.767e-08
SPMVCSV,/mnt/beegfs/ysu34/hamlib/dia_e2e/qmaxcutR_18_3.txt,262144,9,2334730,688128,ours_gather_nv1,0.008069,2.761e-08
SPMVCSV,/mnt/beegfs/ysu34/hamlib/dia_e2e/qmaxcutR_18_3.txt,262144,9,2334730,688128,ours_gather_nv2,0.012923,2.767e-08
SPMVCSV,/mnt/beegfs/ysu34/hamlib/dia_e2e/qmaxcutR_18_3.txt,262144,9,2334730,688128,ours_gopt_nv1,0.006840,2.765e-08
SPMVCSV,/mnt/beegfs/ysu34/hamlib/dia_e2e/qmaxcutR_18_3.txt,262144,9,2334730,688128,ours_gopt_nv2,0.008294,2.783e-08
# gopt plan: 321 segs, reads 50.5% of stored band
SPMVCSV,/mnt/beegfs/ysu34/hamlib/dia_e2e/qmaxcutR_18_3.txt,262144,9,2334730,688128,ours_gopt_s_nv1,0.006492,2.765e-08
# auto pick=didx (D=9 fill=0.29 rho=0.51)
SPMVCSV,/mnt/beegfs/ysu34/hamlib/dia_e2e/qmaxcutR_18_3.txt,262144,9,2334730,688128,ours_auto_nv1,0.006943,2.761e-08
SPMVCSV,/mnt/beegfs/ysu34/hamlib/dia_e2e/qmaxcutR_18_3.txt,262144,9,2334730,688128,ours_auto_nv2,0.007864,2.767e-08
SPMVCSV,/mnt/beegfs/ysu34/hamlib/dia_e2e/qmaxcutR_18_3.txt,262144,9,2334730,688128,csr_zskip_nv1,0.006881,2.761e-08
SPMVCSV,/mnt/beegfs/ysu34/hamlib/dia_e2e/qmaxcutR_18_3.txt,262144,9,2334730,688128,row_dense_nv1,0.007660,2.761e-08
SPMVCSV,/mnt/beegfs/ysu34/hamlib/dia_e2e/qmaxcutR_18_3.txt,262144,9,2334730,688128,cusparse_csr,0.023900,2.721e-08
SPMVCSV,/mnt/beegfs/ysu34/hamlib/dia_e2e/qmaxcutR_18_3.txt,262144,9,2334730,688128,diaq_fp64,0.036844,0.000e+00
SPMVCSV,/mnt/beegfs/ysu34/hamlib/dia_e2e/qmaxcutR_18_3.txt,262144,9,2334730,688128,diaq_fp32,0.013906,2.768e-08
E2EEVCSV,/mnt/beegfs/ysu34/hamlib/dia_e2e/qmaxcutR_18_3.txt,262144,9,1000,3,didx,12.649,7.447,39.563,159.506,4.032,3.959e-08
E2EEVDIAQCSV,/mnt/beegfs/ysu34/hamlib/dia_e2e/qmaxcutR_18_3.txt,262144,9,1000,3,0.883,61.642,1.558,0.000e+00
E2EOPCSV,/mnt/beegfs/ysu34/hamlib/dia_e2e/qmaxcutR_18_3.txt,262144,9,2,35,9027634,0.081,0.083,-1
E2EOPCSV,/mnt/beegfs/ysu34/hamlib/dia_e2e/qmaxcutR_18_3.txt,262144,9,3,75,19210410,0.210,0.341,-1
E2EOPBUILDCSV,/mnt/beegfs/ysu34/hamlib/dia_e2e/qmaxcutR_18_3.txt,262144,3,75,19210410,2.726,27.829,10.209
E2EOPBUILDCSV,/mnt/beegfs/ysu34/hamlib/dia_e2e/qmaxcutR_18_3.txt,262144,3,38,9736277,2.233,-1,-1
== [2] tfim_16_4 ==
PREPCSV,/mnt/beegfs/ysu34/hamlib/dia_e2e/tfim_16_4.txt,65536,33,spmv,didx,6.101,0.717,0.007209,946
PREPCSV,/mnt/beegfs/ysu34/hamlib/dia_e2e/tfim_16_4.txt,65536,33,spmv,didx_sym,2.658,0.886,0.006738,526
PREPCSV,/mnt/beegfs/ysu34/hamlib/dia_e2e/tfim_16_4.txt,65536,33,spmv,gopt,6.521,0.812,0.012288,597
PREPCSV,/mnt/beegfs/ysu34/hamlib/dia_e2e/tfim_16_4.txt,65536,33,spmv,cusparse_csr,13.915,1.372,0.028221,542
PREPCSV,/mnt/beegfs/ysu34/hamlib/dia_e2e/tfim_16_4.txt,65536,33,spmspm,ours_flat,0.695,0.238,0.228536,4
PREPCSV,/mnt/beegfs/ysu34/hamlib/dia_e2e/tfim_16_4.txt,65536,33,spmspm,hm_atomic,11.641,1.405,0.414208,31
PREPCSV,/mnt/beegfs/ysu34/hamlib/dia_e2e/tfim_16_4.txt,65536,33,spmspm,ours_sym,0.187,2.227,-1.000000,-1
PREPCSV,/mnt/beegfs/ysu34/hamlib/dia_e2e/tfim_16_4.txt,65536,33,spmspm,ours_sym,0.187,2.227,0.114627,21
SPMSPMCSV,/mnt/beegfs/ysu34/hamlib/dia_e2e/tfim_16_4.txt,65536,33,455,26181618,ours_flat,0.228751,0.000e+00
SPMSPMCSV,/mnt/beegfs/ysu34/hamlib/dia_e2e/tfim_16_4.txt,65536,33,455,26181618,ours_sym,0.114534,0.000e+00
SPMSPMCSV,/mnt/beegfs/ysu34/hamlib/dia_e2e/tfim_16_4.txt,65536,33,455,26181618,hm_atomic,0.416338,0.000e+00
SPMSPMCSV,/mnt/beegfs/ysu34/hamlib/dia_e2e/tfim_16_4.txt,65536,33,455,26181618,diaq_fp32,6.978550,0.000e+00
SPMSPMCSV,/mnt/beegfs/ysu34/hamlib/dia_e2e/tfim_16_4.txt,65536,33,455,26181618,cusparse_spgemm,5.441718,-1.000e+00
CSRNNZ,/mnt/beegfs/ysu34/hamlib/dia_e2e/tfim_16_4.txt,2031618,1114112,0.5484
PREPCSV,/mnt/beegfs/ysu34/hamlib/dia_e2e/tfim_16_4.txt,65536,33,spmv,cusparse_csr,14.795,180.905,0.028631,-1
SPMVCSV,/mnt/beegfs/ysu34/hamlib/dia_e2e/tfim_16_4.txt,65536,33,2031618,1114112,ours_didx_nv1,0.007373,8.047e-08
SPMVCSV,/mnt/beegfs/ysu34/hamlib/dia_e2e/tfim_16_4.txt,65536,33,2031618,1114112,ours_didx_nv2,0.007905,8.047e-08
SPMVCSV,/mnt/beegfs/ysu34/hamlib/dia_e2e/tfim_16_4.txt,65536,33,2031618,1114112,ours_gather_nv1,0.007680,8.047e-08
SPMVCSV,/mnt/beegfs/ysu34/hamlib/dia_e2e/tfim_16_4.txt,65536,33,2031618,1114112,ours_gather_nv2,0.009011,8.047e-08
SPMVCSV,/mnt/beegfs/ysu34/hamlib/dia_e2e/tfim_16_4.txt,65536,33,2031618,1114112,ours_gopt_nv1,0.012472,8.065e-08
SPMVCSV,/mnt/beegfs/ysu34/hamlib/dia_e2e/tfim_16_4.txt,65536,33,2031618,1114112,ours_gopt_nv2,0.015380,8.065e-08
# gopt plan: 147 segs, reads 87.0% of stored band
SPMVCSV,/mnt/beegfs/ysu34/hamlib/dia_e2e/tfim_16_4.txt,65536,33,2031618,1114112,ours_gopt_s_nv1,0.013701,8.065e-08
# auto pick=didx (D=33 fill=0.55 rho=0.87)
SPMVCSV,/mnt/beegfs/ysu34/hamlib/dia_e2e/tfim_16_4.txt,65536,33,2031618,1114112,ours_auto_nv1,0.007352,8.047e-08
SPMVCSV,/mnt/beegfs/ysu34/hamlib/dia_e2e/tfim_16_4.txt,65536,33,2031618,1114112,ours_auto_nv2,0.007885,8.047e-08
SPMVCSV,/mnt/beegfs/ysu34/hamlib/dia_e2e/tfim_16_4.txt,65536,33,2031618,1114112,csr_zskip_nv1,0.007844,8.047e-08
SPMVCSV,/mnt/beegfs/ysu34/hamlib/dia_e2e/tfim_16_4.txt,65536,33,2031618,1114112,row_dense_nv1,0.007434,8.047e-08
SPMVCSV,/mnt/beegfs/ysu34/hamlib/dia_e2e/tfim_16_4.txt,65536,33,2031618,1114112,cusparse_csr,0.028713,6.603e-08
SPMVCSV,/mnt/beegfs/ysu34/hamlib/dia_e2e/tfim_16_4.txt,65536,33,2031618,1114112,diaq_fp64,0.032850,0.000e+00
SPMVCSV,/mnt/beegfs/ysu34/hamlib/dia_e2e/tfim_16_4.txt,65536,33,2031618,1114112,diaq_fp32,0.015770,8.243e-08
E2EEVCSV,/mnt/beegfs/ysu34/hamlib/dia_e2e/tfim_16_4.txt,65536,33,1000,4,didx,14.353,15.584,46.896,250.242,5.336,2.446e-07
E2EEVDIAQCSV,/mnt/beegfs/ysu34/hamlib/dia_e2e/tfim_16_4.txt,65536,33,1000,4,0.824,78.708,1.678,2.204e-07
E2EOPCSV,/mnt/beegfs/ysu34/hamlib/dia_e2e/tfim_16_4.txt,65536,33,2,455,26181618,0.528,0.229,-1
E2EOPCSV,/mnt/beegfs/ysu34/hamlib/dia_e2e/tfim_16_4.txt,65536,33,3,3447,182780016,27.803,3.336,-1
E2EOPBUILDCSV,/mnt/beegfs/ysu34/hamlib/dia_e2e/tfim_16_4.txt,65536,4,15727,759430272,912.852,1032.921,1.132
E2EOPBUILDCSV,/mnt/beegfs/ysu34/hamlib/dia_e2e/tfim_16_4.txt,65536,4,7864,379747904,66.945,-1,-1
== [2] tfim_16_5 ==
PREPCSV,/mnt/beegfs/ysu34/hamlib/dia_e2e/tfim_16_5.txt,65536,33,spmv,didx,6.217,0.737,0.007332,948
PREPCSV,/mnt/beegfs/ysu34/hamlib/dia_e2e/tfim_16_5.txt,65536,33,spmv,didx_sym,2.642,0.905,0.006840,519
PREPCSV,/mnt/beegfs/ysu34/hamlib/dia_e2e/tfim_16_5.txt,65536,33,spmv,gopt,6.252,0.827,0.012472,568
PREPCSV,/mnt/beegfs/ysu34/hamlib/dia_e2e/tfim_16_5.txt,65536,33,spmv,cusparse_csr,15.117,1.405,0.028877,572
PREPCSV,/mnt/beegfs/ysu34/hamlib/dia_e2e/tfim_16_5.txt,65536,33,spmspm,ours_flat,0.664,0.239,0.228598,4
PREPCSV,/mnt/beegfs/ysu34/hamlib/dia_e2e/tfim_16_5.txt,65536,33,spmspm,hm_atomic,11.519,1.526,0.414822,31
PREPCSV,/mnt/beegfs/ysu34/hamlib/dia_e2e/tfim_16_5.txt,65536,33,spmspm,ours_sym,0.187,2.213,-1.000000,-1
PREPCSV,/mnt/beegfs/ysu34/hamlib/dia_e2e/tfim_16_5.txt,65536,33,spmspm,ours_sym,0.187,2.213,0.114749,21
SPMSPMCSV,/mnt/beegfs/ysu34/hamlib/dia_e2e/tfim_16_5.txt,65536,33,455,26181618,ours_flat,0.228782,0.000e+00
SPMSPMCSV,/mnt/beegfs/ysu34/hamlib/dia_e2e/tfim_16_5.txt,65536,33,455,26181618,ours_sym,0.114678,0.000e+00
SPMSPMCSV,/mnt/beegfs/ysu34/hamlib/dia_e2e/tfim_16_5.txt,65536,33,455,26181618,hm_atomic,0.416399,0.000e+00
SPMSPMCSV,/mnt/beegfs/ysu34/hamlib/dia_e2e/tfim_16_5.txt,65536,33,455,26181618,diaq_fp32,6.978181,0.000e+00
SPMSPMCSV,/mnt/beegfs/ysu34/hamlib/dia_e2e/tfim_16_5.txt,65536,33,455,26181618,cusparse_spgemm,5.472575,-1.000e+00
CSRNNZ,/mnt/beegfs/ysu34/hamlib/dia_e2e/tfim_16_5.txt,2031618,1114112,0.5484
PREPCSV,/mnt/beegfs/ysu34/hamlib/dia_e2e/tfim_16_5.txt,65536,33,spmv,cusparse_csr,15.056,178.611,0.028959,-1
SPMVCSV,/mnt/beegfs/ysu34/hamlib/dia_e2e/tfim_16_5.txt,65536,33,2031618,1114112,ours_didx_nv1,0.007229,8.047e-08
SPMVCSV,/mnt/beegfs/ysu34/hamlib/dia_e2e/tfim_16_5.txt,65536,33,2031618,1114112,ours_didx_nv2,0.007762,8.047e-08
SPMVCSV,/mnt/beegfs/ysu34/hamlib/dia_e2e/tfim_16_5.txt,65536,33,2031618,1114112,ours_gather_nv1,0.007578,8.047e-08
SPMVCSV,/mnt/beegfs/ysu34/hamlib/dia_e2e/tfim_16_5.txt,65536,33,2031618,1114112,ours_gather_nv2,0.008991,8.047e-08
SPMVCSV,/mnt/beegfs/ysu34/hamlib/dia_e2e/tfim_16_5.txt,65536,33,2031618,1114112,ours_gopt_nv1,0.012329,8.065e-08
SPMVCSV,/mnt/beegfs/ysu34/hamlib/dia_e2e/tfim_16_5.txt,65536,33,2031618,1114112,ours_gopt_nv2,0.015258,8.065e-08
SPMVCSV,/mnt/beegfs/ysu34/hamlib/dia_e2e/tfim_16_5.txt,65536,33,2031618,1114112,ours_gopt_s_nv1,0.013517,8.065e-08
# gopt plan: 147 segs, reads 87.0% of stored band
# auto pick=didx (D=33 fill=0.55 rho=0.87)
SPMVCSV,/mnt/beegfs/ysu34/hamlib/dia_e2e/tfim_16_5.txt,65536,33,2031618,1114112,ours_auto_nv1,0.007188,8.047e-08
SPMVCSV,/mnt/beegfs/ysu34/hamlib/dia_e2e/tfim_16_5.txt,65536,33,2031618,1114112,ours_auto_nv2,0.007803,8.047e-08
SPMVCSV,/mnt/beegfs/ysu34/hamlib/dia_e2e/tfim_16_5.txt,65536,33,2031618,1114112,csr_zskip_nv1,0.007721,8.047e-08
SPMVCSV,/mnt/beegfs/ysu34/hamlib/dia_e2e/tfim_16_5.txt,65536,33,2031618,1114112,row_dense_nv1,0.007352,8.047e-08
SPMVCSV,/mnt/beegfs/ysu34/hamlib/dia_e2e/tfim_16_5.txt,65536,33,2031618,1114112,cusparse_csr,0.028262,6.603e-08
SPMVCSV,/mnt/beegfs/ysu34/hamlib/dia_e2e/tfim_16_5.txt,65536,33,2031618,1114112,diaq_fp64,0.030863,0.000e+00
SPMVCSV,/mnt/beegfs/ysu34/hamlib/dia_e2e/tfim_16_5.txt,65536,33,2031618,1114112,diaq_fp32,0.015626,8.243e-08
E2EEVCSV,/mnt/beegfs/ysu34/hamlib/dia_e2e/tfim_16_5.txt,65536,33,1000,5,didx,14.416,15.487,57.141,303.444,5.310,2.436e-07
E2EEVDIAQCSV,/mnt/beegfs/ysu34/hamlib/dia_e2e/tfim_16_5.txt,65536,33,1000,5,0.838,96.868,1.695,2.202e-07
E2EOPCSV,/mnt/beegfs/ysu34/hamlib/dia_e2e/tfim_16_5.txt,65536,33,2,455,26181618,0.557,0.229,-1
E2EOPCSV,/mnt/beegfs/ysu34/hamlib/dia_e2e/tfim_16_5.txt,65536,33,3,3447,182780016,27.816,3.335,-1
E2EOPBUILDCSV,/mnt/beegfs/ysu34/hamlib/dia_e2e/tfim_16_5.txt,65536,5,45471,1968446464,11199.845,12285.049,1.097
E2EOPBUILDCSV,/mnt/beegfs/ysu34/hamlib/dia_e2e/tfim_16_5.txt,65536,5,22736,984256000,554.664,-1,-1
== [2] tfim_18_4 ==
PREPCSV,/mnt/beegfs/ysu34/hamlib/dia_e2e/tfim_18_4.txt,262144,37,spmv,didx,43.566,2.506,0.022098,2085
PREPCSV,/mnt/beegfs/ysu34/hamlib/dia_e2e/tfim_18_4.txt,262144,37,spmv,didx_sym,13.224,3.465,0.015892,1050
PREPCSV,/mnt/beegfs/ysu34/hamlib/dia_e2e/tfim_18_4.txt,262144,37,spmv,gopt,25.003,2.718,0.025559,1085
PREPCSV,/mnt/beegfs/ysu34/hamlib/dia_e2e/tfim_18_4.txt,262144,37,spmv,cusparse_csr,71.865,4.168,0.058286,1304
PREPCSV,/mnt/beegfs/ysu34/hamlib/dia_e2e/tfim_18_4.txt,262144,37,spmspm,ours_flat,2.141,0.494,1.445601,2
PREPCSV,/mnt/beegfs/ysu34/hamlib/dia_e2e/tfim_18_4.txt,262144,37,spmspm,hm_atomic,58.658,3.969,2.994401,21
PREPCSV,/mnt/beegfs/ysu34/hamlib/dia_e2e/tfim_18_4.txt,262144,37,spmspm,ours_sym,0.857,2.820,-1.000000,-1
PREPCSV,/mnt/beegfs/ysu34/hamlib/dia_e2e/tfim_18_4.txt,262144,37,spmspm,ours_sym,0.857,2.820,0.672993,5
SPMSPMCSV,/mnt/beegfs/ysu34/hamlib/dia_e2e/tfim_18_4.txt,262144,37,583,136183794,ours_flat,1.445857,0.000e+00
SPMSPMCSV,/mnt/beegfs/ysu34/hamlib/dia_e2e/tfim_18_4.txt,262144,37,583,136183794,ours_sym,0.672369,0.000e+00
SPMSPMCSV,/mnt/beegfs/ysu34/hamlib/dia_e2e/tfim_18_4.txt,262144,37,583,136183794,hm_atomic,2.997320,0.000e+00
SPMSPMCSV,/mnt/beegfs/ysu34/hamlib/dia_e2e/tfim_18_4.txt,262144,37,583,136183794,diaq_fp32,38.229618,0.000e+00
SPMSPMCSV,/mnt/beegfs/ysu34/hamlib/dia_e2e/tfim_18_4.txt,262144,37,583,136183794,cusparse_spgemm,10.602826,-1.000e+00
CSRNNZ,/mnt/beegfs/ysu34/hamlib/dia_e2e/tfim_18_4.txt,9175042,4980736,0.5429
PREPCSV,/mnt/beegfs/ysu34/hamlib/dia_e2e/tfim_18_4.txt,262144,37,spmv,cusparse_csr,69.105,183.828,0.057221,-1
SPMVCSV,/mnt/beegfs/ysu34/hamlib/dia_e2e/tfim_18_4.txt,262144,37,9175042,4980736,ours_didx_nv1,0.021975,8.435e-08
SPMVCSV,/mnt/beegfs/ysu34/hamlib/dia_e2e/tfim_18_4.txt,262144,37,9175042,4980736,ours_didx_nv2,0.024535,8.435e-08
SPMVCSV,/mnt/beegfs/ysu34/hamlib/dia_e2e/tfim_18_4.txt,262144,37,9175042,4980736,ours_gather_nv1,0.036393,8.435e-08
SPMVCSV,/mnt/beegfs/ysu34/hamlib/dia_e2e/tfim_18_4.txt,262144,37,9175042,4980736,ours_gather_nv2,0.089784,8.435e-08
SPMVCSV,/mnt/beegfs/ysu34/hamlib/dia_e2e/tfim_18_4.txt,262144,37,9175042,4980736,ours_gopt_nv1,0.025518,8.445e-08
SPMVCSV,/mnt/beegfs/ysu34/hamlib/dia_e2e/tfim_18_4.txt,262144,37,9175042,4980736,ours_gopt_nv2,0.031887,8.445e-08
# gopt plan: 531 segs, reads 82.8% of stored band
SPMVCSV,/mnt/beegfs/ysu34/hamlib/dia_e2e/tfim_18_4.txt,262144,37,9175042,4980736,ours_gopt_s_nv1,0.029082,8.445e-08
# auto pick=didx (D=37 fill=0.54 rho=0.83)
SPMVCSV,/mnt/beegfs/ysu34/hamlib/dia_e2e/tfim_18_4.txt,262144,37,9175042,4980736,ours_auto_nv1,0.021955,8.435e-08
SPMVCSV,/mnt/beegfs/ysu34/hamlib/dia_e2e/tfim_18_4.txt,262144,37,9175042,4980736,ours_auto_nv2,0.024576,8.435e-08
SPMVCSV,/mnt/beegfs/ysu34/hamlib/dia_e2e/tfim_18_4.txt,262144,37,9175042,4980736,csr_zskip_nv1,0.058409,8.435e-08
SPMVCSV,/mnt/beegfs/ysu34/hamlib/dia_e2e/tfim_18_4.txt,262144,37,9175042,4980736,row_dense_nv1,0.031334,8.435e-08
SPMVCSV,/mnt/beegfs/ysu34/hamlib/dia_e2e/tfim_18_4.txt,262144,37,9175042,4980736,cusparse_csr,0.057467,6.651e-08
SPMVCSV,/mnt/beegfs/ysu34/hamlib/dia_e2e/tfim_18_4.txt,262144,37,9175042,4980736,diaq_fp64,0.116716,0.000e+00
SPMVCSV,/mnt/beegfs/ysu34/hamlib/dia_e2e/tfim_18_4.txt,262144,37,9175042,4980736,diaq_fp32,0.070451,8.681e-08
E2EEVCSV,/mnt/beegfs/ysu34/hamlib/dia_e2e/tfim_18_4.txt,262144,37,1000,4,didx,74.330,73.843,125.499,476.613,3.798,2.569e-07
E2EEVDIAQCSV,/mnt/beegfs/ysu34/hamlib/dia_e2e/tfim_18_4.txt,262144,37,1000,4,2.947,313.409,2.497,2.346e-07
E2EOPCSV,/mnt/beegfs/ysu34/hamlib/dia_e2e/tfim_18_4.txt,262144,37,2,583,136183794,1.553,1.446,-1
E2EOPCSV,/mnt/beegfs/ysu34/hamlib/dia_e2e/tfim_18_4.txt,262144,37,3,5155,1121714288,60.762,23.396,-1
# opbuild wall: Unnz=5652348032 (int32 index limit)
E2EOPBUILDCSV,/mnt/beegfs/ysu34/hamlib/dia_e2e/tfim_18_4.txt,262144,4,28143,5652348032,-1,-1,-1
# opbuild(sym) wall: Unnz=2826305088 (int32 index limit)
E2EOPBUILDCSV,/mnt/beegfs/ysu34/hamlib/dia_e2e/tfim_18_4.txt,262144,4,14072,2826305088,-1,-1,-1
== [2] tfim_18_5 ==
PREPCSV,/mnt/beegfs/ysu34/hamlib/dia_e2e/tfim_18_5.txt,262144,37,spmv,didx,44.440,2.483,0.022036,2129
PREPCSV,/mnt/beegfs/ysu34/hamlib/dia_e2e/tfim_18_5.txt,262144,37,spmv,didx_sym,11.644,3.473,0.015790,957
PREPCSV,/mnt/beegfs/ysu34/hamlib/dia_e2e/tfim_18_5.txt,262144,37,spmv,gopt,25.430,2.716,0.025518,1103
PREPCSV,/mnt/beegfs/ysu34/hamlib/dia_e2e/tfim_18_5.txt,262144,37,spmv,cusparse_csr,74.604,4.189,0.057774,1364
PREPCSV,/mnt/beegfs/ysu34/hamlib/dia_e2e/tfim_18_5.txt,262144,37,spmspm,ours_flat,2.146,0.485,1.445724,2
PREPCSV,/mnt/beegfs/ysu34/hamlib/dia_e2e/tfim_18_5.txt,262144,37,spmspm,hm_atomic,59.210,4.040,2.994750,21
PREPCSV,/mnt/beegfs/ysu34/hamlib/dia_e2e/tfim_18_5.txt,262144,37,spmspm,ours_sym,0.859,2.707,-1.000000,-1
PREPCSV,/mnt/beegfs/ysu34/hamlib/dia_e2e/tfim_18_5.txt,262144,37,spmspm,ours_sym,0.859,2.707,0.672809,5
SPMSPMCSV,/mnt/beegfs/ysu34/hamlib/dia_e2e/tfim_18_5.txt,262144,37,583,136183794,ours_flat,1.445827,0.000e+00
SPMSPMCSV,/mnt/beegfs/ysu34/hamlib/dia_e2e/tfim_18_5.txt,262144,37,583,136183794,ours_sym,0.672604,0.000e+00
SPMSPMCSV,/mnt/beegfs/ysu34/hamlib/dia_e2e/tfim_18_5.txt,262144,37,583,136183794,hm_atomic,2.997944,0.000e+00
SPMSPMCSV,/mnt/beegfs/ysu34/hamlib/dia_e2e/tfim_18_5.txt,262144,37,583,136183794,diaq_fp32,38.239067,0.000e+00
SPMSPMCSV,/mnt/beegfs/ysu34/hamlib/dia_e2e/tfim_18_5.txt,262144,37,583,136183794,cusparse_spgemm,10.599508,-1.000e+00
CSRNNZ,/mnt/beegfs/ysu34/hamlib/dia_e2e/tfim_18_5.txt,9175042,4980736,0.5429
PREPCSV,/mnt/beegfs/ysu34/hamlib/dia_e2e/tfim_18_5.txt,262144,37,spmv,cusparse_csr,71.149,185.044,0.056095,-1
SPMVCSV,/mnt/beegfs/ysu34/hamlib/dia_e2e/tfim_18_5.txt,262144,37,9175042,4980736,ours_didx_nv1,0.022098,8.435e-08
SPMVCSV,/mnt/beegfs/ysu34/hamlib/dia_e2e/tfim_18_5.txt,262144,37,9175042,4980736,ours_didx_nv2,0.024617,8.435e-08
SPMVCSV,/mnt/beegfs/ysu34/hamlib/dia_e2e/tfim_18_5.txt,262144,37,9175042,4980736,ours_gather_nv1,0.036516,8.435e-08
SPMVCSV,/mnt/beegfs/ysu34/hamlib/dia_e2e/tfim_18_5.txt,262144,37,9175042,4980736,ours_gather_nv2,0.090153,8.435e-08
SPMVCSV,/mnt/beegfs/ysu34/hamlib/dia_e2e/tfim_18_5.txt,262144,37,9175042,4980736,ours_gopt_nv1,0.025600,8.445e-08
SPMVCSV,/mnt/beegfs/ysu34/hamlib/dia_e2e/tfim_18_5.txt,262144,37,9175042,4980736,ours_gopt_nv2,0.031969,8.445e-08
# gopt plan: 531 segs, reads 82.8% of stored band
SPMVCSV,/mnt/beegfs/ysu34/hamlib/dia_e2e/tfim_18_5.txt,262144,37,9175042,4980736,ours_gopt_s_nv1,0.029123,8.445e-08
# auto pick=didx (D=37 fill=0.54 rho=0.83)
SPMVCSV,/mnt/beegfs/ysu34/hamlib/dia_e2e/tfim_18_5.txt,262144,37,9175042,4980736,ours_auto_nv1,0.021975,8.435e-08
SPMVCSV,/mnt/beegfs/ysu34/hamlib/dia_e2e/tfim_18_5.txt,262144,37,9175042,4980736,ours_auto_nv2,0.024596,8.435e-08
SPMVCSV,/mnt/beegfs/ysu34/hamlib/dia_e2e/tfim_18_5.txt,262144,37,9175042,4980736,csr_zskip_nv1,0.057897,8.435e-08
SPMVCSV,/mnt/beegfs/ysu34/hamlib/dia_e2e/tfim_18_5.txt,262144,37,9175042,4980736,row_dense_nv1,0.031457,8.435e-08
SPMVCSV,/mnt/beegfs/ysu34/hamlib/dia_e2e/tfim_18_5.txt,262144,37,9175042,4980736,cusparse_csr,0.058163,6.651e-08
SPMVCSV,/mnt/beegfs/ysu34/hamlib/dia_e2e/tfim_18_5.txt,262144,37,9175042,4980736,diaq_fp64,0.117125,0.000e+00
SPMVCSV,/mnt/beegfs/ysu34/hamlib/dia_e2e/tfim_18_5.txt,262144,37,9175042,4980736,diaq_fp32,0.070533,8.681e-08
E2EEVCSV,/mnt/beegfs/ysu34/hamlib/dia_e2e/tfim_18_5.txt,262144,37,1000,5,didx,73.048,75.826,155.469,593.667,3.819,2.569e-07
E2EEVDIAQCSV,/mnt/beegfs/ysu34/hamlib/dia_e2e/tfim_18_5.txt,262144,37,1000,5,2.894,390.476,2.512,2.343e-07
E2EOPCSV,/mnt/beegfs/ysu34/hamlib/dia_e2e/tfim_18_5.txt,262144,37,2,583,136183794,1.554,1.447,-1
E2EOPCSV,/mnt/beegfs/ysu34/hamlib/dia_e2e/tfim_18_5.txt,262144,37,3,5155,1121714288,61.062,23.396,-1
# opbuild wall: Unnz=18243132416 (int32 index limit)
E2EOPBUILDCSV,/mnt/beegfs/ysu34/hamlib/dia_e2e/tfim_18_5.txt,262144,5,99695,18243132416,-1,-1,-1
# opbuild(sym) wall: Unnz=9121697280 (int32 index limit)
E2EOPBUILDCSV,/mnt/beegfs/ysu34/hamlib/dia_e2e/tfim_18_5.txt,262144,5,49848,9121697280,-1,-1,-1
== [2] tfim_20_5 ==
PREPCSV,/mnt/beegfs/ysu34/hamlib/dia_e2e/tfim_20_5.txt,1048576,41,spmv,didx,217.339,8.595,0.106516,2121
PREPCSV,/mnt/beegfs/ysu34/hamlib/dia_e2e/tfim_20_5.txt,1048576,41,spmv,didx_sym,66.709,13.560,0.076104,1055
PREPCSV,/mnt/beegfs/ysu34/hamlib/dia_e2e/tfim_20_5.txt,1048576,41,spmv,gopt,131.432,9.695,0.097403,1449
PREPCSV,/mnt/beegfs/ysu34/hamlib/dia_e2e/tfim_20_5.txt,1048576,41,spmv,cusparse_csr,342.664,13.828,0.166789,2137
PREPCSV,/mnt/beegfs/ysu34/hamlib/dia_e2e/tfim_20_5.txt,1048576,41,spmspm,ours_flat,8.410,0.982,7.354286,1
PREPCSV,/mnt/beegfs/ysu34/hamlib/dia_e2e/tfim_20_5.txt,1048576,41,spmspm,hm_atomic,290.114,13.605,14.976758,20
PREPCSV,/mnt/beegfs/ysu34/hamlib/dia_e2e/tfim_20_5.txt,1048576,41,spmspm,ours_sym,4.102,4.371,-1.000000,-1
PREPCSV,/mnt/beegfs/ysu34/hamlib/dia_e2e/tfim_20_5.txt,1048576,41,spmspm,ours_sym,4.102,4.371,3.691991,2
SPMSPMCSV,/mnt/beegfs/ysu34/hamlib/dia_e2e/tfim_20_5.txt,1048576,41,727,687341554,ours_flat,7.352463,0.000e+00
SPMSPMCSV,/mnt/beegfs/ysu34/hamlib/dia_e2e/tfim_20_5.txt,1048576,41,727,687341554,ours_sym,3.686625,0.000e+00
SPMSPMCSV,/mnt/beegfs/ysu34/hamlib/dia_e2e/tfim_20_5.txt,1048576,41,727,687341554,hm_atomic,14.974689,0.000e+00
SPMSPMCSV,/mnt/beegfs/ysu34/hamlib/dia_e2e/tfim_20_5.txt,1048576,41,727,687341554,diaq_fp32,212.639725,0.000e+00
SPMSPMCSV,/mnt/beegfs/ysu34/hamlib/dia_e2e/tfim_20_5.txt,1048576,41,727,687341554,cusparse_spgemm,96.555496,-1.000e+00
CSRNNZ,/mnt/beegfs/ysu34/hamlib/dia_e2e/tfim_20_5.txt,40894466,22020096,0.5385
PREPCSV,/mnt/beegfs/ysu34/hamlib/dia_e2e/tfim_20_5.txt,1048576,41,spmv,cusparse_csr,329.011,241.953,0.166072,-1
SPMVCSV,/mnt/beegfs/ysu34/hamlib/dia_e2e/tfim_20_5.txt,1048576,41,40894466,22020096,ours_didx_nv1,0.106476,8.817e-08
SPMVCSV,/mnt/beegfs/ysu34/hamlib/dia_e2e/tfim_20_5.txt,1048576,41,40894466,22020096,ours_didx_nv2,0.120791,8.817e-08
SPMVCSV,/mnt/beegfs/ysu34/hamlib/dia_e2e/tfim_20_5.txt,1048576,41,40894466,22020096,ours_gather_nv1,0.127980,8.817e-08
SPMVCSV,/mnt/beegfs/ysu34/hamlib/dia_e2e/tfim_20_5.txt,1048576,41,40894466,22020096,ours_gather_nv2,0.223969,8.817e-08
SPMVCSV,/mnt/beegfs/ysu34/hamlib/dia_e2e/tfim_20_5.txt,1048576,41,40894466,22020096,ours_gopt_nv1,0.097792,8.821e-08
SPMVCSV,/mnt/beegfs/ysu34/hamlib/dia_e2e/tfim_20_5.txt,1048576,41,40894466,22020096,ours_gopt_nv2,0.108401,8.821e-08
# gopt plan: 2067 segs, reads 79.5% of stored band
SPMVCSV,/mnt/beegfs/ysu34/hamlib/dia_e2e/tfim_20_5.txt,1048576,41,40894466,22020096,ours_gopt_s_nv1,0.106988,8.821e-08
# auto pick=didx (D=41 fill=0.54 rho=0.79)
SPMVCSV,/mnt/beegfs/ysu34/hamlib/dia_e2e/tfim_20_5.txt,1048576,41,40894466,22020096,ours_auto_nv1,0.106353,8.817e-08
SPMVCSV,/mnt/beegfs/ysu34/hamlib/dia_e2e/tfim_20_5.txt,1048576,41,40894466,22020096,ours_auto_nv2,0.121242,8.817e-08
SPMVCSV,/mnt/beegfs/ysu34/hamlib/dia_e2e/tfim_20_5.txt,1048576,41,40894466,22020096,csr_zskip_nv1,0.166707,8.817e-08
SPMVCSV,/mnt/beegfs/ysu34/hamlib/dia_e2e/tfim_20_5.txt,1048576,41,40894466,22020096,row_dense_nv1,0.122860,8.817e-08
SPMVCSV,/mnt/beegfs/ysu34/hamlib/dia_e2e/tfim_20_5.txt,1048576,41,40894466,22020096,cusparse_csr,0.167281,6.758e-08
SPMVCSV,/mnt/beegfs/ysu34/hamlib/dia_e2e/tfim_20_5.txt,1048576,41,40894466,22020096,diaq_fp64,0.477143,0.000e+00
SPMVCSV,/mnt/beegfs/ysu34/hamlib/dia_e2e/tfim_20_5.txt,1048576,41,40894466,22020096,diaq_fp32,0.250020,9.037e-08
E2EEVCSV,/mnt/beegfs/ysu34/hamlib/dia_e2e/tfim_20_5.txt,1048576,41,1000,5,didx,371.759,344.458,719.066,1817.266,2.527,2.691e-07
E2EEVDIAQCSV,/mnt/beegfs/ysu34/hamlib/dia_e2e/tfim_20_5.txt,1048576,41,1000,5,11.334,1368.579,1.903,2.462e-07
E2EOPCSV,/mnt/beegfs/ysu34/hamlib/dia_e2e/tfim_20_5.txt,1048576,41,2,727,687341554,7.004,7.352,-1
E2EOPCSV,/mnt/beegfs/ysu34/hamlib/dia_e2e/tfim_20_5.txt,1048576,41,3,7359,6535774320,153.785,152.668,-1
# opbuild wall: Unnz=151712177152 (int32 index limit)
E2EOPBUILDCSV,/mnt/beegfs/ysu34/hamlib/dia_e2e/tfim_20_5.txt,1048576,5,198479,151712177152,-1,-1,-1
# opbuild(sym) wall: Unnz=75856612864 (int32 index limit)
E2EOPBUILDCSV,/mnt/beegfs/ysu34/hamlib/dia_e2e/tfim_20_5.txt,1048576,5,99240,75856612864,-1,-1,-1
== [2] tsp_18_4 ==
PREPCSV,/mnt/beegfs/ysu34/hamlib/dia_e2e/tsp_18_4.txt,262144,1,spmv,didx,1.841,0.430,0.004854,468
PREPCSV,/mnt/beegfs/ysu34/hamlib/dia_e2e/tsp_18_4.txt,262144,1,spmv,didx_sym,1.119,0.458,0.005018,314
PREPCSV,/mnt/beegfs/ysu34/hamlib/dia_e2e/tsp_18_4.txt,262144,1,spmv,gopt,0.892,0.229,0.004465,251
PREPCSV,/mnt/beegfs/ysu34/hamlib/dia_e2e/tsp_18_4.txt,262144,1,spmv,cusparse_csr,2.025,0.833,0.022467,127
PREPCSV,/mnt/beegfs/ysu34/hamlib/dia_e2e/tsp_18_4.txt,262144,1,spmspm,ours_flat,0.515,0.119,0.005530,115
PREPCSV,/mnt/beegfs/ysu34/hamlib/dia_e2e/tsp_18_4.txt,262144,1,spmspm,hm_atomic,1.077,0.440,0.008417,180
PREPCSV,/mnt/beegfs/ysu34/hamlib/dia_e2e/tsp_18_4.txt,262144,1,spmspm,ours_sym,0.277,0.115,-1.000000,-1
PREPCSV,/mnt/beegfs/ysu34/hamlib/dia_e2e/tsp_18_4.txt,262144,1,spmspm,ours_sym,0.277,0.115,0.005530,71
SPMSPMCSV,/mnt/beegfs/ysu34/hamlib/dia_e2e/tsp_18_4.txt,262144,1,1,262144,ours_flat,0.005458,0.000e+00
SPMSPMCSV,/mnt/beegfs/ysu34/hamlib/dia_e2e/tsp_18_4.txt,262144,1,1,262144,ours_sym,0.005437,0.000e+00
SPMSPMCSV,/mnt/beegfs/ysu34/hamlib/dia_e2e/tsp_18_4.txt,262144,1,1,262144,hm_atomic,0.008008,0.000e+00
SPMSPMCSV,/mnt/beegfs/ysu34/hamlib/dia_e2e/tsp_18_4.txt,262144,1,1,262144,diaq_fp32,0.375173,0.000e+00
SPMSPMCSV,/mnt/beegfs/ysu34/hamlib/dia_e2e/tsp_18_4.txt,262144,1,1,262144,cusparse_spgemm,2.856989,-1.000e+00
CSRNNZ,/mnt/beegfs/ysu34/hamlib/dia_e2e/tsp_18_4.txt,262144,262144,1.0000
PREPCSV,/mnt/beegfs/ysu34/hamlib/dia_e2e/tsp_18_4.txt,262144,1,spmv,cusparse_csr,1.783,183.742,0.021934,-1
SPMVCSV,/mnt/beegfs/ysu34/hamlib/dia_e2e/tsp_18_4.txt,262144,1,262144,262144,ours_didx_nv1,0.004751,2.622e-08
SPMVCSV,/mnt/beegfs/ysu34/hamlib/dia_e2e/tsp_18_4.txt,262144,1,262144,262144,ours_didx_nv2,0.005243,2.630e-08
SPMVCSV,/mnt/beegfs/ysu34/hamlib/dia_e2e/tsp_18_4.txt,262144,1,262144,262144,ours_gather_nv1,0.004178,2.622e-08
SPMVCSV,/mnt/beegfs/ysu34/hamlib/dia_e2e/tsp_18_4.txt,262144,1,262144,262144,ours_gather_nv2,0.005059,2.630e-08
SPMVCSV,/mnt/beegfs/ysu34/hamlib/dia_e2e/tsp_18_4.txt,262144,1,262144,262144,ours_gopt_nv1,0.004485,2.622e-08
SPMVCSV,/mnt/beegfs/ysu34/hamlib/dia_e2e/tsp_18_4.txt,262144,1,262144,262144,ours_gopt_nv2,0.004977,2.630e-08
# gopt plan: 1 segs, reads 100.0% of stored band
SPMVCSV,/mnt/beegfs/ysu34/hamlib/dia_e2e/tsp_18_4.txt,262144,1,262144,262144,ours_gopt_s_nv1,0.004403,2.622e-08
# auto pick=stream (D=1 fill=1.00 rho=1.00)
SPMVCSV,/mnt/beegfs/ysu34/hamlib/dia_e2e/tsp_18_4.txt,262144,1,262144,262144,ours_auto_nv1,0.004157,2.622e-08
SPMVCSV,/mnt/beegfs/ysu34/hamlib/dia_e2e/tsp_18_4.txt,262144,1,262144,262144,ours_auto_nv2,0.005100,2.630e-08
SPMVCSV,/mnt/beegfs/ysu34/hamlib/dia_e2e/tsp_18_4.txt,262144,1,262144,262144,csr_zskip_nv1,0.004465,2.622e-08
SPMVCSV,/mnt/beegfs/ysu34/hamlib/dia_e2e/tsp_18_4.txt,262144,1,262144,262144,row_dense_nv1,0.004014,2.622e-08
SPMVCSV,/mnt/beegfs/ysu34/hamlib/dia_e2e/tsp_18_4.txt,262144,1,262144,262144,cusparse_csr,0.021996,2.622e-08
SPMVCSV,/mnt/beegfs/ysu34/hamlib/dia_e2e/tsp_18_4.txt,262144,1,262144,262144,diaq_fp64,0.006144,0.000e+00
SPMVCSV,/mnt/beegfs/ysu34/hamlib/dia_e2e/tsp_18_4.txt,262144,1,262144,262144,diaq_fp32,0.004956,2.628e-08
E2EEVCSV,/mnt/beegfs/ysu34/hamlib/dia_e2e/tsp_18_4.txt,262144,1,1000,4,stream,1.380,3.273,41.620,197.374,4.742,0.000e+00
E2EEVDIAQCSV,/mnt/beegfs/ysu34/hamlib/dia_e2e/tsp_18_4.txt,262144,1,1000,4,0.233,39.770,0.956,0.000e+00
E2EOPCSV,/mnt/beegfs/ysu34/hamlib/dia_e2e/tsp_18_4.txt,262144,1,2,1,262144,0.004,0.006,-1
E2EOPCSV,/mnt/beegfs/ysu34/hamlib/dia_e2e/tsp_18_4.txt,262144,1,3,1,262144,0.003,0.006,-1
E2EOPBUILDCSV,/mnt/beegfs/ysu34/hamlib/dia_e2e/tsp_18_4.txt,262144,4,1,262144,2.261,4.304,1.904
E2EOPBUILDCSV,/mnt/beegfs/ysu34/hamlib/dia_e2e/tsp_18_4.txt,262144,4,1,262144,1.332,-1,-1
== [2] vibbf3_18_3 ==
PREPCSV,/mnt/beegfs/ysu34/hamlib/dia_e2e/vibbf3_18_3.txt,262144,12,spmv,didx,6.878,0.873,0.007414,1045
PREPCSV,/mnt/beegfs/ysu34/hamlib/dia_e2e/vibbf3_18_3.txt,262144,12,spmv,didx_sym,3.839,1.358,0.008417,617
PREPCSV,/mnt/beegfs/ysu34/hamlib/dia_e2e/vibbf3_18_3.txt,262144,12,spmv,gopt,7.554,0.967,0.007639,1115
PREPCSV,/mnt/beegfs/ysu34/hamlib/dia_e2e/vibbf3_18_3.txt,262144,12,spmv,cusparse_csr,7.325,1.453,0.025047,350
PREPCSV,/mnt/beegfs/ysu34/hamlib/dia_e2e/vibbf3_18_3.txt,262144,12,spmspm,ours_flat,0.692,0.250,0.145408,6
PREPCSV,/mnt/beegfs/ysu34/hamlib/dia_e2e/vibbf3_18_3.txt,262144,12,spmspm,hm_atomic,9.034,2.139,0.241029,46
PREPCSV,/mnt/beegfs/ysu34/hamlib/dia_e2e/vibbf3_18_3.txt,262144,12,spmspm,ours_sym,0.366,1.375,-1.000000,-1
PREPCSV,/mnt/beegfs/ysu34/hamlib/dia_e2e/vibbf3_18_3.txt,262144,12,spmspm,ours_sym,0.366,1.375,0.070513,25
SPMSPMCSV,/mnt/beegfs/ysu34/hamlib/dia_e2e/vibbf3_18_3.txt,262144,12,65,16457670,ours_flat,0.145203,0.000e+00
SPMSPMCSV,/mnt/beegfs/ysu34/hamlib/dia_e2e/vibbf3_18_3.txt,262144,12,65,16457670,ours_sym,0.070656,2.384e-07
SPMSPMCSV,/mnt/beegfs/ysu34/hamlib/dia_e2e/vibbf3_18_3.txt,262144,12,65,16457670,hm_atomic,0.240896,2.384e-07
SPMSPMCSV,/mnt/beegfs/ysu34/hamlib/dia_e2e/vibbf3_18_3.txt,262144,12,65,16457670,diaq_fp32,11.676068,2.384e-07
SPMSPMCSV,/mnt/beegfs/ysu34/hamlib/dia_e2e/vibbf3_18_3.txt,262144,12,65,16457670,cusparse_spgemm,4.779322,-1.000e+00
CSRNNZ,/mnt/beegfs/ysu34/hamlib/dia_e2e/vibbf3_18_3.txt,3088370,1038976,0.3364
PREPCSV,/mnt/beegfs/ysu34/hamlib/dia_e2e/vibbf3_18_3.txt,262144,12,spmv,cusparse_csr,8.495,177.591,0.025129,-1
SPMVCSV,/mnt/beegfs/ysu34/hamlib/dia_e2e/vibbf3_18_3.txt,262144,12,3088370,1038976,ours_didx_nv1,0.007475,3.830e-08
SPMVCSV,/mnt/beegfs/ysu34/hamlib/dia_e2e/vibbf3_18_3.txt,262144,12,3088370,1038976,ours_didx_nv2,0.008110,3.830e-08
SPMVCSV,/mnt/beegfs/ysu34/hamlib/dia_e2e/vibbf3_18_3.txt,262144,12,3088370,1038976,ours_gather_nv1,0.009544,3.830e-08
SPMVCSV,/mnt/beegfs/ysu34/hamlib/dia_e2e/vibbf3_18_3.txt,262144,12,3088370,1038976,ours_gather_nv2,0.015872,3.830e-08
SPMVCSV,/mnt/beegfs/ysu34/hamlib/dia_e2e/vibbf3_18_3.txt,262144,12,3088370,1038976,ours_gopt_nv1,0.007700,3.829e-08
SPMVCSV,/mnt/beegfs/ysu34/hamlib/dia_e2e/vibbf3_18_3.txt,262144,12,3088370,1038976,ours_gopt_nv2,0.009892,3.829e-08
# gopt plan: 62 segs, reads 67.9% of stored band
SPMVCSV,/mnt/beegfs/ysu34/hamlib/dia_e2e/vibbf3_18_3.txt,262144,12,3088370,1038976,ours_gopt_s_nv1,0.007270,3.829e-08
# auto pick=didx (D=12 fill=0.34 rho=0.68)
SPMVCSV,/mnt/beegfs/ysu34/hamlib/dia_e2e/vibbf3_18_3.txt,262144,12,3088370,1038976,ours_auto_nv1,0.007455,3.830e-08
SPMVCSV,/mnt/beegfs/ysu34/hamlib/dia_e2e/vibbf3_18_3.txt,262144,12,3088370,1038976,ours_auto_nv2,0.008110,3.830e-08
SPMVCSV,/mnt/beegfs/ysu34/hamlib/dia_e2e/vibbf3_18_3.txt,262144,12,3088370,1038976,csr_zskip_nv1,0.007987,3.830e-08
SPMVCSV,/mnt/beegfs/ysu34/hamlib/dia_e2e/vibbf3_18_3.txt,262144,12,3088370,1038976,row_dense_nv1,0.008417,3.830e-08
SPMVCSV,/mnt/beegfs/ysu34/hamlib/dia_e2e/vibbf3_18_3.txt,262144,12,3088370,1038976,cusparse_csr,0.025068,4.631e-08
SPMVCSV,/mnt/beegfs/ysu34/hamlib/dia_e2e/vibbf3_18_3.txt,262144,12,3088370,1038976,diaq_fp64,0.045281,0.000e+00
SPMVCSV,/mnt/beegfs/ysu34/hamlib/dia_e2e/vibbf3_18_3.txt,262144,12,3088370,1038976,diaq_fp32,0.021012,4.611e-08
E2EEVCSV,/mnt/beegfs/ysu34/hamlib/dia_e2e/vibbf3_18_3.txt,262144,12,1000,3,didx,16.477,9.540,42.661,175.524,4.114,6.878e-08
E2EEVDIAQCSV,/mnt/beegfs/ysu34/hamlib/dia_e2e/vibbf3_18_3.txt,262144,12,1000,3,1.184,88.771,2.081,6.225e-08
E2EOPCSV,/mnt/beegfs/ysu34/hamlib/dia_e2e/vibbf3_18_3.txt,262144,12,2,65,16457670,0.138,0.146,-1
E2EOPCSV,/mnt/beegfs/ysu34/hamlib/dia_e2e/vibbf3_18_3.txt,262144,12,3,177,43966330,0.588,0.868,-1
E2EOPBUILDCSV,/mnt/beegfs/ysu34/hamlib/dia_e2e/vibbf3_18_3.txt,262144,3,177,43966330,4.142,38.485,9.291
E2EOPBUILDCSV,/mnt/beegfs/ysu34/hamlib/dia_e2e/vibbf3_18_3.txt,262144,3,89,22114237,4.053,-1,-1
== [2] atmosmodd ==
PREPCSV,/mnt/beegfs/ysu34/hamlib/dia_suitesparse/atmosmodd.txt,1270432,7,spmv,didx,36.167,4.357,0.047923,846
# didx_sym skipped: non-symmetric or Dup>128
PREPCSV,/mnt/beegfs/ysu34/hamlib/dia_suitesparse/atmosmodd.txt,1270432,7,spmv,gopt,28.412,2.965,0.036352,863
PREPCSV,/mnt/beegfs/ysu34/hamlib/dia_suitesparse/atmosmodd.txt,1270432,7,spmv,cusparse_csr,29.943,7.052,0.084296,439
PREPCSV,/mnt/beegfs/ysu34/hamlib/dia_suitesparse/atmosmodd.txt,1270432,7,spmspm,ours_flat,2.740,0.410,0.300442,10
PREPCSV,/mnt/beegfs/ysu34/hamlib/dia_suitesparse/atmosmodd.txt,1270432,7,spmspm,hm_atomic,22.681,4.264,0.585789,46
PREPCSV,/mnt/beegfs/ysu34/hamlib/dia_suitesparse/atmosmodd.txt,1270432,7,spmspm,ours_sym,1.722,1.901,-1.000000,-1
PREPCSV,/mnt/beegfs/ysu34/hamlib/dia_suitesparse/atmosmodd.txt,1270432,7,spmspm,ours_sym,1.722,1.901,0.156897,23
SPMSPMCSV,/mnt/beegfs/ysu34/hamlib/dia_suitesparse/atmosmodd.txt,1270432,7,25,31452658,ours_flat,0.300431,0.000e+00
SPMSPMCSV,/mnt/beegfs/ysu34/hamlib/dia_suitesparse/atmosmodd.txt,1270432,7,25,31452658,ours_sym,0.156867,3.760e+06
SPMSPMCSV,/mnt/beegfs/ysu34/hamlib/dia_suitesparse/atmosmodd.txt,1270432,7,25,31452658,hm_atomic,0.585513,1.024e+03
SPMSPMCSV,/mnt/beegfs/ysu34/hamlib/dia_suitesparse/atmosmodd.txt,1270432,7,25,31452658,diaq_fp32,41.944603,1.024e+03
SPMSPMCSV,/mnt/beegfs/ysu34/hamlib/dia_suitesparse/atmosmodd.txt,1270432,7,25,31452658,cusparse_spgemm,8.235248,-1.000e+00
CSRNNZ,/mnt/beegfs/ysu34/hamlib/dia_suitesparse/atmosmodd.txt,8848918,8814880,0.9962
PREPCSV,/mnt/beegfs/ysu34/hamlib/dia_suitesparse/atmosmodd.txt,1270432,7,spmv,cusparse_csr,31.397,194.043,0.083804,-1
SPMVCSV,/mnt/beegfs/ysu34/hamlib/dia_suitesparse/atmosmodd.txt,1270432,7,8848918,8814880,ours_didx_nv1,0.048005,4.980e-08
SPMVCSV,/mnt/beegfs/ysu34/hamlib/dia_suitesparse/atmosmodd.txt,1270432,7,8848918,8814880,ours_didx_nv2,0.057344,4.981e-08
SPMVCSV,/mnt/beegfs/ysu34/hamlib/dia_suitesparse/atmosmodd.txt,1270432,7,8848918,8814880,ours_gather_nv1,0.035471,4.980e-08
SPMVCSV,/mnt/beegfs/ysu34/hamlib/dia_suitesparse/atmosmodd.txt,1270432,7,8848918,8814880,ours_gather_nv2,0.056054,4.981e-08
SPMVCSV,/mnt/beegfs/ysu34/hamlib/dia_suitesparse/atmosmodd.txt,1270432,7,8848918,8814880,ours_gopt_nv1,0.036413,4.981e-08
SPMVCSV,/mnt/beegfs/ysu34/hamlib/dia_suitesparse/atmosmodd.txt,1270432,7,8848918,8814880,ours_gopt_nv2,0.045896,4.983e-08
# gopt plan: 7 segs, reads 100.0% of stored band
SPMVCSV,/mnt/beegfs/ysu34/hamlib/dia_suitesparse/atmosmodd.txt,1270432,7,8848918,8814880,ours_gopt_s_nv1,0.035615,4.981e-08
# auto pick=stream (D=7 fill=1.00 rho=1.00)
SPMVCSV,/mnt/beegfs/ysu34/hamlib/dia_suitesparse/atmosmodd.txt,1270432,7,8848918,8814880,ours_auto_nv1,0.035103,4.980e-08
SPMVCSV,/mnt/beegfs/ysu34/hamlib/dia_suitesparse/atmosmodd.txt,1270432,7,8848918,8814880,ours_auto_nv2,0.056545,4.981e-08
SPMVCSV,/mnt/beegfs/ysu34/hamlib/dia_suitesparse/atmosmodd.txt,1270432,7,8848918,8814880,csr_zskip_nv1,0.065823,4.980e-08
SPMVCSV,/mnt/beegfs/ysu34/hamlib/dia_suitesparse/atmosmodd.txt,1270432,7,8848918,8814880,row_dense_nv1,0.036598,4.980e-08
SPMVCSV,/mnt/beegfs/ysu34/hamlib/dia_suitesparse/atmosmodd.txt,1270432,7,8848918,8814880,cusparse_csr,0.083825,5.706e-08
SPMVCSV,/mnt/beegfs/ysu34/hamlib/dia_suitesparse/atmosmodd.txt,1270432,7,8848918,8814880,diaq_fp64,0.125932,0.000e+00
SPMVCSV,/mnt/beegfs/ysu34/hamlib/dia_suitesparse/atmosmodd.txt,1270432,7,8848918,8814880,diaq_fp32,0.068751,5.777e-08
== [2] ecology2 ==
PREPCSV,/mnt/beegfs/ysu34/hamlib/dia_suitesparse/ecology2.txt,999999,7,spmv,didx,21.274,2.900,0.029942,807
PREPCSV,/mnt/beegfs/ysu34/hamlib/dia_suitesparse/ecology2.txt,999999,7,spmv,didx_sym,13.969,3.137,0.023020,743
PREPCSV,/mnt/beegfs/ysu34/hamlib/dia_suitesparse/ecology2.txt,999999,7,spmv,gopt,17.116,1.898,0.015012,1267
PREPCSV,/mnt/beegfs/ysu34/hamlib/dia_suitesparse/ecology2.txt,999999,7,spmv,cusparse_csr,19.984,4.373,0.059310,411
PREPCSV,/mnt/beegfs/ysu34/hamlib/dia_suitesparse/ecology2.txt,999999,7,spmspm,ours_flat,2.123,0.383,0.211026,12
PREPCSV,/mnt/beegfs/ysu34/hamlib/dia_suitesparse/ecology2.txt,999999,7,spmspm,hm_atomic,13.627,3.836,0.450539,39
PREPCSV,/mnt/beegfs/ysu34/hamlib/dia_suitesparse/ecology2.txt,999999,7,spmspm,ours_sym,1.352,1.301,-1.000000,-1
PREPCSV,/mnt/beegfs/ysu34/hamlib/dia_suitesparse/ecology2.txt,999999,7,spmspm,ours_sym,1.352,1.301,0.109773,24
SPMSPMCSV,/mnt/beegfs/ysu34/hamlib/dia_suitesparse/ecology2.txt,999999,7,19,18979985,ours_flat,0.210330,0.000e+00
SPMSPMCSV,/mnt/beegfs/ysu34/hamlib/dia_suitesparse/ecology2.txt,999999,7,19,18979985,ours_sym,0.109773,1.526e-05
SPMSPMCSV,/mnt/beegfs/ysu34/hamlib/dia_suitesparse/ecology2.txt,999999,7,19,18979985,hm_atomic,0.450929,7.629e-06
SPMSPMCSV,/mnt/beegfs/ysu34/hamlib/dia_suitesparse/ecology2.txt,999999,7,19,18979985,diaq_fp32,34.738697,7.629e-06
SPMSPMCSV,/mnt/beegfs/ysu34/hamlib/dia_suitesparse/ecology2.txt,999999,7,19,18979985,cusparse_spgemm,5.955619,-1.000e+00
CSRNNZ,/mnt/beegfs/ysu34/hamlib/dia_suitesparse/ecology2.txt,6995993,4995991,0.7141
PREPCSV,/mnt/beegfs/ysu34/hamlib/dia_suitesparse/ecology2.txt,999999,7,spmv,cusparse_csr,20.131,181.175,0.059576,-1
SPMVCSV,/mnt/beegfs/ysu34/hamlib/dia_suitesparse/ecology2.txt,999999,7,6995993,4995991,ours_didx_nv1,0.030003,4.499e-08
SPMVCSV,/mnt/beegfs/ysu34/hamlib/dia_suitesparse/ecology2.txt,999999,7,6995993,4995991,ours_didx_nv2,0.038707,4.500e-08
SPMVCSV,/mnt/beegfs/ysu34/hamlib/dia_suitesparse/ecology2.txt,999999,7,6995993,4995991,ours_gather_nv1,0.026808,4.499e-08
SPMVCSV,/mnt/beegfs/ysu34/hamlib/dia_suitesparse/ecology2.txt,999999,7,6995993,4995991,ours_gather_nv2,0.047677,4.500e-08
# gopt_nv2 skipped: n%4!=0 (float4 plane stride)
SPMVCSV,/mnt/beegfs/ysu34/hamlib/dia_suitesparse/ecology2.txt,999999,7,6995993,4995991,ours_gopt_nv1,0.014909,4.500e-08
# gopt plan: 7 segs, reads 71.5% of stored band
SPMVCSV,/mnt/beegfs/ysu34/hamlib/dia_suitesparse/ecology2.txt,999999,7,6995993,4995991,ours_gopt_s_nv1,0.014500,4.500e-08
# auto pick=stream (D=7 fill=0.71 rho=0.71)
SPMVCSV,/mnt/beegfs/ysu34/hamlib/dia_suitesparse/ecology2.txt,999999,7,6995993,4995991,ours_auto_nv1,0.026460,4.499e-08
SPMVCSV,/mnt/beegfs/ysu34/hamlib/dia_suitesparse/ecology2.txt,999999,7,6995993,4995991,ours_auto_nv2,0.047698,4.500e-08
SPMVCSV,/mnt/beegfs/ysu34/hamlib/dia_suitesparse/ecology2.txt,999999,7,6995993,4995991,csr_zskip_nv1,0.041923,4.499e-08
SPMVCSV,/mnt/beegfs/ysu34/hamlib/dia_suitesparse/ecology2.txt,999999,7,6995993,4995991,row_dense_nv1,0.028815,4.499e-08
SPMVCSV,/mnt/beegfs/ysu34/hamlib/dia_suitesparse/ecology2.txt,999999,7,6995993,4995991,cusparse_csr,0.059290,5.409e-08
SPMVCSV,/mnt/beegfs/ysu34/hamlib/dia_suitesparse/ecology2.txt,999999,7,6995993,4995991,diaq_fp64,0.098796,0.000e+00
SPMVCSV,/mnt/beegfs/ysu34/hamlib/dia_suitesparse/ecology2.txt,999999,7,6995993,4995991,diaq_fp32,0.055316,5.424e-08
== [2] Lin ==
PREPCSV,/mnt/beegfs/ysu34/hamlib/dia_suitesparse/Lin.txt,256000,7,spmv,didx,6.944,1.097,0.008110,991
PREPCSV,/mnt/beegfs/ysu34/hamlib/dia_suitesparse/Lin.txt,256000,7,spmv,didx_sym,3.458,0.997,0.007885,565
PREPCSV,/mnt/beegfs/ysu34/hamlib/dia_suitesparse/Lin.txt,256000,7,spmv,gopt,5.986,0.775,0.007250,933
PREPCSV,/mnt/beegfs/ysu34/hamlib/dia_suitesparse/Lin.txt,256000,7,spmv,cusparse_csr,6.051,2.010,0.030659,263
PREPCSV,/mnt/beegfs/ysu34/hamlib/dia_suitesparse/Lin.txt,256000,7,spmspm,ours_flat,0.561,0.219,0.050995,15
PREPCSV,/mnt/beegfs/ysu34/hamlib/dia_suitesparse/Lin.txt,256000,7,spmspm,hm_atomic,3.877,1.452,0.073769,72
PREPCSV,/mnt/beegfs/ysu34/hamlib/dia_suitesparse/Lin.txt,256000,7,spmspm,ours_sym,0.334,0.542,-1.000000,-1
PREPCSV,/mnt/beegfs/ysu34/hamlib/dia_suitesparse/Lin.txt,256000,7,spmspm,ours_sym,0.334,0.542,0.025395,34
SPMSPMCSV,/mnt/beegfs/ysu34/hamlib/dia_suitesparse/Lin.txt,256000,7,25,6309594,ours_flat,0.051169,0.000e+00
SPMSPMCSV,/mnt/beegfs/ysu34/hamlib/dia_suitesparse/Lin.txt,256000,7,25,6309594,ours_sym,0.025446,6.250e-02
SPMSPMCSV,/mnt/beegfs/ysu34/hamlib/dia_suitesparse/Lin.txt,256000,7,25,6309594,hm_atomic,0.074220,3.125e-02
SPMSPMCSV,/mnt/beegfs/ysu34/hamlib/dia_suitesparse/Lin.txt,256000,7,25,6309594,diaq_fp32,6.550118,3.125e-02
SPMSPMCSV,/mnt/beegfs/ysu34/hamlib/dia_suitesparse/Lin.txt,256000,7,25,6309594,cusparse_spgemm,5.049264,-1.000e+00
CSRNNZ,/mnt/beegfs/ysu34/hamlib/dia_suitesparse/Lin.txt,1779038,1766400,0.9929
PREPCSV,/mnt/beegfs/ysu34/hamlib/dia_suitesparse/Lin.txt,256000,7,spmv,cusparse_csr,6.377,182.880,0.031171,-1
SPMVCSV,/mnt/beegfs/ysu34/hamlib/dia_suitesparse/Lin.txt,256000,7,1779038,1766400,ours_didx_nv1,0.008192,5.070e-08
SPMVCSV,/mnt/beegfs/ysu34/hamlib/dia_suitesparse/Lin.txt,256000,7,1779038,1766400,ours_didx_nv2,0.009093,5.080e-08
SPMVCSV,/mnt/beegfs/ysu34/hamlib/dia_suitesparse/Lin.txt,256000,7,1779038,1766400,ours_gather_nv1,0.006861,5.070e-08
SPMVCSV,/mnt/beegfs/ysu34/hamlib/dia_suitesparse/Lin.txt,256000,7,1779038,1766400,ours_gather_nv2,0.010609,5.080e-08
SPMVCSV,/mnt/beegfs/ysu34/hamlib/dia_suitesparse/Lin.txt,256000,7,1779038,1766400,ours_gopt_nv1,0.007352,5.075e-08
SPMVCSV,/mnt/beegfs/ysu34/hamlib/dia_suitesparse/Lin.txt,256000,7,1779038,1766400,ours_gopt_nv2,0.008847,5.084e-08
# gopt plan: 7 segs, reads 100.0% of stored band
SPMVCSV,/mnt/beegfs/ysu34/hamlib/dia_suitesparse/Lin.txt,256000,7,1779038,1766400,ours_gopt_s_nv1,0.006922,5.075e-08
# auto pick=stream (D=7 fill=0.99 rho=1.00)
SPMVCSV,/mnt/beegfs/ysu34/hamlib/dia_suitesparse/Lin.txt,256000,7,1779038,1766400,ours_auto_nv1,0.006943,5.070e-08
SPMVCSV,/mnt/beegfs/ysu34/hamlib/dia_suitesparse/Lin.txt,256000,7,1779038,1766400,ours_auto_nv2,0.010609,5.080e-08
SPMVCSV,/mnt/beegfs/ysu34/hamlib/dia_suitesparse/Lin.txt,256000,7,1779038,1766400,csr_zskip_nv1,0.009400,5.070e-08
SPMVCSV,/mnt/beegfs/ysu34/hamlib/dia_suitesparse/Lin.txt,256000,7,1779038,1766400,row_dense_nv1,0.006963,5.070e-08
SPMVCSV,/mnt/beegfs/ysu34/hamlib/dia_suitesparse/Lin.txt,256000,7,1779038,1766400,cusparse_csr,0.031191,5.665e-08
SPMVCSV,/mnt/beegfs/ysu34/hamlib/dia_suitesparse/Lin.txt,256000,7,1779038,1766400,diaq_fp64,0.029532,0.000e+00
SPMVCSV,/mnt/beegfs/ysu34/hamlib/dia_suitesparse/Lin.txt,256000,7,1779038,1766400,diaq_fp32,0.010404,5.754e-08
== [3] BH_20_7 ==
PREPCSV,/mnt/beegfs/ysu34/hamlib/dia_e2e/BH_20_7.txt,1048576,127,spmv,didx,477.771,9.715,0.153641,3173
PREPCSV,/mnt/beegfs/ysu34/hamlib/dia_e2e/BH_20_7.txt,1048576,127,spmv,didx_sym,193.434,36.041,0.141599,1621
PREPCSV,/mnt/beegfs/ysu34/hamlib/dia_e2e/BH_20_7.txt,1048576,127,spmv,gopt,403.245,22.300,0.226181,1881
PREPCSV,/mnt/beegfs/ysu34/hamlib/dia_e2e/BH_20_7.txt,1048576,127,spmv,cusparse_csr,724.143,15.904,0.197448,3748
PREPCSV,/mnt/beegfs/ysu34/hamlib/dia_e2e/BH_20_7.txt,1048576,127,spmspm,ours_flat,68.266,4.673,69.814972,1
# hm_atomic skipped: C nnz 5108440242 exceeds HM int32 layout
PREPCSV,/mnt/beegfs/ysu34/hamlib/dia_e2e/BH_20_7.txt,1048576,127,spmspm,ours_sym,25.028,16.476,-1.000000,-1
PREPCSV,/mnt/beegfs/ysu34/hamlib/dia_e2e/BH_20_7.txt,1048576,127,spmspm,ours_sym,25.028,16.476,34.776005,1
SPMSPMCSV,/mnt/beegfs/ysu34/hamlib/dia_e2e/BH_20_7.txt,1048576,127,5555,5108440242,ours_flat,69.837074,0.000e+00
SPMSPMCSV,/mnt/beegfs/ysu34/hamlib/dia_e2e/BH_20_7.txt,1048576,127,5555,5108440242,ours_sym,34.768608,7.629e-06
# hm_atomic skipped: C nnz 5108440242 exceeds HM int32 layout
# diaq_fp32 skipped: C nnz 5108440242 exceeds diaq u32 layout
SPMSPMCSV,/mnt/beegfs/ysu34/hamlib/dia_e2e/BH_20_7.txt,1048576,127,5555,5108440242,cusparse_spgemm,231.414108,-1.000e+00
CSRNNZ,/mnt/beegfs/ysu34/hamlib/dia_e2e/BH_20_7.txt,125829148,25824385,0.2052
PREPCSV,/mnt/beegfs/ysu34/hamlib/dia_e2e/BH_20_7.txt,1048576,127,spmv,cusparse_csr,696.017,235.241,0.197837,-1
SPMVCSV,/mnt/beegfs/ysu34/hamlib/dia_e2e/BH_20_7.txt,1048576,127,125829148,25824385,ours_didx_nv1,0.151716,6.086e-08
SPMVCSV,/mnt/beegfs/ysu34/hamlib/dia_e2e/BH_20_7.txt,1048576,127,125829148,25824385,ours_didx_nv2,0.181453,6.086e-08
SPMVCSV,/mnt/beegfs/ysu34/hamlib/dia_e2e/BH_20_7.txt,1048576,127,125829148,25824385,ours_gather_nv1,0.371773,6.086e-08
SPMVCSV,/mnt/beegfs/ysu34/hamlib/dia_e2e/BH_20_7.txt,1048576,127,125829148,25824385,ours_gather_nv2,0.665784,6.086e-08
SPMVCSV,/mnt/beegfs/ysu34/hamlib/dia_e2e/BH_20_7.txt,1048576,127,125829148,25824385,ours_gopt_nv1,0.226263,6.186e-08
SPMVCSV,/mnt/beegfs/ysu34/hamlib/dia_e2e/BH_20_7.txt,1048576,127,125829148,25824385,ours_gopt_nv2,0.244511,6.186e-08
# gopt plan: 9026 segs, reads 63.7% of stored band
SPMVCSV,/mnt/beegfs/ysu34/hamlib/dia_e2e/BH_20_7.txt,1048576,127,125829148,25824385,ours_gopt_s_nv1,0.250532,6.186e-08
# auto pick=didx (D=127 fill=0.21 rho=0.64)
SPMVCSV,/mnt/beegfs/ysu34/hamlib/dia_e2e/BH_20_7.txt,1048576,127,125829148,25824385,ours_auto_nv1,0.151511,6.086e-08
SPMVCSV,/mnt/beegfs/ysu34/hamlib/dia_e2e/BH_20_7.txt,1048576,127,125829148,25824385,ours_auto_nv2,0.181596,6.086e-08
SPMVCSV,/mnt/beegfs/ysu34/hamlib/dia_e2e/BH_20_7.txt,1048576,127,125829148,25824385,csr_zskip_nv1,0.231158,6.086e-08
SPMVCSV,/mnt/beegfs/ysu34/hamlib/dia_e2e/BH_20_7.txt,1048576,127,125829148,25824385,row_dense_nv1,0.348488,6.086e-08
SPMVCSV,/mnt/beegfs/ysu34/hamlib/dia_e2e/BH_20_7.txt,1048576,127,125829148,25824385,cusparse_csr,0.197714,5.812e-08
SPMVCSV,/mnt/beegfs/ysu34/hamlib/dia_e2e/BH_20_7.txt,1048576,127,125829148,25824385,diaq_fp64,1.378161,0.000e+00
SPMVCSV,/mnt/beegfs/ysu34/hamlib/dia_e2e/BH_20_7.txt,1048576,127,125829148,25824385,diaq_fp32,0.724173,6.624e-08
E2EEVCSV,/mnt/beegfs/ysu34/hamlib/dia_e2e/BH_20_7.txt,1048576,127,1000,7,didx,927.209,717.506,1440.303,3011.723,2.091,7.550e-07
E2EEVDIAQCSV,/mnt/beegfs/ysu34/hamlib/dia_e2e/BH_20_7.txt,1048576,127,1000,7,33.783,5236.997,3.636,7.391e-07
E2EOPCSV,/mnt/beegfs/ysu34/hamlib/dia_e2e/BH_20_7.txt,1048576,127,2,5555,5108440242,65.050,69.838,-1
E2EOPCSV,/mnt/beegfs/ysu34/hamlib/dia_e2e/BH_20_7.txt,1048576,127,3,98989,82073030294,-1,-1,-1
# opbuild wall: Unnz=1099511627776 (int32 index limit)
E2EOPBUILDCSV,/mnt/beegfs/ysu34/hamlib/dia_e2e/BH_20_7.txt,1048576,7,2097151,1099511627776,-1,-1,-1
# opbuild(sym) wall: Unnz=549756338176 (int32 index limit)
E2EOPBUILDCSV,/mnt/beegfs/ysu34/hamlib/dia_e2e/BH_20_7.txt,1048576,7,1048576,549756338176,-1,-1,-1
== [3] bhc_16_7 ==
PREPCSV,/mnt/beegfs/ysu34/hamlib/dia_e2e/bhc_16_7.txt,65536,99,spmv,didx,14.407,0.789,0.010015,1517
PREPCSV,/mnt/beegfs/ysu34/hamlib/dia_e2e/bhc_16_7.txt,65536,99,spmv,didx_sym,7.254,2.247,0.009687,981
PREPCSV,/mnt/beegfs/ysu34/hamlib/dia_e2e/bhc_16_7.txt,65536,99,spmv,gopt,17.949,1.707,0.025600,768
PREPCSV,/mnt/beegfs/ysu34/hamlib/dia_e2e/bhc_16_7.txt,65536,99,spmv,cusparse_csr,27.193,1.437,0.029983,955
PREPCSV,/mnt/beegfs/ysu34/hamlib/dia_e2e/bhc_16_7.txt,65536,99,spmspm,ours_flat,8.069,0.558,2.212332,4
PREPCSV,/mnt/beegfs/ysu34/hamlib/dia_e2e/bhc_16_7.txt,65536,99,spmspm,hm_atomic,65.834,3.012,3.942236,17
PREPCSV,/mnt/beegfs/ysu34/hamlib/dia_e2e/bhc_16_7.txt,65536,99,spmspm,ours_sym,0.967,3.691,-1.000000,-1
PREPCSV,/mnt/beegfs/ysu34/hamlib/dia_e2e/bhc_16_7.txt,65536,99,spmspm,ours_sym,0.967,3.691,0.950252,5
SPMSPMCSV,/mnt/beegfs/ysu34/hamlib/dia_e2e/bhc_16_7.txt,65536,99,3023,166182066,ours_flat,2.213417,0.000e+00
SPMSPMCSV,/mnt/beegfs/ysu34/hamlib/dia_e2e/bhc_16_7.txt,65536,99,3023,166182066,ours_sym,0.950866,7.629e-06
SPMSPMCSV,/mnt/beegfs/ysu34/hamlib/dia_e2e/bhc_16_7.txt,65536,99,3023,166182066,hm_atomic,3.942431,3.052e-05
SPMSPMCSV,/mnt/beegfs/ysu34/hamlib/dia_e2e/bhc_16_7.txt,65536,99,3023,166182066,diaq_fp32,29.405901,3.052e-05
SPMSPMCSV,/mnt/beegfs/ysu34/hamlib/dia_e2e/bhc_16_7.txt,65536,99,3023,166182066,cusparse_spgemm,5.310019,-1.000e+00
CSRNNZ,/mnt/beegfs/ysu34/hamlib/dia_e2e/bhc_16_7.txt,6029340,1250845,0.2075
PREPCSV,/mnt/beegfs/ysu34/hamlib/dia_e2e/bhc_16_7.txt,65536,99,spmv,cusparse_csr,25.209,178.886,0.029614,-1
SPMVCSV,/mnt/beegfs/ysu34/hamlib/dia_e2e/bhc_16_7.txt,65536,99,6029340,1250845,ours_didx_nv1,0.009974,5.466e-08
SPMVCSV,/mnt/beegfs/ysu34/hamlib/dia_e2e/bhc_16_7.txt,65536,99,6029340,1250845,ours_didx_nv2,0.011407,5.466e-08
SPMVCSV,/mnt/beegfs/ysu34/hamlib/dia_e2e/bhc_16_7.txt,65536,99,6029340,1250845,ours_gather_nv1,0.015790,5.466e-08
SPMVCSV,/mnt/beegfs/ysu34/hamlib/dia_e2e/bhc_16_7.txt,65536,99,6029340,1250845,ours_gather_nv2,0.020009,5.466e-08
SPMVCSV,/mnt/beegfs/ysu34/hamlib/dia_e2e/bhc_16_7.txt,65536,99,6029340,1250845,ours_gopt_nv1,0.025641,5.584e-08
SPMVCSV,/mnt/beegfs/ysu34/hamlib/dia_e2e/bhc_16_7.txt,65536,99,6029340,1250845,ours_gopt_nv2,0.034427,5.593e-08
# gopt plan: 565 segs, reads 74.3% of stored band
SPMVCSV,/mnt/beegfs/ysu34/hamlib/dia_e2e/bhc_16_7.txt,65536,99,6029340,1250845,ours_gopt_s_nv1,0.030188,5.584e-08
# auto pick=didx (D=99 fill=0.21 rho=0.74)
SPMVCSV,/mnt/beegfs/ysu34/hamlib/dia_e2e/bhc_16_7.txt,65536,99,6029340,1250845,ours_auto_nv1,0.010015,5.466e-08
SPMVCSV,/mnt/beegfs/ysu34/hamlib/dia_e2e/bhc_16_7.txt,65536,99,6029340,1250845,ours_auto_nv2,0.011387,5.466e-08
SPMVCSV,/mnt/beegfs/ysu34/hamlib/dia_e2e/bhc_16_7.txt,65536,99,6029340,1250845,csr_zskip_nv1,0.011182,5.466e-08
SPMVCSV,/mnt/beegfs/ysu34/hamlib/dia_e2e/bhc_16_7.txt,65536,99,6029340,1250845,row_dense_nv1,0.016753,5.466e-08
SPMVCSV,/mnt/beegfs/ysu34/hamlib/dia_e2e/bhc_16_7.txt,65536,99,6029340,1250845,cusparse_csr,0.030085,5.607e-08
SPMVCSV,/mnt/beegfs/ysu34/hamlib/dia_e2e/bhc_16_7.txt,65536,99,6029340,1250845,diaq_fp64,0.088330,0.000e+00
SPMVCSV,/mnt/beegfs/ysu34/hamlib/dia_e2e/bhc_16_7.txt,65536,99,6029340,1250845,diaq_fp32,0.076124,5.995e-08
E2EEVCSV,/mnt/beegfs/ysu34/hamlib/dia_e2e/bhc_16_7.txt,65536,99,1000,7,didx,34.368,27.309,104.010,460.070,4.423,7.165e-07
E2EEVDIAQCSV,/mnt/beegfs/ysu34/hamlib/dia_e2e/bhc_16_7.txt,65536,99,1000,7,2.097,560.391,5.388,6.985e-07
E2EOPCSV,/mnt/beegfs/ysu34/hamlib/dia_e2e/bhc_16_7.txt,65536,99,2,3023,166182066,7.507,2.214,-1
E2EOPCSV,/mnt/beegfs/ysu34/hamlib/dia_e2e/bhc_16_7.txt,65536,99,3,31181,1471690390,1763.095,66.880,-1
# opbuild wall: Unnz=4294967296 (int32 index limit)
E2EOPBUILDCSV,/mnt/beegfs/ysu34/hamlib/dia_e2e/bhc_16_7.txt,65536,7,131071,4294967296,-1,-1,-1
# opbuild(sym) wall: Unnz=2147516416 (int32 index limit)
E2EOPBUILDCSV,/mnt/beegfs/ysu34/hamlib/dia_e2e/bhc_16_7.txt,65536,7,65536,2147516416,-1,-1,-1
== [3] bhc_18_7 ==
PREPCSV,/mnt/beegfs/ysu34/hamlib/dia_e2e/bhc_18_7.txt,262144,112,spmv,didx,91.154,2.768,0.032932,2852
PREPCSV,/mnt/beegfs/ysu34/hamlib/dia_e2e/bhc_18_7.txt,262144,112,spmv,didx_sym,34.054,8.790,0.033260,1288
PREPCSV,/mnt/beegfs/ysu34/hamlib/dia_e2e/bhc_18_7.txt,262144,112,spmv,gopt,78.347,5.781,0.068874,1221
PREPCSV,/mnt/beegfs/ysu34/hamlib/dia_e2e/bhc_18_7.txt,262144,112,spmv,cusparse_csr,135.061,4.620,0.063078,2214
PREPCSV,/mnt/beegfs/ysu34/hamlib/dia_e2e/bhc_18_7.txt,262144,112,spmspm,ours_flat,18.937,1.178,12.836638,2
PREPCSV,/mnt/beegfs/ysu34/hamlib/dia_e2e/bhc_18_7.txt,262144,112,spmspm,hm_atomic,373.204,10.205,26.822573,14
PREPCSV,/mnt/beegfs/ysu34/hamlib/dia_e2e/bhc_18_7.txt,262144,112,spmspm,ours_sym,4.216,6.489,-1.000000,-1
PREPCSV,/mnt/beegfs/ysu34/hamlib/dia_e2e/bhc_18_7.txt,262144,112,spmspm,ours_sym,4.216,6.489,6.082929,2
SPMSPMCSV,/mnt/beegfs/ysu34/hamlib/dia_e2e/bhc_18_7.txt,262144,112,4111,930782386,ours_flat,12.835175,0.000e+00
SPMSPMCSV,/mnt/beegfs/ysu34/hamlib/dia_e2e/bhc_18_7.txt,262144,112,4111,930782386,ours_sym,6.079293,7.629e-06
SPMSPMCSV,/mnt/beegfs/ysu34/hamlib/dia_e2e/bhc_18_7.txt,262144,112,4111,930782386,hm_atomic,26.783918,3.052e-05
SPMSPMCSV,/mnt/beegfs/ysu34/hamlib/dia_e2e/bhc_18_7.txt,262144,112,4111,930782386,diaq_fp32,153.628189,3.052e-05
SPMSPMCSV,/mnt/beegfs/ysu34/hamlib/dia_e2e/bhc_18_7.txt,262144,112,4111,930782386,cusparse_spgemm,19.208693,-1.000e+00
CSRNNZ,/mnt/beegfs/ysu34/hamlib/dia_e2e/bhc_18_7.txt,27607068,5640030,0.2043
PREPCSV,/mnt/beegfs/ysu34/hamlib/dia_e2e/bhc_18_7.txt,262144,112,spmv,cusparse_csr,128.531,186.330,0.061952,-1
SPMVCSV,/mnt/beegfs/ysu34/hamlib/dia_e2e/bhc_18_7.txt,262144,112,27607068,5640030,ours_didx_nv1,0.032932,5.809e-08
SPMVCSV,/mnt/beegfs/ysu34/hamlib/dia_e2e/bhc_18_7.txt,262144,112,27607068,5640030,ours_didx_nv2,0.040182,5.809e-08
SPMVCSV,/mnt/beegfs/ysu34/hamlib/dia_e2e/bhc_18_7.txt,262144,112,27607068,5640030,ours_gather_nv1,0.099308,5.809e-08
SPMVCSV,/mnt/beegfs/ysu34/hamlib/dia_e2e/bhc_18_7.txt,262144,112,27607068,5640030,ours_gather_nv2,0.257229,5.809e-08
SPMVCSV,/mnt/beegfs/ysu34/hamlib/dia_e2e/bhc_18_7.txt,262144,112,27607068,5640030,ours_gopt_nv1,0.068649,5.931e-08
SPMVCSV,/mnt/beegfs/ysu34/hamlib/dia_e2e/bhc_18_7.txt,262144,112,27607068,5640030,ours_gopt_nv2,0.079647,5.931e-08
# gopt plan: 2237 segs, reads 68.5% of stored band
SPMVCSV,/mnt/beegfs/ysu34/hamlib/dia_e2e/bhc_18_7.txt,262144,112,27607068,5640030,ours_gopt_s_nv1,0.084316,5.931e-08
# auto pick=didx (D=112 fill=0.20 rho=0.69)
SPMVCSV,/mnt/beegfs/ysu34/hamlib/dia_e2e/bhc_18_7.txt,262144,112,27607068,5640030,ours_auto_nv1,0.032809,5.809e-08
SPMVCSV,/mnt/beegfs/ysu34/hamlib/dia_e2e/bhc_18_7.txt,262144,112,27607068,5640030,ours_auto_nv2,0.041738,5.809e-08
SPMVCSV,/mnt/beegfs/ysu34/hamlib/dia_e2e/bhc_18_7.txt,262144,112,27607068,5640030,csr_zskip_nv1,0.052265,5.809e-08
SPMVCSV,/mnt/beegfs/ysu34/hamlib/dia_e2e/bhc_18_7.txt,262144,112,27607068,5640030,row_dense_nv1,0.085402,5.809e-08
SPMVCSV,/mnt/beegfs/ysu34/hamlib/dia_e2e/bhc_18_7.txt,262144,112,27607068,5640030,cusparse_csr,0.062915,5.708e-08
SPMVCSV,/mnt/beegfs/ysu34/hamlib/dia_e2e/bhc_18_7.txt,262144,112,27607068,5640030,diaq_fp64,0.326308,0.000e+00
SPMVCSV,/mnt/beegfs/ysu34/hamlib/dia_e2e/bhc_18_7.txt,262144,112,27607068,5640030,diaq_fp32,0.203203,6.318e-08
E2EEVCSV,/mnt/beegfs/ysu34/hamlib/dia_e2e/bhc_18_7.txt,262144,112,1000,7,didx,184.295,134.618,336.001,910.555,2.710,7.358e-07
E2EEVDIAQCSV,/mnt/beegfs/ysu34/hamlib/dia_e2e/bhc_18_7.txt,262144,112,1000,7,7.883,1496.017,4.452,7.206e-07
E2EOPCSV,/mnt/beegfs/ysu34/hamlib/dia_e2e/bhc_18_7.txt,262144,112,2,4111,930782386,17.611,12.839,-1
E2EOPCSV,/mnt/beegfs/ysu34/hamlib/dia_e2e/bhc_18_7.txt,262144,112,3,56779,11338608278,4978.778,511.276,-1
# opbuild wall: Unnz=68719476736 (int32 index limit)
E2EOPBUILDCSV,/mnt/beegfs/ysu34/hamlib/dia_e2e/bhc_18_7.txt,262144,7,524287,68719476736,-1,-1,-1
# opbuild(sym) wall: Unnz=34359869440 (int32 index limit)
E2EOPBUILDCSV,/mnt/beegfs/ysu34/hamlib/dia_e2e/bhc_18_7.txt,262144,7,262144,34359869440,-1,-1,-1
== [3] bhD1_18_7 ==
PREPCSV,/mnt/beegfs/ysu34/hamlib/dia_e2e/bhD1_18_7.txt,262144,112,spmv,didx,91.180,2.736,0.032666,2875
PREPCSV,/mnt/beegfs/ysu34/hamlib/dia_e2e/bhD1_18_7.txt,262144,112,spmv,didx_sym,33.995,8.807,0.033137,1292
PREPCSV,/mnt/beegfs/ysu34/hamlib/dia_e2e/bhD1_18_7.txt,262144,112,spmv,gopt,86.121,5.760,0.070246,1308
PREPCSV,/mnt/beegfs/ysu34/hamlib/dia_e2e/bhD1_18_7.txt,262144,112,spmv,cusparse_csr,135.752,4.583,0.063468,2211
PREPCSV,/mnt/beegfs/ysu34/hamlib/dia_e2e/bhD1_18_7.txt,262144,112,spmspm,ours_flat,18.926,1.179,12.836269,2
PREPCSV,/mnt/beegfs/ysu34/hamlib/dia_e2e/bhD1_18_7.txt,262144,112,spmspm,hm_atomic,373.242,10.164,26.820854,14
PREPCSV,/mnt/beegfs/ysu34/hamlib/dia_e2e/bhD1_18_7.txt,262144,112,spmspm,ours_sym,4.222,6.497,-1.000000,-1
PREPCSV,/mnt/beegfs/ysu34/hamlib/dia_e2e/bhD1_18_7.txt,262144,112,spmspm,ours_sym,4.222,6.497,6.082417,2
SPMSPMCSV,/mnt/beegfs/ysu34/hamlib/dia_e2e/bhD1_18_7.txt,262144,112,4111,930782386,ours_flat,12.834991,0.000e+00
SPMSPMCSV,/mnt/beegfs/ysu34/hamlib/dia_e2e/bhD1_18_7.txt,262144,112,4111,930782386,ours_sym,6.079283,7.629e-06
SPMSPMCSV,/mnt/beegfs/ysu34/hamlib/dia_e2e/bhD1_18_7.txt,262144,112,4111,930782386,hm_atomic,26.786970,3.052e-05
SPMSPMCSV,/mnt/beegfs/ysu34/hamlib/dia_e2e/bhD1_18_7.txt,262144,112,4111,930782386,diaq_fp32,153.617050,3.052e-05
SPMSPMCSV,/mnt/beegfs/ysu34/hamlib/dia_e2e/bhD1_18_7.txt,262144,112,4111,930782386,cusparse_spgemm,19.197500,-1.000e+00
CSRNNZ,/mnt/beegfs/ysu34/hamlib/dia_e2e/bhD1_18_7.txt,27607068,5640030,0.2043
PREPCSV,/mnt/beegfs/ysu34/hamlib/dia_e2e/bhD1_18_7.txt,262144,112,spmv,cusparse_csr,129.718,187.361,0.061768,-1
SPMVCSV,/mnt/beegfs/ysu34/hamlib/dia_e2e/bhD1_18_7.txt,262144,112,27607068,5640030,ours_didx_nv1,0.032686,5.809e-08
SPMVCSV,/mnt/beegfs/ysu34/hamlib/dia_e2e/bhD1_18_7.txt,262144,112,27607068,5640030,ours_didx_nv2,0.040264,5.809e-08
SPMVCSV,/mnt/beegfs/ysu34/hamlib/dia_e2e/bhD1_18_7.txt,262144,112,27607068,5640030,ours_gather_nv1,0.099308,5.809e-08
SPMVCSV,/mnt/beegfs/ysu34/hamlib/dia_e2e/bhD1_18_7.txt,262144,112,27607068,5640030,ours_gather_nv2,0.257966,5.809e-08
SPMVCSV,/mnt/beegfs/ysu34/hamlib/dia_e2e/bhD1_18_7.txt,262144,112,27607068,5640030,ours_gopt_nv1,0.068833,5.931e-08
SPMVCSV,/mnt/beegfs/ysu34/hamlib/dia_e2e/bhD1_18_7.txt,262144,112,27607068,5640030,ours_gopt_nv2,0.082104,5.931e-08
# gopt plan: 2237 segs, reads 68.5% of stored band
SPMVCSV,/mnt/beegfs/ysu34/hamlib/dia_e2e/bhD1_18_7.txt,262144,112,27607068,5640030,ours_gopt_s_nv1,0.084644,5.931e-08
# auto pick=didx (D=112 fill=0.20 rho=0.69)
SPMVCSV,/mnt/beegfs/ysu34/hamlib/dia_e2e/bhD1_18_7.txt,262144,112,27607068,5640030,ours_auto_nv1,0.032850,5.809e-08
SPMVCSV,/mnt/beegfs/ysu34/hamlib/dia_e2e/bhD1_18_7.txt,262144,112,27607068,5640030,ours_auto_nv2,0.042209,5.809e-08
SPMVCSV,/mnt/beegfs/ysu34/hamlib/dia_e2e/bhD1_18_7.txt,262144,112,27607068,5640030,csr_zskip_nv1,0.052326,5.809e-08
SPMVCSV,/mnt/beegfs/ysu34/hamlib/dia_e2e/bhD1_18_7.txt,262144,112,27607068,5640030,row_dense_nv1,0.085565,5.809e-08
SPMVCSV,/mnt/beegfs/ysu34/hamlib/dia_e2e/bhD1_18_7.txt,262144,112,27607068,5640030,cusparse_csr,0.063119,5.708e-08
SPMVCSV,/mnt/beegfs/ysu34/hamlib/dia_e2e/bhD1_18_7.txt,262144,112,27607068,5640030,diaq_fp64,0.326656,0.000e+00
SPMVCSV,/mnt/beegfs/ysu34/hamlib/dia_e2e/bhD1_18_7.txt,262144,112,27607068,5640030,diaq_fp32,0.202998,6.318e-08
E2EEVCSV,/mnt/beegfs/ysu34/hamlib/dia_e2e/bhD1_18_7.txt,262144,112,1000,7,didx,195.092,134.096,334.290,910.661,2.724,7.358e-07
E2EEVDIAQCSV,/mnt/beegfs/ysu34/hamlib/dia_e2e/bhD1_18_7.txt,262144,112,1000,7,7.866,1494.569,4.471,7.206e-07
E2EOPCSV,/mnt/beegfs/ysu34/hamlib/dia_e2e/bhD1_18_7.txt,262144,112,2,4111,930782386,17.762,12.840,-1
E2EOPCSV,/mnt/beegfs/ysu34/hamlib/dia_e2e/bhD1_18_7.txt,262144,112,3,56779,11338608278,4984.623,511.294,-1
# opbuild wall: Unnz=68719476736 (int32 index limit)
E2EOPBUILDCSV,/mnt/beegfs/ysu34/hamlib/dia_e2e/bhD1_18_7.txt,262144,7,524287,68719476736,-1,-1,-1
# opbuild(sym) wall: Unnz=34359869440 (int32 index limit)
E2EOPBUILDCSV,/mnt/beegfs/ysu34/hamlib/dia_e2e/bhD1_18_7.txt,262144,7,262144,34359869440,-1,-1,-1
== [3] C2c_18_4 ==
PREPCSV,/mnt/beegfs/ysu34/hamlib/dia_e2e/C2c_18_4.txt,262144,9971,spmv,didx,3185.236,12.956,1.292841,2474
# didx_sym skipped: non-symmetric or Dup>128
PREPCSV,/mnt/beegfs/ysu34/hamlib/dia_e2e/C2c_18_4.txt,262144,9971,spmv,gopt,3384.637,109.166,1.784136,1958
PREPCSV,/mnt/beegfs/ysu34/hamlib/dia_e2e/C2c_18_4.txt,262144,9971,spmv,cusparse_csr,8376.365,18.083,0.219812,38189
CUDA prep_driver.cu:324 out of memory
CUDA spmspm_driver.cu:94 out of memory
CSRNNZ,/mnt/beegfs/ysu34/hamlib/dia_e2e/C2c_18_4.txt,2039105210,30193577,0.0148
PREPCSV,/mnt/beegfs/ysu34/hamlib/dia_e2e/C2c_18_4.txt,262144,9971,spmv,cusparse_csr,8277.773,215.432,0.218542,-1
SPMVCSV,/mnt/beegfs/ysu34/hamlib/dia_e2e/C2c_18_4.txt,262144,9971,2039105210,30193577,ours_didx_nv1,1.291796,1.591e-07
SPMVCSV,/mnt/beegfs/ysu34/hamlib/dia_e2e/C2c_18_4.txt,262144,9971,2039105210,30193577,ours_didx_nv2,1.756918,1.591e-07
SPMVCSV,/mnt/beegfs/ysu34/hamlib/dia_e2e/C2c_18_4.txt,262144,9971,2039105210,30193577,ours_gather_nv1,7.446261,1.591e-07
SPMVCSV,/mnt/beegfs/ysu34/hamlib/dia_e2e/C2c_18_4.txt,262144,9971,2039105210,30193577,ours_gather_nv2,18.890425,1.591e-07
SPMVCSV,/mnt/beegfs/ysu34/hamlib/dia_e2e/C2c_18_4.txt,262144,9971,2039105210,30193577,ours_gopt_nv1,1.788600,1.938e-07
SPMVCSV,/mnt/beegfs/ysu34/hamlib/dia_e2e/C2c_18_4.txt,262144,9971,2039105210,30193577,ours_gopt_nv2,2.132890,1.938e-07
# gopt plan: 260290 segs, reads 19.8% of stored band
SPMVCSV,/mnt/beegfs/ysu34/hamlib/dia_e2e/C2c_18_4.txt,262144,9971,2039105210,30193577,ours_gopt_s_nv1,2.151506,1.938e-07
# auto pick=gopt (D=9971 fill=0.01 rho=0.20)
SPMVCSV,/mnt/beegfs/ysu34/hamlib/dia_e2e/C2c_18_4.txt,262144,9971,2039105210,30193577,ours_auto_nv1,1.792717,1.938e-07
SPMVCSV,/mnt/beegfs/ysu34/hamlib/dia_e2e/C2c_18_4.txt,262144,9971,2039105210,30193577,ours_auto_nv2,2.138255,1.938e-07
SPMVCSV,/mnt/beegfs/ysu34/hamlib/dia_e2e/C2c_18_4.txt,262144,9971,2039105210,30193577,csr_zskip_nv1,0.421745,1.591e-07
SPMVCSV,/mnt/beegfs/ysu34/hamlib/dia_e2e/C2c_18_4.txt,262144,9971,2039105210,30193577,row_dense_nv1,6.096998,1.591e-07
SPMVCSV,/mnt/beegfs/ysu34/hamlib/dia_e2e/C2c_18_4.txt,262144,9971,2039105210,30193577,cusparse_csr,0.220549,7.214e-08
SPMVCSV,/mnt/beegfs/ysu34/hamlib/dia_e2e/C2c_18_4.txt,262144,9971,2039105210,30193577,diaq_fp64,23.319839,0.000e+00
SPMVCSV,/mnt/beegfs/ysu34/hamlib/dia_e2e/C2c_18_4.txt,262144,9971,2039105210,30193577,diaq_fp32,14.197125,1.612e-07
E2EEVCSV,/mnt/beegfs/ysu34/hamlib/dia_e2e/C2c_18_4.txt,262144,9971,1000,4,gopt,3669.841,8438.207,8560.517,1892.557,0.221,1.226e-07
E2EEVDIAQCSV,/mnt/beegfs/ysu34/hamlib/dia_e2e/C2c_18_4.txt,262144,9971,1000,4,551.427,56878.832,6.644,1.127e-07
E2EOPCSV,/mnt/beegfs/ysu34/hamlib/dia_e2e/C2c_18_4.txt,262144,9971,2,483276,65622141244,-1,-1,-1
# opbuild wall: Unnz=68719476736 (int32 index limit)
E2EOPBUILDCSV,/mnt/beegfs/ysu34/hamlib/dia_e2e/C2c_18_4.txt,262144,4,524287,68719476736,-1,-1,-1
# opbuild(sym) wall: Unnz=34359869440 (int32 index limit)
E2EOPBUILDCSV,/mnt/beegfs/ysu34/hamlib/dia_e2e/C2c_18_4.txt,262144,4,262144,34359869440,-1,-1,-1
== [3] fermi_16_5 ==
PREPCSV,/mnt/beegfs/ysu34/hamlib/dia_e2e/fermi_16_5.txt,65536,29,spmv,didx,4.347,0.428,0.006103,782
PREPCSV,/mnt/beegfs/ysu34/hamlib/dia_e2e/fermi_16_5.txt,65536,29,spmv,didx_sym,2.237,0.687,0.006185,473
PREPCSV,/mnt/beegfs/ysu34/hamlib/dia_e2e/fermi_16_5.txt,65536,29,spmv,gopt,5.553,0.664,0.010138,613
PREPCSV,/mnt/beegfs/ysu34/hamlib/dia_e2e/fermi_16_5.txt,65536,29,spmv,cusparse_csr,10.287,0.977,0.020623,546
PREPCSV,/mnt/beegfs/ysu34/hamlib/dia_e2e/fermi_16_5.txt,65536,29,spmspm,ours_flat,0.578,0.249,0.186552,4
PREPCSV,/mnt/beegfs/ysu34/hamlib/dia_e2e/fermi_16_5.txt,65536,29,spmspm,hm_atomic,9.331,1.421,0.326717,33
PREPCSV,/mnt/beegfs/ysu34/hamlib/dia_e2e/fermi_16_5.txt,65536,29,spmspm,ours_sym,0.173,2.020,-1.000000,-1
PREPCSV,/mnt/beegfs/ysu34/hamlib/dia_e2e/fermi_16_5.txt,65536,29,spmspm,ours_sym,0.173,2.020,0.094310,23
SPMSPMCSV,/mnt/beegfs/ysu34/hamlib/dia_e2e/fermi_16_5.txt,65536,29,353,21513010,ours_flat,0.186563,0.000e+00
SPMSPMCSV,/mnt/beegfs/ysu34/hamlib/dia_e2e/fermi_16_5.txt,65536,29,353,21513010,ours_sym,0.093972,0.000e+00
SPMSPMCSV,/mnt/beegfs/ysu34/hamlib/dia_e2e/fermi_16_5.txt,65536,29,353,21513010,hm_atomic,0.327506,0.000e+00
SPMSPMCSV,/mnt/beegfs/ysu34/hamlib/dia_e2e/fermi_16_5.txt,65536,29,353,21513010,diaq_fp32,6.526177,0.000e+00
SPMSPMCSV,/mnt/beegfs/ysu34/hamlib/dia_e2e/fermi_16_5.txt,65536,29,353,21513010,cusparse_spgemm,4.401062,-1.000e+00
CSRNNZ,/mnt/beegfs/ysu34/hamlib/dia_e2e/fermi_16_5.txt,1835266,503876,0.2746
PREPCSV,/mnt/beegfs/ysu34/hamlib/dia_e2e/fermi_16_5.txt,65536,29,spmv,cusparse_csr,9.645,178.406,0.020685,-1
SPMVCSV,/mnt/beegfs/ysu34/hamlib/dia_e2e/fermi_16_5.txt,65536,29,1835266,503876,ours_didx_nv1,0.006042,5.450e-08
SPMVCSV,/mnt/beegfs/ysu34/hamlib/dia_e2e/fermi_16_5.txt,65536,29,1835266,503876,ours_didx_nv2,0.006554,5.450e-08
SPMVCSV,/mnt/beegfs/ysu34/hamlib/dia_e2e/fermi_16_5.txt,65536,29,1835266,503876,ours_gather_nv1,0.007107,5.450e-08
SPMVCSV,/mnt/beegfs/ysu34/hamlib/dia_e2e/fermi_16_5.txt,65536,29,1835266,503876,ours_gather_nv2,0.008417,5.450e-08
SPMVCSV,/mnt/beegfs/ysu34/hamlib/dia_e2e/fermi_16_5.txt,65536,29,1835266,503876,ours_gopt_nv1,0.010179,5.600e-08
SPMVCSV,/mnt/beegfs/ysu34/hamlib/dia_e2e/fermi_16_5.txt,65536,29,1835266,503876,ours_gopt_nv2,0.012472,5.614e-08
# gopt plan: 143 segs, reads 71.3% of stored band
SPMVCSV,/mnt/beegfs/ysu34/hamlib/dia_e2e/fermi_16_5.txt,65536,29,1835266,503876,ours_gopt_s_nv1,0.011182,5.600e-08
# auto pick=didx (D=29 fill=0.27 rho=0.71)
SPMVCSV,/mnt/beegfs/ysu34/hamlib/dia_e2e/fermi_16_5.txt,65536,29,1835266,503876,ours_auto_nv1,0.006083,5.450e-08
SPMVCSV,/mnt/beegfs/ysu34/hamlib/dia_e2e/fermi_16_5.txt,65536,29,1835266,503876,ours_auto_nv2,0.006574,5.450e-08
SPMVCSV,/mnt/beegfs/ysu34/hamlib/dia_e2e/fermi_16_5.txt,65536,29,1835266,503876,csr_zskip_nv1,0.006533,5.450e-08
SPMVCSV,/mnt/beegfs/ysu34/hamlib/dia_e2e/fermi_16_5.txt,65536,29,1835266,503876,row_dense_nv1,0.007127,5.450e-08
SPMVCSV,/mnt/beegfs/ysu34/hamlib/dia_e2e/fermi_16_5.txt,65536,29,1835266,503876,cusparse_csr,0.020664,5.324e-08
SPMVCSV,/mnt/beegfs/ysu34/hamlib/dia_e2e/fermi_16_5.txt,65536,29,1835266,503876,diaq_fp64,0.025272,0.000e+00
SPMVCSV,/mnt/beegfs/ysu34/hamlib/dia_e2e/fermi_16_5.txt,65536,29,1835266,503876,diaq_fp32,0.014397,5.504e-08
E2EEVCSV,/mnt/beegfs/ysu34/hamlib/dia_e2e/fermi_16_5.txt,65536,29,1000,5,didx,10.995,11.030,49.653,222.358,4.478,2.193e-07
E2EEVDIAQCSV,/mnt/beegfs/ysu34/hamlib/dia_e2e/fermi_16_5.txt,65536,29,1000,5,0.722,89.542,1.803,8.135e-08
E2EOPCSV,/mnt/beegfs/ysu34/hamlib/dia_e2e/fermi_16_5.txt,65536,29,2,353,21513010,0.393,0.186,-1
E2EOPCSV,/mnt/beegfs/ysu34/hamlib/dia_e2e/fermi_16_5.txt,65536,29,3,2377,138741682,17.947,2.480,-1
E2EOPBUILDCSV,/mnt/beegfs/ysu34/hamlib/dia_e2e/fermi_16_5.txt,65536,5,27547,1419565488,5566.526,5886.921,1.058
E2EOPBUILDCSV,/mnt/beegfs/ysu34/hamlib/dia_e2e/fermi_16_5.txt,65536,5,13774,709815512,245.215,-1,-1
== [3] fermi_18_5 ==
PREPCSV,/mnt/beegfs/ysu34/hamlib/dia_e2e/fermi_18_5.txt,262144,33,spmv,didx,17.006,1.310,0.012124,1511
PREPCSV,/mnt/beegfs/ysu34/hamlib/dia_e2e/fermi_18_5.txt,262144,33,spmv,didx_sym,9.636,3.102,0.011878,1072
PREPCSV,/mnt/beegfs/ysu34/hamlib/dia_e2e/fermi_18_5.txt,262144,33,spmv,gopt,21.001,2.158,0.013496,1716
PREPCSV,/mnt/beegfs/ysu34/hamlib/dia_e2e/fermi_18_5.txt,262144,33,spmv,cusparse_csr,44.067,2.440,0.035840,1298
PREPCSV,/mnt/beegfs/ysu34/hamlib/dia_e2e/fermi_18_5.txt,262144,33,spmspm,ours_flat,1.753,0.457,1.194557,2
PREPCSV,/mnt/beegfs/ysu34/hamlib/dia_e2e/fermi_18_5.txt,262144,33,spmspm,hm_atomic,49.876,3.772,2.511073,21
PREPCSV,/mnt/beegfs/ysu34/hamlib/dia_e2e/fermi_18_5.txt,262144,33,spmspm,ours_sym,0.741,3.118,-1.000000,-1
PREPCSV,/mnt/beegfs/ysu34/hamlib/dia_e2e/fermi_18_5.txt,262144,33,spmspm,ours_sym,0.741,3.118,0.558223,7
SPMSPMCSV,/mnt/beegfs/ysu34/hamlib/dia_e2e/fermi_18_5.txt,262144,33,465,114362994,ours_flat,1.194066,0.000e+00
SPMSPMCSV,/mnt/beegfs/ysu34/hamlib/dia_e2e/fermi_18_5.txt,262144,33,465,114362994,ours_sym,0.557855,0.000e+00
SPMSPMCSV,/mnt/beegfs/ysu34/hamlib/dia_e2e/fermi_18_5.txt,262144,33,465,114362994,hm_atomic,2.510684,0.000e+00
SPMSPMCSV,/mnt/beegfs/ysu34/hamlib/dia_e2e/fermi_18_5.txt,262144,33,465,114362994,diaq_fp32,34.691902,0.000e+00
SPMSPMCSV,/mnt/beegfs/ysu34/hamlib/dia_e2e/fermi_18_5.txt,262144,33,465,114362994,cusparse_spgemm,5.821690,-1.000e+00
CSRNNZ,/mnt/beegfs/ysu34/hamlib/dia_e2e/fermi_18_5.txt,8389122,2359296,0.2812
PREPCSV,/mnt/beegfs/ysu34/hamlib/dia_e2e/fermi_18_5.txt,262144,33,spmv,cusparse_csr,40.746,175.869,0.035123,-1
SPMVCSV,/mnt/beegfs/ysu34/hamlib/dia_e2e/fermi_18_5.txt,262144,33,8389122,2359296,ours_didx_nv1,0.012063,5.902e-08
SPMVCSV,/mnt/beegfs/ysu34/hamlib/dia_e2e/fermi_18_5.txt,262144,33,8389122,2359296,ours_didx_nv2,0.013844,5.922e-08
SPMVCSV,/mnt/beegfs/ysu34/hamlib/dia_e2e/fermi_18_5.txt,262144,33,8389122,2359296,ours_gather_nv1,0.032502,5.902e-08
SPMVCSV,/mnt/beegfs/ysu34/hamlib/dia_e2e/fermi_18_5.txt,262144,33,8389122,2359296,ours_gather_nv2,0.081551,5.922e-08
SPMVCSV,/mnt/beegfs/ysu34/hamlib/dia_e2e/fermi_18_5.txt,262144,33,8389122,2359296,ours_gopt_nv1,0.013476,5.983e-08
SPMVCSV,/mnt/beegfs/ysu34/hamlib/dia_e2e/fermi_18_5.txt,262144,33,8389122,2359296,ours_gopt_nv2,0.018739,5.983e-08
# gopt plan: 527 segs, reads 65.6% of stored band
SPMVCSV,/mnt/beegfs/ysu34/hamlib/dia_e2e/fermi_18_5.txt,262144,33,8389122,2359296,ours_gopt_s_nv1,0.013455,5.983e-08
# auto pick=didx (D=33 fill=0.28 rho=0.66)
SPMVCSV,/mnt/beegfs/ysu34/hamlib/dia_e2e/fermi_18_5.txt,262144,33,8389122,2359296,ours_auto_nv1,0.012083,5.902e-08
SPMVCSV,/mnt/beegfs/ysu34/hamlib/dia_e2e/fermi_18_5.txt,262144,33,8389122,2359296,ours_auto_nv2,0.013844,5.922e-08
SPMVCSV,/mnt/beegfs/ysu34/hamlib/dia_e2e/fermi_18_5.txt,262144,33,8389122,2359296,csr_zskip_nv1,0.014541,5.902e-08
SPMVCSV,/mnt/beegfs/ysu34/hamlib/dia_e2e/fermi_18_5.txt,262144,33,8389122,2359296,row_dense_nv1,0.026399,5.902e-08
SPMVCSV,/mnt/beegfs/ysu34/hamlib/dia_e2e/fermi_18_5.txt,262144,33,8389122,2359296,cusparse_csr,0.035308,5.727e-08
SPMVCSV,/mnt/beegfs/ysu34/hamlib/dia_e2e/fermi_18_5.txt,262144,33,8389122,2359296,diaq_fp64,0.109609,0.000e+00
SPMVCSV,/mnt/beegfs/ysu34/hamlib/dia_e2e/fermi_18_5.txt,262144,33,8389122,2359296,diaq_fp32,0.065577,6.228e-08
E2EEVCSV,/mnt/beegfs/ysu34/hamlib/dia_e2e/fermi_18_5.txt,262144,33,1000,5,didx,39.230,44.492,94.373,418.589,4.435,1.772e-07
E2EEVDIAQCSV,/mnt/beegfs/ysu34/hamlib/dia_e2e/fermi_18_5.txt,262144,33,1000,5,2.740,364.231,3.859,1.509e-07
E2EOPCSV,/mnt/beegfs/ysu34/hamlib/dia_e2e/fermi_18_5.txt,262144,33,2,465,114362994,1.188,1.194,-1
E2EOPCSV,/mnt/beegfs/ysu34/hamlib/dia_e2e/fermi_18_5.txt,262144,33,3,3689,873993202,35.153,17.999,-1
# opbuild wall: Unnz=13140458992 (int32 index limit)
E2EOPBUILDCSV,/mnt/beegfs/ysu34/hamlib/dia_e2e/fermi_18_5.txt,262144,5,61463,13140458992,-1,-1,-1
# opbuild(sym) wall: Unnz=6570360568 (int32 index limit)
E2EOPBUILDCSV,/mnt/beegfs/ysu34/hamlib/dia_e2e/fermi_18_5.txt,262144,5,30732,6570360568,-1,-1,-1
== [3] fermi_20_5 ==
PREPCSV,/mnt/beegfs/ysu34/hamlib/dia_e2e/fermi_20_5.txt,1048576,37,spmv,didx,119.344,4.862,0.056402,2202
PREPCSV,/mnt/beegfs/ysu34/hamlib/dia_e2e/fermi_20_5.txt,1048576,37,spmv,didx_sym,45.633,11.855,0.053268,1079
PREPCSV,/mnt/beegfs/ysu34/hamlib/dia_e2e/fermi_20_5.txt,1048576,37,spmv,gopt,100.177,7.276,0.078295,1372
PREPCSV,/mnt/beegfs/ysu34/hamlib/dia_e2e/fermi_20_5.txt,1048576,37,spmv,cusparse_csr,199.992,7.792,0.087962,2362
PREPCSV,/mnt/beegfs/ysu34/hamlib/dia_e2e/fermi_20_5.txt,1048576,37,spmspm,ours_flat,7.511,0.890,6.220472,1
PREPCSV,/mnt/beegfs/ysu34/hamlib/dia_e2e/fermi_20_5.txt,1048576,37,spmspm,hm_atomic,250.573,12.821,12.749393,21
PREPCSV,/mnt/beegfs/ysu34/hamlib/dia_e2e/fermi_20_5.txt,1048576,37,spmspm,ours_sym,3.675,4.527,-1.000000,-1
PREPCSV,/mnt/beegfs/ysu34/hamlib/dia_e2e/fermi_20_5.txt,1048576,37,spmspm,ours_sym,3.675,4.527,3.131187,3
SPMSPMCSV,/mnt/beegfs/ysu34/hamlib/dia_e2e/fermi_20_5.txt,1048576,37,593,587472114,ours_flat,6.223851,0.000e+00
SPMSPMCSV,/mnt/beegfs/ysu34/hamlib/dia_e2e/fermi_20_5.txt,1048576,37,593,587472114,ours_sym,3.128760,0.000e+00
SPMSPMCSV,/mnt/beegfs/ysu34/hamlib/dia_e2e/fermi_20_5.txt,1048576,37,593,587472114,hm_atomic,12.781702,0.000e+00
SPMSPMCSV,/mnt/beegfs/ysu34/hamlib/dia_e2e/fermi_20_5.txt,1048576,37,593,587472114,diaq_fp32,193.593964,0.000e+00
SPMSPMCSV,/mnt/beegfs/ysu34/hamlib/dia_e2e/fermi_20_5.txt,1048576,37,593,587472114,cusparse_spgemm,11.511486,-1.000e+00
CSRNNZ,/mnt/beegfs/ysu34/hamlib/dia_e2e/fermi_20_5.txt,37749762,10485760,0.2778
PREPCSV,/mnt/beegfs/ysu34/hamlib/dia_e2e/fermi_20_5.txt,1048576,37,spmv,cusparse_csr,181.707,191.371,0.087921,-1
SPMVCSV,/mnt/beegfs/ysu34/hamlib/dia_e2e/fermi_20_5.txt,1048576,37,37749762,10485760,ours_didx_nv1,0.056197,6.230e-08
SPMVCSV,/mnt/beegfs/ysu34/hamlib/dia_e2e/fermi_20_5.txt,1048576,37,37749762,10485760,ours_didx_nv2,0.064553,6.230e-08
SPMVCSV,/mnt/beegfs/ysu34/hamlib/dia_e2e/fermi_20_5.txt,1048576,37,37749762,10485760,ours_gather_nv1,0.119501,6.230e-08
SPMVCSV,/mnt/beegfs/ysu34/hamlib/dia_e2e/fermi_20_5.txt,1048576,37,37749762,10485760,ours_gather_nv2,0.207544,6.230e-08
SPMVCSV,/mnt/beegfs/ysu34/hamlib/dia_e2e/fermi_20_5.txt,1048576,37,37749762,10485760,ours_gopt_nv1,0.078254,6.235e-08
SPMVCSV,/mnt/beegfs/ysu34/hamlib/dia_e2e/fermi_20_5.txt,1048576,37,37749762,10485760,ours_gopt_nv2,0.088064,6.235e-08
# gopt plan: 1041 segs, reads 65.3% of stored band
SPMVCSV,/mnt/beegfs/ysu34/hamlib/dia_e2e/fermi_20_5.txt,1048576,37,37749762,10485760,ours_gopt_s_nv1,0.083784,6.235e-08
# auto pick=didx (D=37 fill=0.28 rho=0.65)
SPMVCSV,/mnt/beegfs/ysu34/hamlib/dia_e2e/fermi_20_5.txt,1048576,37,37749762,10485760,ours_auto_nv1,0.056484,6.230e-08
SPMVCSV,/mnt/beegfs/ysu34/hamlib/dia_e2e/fermi_20_5.txt,1048576,37,37749762,10485760,ours_auto_nv2,0.066396,6.230e-08
SPMVCSV,/mnt/beegfs/ysu34/hamlib/dia_e2e/fermi_20_5.txt,1048576,37,37749762,10485760,csr_zskip_nv1,0.079135,6.230e-08
SPMVCSV,/mnt/beegfs/ysu34/hamlib/dia_e2e/fermi_20_5.txt,1048576,37,37749762,10485760,row_dense_nv1,0.111432,6.230e-08
SPMVCSV,/mnt/beegfs/ysu34/hamlib/dia_e2e/fermi_20_5.txt,1048576,37,37749762,10485760,cusparse_csr,0.088044,5.900e-08
SPMVCSV,/mnt/beegfs/ysu34/hamlib/dia_e2e/fermi_20_5.txt,1048576,37,37749762,10485760,diaq_fp64,0.433603,0.000e+00
SPMVCSV,/mnt/beegfs/ysu34/hamlib/dia_e2e/fermi_20_5.txt,1048576,37,37749762,10485760,diaq_fp32,0.229745,6.502e-08
E2EEVCSV,/mnt/beegfs/ysu34/hamlib/dia_e2e/fermi_20_5.txt,1048576,37,1000,5,didx,240.560,193.098,419.621,1026.243,2.446,1.858e-07
E2EEVDIAQCSV,/mnt/beegfs/ysu34/hamlib/dia_e2e/fermi_20_5.txt,1048576,37,1000,5,10.749,1255.797,2.993,1.550e-07
E2EOPCSV,/mnt/beegfs/ysu34/hamlib/dia_e2e/fermi_20_5.txt,1048576,37,2,593,587472114,6.264,6.224,-1
E2EOPCSV,/mnt/beegfs/ysu34/hamlib/dia_e2e/fermi_20_5.txt,1048576,37,3,5433,5208293746,103.087,121.379,-1
# opbuild wall: Unnz=110337036656 (int32 index limit)
E2EOPBUILDCSV,/mnt/beegfs/ysu34/hamlib/dia_e2e/fermi_20_5.txt,1048576,5,125523,110337036656,-1,-1,-1
# opbuild(sym) wall: Unnz=55169042616 (int32 index limit)
E2EOPBUILDCSV,/mnt/beegfs/ysu34/hamlib/dia_e2e/fermi_20_5.txt,1048576,5,62762,55169042616,-1,-1,-1
== [3] fermiFH_18_4 ==
PREPCSV,/mnt/beegfs/ysu34/hamlib/dia_e2e/fermiFH_18_4.txt,262144,64,spmv,didx,31.770,1.256,0.011715,2819
PREPCSV,/mnt/beegfs/ysu34/hamlib/dia_e2e/fermiFH_18_4.txt,262144,64,spmv,didx_sym,17.191,4.990,0.011633,1907
PREPCSV,/mnt/beegfs/ysu34/hamlib/dia_e2e/fermiFH_18_4.txt,262144,64,spmv,gopt,37.624,2.847,0.034181,1184
PREPCSV,/mnt/beegfs/ysu34/hamlib/dia_e2e/fermiFH_18_4.txt,262144,64,spmv,cusparse_csr,52.330,2.197,0.034632,1574
PREPCSV,/mnt/beegfs/ysu34/hamlib/dia_e2e/fermiFH_18_4.txt,262144,64,spmspm,ours_flat,5.534,0.692,4.394578,1
PREPCSV,/mnt/beegfs/ysu34/hamlib/dia_e2e/fermiFH_18_4.txt,262144,64,spmspm,hm_atomic,150.922,6.142,9.159352,17
PREPCSV,/mnt/beegfs/ysu34/hamlib/dia_e2e/fermiFH_18_4.txt,262144,64,spmspm,ours_sym,1.881,4.081,-1.000000,-1
PREPCSV,/mnt/beegfs/ysu34/hamlib/dia_e2e/fermiFH_18_4.txt,262144,64,spmspm,ours_sym,1.881,4.081,2.086687,3
SPMSPMCSV,/mnt/beegfs/ysu34/hamlib/dia_e2e/fermiFH_18_4.txt,262144,64,1549,366904380,ours_flat,4.394332,0.000e+00
SPMSPMCSV,/mnt/beegfs/ysu34/hamlib/dia_e2e/fermiFH_18_4.txt,262144,64,1549,366904380,ours_sym,2.086011,0.000e+00
SPMSPMCSV,/mnt/beegfs/ysu34/hamlib/dia_e2e/fermiFH_18_4.txt,262144,64,1549,366904380,hm_atomic,9.161800,0.000e+00
SPMSPMCSV,/mnt/beegfs/ysu34/hamlib/dia_e2e/fermiFH_18_4.txt,262144,64,1549,366904380,diaq_fp32,75.952347,0.000e+00
SPMSPMCSV,/mnt/beegfs/ysu34/hamlib/dia_e2e/fermiFH_18_4.txt,262144,64,1549,366904380,cusparse_spgemm,5.734672,-1.000e+00
CSRNNZ,/mnt/beegfs/ysu34/hamlib/dia_e2e/fermiFH_18_4.txt,16071004,2097152,0.1305
PREPCSV,/mnt/beegfs/ysu34/hamlib/dia_e2e/fermiFH_18_4.txt,262144,64,spmv,cusparse_csr,51.762,183.241,0.034734,-1
SPMVCSV,/mnt/beegfs/ysu34/hamlib/dia_e2e/fermiFH_18_4.txt,262144,64,16071004,2097152,ours_didx_nv1,0.011715,5.605e-08
SPMVCSV,/mnt/beegfs/ysu34/hamlib/dia_e2e/fermiFH_18_4.txt,262144,64,16071004,2097152,ours_didx_nv2,0.013435,5.629e-08
SPMVCSV,/mnt/beegfs/ysu34/hamlib/dia_e2e/fermiFH_18_4.txt,262144,64,16071004,2097152,ours_gather_nv1,0.060068,5.605e-08
SPMVCSV,/mnt/beegfs/ysu34/hamlib/dia_e2e/fermiFH_18_4.txt,262144,64,16071004,2097152,ours_gather_nv2,0.151183,5.629e-08
SPMVCSV,/mnt/beegfs/ysu34/hamlib/dia_e2e/fermiFH_18_4.txt,262144,64,16071004,2097152,ours_gopt_nv1,0.034202,5.606e-08
SPMVCSV,/mnt/beegfs/ysu34/hamlib/dia_e2e/fermiFH_18_4.txt,262144,64,16071004,2097152,ours_gopt_nv2,0.039813,5.645e-08
# gopt plan: 1286 segs, reads 52.6% of stored band
SPMVCSV,/mnt/beegfs/ysu34/hamlib/dia_e2e/fermiFH_18_4.txt,262144,64,16071004,2097152,ours_gopt_s_nv1,0.041083,5.606e-08
# auto pick=didx (D=64 fill=0.13 rho=0.53)
SPMVCSV,/mnt/beegfs/ysu34/hamlib/dia_e2e/fermiFH_18_4.txt,262144,64,16071004,2097152,ours_auto_nv1,0.011715,5.605e-08
SPMVCSV,/mnt/beegfs/ysu34/hamlib/dia_e2e/fermiFH_18_4.txt,262144,64,16071004,2097152,ours_auto_nv2,0.013476,5.629e-08
SPMVCSV,/mnt/beegfs/ysu34/hamlib/dia_e2e/fermiFH_18_4.txt,262144,64,16071004,2097152,csr_zskip_nv1,0.013619,5.605e-08
SPMVCSV,/mnt/beegfs/ysu34/hamlib/dia_e2e/fermiFH_18_4.txt,262144,64,16071004,2097152,row_dense_nv1,0.051978,5.605e-08
SPMVCSV,/mnt/beegfs/ysu34/hamlib/dia_e2e/fermiFH_18_4.txt,262144,64,16071004,2097152,cusparse_csr,0.034611,5.054e-08
SPMVCSV,/mnt/beegfs/ysu34/hamlib/dia_e2e/fermiFH_18_4.txt,262144,64,16071004,2097152,diaq_fp64,0.197120,0.000e+00
SPMVCSV,/mnt/beegfs/ysu34/hamlib/dia_e2e/fermiFH_18_4.txt,262144,64,16071004,2097152,diaq_fp32,0.120422,5.616e-08
E2EEVCSV,/mnt/beegfs/ysu34/hamlib/dia_e2e/fermiFH_18_4.txt,262144,64,1000,4,didx,71.110,55.027,75.308,336.417,4.467,1.427e-07
E2EEVDIAQCSV,/mnt/beegfs/ysu34/hamlib/dia_e2e/fermiFH_18_4.txt,262144,64,1000,4,4.760,521.719,6.928,0.000e+00
E2EOPCSV,/mnt/beegfs/ysu34/hamlib/dia_e2e/fermiFH_18_4.txt,262144,64,2,1549,366904380,4.706,4.396,-1
E2EOPCSV,/mnt/beegfs/ysu34/hamlib/dia_e2e/fermiFH_18_4.txt,262144,64,3,17353,3771787488,461.624,113.683,-1
# opbuild wall: Unnz=18912431872 (int32 index limit)
E2EOPBUILDCSV,/mnt/beegfs/ysu34/hamlib/dia_e2e/fermiFH_18_4.txt,262144,4,98163,18912431872,-1,-1,-1
# opbuild(sym) wall: Unnz=9456347008 (int32 index limit)
E2EOPBUILDCSV,/mnt/beegfs/ysu34/hamlib/dia_e2e/fermiFH_18_4.txt,262144,4,49082,9456347008,-1,-1,-1
== [3] H8c_16_4 ==
PREPCSV,/mnt/beegfs/ysu34/hamlib/dia_e2e/H8c_16_4.txt,65536,8887,spmv,didx,646.743,5.305,0.624312,1044
# didx_sym skipped: non-symmetric or Dup>128
PREPCSV,/mnt/beegfs/ysu34/hamlib/dia_e2e/H8c_16_4.txt,65536,8887,spmv,gopt,772.554,38.354,1.680916,482
PREPCSV,/mnt/beegfs/ysu34/hamlib/dia_e2e/H8c_16_4.txt,65536,8887,spmv,cusparse_csr,1556.291,7.254,0.092119,16973
PREPCSV,/mnt/beegfs/ysu34/hamlib/dia_e2e/H8c_16_4.txt,65536,8887,spmspm,ours_flat,12020.419,158.438,13120.019531,1
# hm_atomic skipped: C nnz 2147483648 exceeds HM int32 layout
PREPCSV,/mnt/beegfs/ysu34/hamlib/dia_e2e/H8c_16_4.txt,65536,8887,spmspm,ours_sym,1170.430,83.730,-1.000000,-1
PREPCSV,/mnt/beegfs/ysu34/hamlib/dia_e2e/H8c_16_4.txt,65536,8887,spmspm,ours_sym,1170.430,83.730,6684.989258,0
SPMSPMCSV,/mnt/beegfs/ysu34/hamlib/dia_e2e/H8c_16_4.txt,65536,8887,65535,2147483648,ours_flat,13117.587891,0.000e+00
SPMSPMCSV,/mnt/beegfs/ysu34/hamlib/dia_e2e/H8c_16_4.txt,65536,8887,65535,2147483648,ours_sym,6685.125488,6.104e-05
# hm_atomic skipped: C nnz 2147483648 exceeds HM int32 layout
CSRNNZ,/mnt/beegfs/ysu34/hamlib/dia_e2e/H8c_16_4.txt,398453764,10694387,0.0268
PREPCSV,/mnt/beegfs/ysu34/hamlib/dia_e2e/H8c_16_4.txt,65536,8887,spmv,cusparse_csr,1549.175,209.236,0.091259,-1
SPMVCSV,/mnt/beegfs/ysu34/hamlib/dia_e2e/H8c_16_4.txt,65536,8887,398453764,10694387,ours_didx_nv1,0.624189,2.068e-07
SPMVCSV,/mnt/beegfs/ysu34/hamlib/dia_e2e/H8c_16_4.txt,65536,8887,398453764,10694387,ours_didx_nv2,0.833045,2.068e-07
SPMVCSV,/mnt/beegfs/ysu34/hamlib/dia_e2e/H8c_16_4.txt,65536,8887,398453764,10694387,ours_gather_nv1,1.417196,2.068e-07
SPMVCSV,/mnt/beegfs/ysu34/hamlib/dia_e2e/H8c_16_4.txt,65536,8887,398453764,10694387,ours_gather_nv2,1.696399,2.068e-07
SPMVCSV,/mnt/beegfs/ysu34/hamlib/dia_e2e/H8c_16_4.txt,65536,8887,398453764,10694387,ours_gopt_nv1,1.679483,2.422e-07
SPMVCSV,/mnt/beegfs/ysu34/hamlib/dia_e2e/H8c_16_4.txt,65536,8887,398453764,10694387,ours_gopt_nv2,2.049045,2.422e-07
# gopt plan: 50891 segs, reads 34.8% of stored band
SPMVCSV,/mnt/beegfs/ysu34/hamlib/dia_e2e/H8c_16_4.txt,65536,8887,398453764,10694387,ours_gopt_s_nv1,2.145649,2.422e-07
# auto pick=gopt (D=8887 fill=0.03 rho=0.35)
SPMVCSV,/mnt/beegfs/ysu34/hamlib/dia_e2e/H8c_16_4.txt,65536,8887,398453764,10694387,ours_auto_nv1,1.678889,2.422e-07
SPMVCSV,/mnt/beegfs/ysu34/hamlib/dia_e2e/H8c_16_4.txt,65536,8887,398453764,10694387,ours_auto_nv2,2.049556,2.422e-07
SPMVCSV,/mnt/beegfs/ysu34/hamlib/dia_e2e/H8c_16_4.txt,65536,8887,398453764,10694387,csr_zskip_nv1,0.145592,2.068e-07
SPMVCSV,/mnt/beegfs/ysu34/hamlib/dia_e2e/H8c_16_4.txt,65536,8887,398453764,10694387,row_dense_nv1,1.688084,2.068e-07
SPMVCSV,/mnt/beegfs/ysu34/hamlib/dia_e2e/H8c_16_4.txt,65536,8887,398453764,10694387,cusparse_csr,0.091423,7.568e-08
SPMVCSV,/mnt/beegfs/ysu34/hamlib/dia_e2e/H8c_16_4.txt,65536,8887,398453764,10694387,diaq_fp64,6.034227,0.000e+00
SPMVCSV,/mnt/beegfs/ysu34/hamlib/dia_e2e/H8c_16_4.txt,65536,8887,398453764,10694387,diaq_fp32,5.208167,2.076e-07
E2EEVCSV,/mnt/beegfs/ysu34/hamlib/dia_e2e/H8c_16_4.txt,65536,8887,1000,4,gopt,829.089,1592.432,8247.610,751.227,0.091,2.062e-07
E2EEVDIAQCSV,/mnt/beegfs/ysu34/hamlib/dia_e2e/H8c_16_4.txt,65536,8887,1000,4,105.745,20857.982,2.529,1.858e-07
E2EOPCSV,/mnt/beegfs/ysu34/hamlib/dia_e2e/H8c_16_4.txt,65536,8887,2,65535,2147483648,11119.136,13116.644,-1
E2EOPCSV,/mnt/beegfs/ysu34/hamlib/dia_e2e/H8c_16_4.txt,65536,8887,3,65535,2147483648,68910.907,73353.945,-1
# opbuild wall: Unnz=2147483648 (int32 index limit)
E2EOPBUILDCSV,/mnt/beegfs/ysu34/hamlib/dia_e2e/H8c_16_4.txt,65536,4,65535,2147483648,-1,-1,-1
E2EOPBUILDCSV,/mnt/beegfs/ysu34/hamlib/dia_e2e/H8c_16_4.txt,65536,4,32768,1073774592,96337.016,-1,-1
== [3] heis_16_5 ==
PREPCSV,/mnt/beegfs/ysu34/hamlib/dia_e2e/heis_16_5.txt,65536,31,spmv,didx,4.180,5.409,0.006267,1530
PREPCSV,/mnt/beegfs/ysu34/hamlib/dia_e2e/heis_16_5.txt,65536,31,spmv,didx_sym,2.233,7.238,0.006390,1482
PREPCSV,/mnt/beegfs/ysu34/hamlib/dia_e2e/heis_16_5.txt,65536,31,spmv,gopt,5.916,4.431,0.010834,955
PREPCSV,/mnt/beegfs/ysu34/hamlib/dia_e2e/heis_16_5.txt,65536,31,spmv,cusparse_csr,11.039,4.321,0.021688,708
PREPCSV,/mnt/beegfs/ysu34/hamlib/dia_e2e/heis_16_5.txt,65536,31,spmspm,ours_flat,0.583,2.608,0.214610,15
PREPCSV,/mnt/beegfs/ysu34/hamlib/dia_e2e/heis_16_5.txt,65536,31,spmspm,hm_atomic,10.853,1.580,0.379167,33
PREPCSV,/mnt/beegfs/ysu34/hamlib/dia_e2e/heis_16_5.txt,65536,31,spmspm,ours_sym,0.183,2.151,-1.000000,-1
PREPCSV,/mnt/beegfs/ysu34/hamlib/dia_e2e/heis_16_5.txt,65536,31,spmspm,ours_sym,0.183,2.151,0.106455,22
SPMSPMCSV,/mnt/beegfs/ysu34/hamlib/dia_e2e/heis_16_5.txt,65536,31,399,24395762,ours_flat,0.212787,0.000e+00
SPMSPMCSV,/mnt/beegfs/ysu34/hamlib/dia_e2e/heis_16_5.txt,65536,31,399,24395762,ours_sym,0.106506,0.000e+00
SPMSPMCSV,/mnt/beegfs/ysu34/hamlib/dia_e2e/heis_16_5.txt,65536,31,399,24395762,hm_atomic,0.381133,0.000e+00
SPMSPMCSV,/mnt/beegfs/ysu34/hamlib/dia_e2e/heis_16_5.txt,65536,31,399,24395762,diaq_fp32,6.795029,0.000e+00
SPMSPMCSV,/mnt/beegfs/ysu34/hamlib/dia_e2e/heis_16_5.txt,65536,31,399,24395762,cusparse_spgemm,4.455766,-1.000e+00
CSRNNZ,/mnt/beegfs/ysu34/hamlib/dia_e2e/heis_16_5.txt,1966082,557056,0.2833
PREPCSV,/mnt/beegfs/ysu34/hamlib/dia_e2e/heis_16_5.txt,65536,31,spmv,cusparse_csr,9.916,178.161,0.021012,-1
SPMVCSV,/mnt/beegfs/ysu34/hamlib/dia_e2e/heis_16_5.txt,65536,31,1966082,557056,ours_didx_nv1,0.006001,5.752e-08
SPMVCSV,/mnt/beegfs/ysu34/hamlib/dia_e2e/heis_16_5.txt,65536,31,1966082,557056,ours_didx_nv2,0.006533,5.753e-08
SPMVCSV,/mnt/beegfs/ysu34/hamlib/dia_e2e/heis_16_5.txt,65536,31,1966082,557056,ours_gather_nv1,0.007537,5.752e-08
SPMVCSV,/mnt/beegfs/ysu34/hamlib/dia_e2e/heis_16_5.txt,65536,31,1966082,557056,ours_gather_nv2,0.008663,5.753e-08
SPMVCSV,/mnt/beegfs/ysu34/hamlib/dia_e2e/heis_16_5.txt,65536,31,1966082,557056,ours_gopt_nv1,0.010650,5.880e-08
SPMVCSV,/mnt/beegfs/ysu34/hamlib/dia_e2e/heis_16_5.txt,65536,31,1966082,557056,ours_gopt_nv2,0.013169,5.910e-08
# gopt plan: 145 segs, reads 73.2% of stored band
SPMVCSV,/mnt/beegfs/ysu34/hamlib/dia_e2e/heis_16_5.txt,65536,31,1966082,557056,ours_gopt_s_nv1,0.011796,5.880e-08
# auto pick=didx (D=31 fill=0.28 rho=0.73)
SPMVCSV,/mnt/beegfs/ysu34/hamlib/dia_e2e/heis_16_5.txt,65536,31,1966082,557056,ours_auto_nv1,0.006021,5.752e-08
SPMVCSV,/mnt/beegfs/ysu34/hamlib/dia_e2e/heis_16_5.txt,65536,31,1966082,557056,ours_auto_nv2,0.006574,5.753e-08
SPMVCSV,/mnt/beegfs/ysu34/hamlib/dia_e2e/heis_16_5.txt,65536,31,1966082,557056,csr_zskip_nv1,0.006656,5.752e-08
SPMVCSV,/mnt/beegfs/ysu34/hamlib/dia_e2e/heis_16_5.txt,65536,31,1966082,557056,row_dense_nv1,0.007455,5.752e-08
SPMVCSV,/mnt/beegfs/ysu34/hamlib/dia_e2e/heis_16_5.txt,65536,31,1966082,557056,cusparse_csr,0.020603,5.736e-08
SPMVCSV,/mnt/beegfs/ysu34/hamlib/dia_e2e/heis_16_5.txt,65536,31,1966082,557056,diaq_fp64,0.028938,0.000e+00
SPMVCSV,/mnt/beegfs/ysu34/hamlib/dia_e2e/heis_16_5.txt,65536,31,1966082,557056,diaq_fp32,0.015176,6.107e-08
E2EEVCSV,/mnt/beegfs/ysu34/hamlib/dia_e2e/heis_16_5.txt,65536,31,1000,5,didx,11.302,12.233,51.826,229.512,4.429,2.946e-07
E2EEVDIAQCSV,/mnt/beegfs/ysu34/hamlib/dia_e2e/heis_16_5.txt,65536,31,1000,5,0.761,94.618,1.826,2.728e-07
E2EOPCSV,/mnt/beegfs/ysu34/hamlib/dia_e2e/heis_16_5.txt,65536,31,2,399,24395762,0.424,0.213,-1
E2EOPCSV,/mnt/beegfs/ysu34/hamlib/dia_e2e/heis_16_5.txt,65536,31,3,2791,163414130,20.034,2.999,-1
E2EOPBUILDCSV,/mnt/beegfs/ysu34/hamlib/dia_e2e/heis_16_5.txt,65536,5,32167,1651448944,6252.747,6598.544,1.055
E2EOPBUILDCSV,/mnt/beegfs/ysu34/hamlib/dia_e2e/heis_16_5.txt,65536,5,16084,825757240,327.882,-1,-1
== [3] heis_18_5 ==
PREPCSV,/mnt/beegfs/ysu34/hamlib/dia_e2e/heis_18_5.txt,262144,35,spmv,didx,20.335,1.411,0.012329,1764
PREPCSV,/mnt/beegfs/ysu34/hamlib/dia_e2e/heis_18_5.txt,262144,35,spmv,didx_sym,10.225,3.246,0.012104,1113
PREPCSV,/mnt/beegfs/ysu34/hamlib/dia_e2e/heis_18_5.txt,262144,35,spmv,gopt,25.120,2.297,0.016036,1710
PREPCSV,/mnt/beegfs/ysu34/hamlib/dia_e2e/heis_18_5.txt,262144,35,spmv,cusparse_csr,58.444,2.482,0.035901,1697
PREPCSV,/mnt/beegfs/ysu34/hamlib/dia_e2e/heis_18_5.txt,262144,35,spmspm,ours_flat,1.940,0.496,1.348608,2
PREPCSV,/mnt/beegfs/ysu34/hamlib/dia_e2e/heis_18_5.txt,262144,35,spmspm,hm_atomic,55.442,3.943,2.834391,21
PREPCSV,/mnt/beegfs/ysu34/hamlib/dia_e2e/heis_18_5.txt,262144,35,spmspm,ours_sym,0.800,2.957,-1.000000,-1
PREPCSV,/mnt/beegfs/ysu34/hamlib/dia_e2e/heis_18_5.txt,262144,35,spmspm,ours_sym,0.800,2.957,0.630272,6
SPMSPMCSV,/mnt/beegfs/ysu34/hamlib/dia_e2e/heis_18_5.txt,262144,35,519,127991794,ours_flat,1.348250,0.000e+00
SPMSPMCSV,/mnt/beegfs/ysu34/hamlib/dia_e2e/heis_18_5.txt,262144,35,519,127991794,ours_sym,0.629289,0.000e+00
SPMSPMCSV,/mnt/beegfs/ysu34/hamlib/dia_e2e/heis_18_5.txt,262144,35,519,127991794,hm_atomic,2.835528,0.000e+00
SPMSPMCSV,/mnt/beegfs/ysu34/hamlib/dia_e2e/heis_18_5.txt,262144,35,519,127991794,diaq_fp32,35.806175,0.000e+00
SPMSPMCSV,/mnt/beegfs/ysu34/hamlib/dia_e2e/heis_18_5.txt,262144,35,519,127991794,cusparse_spgemm,6.209943,-1.000e+00
CSRNNZ,/mnt/beegfs/ysu34/hamlib/dia_e2e/heis_18_5.txt,8912898,2490368,0.2794
PREPCSV,/mnt/beegfs/ysu34/hamlib/dia_e2e/heis_18_5.txt,262144,35,spmv,cusparse_csr,57.638,185.264,0.036393,-1
SPMVCSV,/mnt/beegfs/ysu34/hamlib/dia_e2e/heis_18_5.txt,262144,35,8912898,2490368,ours_didx_nv1,0.012308,6.059e-08
SPMVCSV,/mnt/beegfs/ysu34/hamlib/dia_e2e/heis_18_5.txt,262144,35,8912898,2490368,ours_didx_nv2,0.014131,6.090e-08
SPMVCSV,/mnt/beegfs/ysu34/hamlib/dia_e2e/heis_18_5.txt,262144,35,8912898,2490368,ours_gather_nv1,0.034918,6.059e-08
SPMVCSV,/mnt/beegfs/ysu34/hamlib/dia_e2e/heis_18_5.txt,262144,35,8912898,2490368,ours_gather_nv2,0.086405,6.090e-08
SPMVCSV,/mnt/beegfs/ysu34/hamlib/dia_e2e/heis_18_5.txt,262144,35,8912898,2490368,ours_gopt_nv1,0.016077,6.154e-08
SPMVCSV,/mnt/beegfs/ysu34/hamlib/dia_e2e/heis_18_5.txt,262144,35,8912898,2490368,ours_gopt_nv2,0.021135,6.165e-08
# gopt plan: 529 segs, reads 67.6% of stored band
SPMVCSV,/mnt/beegfs/ysu34/hamlib/dia_e2e/heis_18_5.txt,262144,35,8912898,2490368,ours_gopt_s_nv1,0.016671,6.154e-08
# auto pick=didx (D=35 fill=0.28 rho=0.68)
SPMVCSV,/mnt/beegfs/ysu34/hamlib/dia_e2e/heis_18_5.txt,262144,35,8912898,2490368,ours_auto_nv1,0.012329,6.059e-08
SPMVCSV,/mnt/beegfs/ysu34/hamlib/dia_e2e/heis_18_5.txt,262144,35,8912898,2490368,ours_auto_nv2,0.014152,6.090e-08
SPMVCSV,/mnt/beegfs/ysu34/hamlib/dia_e2e/heis_18_5.txt,262144,35,8912898,2490368,csr_zskip_nv1,0.015217,6.059e-08
SPMVCSV,/mnt/beegfs/ysu34/hamlib/dia_e2e/heis_18_5.txt,262144,35,8912898,2490368,row_dense_nv1,0.030474,6.059e-08
SPMVCSV,/mnt/beegfs/ysu34/hamlib/dia_e2e/heis_18_5.txt,262144,35,8912898,2490368,cusparse_csr,0.035881,5.885e-08
SPMVCSV,/mnt/beegfs/ysu34/hamlib/dia_e2e/heis_18_5.txt,262144,35,8912898,2490368,diaq_fp64,0.113500,0.000e+00
SPMVCSV,/mnt/beegfs/ysu34/hamlib/dia_e2e/heis_18_5.txt,262144,35,8912898,2490368,diaq_fp32,0.068690,6.404e-08
E2EEVCSV,/mnt/beegfs/ysu34/hamlib/dia_e2e/heis_18_5.txt,262144,35,1000,5,didx,45.633,59.981,96.808,428.789,4.429,3.099e-07
E2EEVDIAQCSV,/mnt/beegfs/ysu34/hamlib/dia_e2e/heis_18_5.txt,262144,35,1000,5,2.914,382.725,3.953,2.886e-07
E2EOPCSV,/mnt/beegfs/ysu34/hamlib/dia_e2e/heis_18_5.txt,262144,35,2,519,127991794,1.339,1.349,-1
E2EOPCSV,/mnt/beegfs/ysu34/hamlib/dia_e2e/heis_18_5.txt,262144,35,3,4279,1016725618,44.894,21.393,-1
# opbuild wall: Unnz=15484329072 (int32 index limit)
E2EOPBUILDCSV,/mnt/beegfs/ysu34/hamlib/dia_e2e/heis_18_5.txt,262144,5,72483,15484329072,-1,-1,-1
# opbuild(sym) wall: Unnz=7742295608 (int32 index limit)
E2EOPBUILDCSV,/mnt/beegfs/ysu34/hamlib/dia_e2e/heis_18_5.txt,262144,5,36242,7742295608,-1,-1,-1
== [3] heis_20_5 ==
PREPCSV,/mnt/beegfs/ysu34/hamlib/dia_e2e/heis_20_5.txt,1048576,39,spmv,didx,125.629,5.045,0.058102,2249
PREPCSV,/mnt/beegfs/ysu34/hamlib/dia_e2e/heis_20_5.txt,1048576,39,spmv,didx_sym,48.183,12.453,0.054723,1108
PREPCSV,/mnt/beegfs/ysu34/hamlib/dia_e2e/heis_20_5.txt,1048576,39,spmv,gopt,98.431,7.437,0.080445,1316
PREPCSV,/mnt/beegfs/ysu34/hamlib/dia_e2e/heis_20_5.txt,1048576,39,spmv,cusparse_csr,283.026,8.089,0.090092,3231
PREPCSV,/mnt/beegfs/ysu34/hamlib/dia_e2e/heis_20_5.txt,1048576,39,spmspm,ours_flat,8.047,0.920,6.925947,1
PREPCSV,/mnt/beegfs/ysu34/hamlib/dia_e2e/heis_20_5.txt,1048576,39,spmspm,hm_atomic,275.597,13.810,14.228643,20
PREPCSV,/mnt/beegfs/ysu34/hamlib/dia_e2e/heis_20_5.txt,1048576,39,spmspm,ours_sym,3.933,3.811,-1.000000,-1
PREPCSV,/mnt/beegfs/ysu34/hamlib/dia_e2e/heis_20_5.txt,1048576,39,spmspm,ours_sym,3.933,3.811,3.478753,2
SPMSPMCSV,/mnt/beegfs/ysu34/hamlib/dia_e2e/heis_20_5.txt,1048576,39,655,650379250,ours_flat,6.930555,0.000e+00
SPMSPMCSV,/mnt/beegfs/ysu34/hamlib/dia_e2e/heis_20_5.txt,1048576,39,655,650379250,ours_sym,3.477033,0.000e+00
SPMSPMCSV,/mnt/beegfs/ysu34/hamlib/dia_e2e/heis_20_5.txt,1048576,39,655,650379250,hm_atomic,14.216991,0.000e+00
SPMSPMCSV,/mnt/beegfs/ysu34/hamlib/dia_e2e/heis_20_5.txt,1048576,39,655,650379250,diaq_fp32,200.755630,0.000e+00
SPMSPMCSV,/mnt/beegfs/ysu34/hamlib/dia_e2e/heis_20_5.txt,1048576,39,655,650379250,cusparse_spgemm,12.076749,-1.000e+00
CSRNNZ,/mnt/beegfs/ysu34/hamlib/dia_e2e/heis_20_5.txt,39845890,11010048,0.2763
PREPCSV,/mnt/beegfs/ysu34/hamlib/dia_e2e/heis_20_5.txt,1048576,39,spmv,cusparse_csr,274.264,192.939,0.090440,-1
SPMVCSV,/mnt/beegfs/ysu34/hamlib/dia_e2e/heis_20_5.txt,1048576,39,39845890,11010048,ours_didx_nv1,0.058245,6.365e-08
SPMVCSV,/mnt/beegfs/ysu34/hamlib/dia_e2e/heis_20_5.txt,1048576,39,39845890,11010048,ours_didx_nv2,0.067994,6.365e-08
SPMVCSV,/mnt/beegfs/ysu34/hamlib/dia_e2e/heis_20_5.txt,1048576,39,39845890,11010048,ours_gather_nv1,0.124969,6.365e-08
SPMVCSV,/mnt/beegfs/ysu34/hamlib/dia_e2e/heis_20_5.txt,1048576,39,39845890,11010048,ours_gather_nv2,0.217006,6.365e-08
SPMVCSV,/mnt/beegfs/ysu34/hamlib/dia_e2e/heis_20_5.txt,1048576,39,39845890,11010048,ours_gopt_nv1,0.080323,6.430e-08
SPMVCSV,/mnt/beegfs/ysu34/hamlib/dia_e2e/heis_20_5.txt,1048576,39,39845890,11010048,ours_gopt_nv2,0.090173,6.433e-08
# gopt plan: 2065 segs, reads 63.2% of stored band
SPMVCSV,/mnt/beegfs/ysu34/hamlib/dia_e2e/heis_20_5.txt,1048576,39,39845890,11010048,ours_gopt_s_nv1,0.085545,6.430e-08
# auto pick=didx (D=39 fill=0.28 rho=0.63)
SPMVCSV,/mnt/beegfs/ysu34/hamlib/dia_e2e/heis_20_5.txt,1048576,39,39845890,11010048,ours_auto_nv1,0.058348,6.365e-08
SPMVCSV,/mnt/beegfs/ysu34/hamlib/dia_e2e/heis_20_5.txt,1048576,39,39845890,11010048,ours_auto_nv2,0.067891,6.365e-08
SPMVCSV,/mnt/beegfs/ysu34/hamlib/dia_e2e/heis_20_5.txt,1048576,39,39845890,11010048,csr_zskip_nv1,0.082637,6.365e-08
SPMVCSV,/mnt/beegfs/ysu34/hamlib/dia_e2e/heis_20_5.txt,1048576,39,39845890,11010048,row_dense_nv1,0.117125,6.365e-08
SPMVCSV,/mnt/beegfs/ysu34/hamlib/dia_e2e/heis_20_5.txt,1048576,39,39845890,11010048,cusparse_csr,0.090583,6.013e-08
SPMVCSV,/mnt/beegfs/ysu34/hamlib/dia_e2e/heis_20_5.txt,1048576,39,39845890,11010048,diaq_fp64,0.456704,0.000e+00
SPMVCSV,/mnt/beegfs/ysu34/hamlib/dia_e2e/heis_20_5.txt,1048576,39,39845890,11010048,diaq_fp32,0.240067,6.666e-08
E2EEVCSV,/mnt/beegfs/ysu34/hamlib/dia_e2e/heis_20_5.txt,1048576,39,1000,5,didx,226.300,278.143,433.287,1054.225,2.433,3.252e-07
E2EEVDIAQCSV,/mnt/beegfs/ysu34/hamlib/dia_e2e/heis_20_5.txt,1048576,39,1000,5,11.231,1320.434,3.047,3.042e-07
E2EOPCSV,/mnt/beegfs/ysu34/hamlib/dia_e2e/heis_20_5.txt,1048576,39,2,655,650379250,6.652,6.933,-1
E2EOPCSV,/mnt/beegfs/ysu34/hamlib/dia_e2e/heis_20_5.txt,1048576,39,3,6231,5988941938,125.288,141.838,-1
# opbuild wall: Unnz=130519407728 (int32 index limit)
E2EOPBUILDCSV,/mnt/beegfs/ysu34/hamlib/dia_e2e/heis_20_5.txt,1048576,5,148383,130519407728,-1,-1,-1
# opbuild(sym) wall: Unnz=65260228152 (int32 index limit)
E2EOPBUILDCSV,/mnt/beegfs/ysu34/hamlib/dia_e2e/heis_20_5.txt,1048576,5,74192,65260228152,-1,-1,-1
== [3] heis_20_6 ==
PREPCSV,/mnt/beegfs/ysu34/hamlib/dia_e2e/heis_20_6.txt,1048576,39,spmv,didx,125.762,5.033,0.058266,2245
PREPCSV,/mnt/beegfs/ysu34/hamlib/dia_e2e/heis_20_6.txt,1048576,39,spmv,didx_sym,47.876,12.475,0.054784,1102
PREPCSV,/mnt/beegfs/ysu34/hamlib/dia_e2e/heis_20_6.txt,1048576,39,spmv,gopt,111.936,7.428,0.080323,1486
PREPCSV,/mnt/beegfs/ysu34/hamlib/dia_e2e/heis_20_6.txt,1048576,39,spmv,cusparse_csr,284.583,8.074,0.090214,3244
PREPCSV,/mnt/beegfs/ysu34/hamlib/dia_e2e/heis_20_6.txt,1048576,39,spmspm,ours_flat,8.030,0.896,6.926295,1
PREPCSV,/mnt/beegfs/ysu34/hamlib/dia_e2e/heis_20_6.txt,1048576,39,spmspm,hm_atomic,275.708,13.804,14.232985,20
PREPCSV,/mnt/beegfs/ysu34/hamlib/dia_e2e/heis_20_6.txt,1048576,39,spmspm,ours_sym,3.909,3.816,-1.000000,-1
PREPCSV,/mnt/beegfs/ysu34/hamlib/dia_e2e/heis_20_6.txt,1048576,39,spmspm,ours_sym,3.909,3.816,3.478590,2
SPMSPMCSV,/mnt/beegfs/ysu34/hamlib/dia_e2e/heis_20_6.txt,1048576,39,655,650379250,ours_flat,6.929899,0.000e+00
SPMSPMCSV,/mnt/beegfs/ysu34/hamlib/dia_e2e/heis_20_6.txt,1048576,39,655,650379250,ours_sym,3.476695,0.000e+00
SPMSPMCSV,/mnt/beegfs/ysu34/hamlib/dia_e2e/heis_20_6.txt,1048576,39,655,650379250,hm_atomic,14.215035,0.000e+00
SPMSPMCSV,/mnt/beegfs/ysu34/hamlib/dia_e2e/heis_20_6.txt,1048576,39,655,650379250,diaq_fp32,200.769821,0.000e+00
SPMSPMCSV,/mnt/beegfs/ysu34/hamlib/dia_e2e/heis_20_6.txt,1048576,39,655,650379250,cusparse_spgemm,11.964420,-1.000e+00
CSRNNZ,/mnt/beegfs/ysu34/hamlib/dia_e2e/heis_20_6.txt,39845890,11010048,0.2763
PREPCSV,/mnt/beegfs/ysu34/hamlib/dia_e2e/heis_20_6.txt,1048576,39,spmv,cusparse_csr,268.613,193.721,0.090440,-1
SPMVCSV,/mnt/beegfs/ysu34/hamlib/dia_e2e/heis_20_6.txt,1048576,39,39845890,11010048,ours_didx_nv1,0.058245,6.365e-08
SPMVCSV,/mnt/beegfs/ysu34/hamlib/dia_e2e/heis_20_6.txt,1048576,39,39845890,11010048,ours_didx_nv2,0.067461,6.365e-08
SPMVCSV,/mnt/beegfs/ysu34/hamlib/dia_e2e/heis_20_6.txt,1048576,39,39845890,11010048,ours_gather_nv1,0.124908,6.365e-08
SPMVCSV,/mnt/beegfs/ysu34/hamlib/dia_e2e/heis_20_6.txt,1048576,39,39845890,11010048,ours_gather_nv2,0.217231,6.365e-08
SPMVCSV,/mnt/beegfs/ysu34/hamlib/dia_e2e/heis_20_6.txt,1048576,39,39845890,11010048,ours_gopt_nv1,0.080712,6.430e-08
SPMVCSV,/mnt/beegfs/ysu34/hamlib/dia_e2e/heis_20_6.txt,1048576,39,39845890,11010048,ours_gopt_nv2,0.090624,6.433e-08
# gopt plan: 2065 segs, reads 63.2% of stored band
SPMVCSV,/mnt/beegfs/ysu34/hamlib/dia_e2e/heis_20_6.txt,1048576,39,39845890,11010048,ours_gopt_s_nv1,0.085422,6.430e-08
# auto pick=didx (D=39 fill=0.28 rho=0.63)
SPMVCSV,/mnt/beegfs/ysu34/hamlib/dia_e2e/heis_20_6.txt,1048576,39,39845890,11010048,ours_auto_nv1,0.058204,6.365e-08
SPMVCSV,/mnt/beegfs/ysu34/hamlib/dia_e2e/heis_20_6.txt,1048576,39,39845890,11010048,ours_auto_nv2,0.066560,6.365e-08
SPMVCSV,/mnt/beegfs/ysu34/hamlib/dia_e2e/heis_20_6.txt,1048576,39,39845890,11010048,csr_zskip_nv1,0.082514,6.365e-08
SPMVCSV,/mnt/beegfs/ysu34/hamlib/dia_e2e/heis_20_6.txt,1048576,39,39845890,11010048,row_dense_nv1,0.116859,6.365e-08
SPMVCSV,/mnt/beegfs/ysu34/hamlib/dia_e2e/heis_20_6.txt,1048576,39,39845890,11010048,cusparse_csr,0.090112,6.013e-08
SPMVCSV,/mnt/beegfs/ysu34/hamlib/dia_e2e/heis_20_6.txt,1048576,39,39845890,11010048,diaq_fp64,0.457196,0.000e+00
SPMVCSV,/mnt/beegfs/ysu34/hamlib/dia_e2e/heis_20_6.txt,1048576,39,39845890,11010048,diaq_fp32,0.239698,6.666e-08
E2EEVCSV,/mnt/beegfs/ysu34/hamlib/dia_e2e/heis_20_6.txt,1048576,39,1000,6,didx,234.596,285.287,517.472,1256.688,2.429,3.251e-07
E2EEVDIAQCSV,/mnt/beegfs/ysu34/hamlib/dia_e2e/heis_20_6.txt,1048576,39,1000,6,11.009,1581.606,3.056,3.040e-07
E2EOPCSV,/mnt/beegfs/ysu34/hamlib/dia_e2e/heis_20_6.txt,1048576,39,2,655,650379250,6.479,6.933,-1
E2EOPCSV,/mnt/beegfs/ysu34/hamlib/dia_e2e/heis_20_6.txt,1048576,39,3,6231,5988941938,125.579,141.841,-1
# opbuild wall: Unnz=337281752192 (int32 index limit)
E2EOPBUILDCSV,/mnt/beegfs/ysu34/hamlib/dia_e2e/heis_20_6.txt,1048576,6,409911,337281752192,-1,-1,-1
# opbuild(sym) wall: Unnz=168641400384 (int32 index limit)
E2EOPBUILDCSV,/mnt/beegfs/ysu34/hamlib/dia_e2e/heis_20_6.txt,1048576,6,204956,168641400384,-1,-1,-1
== [3] maxcut_16_5 ==
PREPCSV,/mnt/beegfs/ysu34/hamlib/dia_e2e/maxcut_16_5.txt,65536,1,spmv,didx,0.381,0.088,0.003686,127
PREPCSV,/mnt/beegfs/ysu34/hamlib/dia_e2e/maxcut_16_5.txt,65536,1,spmv,didx_sym,0.353,0.107,0.003768,122
PREPCSV,/mnt/beegfs/ysu34/hamlib/dia_e2e/maxcut_16_5.txt,65536,1,spmv,gopt,0.146,0.076,0.003748,59
PREPCSV,/mnt/beegfs/ysu34/hamlib/dia_e2e/maxcut_16_5.txt,65536,1,spmv,cusparse_csr,0.397,0.457,0.021934,39
PREPCSV,/mnt/beegfs/ysu34/hamlib/dia_e2e/maxcut_16_5.txt,65536,1,spmspm,ours_flat,0.128,0.043,0.005059,34
PREPCSV,/mnt/beegfs/ysu34/hamlib/dia_e2e/maxcut_16_5.txt,65536,1,spmspm,hm_atomic,0.320,0.153,0.006738,70
PREPCSV,/mnt/beegfs/ysu34/hamlib/dia_e2e/maxcut_16_5.txt,65536,1,spmspm,ours_sym,0.073,0.042,-1.000000,-1
PREPCSV,/mnt/beegfs/ysu34/hamlib/dia_e2e/maxcut_16_5.txt,65536,1,spmspm,ours_sym,0.073,0.042,0.005038,23
SPMSPMCSV,/mnt/beegfs/ysu34/hamlib/dia_e2e/maxcut_16_5.txt,65536,1,1,65536,ours_flat,0.005120,0.000e+00
SPMSPMCSV,/mnt/beegfs/ysu34/hamlib/dia_e2e/maxcut_16_5.txt,65536,1,1,65536,ours_sym,0.005130,0.000e+00
SPMSPMCSV,/mnt/beegfs/ysu34/hamlib/dia_e2e/maxcut_16_5.txt,65536,1,1,65536,hm_atomic,0.006851,0.000e+00
SPMSPMCSV,/mnt/beegfs/ysu34/hamlib/dia_e2e/maxcut_16_5.txt,65536,1,1,65536,diaq_fp32,0.100045,0.000e+00
SPMSPMCSV,/mnt/beegfs/ysu34/hamlib/dia_e2e/maxcut_16_5.txt,65536,1,1,65536,cusparse_spgemm,2.801718,-1.000e+00
CSRNNZ,/mnt/beegfs/ysu34/hamlib/dia_e2e/maxcut_16_5.txt,65536,34596,0.5279
PREPCSV,/mnt/beegfs/ysu34/hamlib/dia_e2e/maxcut_16_5.txt,65536,1,spmv,cusparse_csr,0.514,183.972,0.021811,-1
SPMVCSV,/mnt/beegfs/ysu34/hamlib/dia_e2e/maxcut_16_5.txt,65536,1,65536,34596,ours_didx_nv1,0.003707,1.876e-08
SPMVCSV,/mnt/beegfs/ysu34/hamlib/dia_e2e/maxcut_16_5.txt,65536,1,65536,34596,ours_didx_nv2,0.003768,1.944e-08
SPMVCSV,/mnt/beegfs/ysu34/hamlib/dia_e2e/maxcut_16_5.txt,65536,1,65536,34596,ours_gather_nv1,0.003523,1.876e-08
SPMVCSV,/mnt/beegfs/ysu34/hamlib/dia_e2e/maxcut_16_5.txt,65536,1,65536,34596,ours_gather_nv2,0.003707,1.944e-08
SPMVCSV,/mnt/beegfs/ysu34/hamlib/dia_e2e/maxcut_16_5.txt,65536,1,65536,34596,ours_gopt_nv1,0.003748,1.876e-08
SPMVCSV,/mnt/beegfs/ysu34/hamlib/dia_e2e/maxcut_16_5.txt,65536,1,65536,34596,ours_gopt_nv2,0.003871,1.944e-08
SPMVCSV,/mnt/beegfs/ysu34/hamlib/dia_e2e/maxcut_16_5.txt,65536,1,65536,34596,ours_gopt_s_nv1,0.003748,1.876e-08
# gopt plan: 1 segs, reads 100.0% of stored band
# auto pick=stream (D=1 fill=0.53 rho=1.00)
SPMVCSV,/mnt/beegfs/ysu34/hamlib/dia_e2e/maxcut_16_5.txt,65536,1,65536,34596,ours_auto_nv1,0.003502,1.876e-08
SPMVCSV,/mnt/beegfs/ysu34/hamlib/dia_e2e/maxcut_16_5.txt,65536,1,65536,34596,ours_auto_nv2,0.003686,1.944e-08
SPMVCSV,/mnt/beegfs/ysu34/hamlib/dia_e2e/maxcut_16_5.txt,65536,1,65536,34596,csr_zskip_nv1,0.003338,1.876e-08
SPMVCSV,/mnt/beegfs/ysu34/hamlib/dia_e2e/maxcut_16_5.txt,65536,1,65536,34596,row_dense_nv1,0.003256,1.876e-08
SPMVCSV,/mnt/beegfs/ysu34/hamlib/dia_e2e/maxcut_16_5.txt,65536,1,65536,34596,cusparse_csr,0.021852,1.876e-08
SPMVCSV,/mnt/beegfs/ysu34/hamlib/dia_e2e/maxcut_16_5.txt,65536,1,65536,34596,diaq_fp64,0.004096,0.000e+00
SPMVCSV,/mnt/beegfs/ysu34/hamlib/dia_e2e/maxcut_16_5.txt,65536,1,65536,34596,diaq_fp32,0.003768,1.923e-08
E2EEVCSV,/mnt/beegfs/ysu34/hamlib/dia_e2e/maxcut_16_5.txt,65536,1,1000,5,stream,0.464,1.004,37.390,240.232,6.425,0.000e+00
E2EEVDIAQCSV,/mnt/beegfs/ysu34/hamlib/dia_e2e/maxcut_16_5.txt,65536,1,1000,5,0.074,37.698,1.008,0.000e+00
E2EOPCSV,/mnt/beegfs/ysu34/hamlib/dia_e2e/maxcut_16_5.txt,65536,1,2,1,65536,0.003,0.005,-1
E2EOPCSV,/mnt/beegfs/ysu34/hamlib/dia_e2e/maxcut_16_5.txt,65536,1,3,1,65536,0.001,0.005,-1
E2EOPBUILDCSV,/mnt/beegfs/ysu34/hamlib/dia_e2e/maxcut_16_5.txt,65536,5,1,65536,1.005,2.491,2.480
E2EOPBUILDCSV,/mnt/beegfs/ysu34/hamlib/dia_e2e/maxcut_16_5.txt,65536,5,1,65536,0.740,-1,-1
== [3] maxcut_18_5 ==
PREPCSV,/mnt/beegfs/ysu34/hamlib/dia_e2e/maxcut_18_5.txt,262144,1,spmv,didx,1.864,0.431,0.004731,485
PREPCSV,/mnt/beegfs/ysu34/hamlib/dia_e2e/maxcut_18_5.txt,262144,1,spmv,didx_sym,1.154,0.435,0.004895,325
PREPCSV,/mnt/beegfs/ysu34/hamlib/dia_e2e/maxcut_18_5.txt,262144,1,spmv,gopt,0.868,0.235,0.004444,248
PREPCSV,/mnt/beegfs/ysu34/hamlib/dia_e2e/maxcut_18_5.txt,262144,1,spmv,cusparse_csr,2.092,0.809,0.021893,133
PREPCSV,/mnt/beegfs/ysu34/hamlib/dia_e2e/maxcut_18_5.txt,262144,1,spmspm,ours_flat,0.507,0.112,0.005530,112
PREPCSV,/mnt/beegfs/ysu34/hamlib/dia_e2e/maxcut_18_5.txt,262144,1,spmspm,hm_atomic,1.107,0.439,0.008233,188
PREPCSV,/mnt/beegfs/ysu34/hamlib/dia_e2e/maxcut_18_5.txt,262144,1,spmspm,ours_sym,0.311,0.128,-1.000000,-1
PREPCSV,/mnt/beegfs/ysu34/hamlib/dia_e2e/maxcut_18_5.txt,262144,1,spmspm,ours_sym,0.311,0.128,0.005550,79
SPMSPMCSV,/mnt/beegfs/ysu34/hamlib/dia_e2e/maxcut_18_5.txt,262144,1,1,262144,ours_flat,0.005427,0.000e+00
SPMSPMCSV,/mnt/beegfs/ysu34/hamlib/dia_e2e/maxcut_18_5.txt,262144,1,1,262144,ours_sym,0.005417,0.000e+00
SPMSPMCSV,/mnt/beegfs/ysu34/hamlib/dia_e2e/maxcut_18_5.txt,262144,1,1,262144,hm_atomic,0.007967,0.000e+00
SPMSPMCSV,/mnt/beegfs/ysu34/hamlib/dia_e2e/maxcut_18_5.txt,262144,1,1,262144,diaq_fp32,0.374927,0.000e+00
SPMSPMCSV,/mnt/beegfs/ysu34/hamlib/dia_e2e/maxcut_18_5.txt,262144,1,1,262144,cusparse_spgemm,2.850099,-1.000e+00
CSRNNZ,/mnt/beegfs/ysu34/hamlib/dia_e2e/maxcut_18_5.txt,262144,262144,1.0000
PREPCSV,/mnt/beegfs/ysu34/hamlib/dia_e2e/maxcut_18_5.txt,262144,1,spmv,cusparse_csr,2.344,182.338,0.021504,-1
SPMVCSV,/mnt/beegfs/ysu34/hamlib/dia_e2e/maxcut_18_5.txt,262144,1,262144,262144,ours_didx_nv1,0.004608,2.561e-08
SPMVCSV,/mnt/beegfs/ysu34/hamlib/dia_e2e/maxcut_18_5.txt,262144,1,262144,262144,ours_didx_nv2,0.005140,2.584e-08
SPMVCSV,/mnt/beegfs/ysu34/hamlib/dia_e2e/maxcut_18_5.txt,262144,1,262144,262144,ours_gather_nv1,0.004096,2.561e-08
SPMVCSV,/mnt/beegfs/ysu34/hamlib/dia_e2e/maxcut_18_5.txt,262144,1,262144,262144,ours_gather_nv2,0.004936,2.584e-08
SPMVCSV,/mnt/beegfs/ysu34/hamlib/dia_e2e/maxcut_18_5.txt,262144,1,262144,262144,ours_gopt_nv1,0.004403,2.561e-08
SPMVCSV,/mnt/beegfs/ysu34/hamlib/dia_e2e/maxcut_18_5.txt,262144,1,262144,262144,ours_gopt_nv2,0.004874,2.584e-08
# gopt plan: 1 segs, reads 100.0% of stored band
SPMVCSV,/mnt/beegfs/ysu34/hamlib/dia_e2e/maxcut_18_5.txt,262144,1,262144,262144,ours_gopt_s_nv1,0.004301,2.561e-08
# auto pick=stream (D=1 fill=1.00 rho=1.00)
SPMVCSV,/mnt/beegfs/ysu34/hamlib/dia_e2e/maxcut_18_5.txt,262144,1,262144,262144,ours_auto_nv1,0.004076,2.561e-08
SPMVCSV,/mnt/beegfs/ysu34/hamlib/dia_e2e/maxcut_18_5.txt,262144,1,262144,262144,ours_auto_nv2,0.005018,2.584e-08
SPMVCSV,/mnt/beegfs/ysu34/hamlib/dia_e2e/maxcut_18_5.txt,262144,1,262144,262144,csr_zskip_nv1,0.004342,2.561e-08
SPMVCSV,/mnt/beegfs/ysu34/hamlib/dia_e2e/maxcut_18_5.txt,262144,1,262144,262144,row_dense_nv1,0.003891,2.561e-08
SPMVCSV,/mnt/beegfs/ysu34/hamlib/dia_e2e/maxcut_18_5.txt,262144,1,262144,262144,cusparse_csr,0.021606,2.561e-08
SPMVCSV,/mnt/beegfs/ysu34/hamlib/dia_e2e/maxcut_18_5.txt,262144,1,262144,262144,diaq_fp64,0.006083,0.000e+00
SPMVCSV,/mnt/beegfs/ysu34/hamlib/dia_e2e/maxcut_18_5.txt,262144,1,262144,262144,diaq_fp32,0.004874,2.578e-08
E2EEVCSV,/mnt/beegfs/ysu34/hamlib/dia_e2e/maxcut_18_5.txt,262144,1,1000,5,stream,1.365,3.371,51.133,245.282,4.797,0.000e+00
E2EEVDIAQCSV,/mnt/beegfs/ysu34/hamlib/dia_e2e/maxcut_18_5.txt,262144,1,1000,5,0.231,48.445,0.947,0.000e+00
E2EOPCSV,/mnt/beegfs/ysu34/hamlib/dia_e2e/maxcut_18_5.txt,262144,1,2,1,262144,0.004,0.006,-1
E2EOPCSV,/mnt/beegfs/ysu34/hamlib/dia_e2e/maxcut_18_5.txt,262144,1,3,1,262144,0.003,0.006,-1
E2EOPBUILDCSV,/mnt/beegfs/ysu34/hamlib/dia_e2e/maxcut_18_5.txt,262144,5,1,262144,2.912,5.610,1.927
E2EOPBUILDCSV,/mnt/beegfs/ysu34/hamlib/dia_e2e/maxcut_18_5.txt,262144,5,1,262144,1.686,-1,-1
== [3] maxcut_20_5 ==
PREPCSV,/mnt/beegfs/ysu34/hamlib/dia_e2e/maxcut_20_5.txt,1048576,1,spmv,didx,4.760,0.910,0.008438,672
PREPCSV,/mnt/beegfs/ysu34/hamlib/dia_e2e/maxcut_20_5.txt,1048576,1,spmv,didx_sym,5.337,0.978,0.008827,715
PREPCSV,/mnt/beegfs/ysu34/hamlib/dia_e2e/maxcut_20_5.txt,1048576,1,spmv,gopt,2.439,0.394,0.006533,434
PREPCSV,/mnt/beegfs/ysu34/hamlib/dia_e2e/maxcut_20_5.txt,1048576,1,spmv,cusparse_csr,5.224,1.631,0.037949,181
PREPCSV,/mnt/beegfs/ysu34/hamlib/dia_e2e/maxcut_20_5.txt,1048576,1,spmspm,ours_flat,2.109,0.182,0.009073,252
PREPCSV,/mnt/beegfs/ysu34/hamlib/dia_e2e/maxcut_20_5.txt,1048576,1,spmspm,hm_atomic,5.563,1.412,0.014295,488
PREPCSV,/mnt/beegfs/ysu34/hamlib/dia_e2e/maxcut_20_5.txt,1048576,1,spmspm,ours_sym,1.297,0.213,-1.000000,-1
PREPCSV,/mnt/beegfs/ysu34/hamlib/dia_e2e/maxcut_20_5.txt,1048576,1,spmspm,ours_sym,1.297,0.213,0.009073,166
SPMSPMCSV,/mnt/beegfs/ysu34/hamlib/dia_e2e/maxcut_20_5.txt,1048576,1,1,1048576,ours_flat,0.009042,0.000e+00
SPMSPMCSV,/mnt/beegfs/ysu34/hamlib/dia_e2e/maxcut_20_5.txt,1048576,1,1,1048576,ours_sym,0.009062,0.000e+00
SPMSPMCSV,/mnt/beegfs/ysu34/hamlib/dia_e2e/maxcut_20_5.txt,1048576,1,1,1048576,hm_atomic,0.014254,0.000e+00
SPMSPMCSV,/mnt/beegfs/ysu34/hamlib/dia_e2e/maxcut_20_5.txt,1048576,1,1,1048576,diaq_fp32,1.472092,0.000e+00
SPMSPMCSV,/mnt/beegfs/ysu34/hamlib/dia_e2e/maxcut_20_5.txt,1048576,1,1,1048576,cusparse_spgemm,3.121469,-1.000e+00
CSRNNZ,/mnt/beegfs/ysu34/hamlib/dia_e2e/maxcut_20_5.txt,1048576,595984,0.5684
PREPCSV,/mnt/beegfs/ysu34/hamlib/dia_e2e/maxcut_20_5.txt,1048576,1,spmv,cusparse_csr,6.641,185.709,0.038318,-1
SPMVCSV,/mnt/beegfs/ysu34/hamlib/dia_e2e/maxcut_20_5.txt,1048576,1,1048576,595984,ours_didx_nv1,0.008438,2.064e-08
SPMVCSV,/mnt/beegfs/ysu34/hamlib/dia_e2e/maxcut_20_5.txt,1048576,1,1048576,595984,ours_didx_nv2,0.010916,2.080e-08
SPMVCSV,/mnt/beegfs/ysu34/hamlib/dia_e2e/maxcut_20_5.txt,1048576,1,1048576,595984,ours_gather_nv1,0.006021,2.064e-08
SPMVCSV,/mnt/beegfs/ysu34/hamlib/dia_e2e/maxcut_20_5.txt,1048576,1,1048576,595984,ours_gather_nv2,0.009421,2.080e-08
SPMVCSV,/mnt/beegfs/ysu34/hamlib/dia_e2e/maxcut_20_5.txt,1048576,1,1048576,595984,ours_gopt_nv1,0.006533,2.064e-08
SPMVCSV,/mnt/beegfs/ysu34/hamlib/dia_e2e/maxcut_20_5.txt,1048576,1,1048576,595984,ours_gopt_nv2,0.008274,2.080e-08
# gopt plan: 183 segs, reads 75.4% of stored band
SPMVCSV,/mnt/beegfs/ysu34/hamlib/dia_e2e/maxcut_20_5.txt,1048576,1,1048576,595984,ours_gopt_s_nv1,0.006062,2.064e-08
# auto pick=stream (D=1 fill=0.57 rho=0.75)
SPMVCSV,/mnt/beegfs/ysu34/hamlib/dia_e2e/maxcut_20_5.txt,1048576,1,1048576,595984,ours_auto_nv1,0.006021,2.064e-08
SPMVCSV,/mnt/beegfs/ysu34/hamlib/dia_e2e/maxcut_20_5.txt,1048576,1,1048576,595984,ours_auto_nv2,0.009482,2.080e-08
SPMVCSV,/mnt/beegfs/ysu34/hamlib/dia_e2e/maxcut_20_5.txt,1048576,1,1048576,595984,csr_zskip_nv1,0.008274,2.064e-08
SPMVCSV,/mnt/beegfs/ysu34/hamlib/dia_e2e/maxcut_20_5.txt,1048576,1,1048576,595984,row_dense_nv1,0.007004,2.064e-08
SPMVCSV,/mnt/beegfs/ysu34/hamlib/dia_e2e/maxcut_20_5.txt,1048576,1,1048576,595984,cusparse_csr,0.037827,2.064e-08
SPMVCSV,/mnt/beegfs/ysu34/hamlib/dia_e2e/maxcut_20_5.txt,1048576,1,1048576,595984,diaq_fp64,0.035082,0.000e+00
SPMVCSV,/mnt/beegfs/ysu34/hamlib/dia_e2e/maxcut_20_5.txt,1048576,1,1048576,595984,diaq_fp32,0.009871,2.084e-08
E2EEVCSV,/mnt/beegfs/ysu34/hamlib/dia_e2e/maxcut_20_5.txt,1048576,1,1000,5,stream,4.825,8.041,118.249,531.817,4.497,0.000e+00
E2EEVDIAQCSV,/mnt/beegfs/ysu34/hamlib/dia_e2e/maxcut_20_5.txt,1048576,1,1000,5,0.669,128.541,1.087,0.000e+00
E2EOPCSV,/mnt/beegfs/ysu34/hamlib/dia_e2e/maxcut_20_5.txt,1048576,1,2,1,1048576,0.010,0.010,-1
E2EOPCSV,/mnt/beegfs/ysu34/hamlib/dia_e2e/maxcut_20_5.txt,1048576,1,3,1,1048576,0.008,0.010,-1
E2EOPBUILDCSV,/mnt/beegfs/ysu34/hamlib/dia_e2e/maxcut_20_5.txt,1048576,5,1,1048576,10.447,20.910,2.002
E2EOPBUILDCSV,/mnt/beegfs/ysu34/hamlib/dia_e2e/maxcut_20_5.txt,1048576,5,1,1048576,5.394,-1,-1
== [3] O2c_16_5 ==
PREPCSV,/mnt/beegfs/ysu34/hamlib/dia_e2e/O2c_16_5.txt,65536,1243,spmv,didx,123.603,2.638,0.084480,1494
# didx_sym skipped: non-symmetric or Dup>128
PREPCSV,/mnt/beegfs/ysu34/hamlib/dia_e2e/O2c_16_5.txt,65536,1243,spmv,gopt,152.978,8.833,0.356352,454
PREPCSV,/mnt/beegfs/ysu34/hamlib/dia_e2e/O2c_16_5.txt,65536,1243,spmv,cusparse_csr,331.188,3.733,0.053678,6239
PREPCSV,/mnt/beegfs/ysu34/hamlib/dia_e2e/O2c_16_5.txt,65536,1243,spmspm,ours_flat,2321.827,7.712,283.601471,8
# hm_atomic skipped: C nnz 3826555296 exceeds HM int32 layout
PREPCSV,/mnt/beegfs/ysu34/hamlib/dia_e2e/O2c_16_5.txt,65536,1243,spmspm,ours_sym,98.770,28.891,-1.000000,-1
PREPCSV,/mnt/beegfs/ysu34/hamlib/dia_e2e/O2c_16_5.txt,65536,1243,spmspm,ours_sym,98.770,28.891,133.648483,1
SPMSPMCSV,/mnt/beegfs/ysu34/hamlib/dia_e2e/O2c_16_5.txt,65536,1243,100569,3826555296,ours_flat,283.586945,0.000e+00
SPMSPMCSV,/mnt/beegfs/ysu34/hamlib/dia_e2e/O2c_16_5.txt,65536,1243,100569,3826555296,ours_sym,133.624588,1.221e-04
# hm_atomic skipped: C nnz 3826555296 exceeds HM int32 layout
SPMSPMCSV,/mnt/beegfs/ysu34/hamlib/dia_e2e/O2c_16_5.txt,65536,1243,100569,3826555296,diaq_fp32,1440.822388,6.104e-05
SPMSPMCSV,/mnt/beegfs/ysu34/hamlib/dia_e2e/O2c_16_5.txt,65536,1243,100569,3826555296,cusparse_spgemm,38.211155,-1.000e+00
CSRNNZ,/mnt/beegfs/ysu34/hamlib/dia_e2e/O2c_16_5.txt,64895428,4830852,0.0744
PREPCSV,/mnt/beegfs/ysu34/hamlib/dia_e2e/O2c_16_5.txt,65536,1243,spmv,cusparse_csr,327.831,202.925,0.051794,-1
SPMVCSV,/mnt/beegfs/ysu34/hamlib/dia_e2e/O2c_16_5.txt,65536,1243,64895428,4830852,ours_didx_nv1,0.084316,1.217e-07
SPMVCSV,/mnt/beegfs/ysu34/hamlib/dia_e2e/O2c_16_5.txt,65536,1243,64895428,4830852,ours_didx_nv2,0.112292,1.217e-07
SPMVCSV,/mnt/beegfs/ysu34/hamlib/dia_e2e/O2c_16_5.txt,65536,1243,64895428,4830852,ours_gather_nv1,0.225751,1.217e-07
SPMVCSV,/mnt/beegfs/ysu34/hamlib/dia_e2e/O2c_16_5.txt,65536,1243,64895428,4830852,ours_gather_nv2,0.270049,1.217e-07
SPMVCSV,/mnt/beegfs/ysu34/hamlib/dia_e2e/O2c_16_5.txt,65536,1243,64895428,4830852,ours_gopt_nv1,0.355717,1.488e-07
SPMVCSV,/mnt/beegfs/ysu34/hamlib/dia_e2e/O2c_16_5.txt,65536,1243,64895428,4830852,ours_gopt_nv2,0.425861,1.497e-07
# gopt plan: 10757 segs, reads 48.1% of stored band
SPMVCSV,/mnt/beegfs/ysu34/hamlib/dia_e2e/O2c_16_5.txt,65536,1243,64895428,4830852,ours_gopt_s_nv1,0.438866,1.488e-07
# auto pick=didx (D=1243 fill=0.07 rho=0.48)
SPMVCSV,/mnt/beegfs/ysu34/hamlib/dia_e2e/O2c_16_5.txt,65536,1243,64895428,4830852,ours_auto_nv1,0.084378,1.217e-07
SPMVCSV,/mnt/beegfs/ysu34/hamlib/dia_e2e/O2c_16_5.txt,65536,1243,64895428,4830852,ours_auto_nv2,0.112230,1.217e-07
SPMVCSV,/mnt/beegfs/ysu34/hamlib/dia_e2e/O2c_16_5.txt,65536,1243,64895428,4830852,csr_zskip_nv1,0.063263,1.217e-07
SPMVCSV,/mnt/beegfs/ysu34/hamlib/dia_e2e/O2c_16_5.txt,65536,1243,64895428,4830852,row_dense_nv1,0.266199,1.217e-07
SPMVCSV,/mnt/beegfs/ysu34/hamlib/dia_e2e/O2c_16_5.txt,65536,1243,64895428,4830852,cusparse_csr,0.053658,7.023e-08
SPMVCSV,/mnt/beegfs/ysu34/hamlib/dia_e2e/O2c_16_5.txt,65536,1243,64895428,4830852,diaq_fp64,0.989635,0.000e+00
SPMVCSV,/mnt/beegfs/ysu34/hamlib/dia_e2e/O2c_16_5.txt,65536,1243,64895428,4830852,diaq_fp32,0.859935,1.248e-07
E2EEVCSV,/mnt/beegfs/ysu34/hamlib/dia_e2e/O2c_16_5.txt,65536,1243,1000,5,didx,295.594,343.802,589.922,559.495,0.948,2.483e-07
E2EEVDIAQCSV,/mnt/beegfs/ysu34/hamlib/dia_e2e/O2c_16_5.txt,65536,1243,1000,5,18.338,4333.409,7.346,1.956e-07
E2EOPCSV,/mnt/beegfs/ysu34/hamlib/dia_e2e/O2c_16_5.txt,65536,1243,2,100569,3826555296,2139.360,283.633,-1
E2EOPCSV,/mnt/beegfs/ysu34/hamlib/dia_e2e/O2c_16_5.txt,65536,1243,3,131071,4294967296,167457.250,21167.234,-1
# opbuild wall: Unnz=4294967296 (int32 index limit)
E2EOPBUILDCSV,/mnt/beegfs/ysu34/hamlib/dia_e2e/O2c_16_5.txt,65536,5,131071,4294967296,-1,-1,-1
# opbuild(sym) wall: Unnz=2147516416 (int32 index limit)
E2EOPBUILDCSV,/mnt/beegfs/ysu34/hamlib/dia_e2e/O2c_16_5.txt,65536,5,65536,2147516416,-1,-1,-1
== [3] O2c_20_5 ==
PREPCSV,/mnt/beegfs/ysu34/hamlib/dia_e2e/O2c_20_5.txt,1048576,3359,spmv,didx,7254.751,83.855,4.752241,1544
# didx_sym skipped: non-symmetric or Dup>128
PREPCSV,/mnt/beegfs/ysu34/hamlib/dia_e2e/O2c_20_5.txt,1048576,3359,spmv,gopt,5742.024,265.542,2.851635,2107
# cusparse_csr(32I) impossible (H nnz 2885216396); running 64I
PREPCSV,/mnt/beegfs/ysu34/hamlib/dia_e2e/O2c_20_5.txt,1048576,3359,spmv,cusparse_csr_64i,20325.180,168.610,1.855529,11045
CUDA prep_driver.cu:324 out of memory
CUDA spmspm_driver.cu:94 out of memory
CSRNNZ,/mnt/beegfs/ysu34/hamlib/dia_e2e/O2c_20_5.txt,2885216396,205269418,0.0711
PREPCSV,/mnt/beegfs/ysu34/hamlib/dia_e2e/O2c_20_5.txt,1048576,3359,spmv,cusparse_csr,20259.178,326.187,1.501123,-1
SPMVCSV,/mnt/beegfs/ysu34/hamlib/dia_e2e/O2c_20_5.txt,1048576,3359,2885216396,205269418,ours_didx_nv1,4.754493,2.061e-07
SPMVCSV,/mnt/beegfs/ysu34/hamlib/dia_e2e/O2c_20_5.txt,1048576,3359,2885216396,205269418,ours_didx_nv2,6.881485,2.062e-07
SPMVCSV,/mnt/beegfs/ysu34/hamlib/dia_e2e/O2c_20_5.txt,1048576,3359,2885216396,205269418,ours_gather_nv1,8.437166,2.061e-07
SPMVCSV,/mnt/beegfs/ysu34/hamlib/dia_e2e/O2c_20_5.txt,1048576,3359,2885216396,205269418,ours_gather_nv2,14.575391,2.062e-07
SPMVCSV,/mnt/beegfs/ysu34/hamlib/dia_e2e/O2c_20_5.txt,1048576,3359,2885216396,205269418,ours_gopt_nv1,2.851266,2.426e-07
SPMVCSV,/mnt/beegfs/ysu34/hamlib/dia_e2e/O2c_20_5.txt,1048576,3359,2885216396,205269418,ours_gopt_nv2,3.340104,2.426e-07
# gopt plan: 283107 segs, reads 34.2% of stored band
SPMVCSV,/mnt/beegfs/ysu34/hamlib/dia_e2e/O2c_20_5.txt,1048576,3359,2885216396,205269418,ours_gopt_s_nv1,3.188040,2.426e-07
# auto pick=gopt (D=3359 fill=0.07 rho=0.34)
SPMVCSV,/mnt/beegfs/ysu34/hamlib/dia_e2e/O2c_20_5.txt,1048576,3359,2885216396,205269418,ours_auto_nv1,2.854748,2.426e-07
SPMVCSV,/mnt/beegfs/ysu34/hamlib/dia_e2e/O2c_20_5.txt,1048576,3359,2885216396,205269418,ours_auto_nv2,3.340575,2.426e-07
SPMVCSV,/mnt/beegfs/ysu34/hamlib/dia_e2e/O2c_20_5.txt,1048576,3359,2885216396,205269418,csr_zskip_nv1,3.300004,2.061e-07
SPMVCSV,/mnt/beegfs/ysu34/hamlib/dia_e2e/O2c_20_5.txt,1048576,3359,2885216396,205269418,row_dense_nv1,7.741133,2.061e-07
SPMVCSV,/mnt/beegfs/ysu34/hamlib/dia_e2e/O2c_20_5.txt,1048576,3359,2885216396,205269418,cusparse_csr,1.521541,7.921e-08
SPMVCSV,/mnt/beegfs/ysu34/hamlib/dia_e2e/O2c_20_5.txt,1048576,3359,2885216396,205269418,diaq_fp64,30.541515,0.000e+00
SPMVCSV,/mnt/beegfs/ysu34/hamlib/dia_e2e/O2c_20_5.txt,1048576,3359,2885216396,205269418,diaq_fp32,16.362988,2.080e-07
# cusparse arm skipped: H nnz 2885216396 > INT32_MAX
E2EEVCSV,/mnt/beegfs/ysu34/hamlib/dia_e2e/O2c_20_5.txt,1048576,3359,1000,5,gopt,7041.003,0.000,16831.846,-1.000,-1.000,-1.000e+00
E2EEVDIAQCSV,/mnt/beegfs/ysu34/hamlib/dia_e2e/O2c_20_5.txt,1048576,3359,1000,5,794.666,82017.938,4.873,2.151e-07
E2EOPCSV,/mnt/beegfs/ysu34/hamlib/dia_e2e/O2c_20_5.txt,1048576,3359,2,932391,622284972764,-1,-1,-1
# opbuild wall: Unnz=1099511627776 (int32 index limit)
E2EOPBUILDCSV,/mnt/beegfs/ysu34/hamlib/dia_e2e/O2c_20_5.txt,1048576,5,2097151,1099511627776,-1,-1,-1
# opbuild(sym) wall: Unnz=549756338176 (int32 index limit)
E2EOPBUILDCSV,/mnt/beegfs/ysu34/hamlib/dia_e2e/O2c_20_5.txt,1048576,5,1048576,549756338176,-1,-1,-1
== [3] qmaxcut_16_4 ==
PREPCSV,/mnt/beegfs/ysu34/hamlib/dia_e2e/qmaxcut_16_4.txt,65536,31,spmv,didx,3.350,0.417,0.006267,601
PREPCSV,/mnt/beegfs/ysu34/hamlib/dia_e2e/qmaxcut_16_4.txt,65536,31,spmv,didx_sym,1.535,0.517,0.006758,303
PREPCSV,/mnt/beegfs/ysu34/hamlib/dia_e2e/qmaxcut_16_4.txt,65536,31,spmv,gopt,3.290,0.441,0.008212,454
PREPCSV,/mnt/beegfs/ysu34/hamlib/dia_e2e/qmaxcut_16_4.txt,65536,31,spmv,cusparse_csr,8.916,0.879,0.021094,464
PREPCSV,/mnt/beegfs/ysu34/hamlib/dia_e2e/qmaxcut_16_4.txt,65536,31,spmspm,ours_flat,0.511,0.212,0.106865,7
PREPCSV,/mnt/beegfs/ysu34/hamlib/dia_e2e/qmaxcut_16_4.txt,65536,31,spmspm,hm_atomic,7.227,1.067,0.161157,51
PREPCSV,/mnt/beegfs/ysu34/hamlib/dia_e2e/qmaxcut_16_4.txt,65536,31,spmspm,ours_sym,0.158,1.267,-1.000000,-1
PREPCSV,/mnt/beegfs/ysu34/hamlib/dia_e2e/qmaxcut_16_4.txt,65536,31,spmspm,ours_sym,0.158,1.267,0.055685,26
SPMSPMCSV,/mnt/beegfs/ysu34/hamlib/dia_e2e/qmaxcut_16_4.txt,65536,31,481,15138746,ours_flat,0.107203,0.000e+00
SPMSPMCSV,/mnt/beegfs/ysu34/hamlib/dia_e2e/qmaxcut_16_4.txt,65536,31,481,15138746,ours_sym,0.055736,0.000e+00
SPMSPMCSV,/mnt/beegfs/ysu34/hamlib/dia_e2e/qmaxcut_16_4.txt,65536,31,481,15138746,hm_atomic,0.161096,0.000e+00
SPMSPMCSV,/mnt/beegfs/ysu34/hamlib/dia_e2e/qmaxcut_16_4.txt,65536,31,481,15138746,diaq_fp32,4.377119,0.000e+00
SPMSPMCSV,/mnt/beegfs/ysu34/hamlib/dia_e2e/qmaxcut_16_4.txt,65536,31,481,15138746,cusparse_spgemm,4.251455,-1.000e+00
CSRNNZ,/mnt/beegfs/ysu34/hamlib/dia_e2e/qmaxcut_16_4.txt,1114110,557056,0.5000
PREPCSV,/mnt/beegfs/ysu34/hamlib/dia_e2e/qmaxcut_16_4.txt,65536,31,spmv,cusparse_csr,8.691,177.434,0.021217,-1
SPMVCSV,/mnt/beegfs/ysu34/hamlib/dia_e2e/qmaxcut_16_4.txt,65536,31,1114110,557056,ours_didx_nv1,0.006287,5.857e-08
SPMVCSV,/mnt/beegfs/ysu34/hamlib/dia_e2e/qmaxcut_16_4.txt,65536,31,1114110,557056,ours_didx_nv2,0.006779,5.857e-08
SPMVCSV,/mnt/beegfs/ysu34/hamlib/dia_e2e/qmaxcut_16_4.txt,65536,31,1114110,557056,ours_gather_nv1,0.007291,5.857e-08
SPMVCSV,/mnt/beegfs/ysu34/hamlib/dia_e2e/qmaxcut_16_4.txt,65536,31,1114110,557056,ours_gather_nv2,0.008151,5.857e-08
SPMVCSV,/mnt/beegfs/ysu34/hamlib/dia_e2e/qmaxcut_16_4.txt,65536,31,1114110,557056,ours_gopt_nv1,0.008192,5.881e-08
SPMVCSV,/mnt/beegfs/ysu34/hamlib/dia_e2e/qmaxcut_16_4.txt,65536,31,1114110,557056,ours_gopt_nv2,0.009933,5.881e-08
# gopt plan: 83 segs, reads 79.2% of stored band
SPMVCSV,/mnt/beegfs/ysu34/hamlib/dia_e2e/qmaxcut_16_4.txt,65536,31,1114110,557056,ours_gopt_s_nv1,0.009032,5.881e-08
# auto pick=didx (D=31 fill=0.50 rho=0.79)
SPMVCSV,/mnt/beegfs/ysu34/hamlib/dia_e2e/qmaxcut_16_4.txt,65536,31,1114110,557056,ours_auto_nv1,0.006205,5.857e-08
SPMVCSV,/mnt/beegfs/ysu34/hamlib/dia_e2e/qmaxcut_16_4.txt,65536,31,1114110,557056,ours_auto_nv2,0.006758,5.857e-08
SPMVCSV,/mnt/beegfs/ysu34/hamlib/dia_e2e/qmaxcut_16_4.txt,65536,31,1114110,557056,csr_zskip_nv1,0.006779,5.857e-08
SPMVCSV,/mnt/beegfs/ysu34/hamlib/dia_e2e/qmaxcut_16_4.txt,65536,31,1114110,557056,row_dense_nv1,0.006861,5.857e-08
SPMVCSV,/mnt/beegfs/ysu34/hamlib/dia_e2e/qmaxcut_16_4.txt,65536,31,1114110,557056,cusparse_csr,0.020972,5.268e-08
SPMVCSV,/mnt/beegfs/ysu34/hamlib/dia_e2e/qmaxcut_16_4.txt,65536,31,1114110,557056,diaq_fp64,0.015667,0.000e+00
SPMVCSV,/mnt/beegfs/ysu34/hamlib/dia_e2e/qmaxcut_16_4.txt,65536,31,1114110,557056,diaq_fp32,0.013742,5.978e-08
E2EEVCSV,/mnt/beegfs/ysu34/hamlib/dia_e2e/qmaxcut_16_4.txt,65536,31,1000,4,didx,7.339,9.678,42.211,181.878,4.309,1.000e-07
E2EEVDIAQCSV,/mnt/beegfs/ysu34/hamlib/dia_e2e/qmaxcut_16_4.txt,65536,31,1000,4,0.487,69.784,1.653,5.704e-08
E2EOPCSV,/mnt/beegfs/ysu34/hamlib/dia_e2e/qmaxcut_16_4.txt,65536,31,2,481,15138746,0.372,0.107,-1
E2EOPCSV,/mnt/beegfs/ysu34/hamlib/dia_e2e/qmaxcut_16_4.txt,65536,31,3,3031,103776028,21.228,1.228,-1
E2EOPBUILDCSV,/mnt/beegfs/ysu34/hamlib/dia_e2e/qmaxcut_16_4.txt,65536,4,15507,499792596,677.518,908.853,1.341
E2EOPBUILDCSV,/mnt/beegfs/ysu34/hamlib/dia_e2e/qmaxcut_16_4.txt,65536,4,7754,249929066,48.569,-1,-1
== [3] qmaxcut_18_4 ==
PREPCSV,/mnt/beegfs/ysu34/hamlib/dia_e2e/qmaxcut_18_4.txt,262144,35,spmv,didx,13.389,1.411,0.012595,1175
PREPCSV,/mnt/beegfs/ysu34/hamlib/dia_e2e/qmaxcut_18_4.txt,262144,35,spmv,didx_sym,6.431,2.162,0.012677,678
PREPCSV,/mnt/beegfs/ysu34/hamlib/dia_e2e/qmaxcut_18_4.txt,262144,35,spmv,gopt,14.623,1.651,0.010465,1555
PREPCSV,/mnt/beegfs/ysu34/hamlib/dia_e2e/qmaxcut_18_4.txt,262144,35,spmv,cusparse_csr,40.340,2.518,0.037253,1150
PREPCSV,/mnt/beegfs/ysu34/hamlib/dia_e2e/qmaxcut_18_4.txt,262144,35,spmspm,ours_flat,1.544,0.402,0.537170,4
PREPCSV,/mnt/beegfs/ysu34/hamlib/dia_e2e/qmaxcut_18_4.txt,262144,35,spmspm,hm_atomic,31.876,2.775,0.811643,43
PREPCSV,/mnt/beegfs/ysu34/hamlib/dia_e2e/qmaxcut_18_4.txt,262144,35,spmspm,ours_sym,0.600,2.608,-1.000000,-1
PREPCSV,/mnt/beegfs/ysu34/hamlib/dia_e2e/qmaxcut_18_4.txt,262144,35,spmspm,ours_sym,0.600,2.608,0.271524,12
SPMSPMCSV,/mnt/beegfs/ysu34/hamlib/dia_e2e/qmaxcut_18_4.txt,262144,35,613,77332402,ours_flat,0.537313,0.000e+00
SPMSPMCSV,/mnt/beegfs/ysu34/hamlib/dia_e2e/qmaxcut_18_4.txt,262144,35,613,77332402,ours_sym,0.270889,0.000e+00
SPMSPMCSV,/mnt/beegfs/ysu34/hamlib/dia_e2e/qmaxcut_18_4.txt,262144,35,613,77332402,hm_atomic,0.812063,0.000e+00
SPMSPMCSV,/mnt/beegfs/ysu34/hamlib/dia_e2e/qmaxcut_18_4.txt,262144,35,613,77332402,diaq_fp32,21.134981,0.000e+00
SPMSPMCSV,/mnt/beegfs/ysu34/hamlib/dia_e2e/qmaxcut_18_4.txt,262144,35,613,77332402,cusparse_spgemm,6.322022,-1.000e+00
CSRNNZ,/mnt/beegfs/ysu34/hamlib/dia_e2e/qmaxcut_18_4.txt,4980734,2490368,0.5000
PREPCSV,/mnt/beegfs/ysu34/hamlib/dia_e2e/qmaxcut_18_4.txt,262144,35,spmv,cusparse_csr,40.281,173.798,0.036045,-1
SPMVCSV,/mnt/beegfs/ysu34/hamlib/dia_e2e/qmaxcut_18_4.txt,262144,35,4980734,2490368,ours_didx_nv1,0.012595,6.216e-08
SPMVCSV,/mnt/beegfs/ysu34/hamlib/dia_e2e/qmaxcut_18_4.txt,262144,35,4980734,2490368,ours_didx_nv2,0.014356,6.217e-08
SPMVCSV,/mnt/beegfs/ysu34/hamlib/dia_e2e/qmaxcut_18_4.txt,262144,35,4980734,2490368,ours_gather_nv1,0.017019,6.216e-08
SPMVCSV,/mnt/beegfs/ysu34/hamlib/dia_e2e/qmaxcut_18_4.txt,262144,35,4980734,2490368,ours_gather_nv2,0.032399,6.217e-08
SPMVCSV,/mnt/beegfs/ysu34/hamlib/dia_e2e/qmaxcut_18_4.txt,262144,35,4980734,2490368,ours_gopt_nv1,0.010486,6.226e-08
SPMVCSV,/mnt/beegfs/ysu34/hamlib/dia_e2e/qmaxcut_18_4.txt,262144,35,4980734,2490368,ours_gopt_nv2,0.013578,6.228e-08
# gopt plan: 275 segs, reads 76.3% of stored band
SPMVCSV,/mnt/beegfs/ysu34/hamlib/dia_e2e/qmaxcut_18_4.txt,262144,35,4980734,2490368,ours_gopt_s_nv1,0.010609,6.226e-08
# auto pick=didx (D=35 fill=0.50 rho=0.76)
SPMVCSV,/mnt/beegfs/ysu34/hamlib/dia_e2e/qmaxcut_18_4.txt,262144,35,4980734,2490368,ours_auto_nv1,0.012595,6.216e-08
SPMVCSV,/mnt/beegfs/ysu34/hamlib/dia_e2e/qmaxcut_18_4.txt,262144,35,4980734,2490368,ours_auto_nv2,0.014397,6.217e-08
SPMVCSV,/mnt/beegfs/ysu34/hamlib/dia_e2e/qmaxcut_18_4.txt,262144,35,4980734,2490368,csr_zskip_nv1,0.015585,6.216e-08
SPMVCSV,/mnt/beegfs/ysu34/hamlib/dia_e2e/qmaxcut_18_4.txt,262144,35,4980734,2490368,row_dense_nv1,0.015831,6.216e-08
SPMVCSV,/mnt/beegfs/ysu34/hamlib/dia_e2e/qmaxcut_18_4.txt,262144,35,4980734,2490368,cusparse_csr,0.036966,5.465e-08
SPMVCSV,/mnt/beegfs/ysu34/hamlib/dia_e2e/qmaxcut_18_4.txt,262144,35,4980734,2490368,diaq_fp64,0.068956,0.000e+00
SPMVCSV,/mnt/beegfs/ysu34/hamlib/dia_e2e/qmaxcut_18_4.txt,262144,35,4980734,2490368,diaq_fp32,0.043397,6.332e-08
E2EEVCSV,/mnt/beegfs/ysu34/hamlib/dia_e2e/qmaxcut_18_4.txt,262144,35,1000,4,didx,25.363,44.102,79.262,349.932,4.415,1.063e-07
E2EEVDIAQCSV,/mnt/beegfs/ysu34/hamlib/dia_e2e/qmaxcut_18_4.txt,262144,35,1000,4,1.703,202.637,2.557,6.257e-08
E2EOPCSV,/mnt/beegfs/ysu34/hamlib/dia_e2e/qmaxcut_18_4.txt,262144,35,2,613,77332402,0.966,0.539,-1
E2EOPCSV,/mnt/beegfs/ysu34/hamlib/dia_e2e/qmaxcut_18_4.txt,262144,35,3,4455,608304862,44.528,7.362,-1
# opbuild wall: Unnz=3485530152 (int32 index limit)
E2EOPBUILDCSV,/mnt/beegfs/ysu34/hamlib/dia_e2e/qmaxcut_18_4.txt,262144,4,27051,3485530152,-1,-1,-1
E2EOPBUILDCSV,/mnt/beegfs/ysu34/hamlib/dia_e2e/qmaxcut_18_4.txt,262144,4,13526,1742896148,165.785,-1,-1
== [3] qmaxcut_20_4 ==
PREPCSV,/mnt/beegfs/ysu34/hamlib/dia_e2e/qmaxcut_20_4.txt,1048576,39,spmv,didx,79.889,4.859,0.061358,1381
PREPCSV,/mnt/beegfs/ysu34/hamlib/dia_e2e/qmaxcut_20_4.txt,1048576,39,spmv,didx_sym,30.669,7.968,0.062771,616
PREPCSV,/mnt/beegfs/ysu34/hamlib/dia_e2e/qmaxcut_20_4.txt,1048576,39,spmv,gopt,53.729,5.003,0.054968,1068
PREPCSV,/mnt/beegfs/ysu34/hamlib/dia_e2e/qmaxcut_20_4.txt,1048576,39,spmv,cusparse_csr,208.491,7.718,0.091382,2366
PREPCSV,/mnt/beegfs/ysu34/hamlib/dia_e2e/qmaxcut_20_4.txt,1048576,39,spmspm,ours_flat,5.739,0.723,2.824438,2
PREPCSV,/mnt/beegfs/ysu34/hamlib/dia_e2e/qmaxcut_20_4.txt,1048576,39,spmspm,hm_atomic,163.730,8.349,4.822487,36
PREPCSV,/mnt/beegfs/ysu34/hamlib/dia_e2e/qmaxcut_20_4.txt,1048576,39,spmspm,ours_sym,2.819,2.971,-1.000000,-1
PREPCSV,/mnt/beegfs/ysu34/hamlib/dia_e2e/qmaxcut_20_4.txt,1048576,39,spmspm,ours_sym,2.819,2.971,1.441301,4
SPMSPMCSV,/mnt/beegfs/ysu34/hamlib/dia_e2e/qmaxcut_20_4.txt,1048576,39,761,384827306,ours_flat,2.823598,0.000e+00
SPMSPMCSV,/mnt/beegfs/ysu34/hamlib/dia_e2e/qmaxcut_20_4.txt,1048576,39,761,384827306,ours_sym,1.438986,0.000e+00
SPMSPMCSV,/mnt/beegfs/ysu34/hamlib/dia_e2e/qmaxcut_20_4.txt,1048576,39,761,384827306,hm_atomic,4.820132,0.000e+00
SPMSPMCSV,/mnt/beegfs/ysu34/hamlib/dia_e2e/qmaxcut_20_4.txt,1048576,39,761,384827306,diaq_fp32,104.278625,0.000e+00
SPMSPMCSV,/mnt/beegfs/ysu34/hamlib/dia_e2e/qmaxcut_20_4.txt,1048576,39,761,384827306,cusparse_spgemm,13.093012,-1.000e+00
CSRNNZ,/mnt/beegfs/ysu34/hamlib/dia_e2e/qmaxcut_20_4.txt,22020094,11010048,0.5000
PREPCSV,/mnt/beegfs/ysu34/hamlib/dia_e2e/qmaxcut_20_4.txt,1048576,39,spmv,cusparse_csr,203.419,193.981,0.092058,-1
SPMVCSV,/mnt/beegfs/ysu34/hamlib/dia_e2e/qmaxcut_20_4.txt,1048576,39,22020094,11010048,ours_didx_nv1,0.061194,6.498e-08
SPMVCSV,/mnt/beegfs/ysu34/hamlib/dia_e2e/qmaxcut_20_4.txt,1048576,39,22020094,11010048,ours_didx_nv2,0.072028,6.513e-08
SPMVCSV,/mnt/beegfs/ysu34/hamlib/dia_e2e/qmaxcut_20_4.txt,1048576,39,22020094,11010048,ours_gather_nv1,0.081080,6.498e-08
SPMVCSV,/mnt/beegfs/ysu34/hamlib/dia_e2e/qmaxcut_20_4.txt,1048576,39,22020094,11010048,ours_gather_nv2,0.141312,6.513e-08
SPMVCSV,/mnt/beegfs/ysu34/hamlib/dia_e2e/qmaxcut_20_4.txt,1048576,39,22020094,11010048,ours_gopt_nv1,0.054764,6.501e-08
SPMVCSV,/mnt/beegfs/ysu34/hamlib/dia_e2e/qmaxcut_20_4.txt,1048576,39,22020094,11010048,ours_gopt_nv2,0.061501,6.517e-08
# gopt plan: 1043 segs, reads 73.8% of stored band
SPMVCSV,/mnt/beegfs/ysu34/hamlib/dia_e2e/qmaxcut_20_4.txt,1048576,39,22020094,11010048,ours_gopt_s_nv1,0.057610,6.501e-08
# auto pick=didx (D=39 fill=0.50 rho=0.74)
SPMVCSV,/mnt/beegfs/ysu34/hamlib/dia_e2e/qmaxcut_20_4.txt,1048576,39,22020094,11010048,ours_auto_nv1,0.061358,6.498e-08
SPMVCSV,/mnt/beegfs/ysu34/hamlib/dia_e2e/qmaxcut_20_4.txt,1048576,39,22020094,11010048,ours_auto_nv2,0.072233,6.513e-08
SPMVCSV,/mnt/beegfs/ysu34/hamlib/dia_e2e/qmaxcut_20_4.txt,1048576,39,22020094,11010048,csr_zskip_nv1,0.085320,6.498e-08
SPMVCSV,/mnt/beegfs/ysu34/hamlib/dia_e2e/qmaxcut_20_4.txt,1048576,39,22020094,11010048,row_dense_nv1,0.074834,6.498e-08
SPMVCSV,/mnt/beegfs/ysu34/hamlib/dia_e2e/qmaxcut_20_4.txt,1048576,39,22020094,11010048,cusparse_csr,0.091873,5.598e-08
SPMVCSV,/mnt/beegfs/ysu34/hamlib/dia_e2e/qmaxcut_20_4.txt,1048576,39,22020094,11010048,diaq_fp64,0.286003,0.000e+00
SPMVCSV,/mnt/beegfs/ysu34/hamlib/dia_e2e/qmaxcut_20_4.txt,1048576,39,22020094,11010048,diaq_fp32,0.154092,6.615e-08
E2EEVCSV,/mnt/beegfs/ysu34/hamlib/dia_e2e/qmaxcut_20_4.txt,1048576,39,1000,4,didx,149.171,210.091,361.215,850.520,2.355,1.115e-07
E2EEVDIAQCSV,/mnt/beegfs/ysu34/hamlib/dia_e2e/qmaxcut_20_4.txt,1048576,39,1000,4,6.324,707.964,1.960,6.784e-08
E2EOPCSV,/mnt/beegfs/ysu34/hamlib/dia_e2e/qmaxcut_20_4.txt,1048576,39,2,761,384827306,3.542,2.825,-1
E2EOPCSV,/mnt/beegfs/ysu34/hamlib/dia_e2e/qmaxcut_20_4.txt,1048576,39,3,6271,3415735960,104.041,44.744,-1
# opbuild wall: Unnz=22750164124 (int32 index limit)
E2EOPBUILDCSV,/mnt/beegfs/ysu34/hamlib/dia_e2e/qmaxcut_20_4.txt,1048576,4,44143,22750164124,-1,-1,-1
# opbuild(sym) wall: Unnz=11375606350 (int32 index limit)
E2EOPBUILDCSV,/mnt/beegfs/ysu34/hamlib/dia_e2e/qmaxcut_20_4.txt,1048576,4,22072,11375606350,-1,-1,-1
== [3] qmaxcutC_18_4 ==
PREPCSV,/mnt/beegfs/ysu34/hamlib/dia_e2e/qmaxcutC_18_4.txt,262144,73,spmv,didx,57.025,2.419,0.026235,2266
PREPCSV,/mnt/beegfs/ysu34/hamlib/dia_e2e/qmaxcutC_18_4.txt,262144,73,spmv,didx_sym,20.232,5.727,0.026214,990
PREPCSV,/mnt/beegfs/ysu34/hamlib/dia_e2e/qmaxcutC_18_4.txt,262144,73,spmv,gopt,55.601,4.022,0.046223,1290
PREPCSV,/mnt/beegfs/ysu34/hamlib/dia_e2e/qmaxcutC_18_4.txt,262144,73,spmv,cusparse_csr,109.015,4.080,0.056709,1994
PREPCSV,/mnt/beegfs/ysu34/hamlib/dia_e2e/qmaxcutC_18_4.txt,262144,73,spmspm,ours_flat,6.945,0.742,5.425746,1
PREPCSV,/mnt/beegfs/ysu34/hamlib/dia_e2e/qmaxcutC_18_4.txt,262144,73,spmspm,hm_atomic,182.307,6.718,11.378975,17
PREPCSV,/mnt/beegfs/ysu34/hamlib/dia_e2e/qmaxcutC_18_4.txt,262144,73,spmspm,ours_sym,2.186,4.154,-1.000000,-1
PREPCSV,/mnt/beegfs/ysu34/hamlib/dia_e2e/qmaxcutC_18_4.txt,262144,73,spmspm,ours_sym,2.186,4.154,2.573578,2
SPMSPMCSV,/mnt/beegfs/ysu34/hamlib/dia_e2e/qmaxcutC_18_4.txt,262144,73,1995,447316210,ours_flat,5.426033,0.000e+00
SPMSPMCSV,/mnt/beegfs/ysu34/hamlib/dia_e2e/qmaxcutC_18_4.txt,262144,73,1995,447316210,ours_sym,2.571561,0.000e+00
SPMSPMCSV,/mnt/beegfs/ysu34/hamlib/dia_e2e/qmaxcutC_18_4.txt,262144,73,1995,447316210,hm_atomic,11.367056,0.000e+00
SPMSPMCSV,/mnt/beegfs/ysu34/hamlib/dia_e2e/qmaxcutC_18_4.txt,262144,73,1995,447316210,diaq_fp32,88.694160,0.000e+00
SPMSPMCSV,/mnt/beegfs/ysu34/hamlib/dia_e2e/qmaxcutC_18_4.txt,262144,73,1995,447316210,cusparse_spgemm,11.111994,-1.000e+00
CSRNNZ,/mnt/beegfs/ysu34/hamlib/dia_e2e/qmaxcutC_18_4.txt,17825808,4912412,0.2756
PREPCSV,/mnt/beegfs/ysu34/hamlib/dia_e2e/qmaxcutC_18_4.txt,262144,73,spmv,cusparse_csr,102.035,191.825,0.055132,-1
SPMVCSV,/mnt/beegfs/ysu34/hamlib/dia_e2e/qmaxcutC_18_4.txt,262144,73,17825808,4912412,ours_didx_nv1,0.026173,8.373e-08
SPMVCSV,/mnt/beegfs/ysu34/hamlib/dia_e2e/qmaxcutC_18_4.txt,262144,73,17825808,4912412,ours_didx_nv2,0.032031,8.392e-08
SPMVCSV,/mnt/beegfs/ysu34/hamlib/dia_e2e/qmaxcutC_18_4.txt,262144,73,17825808,4912412,ours_gather_nv1,0.066478,8.373e-08
SPMVCSV,/mnt/beegfs/ysu34/hamlib/dia_e2e/qmaxcutC_18_4.txt,262144,73,17825808,4912412,ours_gather_nv2,0.170250,8.392e-08
SPMVCSV,/mnt/beegfs/ysu34/hamlib/dia_e2e/qmaxcutC_18_4.txt,262144,73,17825808,4912412,ours_gopt_nv1,0.046203,8.488e-08
SPMVCSV,/mnt/beegfs/ysu34/hamlib/dia_e2e/qmaxcutC_18_4.txt,262144,73,17825808,4912412,ours_gopt_nv2,0.053862,8.501e-08
# gopt plan: 1189 segs, reads 68.4% of stored band
SPMVCSV,/mnt/beegfs/ysu34/hamlib/dia_e2e/qmaxcutC_18_4.txt,262144,73,17825808,4912412,ours_gopt_s_nv1,0.053002,8.488e-08
# auto pick=didx (D=73 fill=0.28 rho=0.68)
SPMVCSV,/mnt/beegfs/ysu34/hamlib/dia_e2e/qmaxcutC_18_4.txt,262144,73,17825808,4912412,ours_auto_nv1,0.026276,8.373e-08
SPMVCSV,/mnt/beegfs/ysu34/hamlib/dia_e2e/qmaxcutC_18_4.txt,262144,73,17825808,4912412,ours_auto_nv2,0.032072,8.392e-08
SPMVCSV,/mnt/beegfs/ysu34/hamlib/dia_e2e/qmaxcutC_18_4.txt,262144,73,17825808,4912412,csr_zskip_nv1,0.049172,8.373e-08
SPMVCSV,/mnt/beegfs/ysu34/hamlib/dia_e2e/qmaxcutC_18_4.txt,262144,73,17825808,4912412,row_dense_nv1,0.057631,8.373e-08
SPMVCSV,/mnt/beegfs/ysu34/hamlib/dia_e2e/qmaxcutC_18_4.txt,262144,73,17825808,4912412,cusparse_csr,0.057242,6.351e-08
SPMVCSV,/mnt/beegfs/ysu34/hamlib/dia_e2e/qmaxcutC_18_4.txt,262144,73,17825808,4912412,diaq_fp64,0.215409,0.000e+00
SPMVCSV,/mnt/beegfs/ysu34/hamlib/dia_e2e/qmaxcutC_18_4.txt,262144,73,17825808,4912412,diaq_fp32,0.133755,8.419e-08
E2EEVCSV,/mnt/beegfs/ysu34/hamlib/dia_e2e/qmaxcutC_18_4.txt,262144,73,1000,4,didx,109.832,106.912,162.788,475.208,2.919,1.468e-07
E2EEVDIAQCSV,/mnt/beegfs/ysu34/hamlib/dia_e2e/qmaxcutC_18_4.txt,262144,73,1000,4,5.343,576.637,3.542,9.377e-08
E2EOPCSV,/mnt/beegfs/ysu34/hamlib/dia_e2e/qmaxcutC_18_4.txt,262144,73,2,1995,447316210,6.104,5.425,-1
E2EOPCSV,/mnt/beegfs/ysu34/hamlib/dia_e2e/qmaxcutC_18_4.txt,262144,73,3,25185,5108188748,838.827,152.066,-1
# opbuild wall: Unnz=26670401436 (int32 index limit)
E2EOPBUILDCSV,/mnt/beegfs/ysu34/hamlib/dia_e2e/qmaxcutC_18_4.txt,262144,4,149585,26670401436,-1,-1,-1
# opbuild(sym) wall: Unnz=13335331790 (int32 index limit)
E2EOPBUILDCSV,/mnt/beegfs/ysu34/hamlib/dia_e2e/qmaxcutC_18_4.txt,262144,4,74793,13335331790,-1,-1,-1
== [3] qmaxcutK_18_4 ==
PREPCSV,/mnt/beegfs/ysu34/hamlib/dia_e2e/qmaxcutK_18_4.txt,262144,19,spmv,didx,11.446,1.020,0.008909,1399
PREPCSV,/mnt/beegfs/ysu34/hamlib/dia_e2e/qmaxcutK_18_4.txt,262144,19,spmv,didx_sym,5.716,2.058,0.009851,789
PREPCSV,/mnt/beegfs/ysu34/hamlib/dia_e2e/qmaxcutK_18_4.txt,262144,19,spmv,gopt,13.858,1.751,0.011960,1305
PREPCSV,/mnt/beegfs/ysu34/hamlib/dia_e2e/qmaxcutK_18_4.txt,262144,19,spmv,cusparse_csr,11.057,1.703,0.031334,407
PREPCSV,/mnt/beegfs/ysu34/hamlib/dia_e2e/qmaxcutK_18_4.txt,262144,19,spmspm,ours_flat,0.933,0.343,0.364708,3
PREPCSV,/mnt/beegfs/ysu34/hamlib/dia_e2e/qmaxcutK_18_4.txt,262144,19,spmspm,hm_atomic,16.667,2.646,0.771297,25
PREPCSV,/mnt/beegfs/ysu34/hamlib/dia_e2e/qmaxcutK_18_4.txt,262144,19,spmspm,ours_sym,0.445,3.118,-1.000000,-1
PREPCSV,/mnt/beegfs/ysu34/hamlib/dia_e2e/qmaxcutK_18_4.txt,262144,19,spmspm,ours_sym,0.445,3.118,0.175432,20
SPMSPMCSV,/mnt/beegfs/ysu34/hamlib/dia_e2e/qmaxcutK_18_4.txt,262144,19,147,37034376,ours_flat,0.364472,0.000e+00
SPMSPMCSV,/mnt/beegfs/ysu34/hamlib/dia_e2e/qmaxcutK_18_4.txt,262144,19,147,37034376,ours_sym,0.175288,0.000e+00
SPMSPMCSV,/mnt/beegfs/ysu34/hamlib/dia_e2e/qmaxcutK_18_4.txt,262144,19,147,37034376,hm_atomic,0.773407,0.000e+00
SPMSPMCSV,/mnt/beegfs/ysu34/hamlib/dia_e2e/qmaxcutK_18_4.txt,262144,19,147,37034376,diaq_fp32,19.940025,0.000e+00
SPMSPMCSV,/mnt/beegfs/ysu34/hamlib/dia_e2e/qmaxcutK_18_4.txt,262144,19,147,37034376,cusparse_spgemm,5.099868,-1.000e+00
CSRNNZ,/mnt/beegfs/ysu34/hamlib/dia_e2e/qmaxcutK_18_4.txt,4879506,1441792,0.2955
PREPCSV,/mnt/beegfs/ysu34/hamlib/dia_e2e/qmaxcutK_18_4.txt,262144,19,spmv,cusparse_csr,11.640,176.777,0.030720,-1
SPMVCSV,/mnt/beegfs/ysu34/hamlib/dia_e2e/qmaxcutK_18_4.txt,262144,19,4879506,1441792,ours_didx_nv1,0.008827,4.660e-08
SPMVCSV,/mnt/beegfs/ysu34/hamlib/dia_e2e/qmaxcutK_18_4.txt,262144,19,4879506,1441792,ours_didx_nv2,0.010015,4.679e-08
SPMVCSV,/mnt/beegfs/ysu34/hamlib/dia_e2e/qmaxcutK_18_4.txt,262144,19,4879506,1441792,ours_gather_nv1,0.012063,4.660e-08
SPMVCSV,/mnt/beegfs/ysu34/hamlib/dia_e2e/qmaxcutK_18_4.txt,262144,19,4879506,1441792,ours_gather_nv2,0.022589,4.679e-08
SPMVCSV,/mnt/beegfs/ysu34/hamlib/dia_e2e/qmaxcutK_18_4.txt,262144,19,4879506,1441792,ours_gopt_nv1,0.011919,4.671e-08
SPMVCSV,/mnt/beegfs/ysu34/hamlib/dia_e2e/qmaxcutK_18_4.txt,262144,19,4879506,1441792,ours_gopt_nv2,0.015933,4.686e-08
# gopt plan: 61 segs, reads 85.9% of stored band
SPMVCSV,/mnt/beegfs/ysu34/hamlib/dia_e2e/qmaxcutK_18_4.txt,262144,19,4879506,1441792,ours_gopt_s_nv1,0.011366,4.671e-08
# auto pick=didx (D=19 fill=0.30 rho=0.86)
SPMVCSV,/mnt/beegfs/ysu34/hamlib/dia_e2e/qmaxcutK_18_4.txt,262144,19,4879506,1441792,ours_auto_nv1,0.008806,4.660e-08
SPMVCSV,/mnt/beegfs/ysu34/hamlib/dia_e2e/qmaxcutK_18_4.txt,262144,19,4879506,1441792,ours_auto_nv2,0.010097,4.679e-08
SPMVCSV,/mnt/beegfs/ysu34/hamlib/dia_e2e/qmaxcutK_18_4.txt,262144,19,4879506,1441792,csr_zskip_nv1,0.009933,4.660e-08
SPMVCSV,/mnt/beegfs/ysu34/hamlib/dia_e2e/qmaxcutK_18_4.txt,262144,19,4879506,1441792,row_dense_nv1,0.011715,4.660e-08
SPMVCSV,/mnt/beegfs/ysu34/hamlib/dia_e2e/qmaxcutK_18_4.txt,262144,19,4879506,1441792,cusparse_csr,0.031293,4.636e-08
SPMVCSV,/mnt/beegfs/ysu34/hamlib/dia_e2e/qmaxcutK_18_4.txt,262144,19,4879506,1441792,diaq_fp64,0.067154,0.000e+00
SPMVCSV,/mnt/beegfs/ysu34/hamlib/dia_e2e/qmaxcutK_18_4.txt,262144,19,4879506,1441792,diaq_fp32,0.040960,4.865e-08
E2EEVCSV,/mnt/beegfs/ysu34/hamlib/dia_e2e/qmaxcutK_18_4.txt,262144,19,1000,4,didx,25.984,13.359,61.131,286.614,4.689,7.641e-08
E2EEVDIAQCSV,/mnt/beegfs/ysu34/hamlib/dia_e2e/qmaxcutK_18_4.txt,262144,19,1000,4,1.830,189.811,3.105,4.512e-08
E2EOPCSV,/mnt/beegfs/ysu34/hamlib/dia_e2e/qmaxcutK_18_4.txt,262144,19,2,147,37034376,0.351,0.364,-1
E2EOPCSV,/mnt/beegfs/ysu34/hamlib/dia_e2e/qmaxcutK_18_4.txt,262144,19,3,629,155370334,2.891,3.183,-1
E2EOPBUILDCSV,/mnt/beegfs/ysu34/hamlib/dia_e2e/qmaxcutK_18_4.txt,262144,4,1875,453768152,58.117,167.893,2.889
E2EOPBUILDCSV,/mnt/beegfs/ysu34/hamlib/dia_e2e/qmaxcutK_18_4.txt,262144,4,938,227015148,22.033,-1,-1
== [3] qmaxcutR_18_3 ==
PREPCSV,/mnt/beegfs/ysu34/hamlib/dia_e2e/qmaxcutR_18_3.txt,262144,9,spmv,didx,5.209,0.699,0.006840,864
PREPCSV,/mnt/beegfs/ysu34/hamlib/dia_e2e/qmaxcutR_18_3.txt,262144,9,spmv,didx_sym,2.932,1.010,0.007864,501
PREPCSV,/mnt/beegfs/ysu34/hamlib/dia_e2e/qmaxcutR_18_3.txt,262144,9,spmv,gopt,6.581,0.638,0.006758,1068
PREPCSV,/mnt/beegfs/ysu34/hamlib/dia_e2e/qmaxcutR_18_3.txt,262144,9,spmv,cusparse_csr,5.971,1.278,0.023532,308
PREPCSV,/mnt/beegfs/ysu34/hamlib/dia_e2e/qmaxcutR_18_3.txt,262144,9,spmspm,ours_flat,0.596,0.194,0.082985,10
PREPCSV,/mnt/beegfs/ysu34/hamlib/dia_e2e/qmaxcutR_18_3.txt,262144,9,spmspm,hm_atomic,6.222,1.794,0.121098,66
PREPCSV,/mnt/beegfs/ysu34/hamlib/dia_e2e/qmaxcutR_18_3.txt,262144,9,spmspm,ours_sym,0.350,0.762,-1.000000,-1
PREPCSV,/mnt/beegfs/ysu34/hamlib/dia_e2e/qmaxcutR_18_3.txt,262144,9,spmspm,ours_sym,0.350,0.762,0.038994,29
SPMSPMCSV,/mnt/beegfs/ysu34/hamlib/dia_e2e/qmaxcutR_18_3.txt,262144,9,35,9027634,ours_flat,0.082749,0.000e+00
SPMSPMCSV,/mnt/beegfs/ysu34/hamlib/dia_e2e/qmaxcutR_18_3.txt,262144,9,35,9027634,ours_sym,0.039803,0.000e+00
SPMSPMCSV,/mnt/beegfs/ysu34/hamlib/dia_e2e/qmaxcutR_18_3.txt,262144,9,35,9027634,hm_atomic,0.120904,0.000e+00
SPMSPMCSV,/mnt/beegfs/ysu34/hamlib/dia_e2e/qmaxcutR_18_3.txt,262144,9,35,9027634,diaq_fp32,9.076951,0.000e+00
SPMSPMCSV,/mnt/beegfs/ysu34/hamlib/dia_e2e/qmaxcutR_18_3.txt,262144,9,35,9027634,cusparse_spgemm,3.574857,-1.000e+00
CSRNNZ,/mnt/beegfs/ysu34/hamlib/dia_e2e/qmaxcutR_18_3.txt,2334730,688128,0.2947
PREPCSV,/mnt/beegfs/ysu34/hamlib/dia_e2e/qmaxcutR_18_3.txt,262144,9,spmv,cusparse_csr,5.700,180.504,0.023572,-1
SPMVCSV,/mnt/beegfs/ysu34/hamlib/dia_e2e/qmaxcutR_18_3.txt,262144,9,2334730,688128,ours_didx_nv1,0.006902,2.761e-08
SPMVCSV,/mnt/beegfs/ysu34/hamlib/dia_e2e/qmaxcutR_18_3.txt,262144,9,2334730,688128,ours_didx_nv2,0.007864,2.767e-08
SPMVCSV,/mnt/beegfs/ysu34/hamlib/dia_e2e/qmaxcutR_18_3.txt,262144,9,2334730,688128,ours_gather_nv1,0.008090,2.761e-08
SPMVCSV,/mnt/beegfs/ysu34/hamlib/dia_e2e/qmaxcutR_18_3.txt,262144,9,2334730,688128,ours_gather_nv2,0.012964,2.767e-08
SPMVCSV,/mnt/beegfs/ysu34/hamlib/dia_e2e/qmaxcutR_18_3.txt,262144,9,2334730,688128,ours_gopt_nv1,0.006840,2.765e-08
SPMVCSV,/mnt/beegfs/ysu34/hamlib/dia_e2e/qmaxcutR_18_3.txt,262144,9,2334730,688128,ours_gopt_nv2,0.008274,2.783e-08
# gopt plan: 321 segs, reads 50.5% of stored band
SPMVCSV,/mnt/beegfs/ysu34/hamlib/dia_e2e/qmaxcutR_18_3.txt,262144,9,2334730,688128,ours_gopt_s_nv1,0.006574,2.765e-08
# auto pick=didx (D=9 fill=0.29 rho=0.51)
SPMVCSV,/mnt/beegfs/ysu34/hamlib/dia_e2e/qmaxcutR_18_3.txt,262144,9,2334730,688128,ours_auto_nv1,0.006902,2.761e-08
SPMVCSV,/mnt/beegfs/ysu34/hamlib/dia_e2e/qmaxcutR_18_3.txt,262144,9,2334730,688128,ours_auto_nv2,0.007864,2.767e-08
SPMVCSV,/mnt/beegfs/ysu34/hamlib/dia_e2e/qmaxcutR_18_3.txt,262144,9,2334730,688128,csr_zskip_nv1,0.006881,2.761e-08
SPMVCSV,/mnt/beegfs/ysu34/hamlib/dia_e2e/qmaxcutR_18_3.txt,262144,9,2334730,688128,row_dense_nv1,0.007700,2.761e-08
SPMVCSV,/mnt/beegfs/ysu34/hamlib/dia_e2e/qmaxcutR_18_3.txt,262144,9,2334730,688128,cusparse_csr,0.023839,2.721e-08
SPMVCSV,/mnt/beegfs/ysu34/hamlib/dia_e2e/qmaxcutR_18_3.txt,262144,9,2334730,688128,diaq_fp64,0.036946,0.000e+00
SPMVCSV,/mnt/beegfs/ysu34/hamlib/dia_e2e/qmaxcutR_18_3.txt,262144,9,2334730,688128,diaq_fp32,0.013865,2.768e-08
E2EEVCSV,/mnt/beegfs/ysu34/hamlib/dia_e2e/qmaxcutR_18_3.txt,262144,9,1000,3,didx,12.589,7.389,40.125,162.262,4.044,3.959e-08
E2EEVDIAQCSV,/mnt/beegfs/ysu34/hamlib/dia_e2e/qmaxcutR_18_3.txt,262144,9,1000,3,0.891,62.099,1.548,0.000e+00
E2EOPCSV,/mnt/beegfs/ysu34/hamlib/dia_e2e/qmaxcutR_18_3.txt,262144,9,2,35,9027634,0.075,0.083,-1
E2EOPCSV,/mnt/beegfs/ysu34/hamlib/dia_e2e/qmaxcutR_18_3.txt,262144,9,3,75,19210410,0.195,0.341,-1
E2EOPBUILDCSV,/mnt/beegfs/ysu34/hamlib/dia_e2e/qmaxcutR_18_3.txt,262144,3,75,19210410,2.732,27.833,10.188
E2EOPBUILDCSV,/mnt/beegfs/ysu34/hamlib/dia_e2e/qmaxcutR_18_3.txt,262144,3,38,9736277,2.229,-1,-1
== [3] tfim_16_4 ==
PREPCSV,/mnt/beegfs/ysu34/hamlib/dia_e2e/tfim_16_4.txt,65536,33,spmv,didx,6.192,0.706,0.007373,936
PREPCSV,/mnt/beegfs/ysu34/hamlib/dia_e2e/tfim_16_4.txt,65536,33,spmv,didx_sym,2.568,0.878,0.006840,504
PREPCSV,/mnt/beegfs/ysu34/hamlib/dia_e2e/tfim_16_4.txt,65536,33,spmv,gopt,6.448,0.813,0.012390,586
PREPCSV,/mnt/beegfs/ysu34/hamlib/dia_e2e/tfim_16_4.txt,65536,33,spmv,cusparse_csr,14.419,1.409,0.028733,551
PREPCSV,/mnt/beegfs/ysu34/hamlib/dia_e2e/tfim_16_4.txt,65536,33,spmspm,ours_flat,0.666,0.223,0.228639,4
PREPCSV,/mnt/beegfs/ysu34/hamlib/dia_e2e/tfim_16_4.txt,65536,33,spmspm,hm_atomic,11.536,1.418,0.413655,31
PREPCSV,/mnt/beegfs/ysu34/hamlib/dia_e2e/tfim_16_4.txt,65536,33,spmspm,ours_sym,0.192,2.208,-1.000000,-1
PREPCSV,/mnt/beegfs/ysu34/hamlib/dia_e2e/tfim_16_4.txt,65536,33,spmspm,ours_sym,0.192,2.208,0.114647,21
SPMSPMCSV,/mnt/beegfs/ysu34/hamlib/dia_e2e/tfim_16_4.txt,65536,33,455,26181618,ours_flat,0.228823,0.000e+00
SPMSPMCSV,/mnt/beegfs/ysu34/hamlib/dia_e2e/tfim_16_4.txt,65536,33,455,26181618,ours_sym,0.114616,0.000e+00
SPMSPMCSV,/mnt/beegfs/ysu34/hamlib/dia_e2e/tfim_16_4.txt,65536,33,455,26181618,hm_atomic,0.416389,0.000e+00
SPMSPMCSV,/mnt/beegfs/ysu34/hamlib/dia_e2e/tfim_16_4.txt,65536,33,455,26181618,diaq_fp32,6.978570,0.000e+00
SPMSPMCSV,/mnt/beegfs/ysu34/hamlib/dia_e2e/tfim_16_4.txt,65536,33,455,26181618,cusparse_spgemm,5.434346,-1.000e+00
CSRNNZ,/mnt/beegfs/ysu34/hamlib/dia_e2e/tfim_16_4.txt,2031618,1114112,0.5484
PREPCSV,/mnt/beegfs/ysu34/hamlib/dia_e2e/tfim_16_4.txt,65536,33,spmv,cusparse_csr,13.352,178.803,0.028672,-1
SPMVCSV,/mnt/beegfs/ysu34/hamlib/dia_e2e/tfim_16_4.txt,65536,33,2031618,1114112,ours_didx_nv1,0.007229,8.047e-08
SPMVCSV,/mnt/beegfs/ysu34/hamlib/dia_e2e/tfim_16_4.txt,65536,33,2031618,1114112,ours_didx_nv2,0.007762,8.047e-08
SPMVCSV,/mnt/beegfs/ysu34/hamlib/dia_e2e/tfim_16_4.txt,65536,33,2031618,1114112,ours_gather_nv1,0.007578,8.047e-08
SPMVCSV,/mnt/beegfs/ysu34/hamlib/dia_e2e/tfim_16_4.txt,65536,33,2031618,1114112,ours_gather_nv2,0.008950,8.047e-08
SPMVCSV,/mnt/beegfs/ysu34/hamlib/dia_e2e/tfim_16_4.txt,65536,33,2031618,1114112,ours_gopt_nv1,0.012329,8.065e-08
SPMVCSV,/mnt/beegfs/ysu34/hamlib/dia_e2e/tfim_16_4.txt,65536,33,2031618,1114112,ours_gopt_nv2,0.015258,8.065e-08
# gopt plan: 147 segs, reads 87.0% of stored band
SPMVCSV,/mnt/beegfs/ysu34/hamlib/dia_e2e/tfim_16_4.txt,65536,33,2031618,1114112,ours_gopt_s_nv1,0.013578,8.065e-08
# auto pick=didx (D=33 fill=0.55 rho=0.87)
SPMVCSV,/mnt/beegfs/ysu34/hamlib/dia_e2e/tfim_16_4.txt,65536,33,2031618,1114112,ours_auto_nv1,0.007250,8.047e-08
SPMVCSV,/mnt/beegfs/ysu34/hamlib/dia_e2e/tfim_16_4.txt,65536,33,2031618,1114112,ours_auto_nv2,0.007803,8.047e-08
SPMVCSV,/mnt/beegfs/ysu34/hamlib/dia_e2e/tfim_16_4.txt,65536,33,2031618,1114112,csr_zskip_nv1,0.007721,8.047e-08
SPMVCSV,/mnt/beegfs/ysu34/hamlib/dia_e2e/tfim_16_4.txt,65536,33,2031618,1114112,row_dense_nv1,0.007352,8.047e-08
SPMVCSV,/mnt/beegfs/ysu34/hamlib/dia_e2e/tfim_16_4.txt,65536,33,2031618,1114112,cusparse_csr,0.028262,6.603e-08
SPMVCSV,/mnt/beegfs/ysu34/hamlib/dia_e2e/tfim_16_4.txt,65536,33,2031618,1114112,diaq_fp64,0.030945,0.000e+00
SPMVCSV,/mnt/beegfs/ysu34/hamlib/dia_e2e/tfim_16_4.txt,65536,33,2031618,1114112,diaq_fp32,0.015626,8.243e-08
E2EEVCSV,/mnt/beegfs/ysu34/hamlib/dia_e2e/tfim_16_4.txt,65536,33,1000,4,didx,14.324,15.919,47.134,248.721,5.277,2.446e-07
E2EEVDIAQCSV,/mnt/beegfs/ysu34/hamlib/dia_e2e/tfim_16_4.txt,65536,33,1000,4,0.828,78.827,1.672,2.204e-07
E2EOPCSV,/mnt/beegfs/ysu34/hamlib/dia_e2e/tfim_16_4.txt,65536,33,2,455,26181618,0.524,0.229,-1
E2EOPCSV,/mnt/beegfs/ysu34/hamlib/dia_e2e/tfim_16_4.txt,65536,33,3,3447,182780016,27.730,3.335,-1
E2EOPBUILDCSV,/mnt/beegfs/ysu34/hamlib/dia_e2e/tfim_16_4.txt,65536,4,15727,759430272,910.749,1031.797,1.133
E2EOPBUILDCSV,/mnt/beegfs/ysu34/hamlib/dia_e2e/tfim_16_4.txt,65536,4,7864,379747904,66.973,-1,-1
== [3] tfim_16_5 ==
PREPCSV,/mnt/beegfs/ysu34/hamlib/dia_e2e/tfim_16_5.txt,65536,33,spmv,didx,6.149,0.731,0.007414,928
PREPCSV,/mnt/beegfs/ysu34/hamlib/dia_e2e/tfim_16_5.txt,65536,33,spmv,didx_sym,2.586,0.882,0.006861,506
PREPCSV,/mnt/beegfs/ysu34/hamlib/dia_e2e/tfim_16_5.txt,65536,33,spmv,gopt,6.318,0.798,0.012452,571
PREPCSV,/mnt/beegfs/ysu34/hamlib/dia_e2e/tfim_16_5.txt,65536,33,spmv,cusparse_csr,14.398,1.436,0.028652,553
PREPCSV,/mnt/beegfs/ysu34/hamlib/dia_e2e/tfim_16_5.txt,65536,33,spmspm,ours_flat,0.662,0.240,0.228680,4
PREPCSV,/mnt/beegfs/ysu34/hamlib/dia_e2e/tfim_16_5.txt,65536,33,spmspm,hm_atomic,11.555,1.440,0.414003,31
PREPCSV,/mnt/beegfs/ysu34/hamlib/dia_e2e/tfim_16_5.txt,65536,33,spmspm,ours_sym,0.188,2.201,-1.000000,-1
PREPCSV,/mnt/beegfs/ysu34/hamlib/dia_e2e/tfim_16_5.txt,65536,33,spmspm,ours_sym,0.188,2.201,0.114811,21
SPMSPMCSV,/mnt/beegfs/ysu34/hamlib/dia_e2e/tfim_16_5.txt,65536,33,455,26181618,ours_flat,0.228680,0.000e+00
SPMSPMCSV,/mnt/beegfs/ysu34/hamlib/dia_e2e/tfim_16_5.txt,65536,33,455,26181618,ours_sym,0.114627,0.000e+00
SPMSPMCSV,/mnt/beegfs/ysu34/hamlib/dia_e2e/tfim_16_5.txt,65536,33,455,26181618,hm_atomic,0.416348,0.000e+00
SPMSPMCSV,/mnt/beegfs/ysu34/hamlib/dia_e2e/tfim_16_5.txt,65536,33,455,26181618,diaq_fp32,6.976184,0.000e+00
SPMSPMCSV,/mnt/beegfs/ysu34/hamlib/dia_e2e/tfim_16_5.txt,65536,33,455,26181618,cusparse_spgemm,5.461053,-1.000e+00
CSRNNZ,/mnt/beegfs/ysu34/hamlib/dia_e2e/tfim_16_5.txt,2031618,1114112,0.5484
PREPCSV,/mnt/beegfs/ysu34/hamlib/dia_e2e/tfim_16_5.txt,65536,33,spmv,cusparse_csr,13.577,178.667,0.028283,-1
SPMVCSV,/mnt/beegfs/ysu34/hamlib/dia_e2e/tfim_16_5.txt,65536,33,2031618,1114112,ours_didx_nv1,0.007311,8.047e-08
SPMVCSV,/mnt/beegfs/ysu34/hamlib/dia_e2e/tfim_16_5.txt,65536,33,2031618,1114112,ours_didx_nv2,0.007926,8.047e-08
SPMVCSV,/mnt/beegfs/ysu34/hamlib/dia_e2e/tfim_16_5.txt,65536,33,2031618,1114112,ours_gather_nv1,0.007639,8.047e-08
SPMVCSV,/mnt/beegfs/ysu34/hamlib/dia_e2e/tfim_16_5.txt,65536,33,2031618,1114112,ours_gather_nv2,0.009032,8.047e-08
SPMVCSV,/mnt/beegfs/ysu34/hamlib/dia_e2e/tfim_16_5.txt,65536,33,2031618,1114112,ours_gopt_nv1,0.012390,8.065e-08
SPMVCSV,/mnt/beegfs/ysu34/hamlib/dia_e2e/tfim_16_5.txt,65536,33,2031618,1114112,ours_gopt_nv2,0.015360,8.065e-08
# gopt plan: 147 segs, reads 87.0% of stored band
SPMVCSV,/mnt/beegfs/ysu34/hamlib/dia_e2e/tfim_16_5.txt,65536,33,2031618,1114112,ours_gopt_s_nv1,0.013681,8.065e-08
# auto pick=didx (D=33 fill=0.55 rho=0.87)
SPMVCSV,/mnt/beegfs/ysu34/hamlib/dia_e2e/tfim_16_5.txt,65536,33,2031618,1114112,ours_auto_nv1,0.007332,8.047e-08
SPMVCSV,/mnt/beegfs/ysu34/hamlib/dia_e2e/tfim_16_5.txt,65536,33,2031618,1114112,ours_auto_nv2,0.007885,8.047e-08
SPMVCSV,/mnt/beegfs/ysu34/hamlib/dia_e2e/tfim_16_5.txt,65536,33,2031618,1114112,csr_zskip_nv1,0.007803,8.047e-08
SPMVCSV,/mnt/beegfs/ysu34/hamlib/dia_e2e/tfim_16_5.txt,65536,33,2031618,1114112,row_dense_nv1,0.007393,8.047e-08
SPMVCSV,/mnt/beegfs/ysu34/hamlib/dia_e2e/tfim_16_5.txt,65536,33,2031618,1114112,cusparse_csr,0.028733,6.603e-08
SPMVCSV,/mnt/beegfs/ysu34/hamlib/dia_e2e/tfim_16_5.txt,65536,33,2031618,1114112,diaq_fp64,0.032788,0.000e+00
SPMVCSV,/mnt/beegfs/ysu34/hamlib/dia_e2e/tfim_16_5.txt,65536,33,2031618,1114112,diaq_fp32,0.015667,8.243e-08
E2EEVCSV,/mnt/beegfs/ysu34/hamlib/dia_e2e/tfim_16_5.txt,65536,33,1000,5,didx,14.501,15.464,58.918,308.853,5.242,2.436e-07
E2EEVDIAQCSV,/mnt/beegfs/ysu34/hamlib/dia_e2e/tfim_16_5.txt,65536,33,1000,5,0.826,98.399,1.670,2.202e-07
E2EOPCSV,/mnt/beegfs/ysu34/hamlib/dia_e2e/tfim_16_5.txt,65536,33,2,455,26181618,0.565,0.229,-1
E2EOPCSV,/mnt/beegfs/ysu34/hamlib/dia_e2e/tfim_16_5.txt,65536,33,3,3447,182780016,27.799,3.335,-1
E2EOPBUILDCSV,/mnt/beegfs/ysu34/hamlib/dia_e2e/tfim_16_5.txt,65536,5,45471,1968446464,11183.280,12275.180,1.098
E2EOPBUILDCSV,/mnt/beegfs/ysu34/hamlib/dia_e2e/tfim_16_5.txt,65536,5,22736,984256000,545.180,-1,-1
== [3] tfim_18_4 ==
PREPCSV,/mnt/beegfs/ysu34/hamlib/dia_e2e/tfim_18_4.txt,262144,37,spmv,didx,44.072,2.491,0.021955,2121
PREPCSV,/mnt/beegfs/ysu34/hamlib/dia_e2e/tfim_18_4.txt,262144,37,spmv,didx_sym,13.131,3.471,0.015790,1051
PREPCSV,/mnt/beegfs/ysu34/hamlib/dia_e2e/tfim_18_4.txt,262144,37,spmv,gopt,24.908,2.696,0.025539,1081
PREPCSV,/mnt/beegfs/ysu34/hamlib/dia_e2e/tfim_18_4.txt,262144,37,spmv,cusparse_csr,73.599,4.174,0.057917,1343
PREPCSV,/mnt/beegfs/ysu34/hamlib/dia_e2e/tfim_18_4.txt,262144,37,spmspm,ours_flat,2.145,0.496,1.445601,2
PREPCSV,/mnt/beegfs/ysu34/hamlib/dia_e2e/tfim_18_4.txt,262144,37,spmspm,hm_atomic,58.717,4.008,2.994606,21
PREPCSV,/mnt/beegfs/ysu34/hamlib/dia_e2e/tfim_18_4.txt,262144,37,spmspm,ours_sym,0.858,2.822,-1.000000,-1
PREPCSV,/mnt/beegfs/ysu34/hamlib/dia_e2e/tfim_18_4.txt,262144,37,spmspm,ours_sym,0.858,2.822,0.672911,5
SPMSPMCSV,/mnt/beegfs/ysu34/hamlib/dia_e2e/tfim_18_4.txt,262144,37,583,136183794,ours_flat,1.445806,0.000e+00
SPMSPMCSV,/mnt/beegfs/ysu34/hamlib/dia_e2e/tfim_18_4.txt,262144,37,583,136183794,ours_sym,0.672430,0.000e+00
SPMSPMCSV,/mnt/beegfs/ysu34/hamlib/dia_e2e/tfim_18_4.txt,262144,37,583,136183794,hm_atomic,2.998149,0.000e+00
SPMSPMCSV,/mnt/beegfs/ysu34/hamlib/dia_e2e/tfim_18_4.txt,262144,37,583,136183794,diaq_fp32,38.243492,0.000e+00
SPMSPMCSV,/mnt/beegfs/ysu34/hamlib/dia_e2e/tfim_18_4.txt,262144,37,583,136183794,cusparse_spgemm,10.606323,-1.000e+00
CSRNNZ,/mnt/beegfs/ysu34/hamlib/dia_e2e/tfim_18_4.txt,9175042,4980736,0.5429
PREPCSV,/mnt/beegfs/ysu34/hamlib/dia_e2e/tfim_18_4.txt,262144,37,spmv,cusparse_csr,67.940,184.817,0.056197,-1
SPMVCSV,/mnt/beegfs/ysu34/hamlib/dia_e2e/tfim_18_4.txt,262144,37,9175042,4980736,ours_didx_nv1,0.021975,8.435e-08
SPMVCSV,/mnt/beegfs/ysu34/hamlib/dia_e2e/tfim_18_4.txt,262144,37,9175042,4980736,ours_didx_nv2,0.024556,8.435e-08
SPMVCSV,/mnt/beegfs/ysu34/hamlib/dia_e2e/tfim_18_4.txt,262144,37,9175042,4980736,ours_gather_nv1,0.036495,8.435e-08
SPMVCSV,/mnt/beegfs/ysu34/hamlib/dia_e2e/tfim_18_4.txt,262144,37,9175042,4980736,ours_gather_nv2,0.089661,8.435e-08
SPMVCSV,/mnt/beegfs/ysu34/hamlib/dia_e2e/tfim_18_4.txt,262144,37,9175042,4980736,ours_gopt_nv1,0.025457,8.445e-08
SPMVCSV,/mnt/beegfs/ysu34/hamlib/dia_e2e/tfim_18_4.txt,262144,37,9175042,4980736,ours_gopt_nv2,0.031846,8.445e-08
# gopt plan: 531 segs, reads 82.8% of stored band
SPMVCSV,/mnt/beegfs/ysu34/hamlib/dia_e2e/tfim_18_4.txt,262144,37,9175042,4980736,ours_gopt_s_nv1,0.028938,8.445e-08
# auto pick=didx (D=37 fill=0.54 rho=0.83)
SPMVCSV,/mnt/beegfs/ysu34/hamlib/dia_e2e/tfim_18_4.txt,262144,37,9175042,4980736,ours_auto_nv1,0.021955,8.435e-08
SPMVCSV,/mnt/beegfs/ysu34/hamlib/dia_e2e/tfim_18_4.txt,262144,37,9175042,4980736,ours_auto_nv2,0.024596,8.435e-08
SPMVCSV,/mnt/beegfs/ysu34/hamlib/dia_e2e/tfim_18_4.txt,262144,37,9175042,4980736,csr_zskip_nv1,0.059290,8.435e-08
SPMVCSV,/mnt/beegfs/ysu34/hamlib/dia_e2e/tfim_18_4.txt,262144,37,9175042,4980736,row_dense_nv1,0.031396,8.435e-08
SPMVCSV,/mnt/beegfs/ysu34/hamlib/dia_e2e/tfim_18_4.txt,262144,37,9175042,4980736,cusparse_csr,0.057815,6.651e-08
SPMVCSV,/mnt/beegfs/ysu34/hamlib/dia_e2e/tfim_18_4.txt,262144,37,9175042,4980736,diaq_fp64,0.116716,0.000e+00
SPMVCSV,/mnt/beegfs/ysu34/hamlib/dia_e2e/tfim_18_4.txt,262144,37,9175042,4980736,diaq_fp32,0.070431,8.681e-08
E2EEVCSV,/mnt/beegfs/ysu34/hamlib/dia_e2e/tfim_18_4.txt,262144,37,1000,4,didx,70.909,73.193,126.141,476.880,3.781,2.569e-07
E2EEVDIAQCSV,/mnt/beegfs/ysu34/hamlib/dia_e2e/tfim_18_4.txt,262144,37,1000,4,2.938,313.443,2.485,2.346e-07
E2EOPCSV,/mnt/beegfs/ysu34/hamlib/dia_e2e/tfim_18_4.txt,262144,37,2,583,136183794,1.545,1.447,-1
E2EOPCSV,/mnt/beegfs/ysu34/hamlib/dia_e2e/tfim_18_4.txt,262144,37,3,5155,1121714288,60.212,23.396,-1
# opbuild wall: Unnz=5652348032 (int32 index limit)
E2EOPBUILDCSV,/mnt/beegfs/ysu34/hamlib/dia_e2e/tfim_18_4.txt,262144,4,28143,5652348032,-1,-1,-1
# opbuild(sym) wall: Unnz=2826305088 (int32 index limit)
E2EOPBUILDCSV,/mnt/beegfs/ysu34/hamlib/dia_e2e/tfim_18_4.txt,262144,4,14072,2826305088,-1,-1,-1
== [3] tfim_18_5 ==
PREPCSV,/mnt/beegfs/ysu34/hamlib/dia_e2e/tfim_18_5.txt,262144,37,spmv,didx,43.954,2.481,0.021893,2121
PREPCSV,/mnt/beegfs/ysu34/hamlib/dia_e2e/tfim_18_5.txt,262144,37,spmv,didx_sym,13.169,3.438,0.015811,1050
PREPCSV,/mnt/beegfs/ysu34/hamlib/dia_e2e/tfim_18_5.txt,262144,37,spmv,gopt,26.719,2.670,0.025518,1152
PREPCSV,/mnt/beegfs/ysu34/hamlib/dia_e2e/tfim_18_5.txt,262144,37,spmv,cusparse_csr,74.459,4.136,0.057569,1365
PREPCSV,/mnt/beegfs/ysu34/hamlib/dia_e2e/tfim_18_5.txt,262144,37,spmspm,ours_flat,2.141,0.495,1.445622,2
PREPCSV,/mnt/beegfs/ysu34/hamlib/dia_e2e/tfim_18_5.txt,262144,37,spmspm,hm_atomic,58.812,3.970,2.993930,21
PREPCSV,/mnt/beegfs/ysu34/hamlib/dia_e2e/tfim_18_5.txt,262144,37,spmspm,ours_sym,0.862,2.804,-1.000000,-1
PREPCSV,/mnt/beegfs/ysu34/hamlib/dia_e2e/tfim_18_5.txt,262144,37,spmspm,ours_sym,0.862,2.804,0.672911,5
SPMSPMCSV,/mnt/beegfs/ysu34/hamlib/dia_e2e/tfim_18_5.txt,262144,37,583,136183794,ours_flat,1.445642,0.000e+00
SPMSPMCSV,/mnt/beegfs/ysu34/hamlib/dia_e2e/tfim_18_5.txt,262144,37,583,136183794,ours_sym,0.672379,0.000e+00
SPMSPMCSV,/mnt/beegfs/ysu34/hamlib/dia_e2e/tfim_18_5.txt,262144,37,583,136183794,hm_atomic,2.997504,0.000e+00
SPMSPMCSV,/mnt/beegfs/ysu34/hamlib/dia_e2e/tfim_18_5.txt,262144,37,583,136183794,diaq_fp32,38.259037,0.000e+00
SPMSPMCSV,/mnt/beegfs/ysu34/hamlib/dia_e2e/tfim_18_5.txt,262144,37,583,136183794,cusparse_spgemm,10.607395,-1.000e+00
CSRNNZ,/mnt/beegfs/ysu34/hamlib/dia_e2e/tfim_18_5.txt,9175042,4980736,0.5429
PREPCSV,/mnt/beegfs/ysu34/hamlib/dia_e2e/tfim_18_5.txt,262144,37,spmv,cusparse_csr,69.927,186.469,0.056238,-1
SPMVCSV,/mnt/beegfs/ysu34/hamlib/dia_e2e/tfim_18_5.txt,262144,37,9175042,4980736,ours_didx_nv1,0.022016,8.435e-08
SPMVCSV,/mnt/beegfs/ysu34/hamlib/dia_e2e/tfim_18_5.txt,262144,37,9175042,4980736,ours_didx_nv2,0.024596,8.435e-08
SPMVCSV,/mnt/beegfs/ysu34/hamlib/dia_e2e/tfim_18_5.txt,262144,37,9175042,4980736,ours_gather_nv1,0.036495,8.435e-08
SPMVCSV,/mnt/beegfs/ysu34/hamlib/dia_e2e/tfim_18_5.txt,262144,37,9175042,4980736,ours_gather_nv2,0.089743,8.435e-08
SPMVCSV,/mnt/beegfs/ysu34/hamlib/dia_e2e/tfim_18_5.txt,262144,37,9175042,4980736,ours_gopt_nv1,0.025498,8.445e-08
SPMVCSV,/mnt/beegfs/ysu34/hamlib/dia_e2e/tfim_18_5.txt,262144,37,9175042,4980736,ours_gopt_nv2,0.031949,8.445e-08
# gopt plan: 531 segs, reads 82.8% of stored band
SPMVCSV,/mnt/beegfs/ysu34/hamlib/dia_e2e/tfim_18_5.txt,262144,37,9175042,4980736,ours_gopt_s_nv1,0.028979,8.445e-08
# auto pick=didx (D=37 fill=0.54 rho=0.83)
SPMVCSV,/mnt/beegfs/ysu34/hamlib/dia_e2e/tfim_18_5.txt,262144,37,9175042,4980736,ours_auto_nv1,0.022036,8.435e-08
SPMVCSV,/mnt/beegfs/ysu34/hamlib/dia_e2e/tfim_18_5.txt,262144,37,9175042,4980736,ours_auto_nv2,0.024617,8.435e-08
SPMVCSV,/mnt/beegfs/ysu34/hamlib/dia_e2e/tfim_18_5.txt,262144,37,9175042,4980736,csr_zskip_nv1,0.059761,8.435e-08
SPMVCSV,/mnt/beegfs/ysu34/hamlib/dia_e2e/tfim_18_5.txt,262144,37,9175042,4980736,row_dense_nv1,0.031314,8.435e-08
SPMVCSV,/mnt/beegfs/ysu34/hamlib/dia_e2e/tfim_18_5.txt,262144,37,9175042,4980736,cusparse_csr,0.058225,6.651e-08
SPMVCSV,/mnt/beegfs/ysu34/hamlib/dia_e2e/tfim_18_5.txt,262144,37,9175042,4980736,diaq_fp64,0.117043,0.000e+00
SPMVCSV,/mnt/beegfs/ysu34/hamlib/dia_e2e/tfim_18_5.txt,262144,37,9175042,4980736,diaq_fp32,0.070533,8.681e-08
E2EEVCSV,/mnt/beegfs/ysu34/hamlib/dia_e2e/tfim_18_5.txt,262144,37,1000,5,didx,70.798,75.418,157.332,602.738,3.831,2.569e-07
E2EEVDIAQCSV,/mnt/beegfs/ysu34/hamlib/dia_e2e/tfim_18_5.txt,262144,37,1000,5,2.952,391.772,2.490,2.343e-07
E2EOPCSV,/mnt/beegfs/ysu34/hamlib/dia_e2e/tfim_18_5.txt,262144,37,2,583,136183794,1.549,1.446,-1
E2EOPCSV,/mnt/beegfs/ysu34/hamlib/dia_e2e/tfim_18_5.txt,262144,37,3,5155,1121714288,60.595,23.395,-1
# opbuild wall: Unnz=18243132416 (int32 index limit)
E2EOPBUILDCSV,/mnt/beegfs/ysu34/hamlib/dia_e2e/tfim_18_5.txt,262144,5,99695,18243132416,-1,-1,-1
# opbuild(sym) wall: Unnz=9121697280 (int32 index limit)
E2EOPBUILDCSV,/mnt/beegfs/ysu34/hamlib/dia_e2e/tfim_18_5.txt,262144,5,49848,9121697280,-1,-1,-1
== [3] tfim_20_5 ==
PREPCSV,/mnt/beegfs/ysu34/hamlib/dia_e2e/tfim_20_5.txt,1048576,41,spmv,didx,218.029,8.776,0.106578,2128
PREPCSV,/mnt/beegfs/ysu34/hamlib/dia_e2e/tfim_20_5.txt,1048576,41,spmv,didx_sym,74.853,13.866,0.076186,1165
PREPCSV,/mnt/beegfs/ysu34/hamlib/dia_e2e/tfim_20_5.txt,1048576,41,spmv,gopt,107.112,9.499,0.097526,1196
PREPCSV,/mnt/beegfs/ysu34/hamlib/dia_e2e/tfim_20_5.txt,1048576,41,spmv,cusparse_csr,343.614,14.230,0.167342,2138
PREPCSV,/mnt/beegfs/ysu34/hamlib/dia_e2e/tfim_20_5.txt,1048576,41,spmspm,ours_flat,8.426,1.003,7.353508,1
PREPCSV,/mnt/beegfs/ysu34/hamlib/dia_e2e/tfim_20_5.txt,1048576,41,spmspm,hm_atomic,289.995,13.825,14.977987,20
PREPCSV,/mnt/beegfs/ysu34/hamlib/dia_e2e/tfim_20_5.txt,1048576,41,spmspm,ours_sym,4.095,4.354,-1.000000,-1
PREPCSV,/mnt/beegfs/ysu34/hamlib/dia_e2e/tfim_20_5.txt,1048576,41,spmspm,ours_sym,4.095,4.354,3.692196,2
SPMSPMCSV,/mnt/beegfs/ysu34/hamlib/dia_e2e/tfim_20_5.txt,1048576,41,727,687341554,ours_flat,7.352300,0.000e+00
SPMSPMCSV,/mnt/beegfs/ysu34/hamlib/dia_e2e/tfim_20_5.txt,1048576,41,727,687341554,ours_sym,3.686390,0.000e+00
SPMSPMCSV,/mnt/beegfs/ysu34/hamlib/dia_e2e/tfim_20_5.txt,1048576,41,727,687341554,hm_atomic,14.978673,0.000e+00
SPMSPMCSV,/mnt/beegfs/ysu34/hamlib/dia_e2e/tfim_20_5.txt,1048576,41,727,687341554,diaq_fp32,212.655991,0.000e+00
SPMSPMCSV,/mnt/beegfs/ysu34/hamlib/dia_e2e/tfim_20_5.txt,1048576,41,727,687341554,cusparse_spgemm,96.534950,-1.000e+00
CSRNNZ,/mnt/beegfs/ysu34/hamlib/dia_e2e/tfim_20_5.txt,40894466,22020096,0.5385
PREPCSV,/mnt/beegfs/ysu34/hamlib/dia_e2e/tfim_20_5.txt,1048576,41,spmv,cusparse_csr,330.500,272.922,0.166687,-1
SPMVCSV,/mnt/beegfs/ysu34/hamlib/dia_e2e/tfim_20_5.txt,1048576,41,40894466,22020096,ours_didx_nv1,0.106455,8.817e-08
SPMVCSV,/mnt/beegfs/ysu34/hamlib/dia_e2e/tfim_20_5.txt,1048576,41,40894466,22020096,ours_didx_nv2,0.120709,8.817e-08
SPMVCSV,/mnt/beegfs/ysu34/hamlib/dia_e2e/tfim_20_5.txt,1048576,41,40894466,22020096,ours_gather_nv1,0.127918,8.817e-08
SPMVCSV,/mnt/beegfs/ysu34/hamlib/dia_e2e/tfim_20_5.txt,1048576,41,40894466,22020096,ours_gather_nv2,0.223437,8.817e-08
SPMVCSV,/mnt/beegfs/ysu34/hamlib/dia_e2e/tfim_20_5.txt,1048576,41,40894466,22020096,ours_gopt_nv1,0.098017,8.821e-08
SPMVCSV,/mnt/beegfs/ysu34/hamlib/dia_e2e/tfim_20_5.txt,1048576,41,40894466,22020096,ours_gopt_nv2,0.108073,8.821e-08
# gopt plan: 2067 segs, reads 79.5% of stored band
SPMVCSV,/mnt/beegfs/ysu34/hamlib/dia_e2e/tfim_20_5.txt,1048576,41,40894466,22020096,ours_gopt_s_nv1,0.106803,8.821e-08
# auto pick=didx (D=41 fill=0.54 rho=0.79)
SPMVCSV,/mnt/beegfs/ysu34/hamlib/dia_e2e/tfim_20_5.txt,1048576,41,40894466,22020096,ours_auto_nv1,0.106619,8.817e-08
SPMVCSV,/mnt/beegfs/ysu34/hamlib/dia_e2e/tfim_20_5.txt,1048576,41,40894466,22020096,ours_auto_nv2,0.120873,8.817e-08
SPMVCSV,/mnt/beegfs/ysu34/hamlib/dia_e2e/tfim_20_5.txt,1048576,41,40894466,22020096,csr_zskip_nv1,0.166543,8.817e-08
SPMVCSV,/mnt/beegfs/ysu34/hamlib/dia_e2e/tfim_20_5.txt,1048576,41,40894466,22020096,row_dense_nv1,0.122696,8.817e-08
SPMVCSV,/mnt/beegfs/ysu34/hamlib/dia_e2e/tfim_20_5.txt,1048576,41,40894466,22020096,cusparse_csr,0.167035,6.758e-08
SPMVCSV,/mnt/beegfs/ysu34/hamlib/dia_e2e/tfim_20_5.txt,1048576,41,40894466,22020096,diaq_fp64,0.476078,0.000e+00
SPMVCSV,/mnt/beegfs/ysu34/hamlib/dia_e2e/tfim_20_5.txt,1048576,41,40894466,22020096,diaq_fp32,0.249897,9.037e-08
E2EEVCSV,/mnt/beegfs/ysu34/hamlib/dia_e2e/tfim_20_5.txt,1048576,41,1000,5,didx,371.191,344.034,719.374,1819.684,2.530,2.691e-07
E2EEVDIAQCSV,/mnt/beegfs/ysu34/hamlib/dia_e2e/tfim_20_5.txt,1048576,41,1000,5,11.591,1368.201,1.902,2.462e-07
E2EOPCSV,/mnt/beegfs/ysu34/hamlib/dia_e2e/tfim_20_5.txt,1048576,41,2,727,687341554,6.804,7.364,-1
E2EOPCSV,/mnt/beegfs/ysu34/hamlib/dia_e2e/tfim_20_5.txt,1048576,41,3,7359,6535774320,153.317,152.655,-1
# opbuild wall: Unnz=151712177152 (int32 index limit)
E2EOPBUILDCSV,/mnt/beegfs/ysu34/hamlib/dia_e2e/tfim_20_5.txt,1048576,5,198479,151712177152,-1,-1,-1
# opbuild(sym) wall: Unnz=75856612864 (int32 index limit)
E2EOPBUILDCSV,/mnt/beegfs/ysu34/hamlib/dia_e2e/tfim_20_5.txt,1048576,5,99240,75856612864,-1,-1,-1
== [3] tsp_18_4 ==
PREPCSV,/mnt/beegfs/ysu34/hamlib/dia_e2e/tsp_18_4.txt,262144,1,spmv,didx,1.825,0.447,0.004649,489
PREPCSV,/mnt/beegfs/ysu34/hamlib/dia_e2e/tsp_18_4.txt,262144,1,spmv,didx_sym,1.121,0.436,0.004772,326
PREPCSV,/mnt/beegfs/ysu34/hamlib/dia_e2e/tsp_18_4.txt,262144,1,spmv,gopt,0.837,0.226,0.004362,244
PREPCSV,/mnt/beegfs/ysu34/hamlib/dia_e2e/tsp_18_4.txt,262144,1,spmv,cusparse_csr,1.964,0.819,0.021484,130
PREPCSV,/mnt/beegfs/ysu34/hamlib/dia_e2e/tsp_18_4.txt,262144,1,spmspm,ours_flat,0.508,0.115,0.005427,115
PREPCSV,/mnt/beegfs/ysu34/hamlib/dia_e2e/tsp_18_4.txt,262144,1,spmspm,hm_atomic,1.063,0.435,0.008028,187
PREPCSV,/mnt/beegfs/ysu34/hamlib/dia_e2e/tsp_18_4.txt,262144,1,spmspm,ours_sym,0.278,0.114,-1.000000,-1
PREPCSV,/mnt/beegfs/ysu34/hamlib/dia_e2e/tsp_18_4.txt,262144,1,spmspm,ours_sym,0.278,0.114,0.005468,72
SPMSPMCSV,/mnt/beegfs/ysu34/hamlib/dia_e2e/tsp_18_4.txt,262144,1,1,262144,ours_flat,0.005499,0.000e+00
SPMSPMCSV,/mnt/beegfs/ysu34/hamlib/dia_e2e/tsp_18_4.txt,262144,1,1,262144,ours_sym,0.005509,0.000e+00
SPMSPMCSV,/mnt/beegfs/ysu34/hamlib/dia_e2e/tsp_18_4.txt,262144,1,1,262144,hm_atomic,0.008264,0.000e+00
SPMSPMCSV,/mnt/beegfs/ysu34/hamlib/dia_e2e/tsp_18_4.txt,262144,1,1,262144,diaq_fp32,0.375603,0.000e+00
SPMSPMCSV,/mnt/beegfs/ysu34/hamlib/dia_e2e/tsp_18_4.txt,262144,1,1,262144,cusparse_spgemm,2.965472,-1.000e+00
CSRNNZ,/mnt/beegfs/ysu34/hamlib/dia_e2e/tsp_18_4.txt,262144,262144,1.0000
PREPCSV,/mnt/beegfs/ysu34/hamlib/dia_e2e/tsp_18_4.txt,262144,1,spmv,cusparse_csr,2.258,178.441,0.021504,-1
SPMVCSV,/mnt/beegfs/ysu34/hamlib/dia_e2e/tsp_18_4.txt,262144,1,262144,262144,ours_didx_nv1,0.004690,2.622e-08
SPMVCSV,/mnt/beegfs/ysu34/hamlib/dia_e2e/tsp_18_4.txt,262144,1,262144,262144,ours_didx_nv2,0.005181,2.630e-08
SPMVCSV,/mnt/beegfs/ysu34/hamlib/dia_e2e/tsp_18_4.txt,262144,1,262144,262144,ours_gather_nv1,0.004035,2.622e-08
SPMVCSV,/mnt/beegfs/ysu34/hamlib/dia_e2e/tsp_18_4.txt,262144,1,262144,262144,ours_gather_nv2,0.005018,2.630e-08
SPMVCSV,/mnt/beegfs/ysu34/hamlib/dia_e2e/tsp_18_4.txt,262144,1,262144,262144,ours_gopt_nv1,0.004403,2.622e-08
SPMVCSV,/mnt/beegfs/ysu34/hamlib/dia_e2e/tsp_18_4.txt,262144,1,262144,262144,ours_gopt_nv2,0.004915,2.630e-08
SPMVCSV,/mnt/beegfs/ysu34/hamlib/dia_e2e/tsp_18_4.txt,262144,1,262144,262144,ours_gopt_s_nv1,0.004280,2.622e-08
# gopt plan: 1 segs, reads 100.0% of stored band
# auto pick=stream (D=1 fill=1.00 rho=1.00)
SPMVCSV,/mnt/beegfs/ysu34/hamlib/dia_e2e/tsp_18_4.txt,262144,1,262144,262144,ours_auto_nv1,0.004055,2.622e-08
SPMVCSV,/mnt/beegfs/ysu34/hamlib/dia_e2e/tsp_18_4.txt,262144,1,262144,262144,ours_auto_nv2,0.004997,2.630e-08
SPMVCSV,/mnt/beegfs/ysu34/hamlib/dia_e2e/tsp_18_4.txt,262144,1,262144,262144,csr_zskip_nv1,0.004383,2.622e-08
SPMVCSV,/mnt/beegfs/ysu34/hamlib/dia_e2e/tsp_18_4.txt,262144,1,262144,262144,row_dense_nv1,0.003932,2.622e-08
SPMVCSV,/mnt/beegfs/ysu34/hamlib/dia_e2e/tsp_18_4.txt,262144,1,262144,262144,cusparse_csr,0.021668,2.622e-08
SPMVCSV,/mnt/beegfs/ysu34/hamlib/dia_e2e/tsp_18_4.txt,262144,1,262144,262144,diaq_fp64,0.006124,0.000e+00
SPMVCSV,/mnt/beegfs/ysu34/hamlib/dia_e2e/tsp_18_4.txt,262144,1,262144,262144,diaq_fp32,0.004915,2.628e-08
E2EEVCSV,/mnt/beegfs/ysu34/hamlib/dia_e2e/tsp_18_4.txt,262144,1,1000,4,stream,1.356,3.279,41.645,197.279,4.737,0.000e+00
E2EEVDIAQCSV,/mnt/beegfs/ysu34/hamlib/dia_e2e/tsp_18_4.txt,262144,1,1000,4,0.226,39.850,0.957,0.000e+00
E2EOPCSV,/mnt/beegfs/ysu34/hamlib/dia_e2e/tsp_18_4.txt,262144,1,2,1,262144,0.004,0.006,-1
E2EOPCSV,/mnt/beegfs/ysu34/hamlib/dia_e2e/tsp_18_4.txt,262144,1,3,1,262144,0.003,0.006,-1
E2EOPBUILDCSV,/mnt/beegfs/ysu34/hamlib/dia_e2e/tsp_18_4.txt,262144,4,1,262144,2.345,4.302,1.834
E2EOPBUILDCSV,/mnt/beegfs/ysu34/hamlib/dia_e2e/tsp_18_4.txt,262144,4,1,262144,1.360,-1,-1
== [3] vibbf3_18_3 ==
PREPCSV,/mnt/beegfs/ysu34/hamlib/dia_e2e/vibbf3_18_3.txt,262144,12,spmv,didx,7.353,0.860,0.007475,1099
PREPCSV,/mnt/beegfs/ysu34/hamlib/dia_e2e/vibbf3_18_3.txt,262144,12,spmv,didx_sym,3.761,1.364,0.008417,609
PREPCSV,/mnt/beegfs/ysu34/hamlib/dia_e2e/vibbf3_18_3.txt,262144,12,spmv,gopt,8.026,0.957,0.007700,1167
PREPCSV,/mnt/beegfs/ysu34/hamlib/dia_e2e/vibbf3_18_3.txt,262144,12,spmv,cusparse_csr,7.192,1.465,0.025190,344
PREPCSV,/mnt/beegfs/ysu34/hamlib/dia_e2e/vibbf3_18_3.txt,262144,12,spmspm,ours_flat,0.680,0.243,0.145592,6
PREPCSV,/mnt/beegfs/ysu34/hamlib/dia_e2e/vibbf3_18_3.txt,262144,12,spmspm,hm_atomic,8.581,2.120,0.241193,44
PREPCSV,/mnt/beegfs/ysu34/hamlib/dia_e2e/vibbf3_18_3.txt,262144,12,spmspm,ours_sym,0.364,1.376,-1.000000,-1
PREPCSV,/mnt/beegfs/ysu34/hamlib/dia_e2e/vibbf3_18_3.txt,262144,12,spmspm,ours_sym,0.364,1.376,0.070554,25
SPMSPMCSV,/mnt/beegfs/ysu34/hamlib/dia_e2e/vibbf3_18_3.txt,262144,12,65,16457670,ours_flat,0.145285,0.000e+00
SPMSPMCSV,/mnt/beegfs/ysu34/hamlib/dia_e2e/vibbf3_18_3.txt,262144,12,65,16457670,ours_sym,0.070595,2.384e-07
SPMSPMCSV,/mnt/beegfs/ysu34/hamlib/dia_e2e/vibbf3_18_3.txt,262144,12,65,16457670,hm_atomic,0.240998,2.384e-07
SPMSPMCSV,/mnt/beegfs/ysu34/hamlib/dia_e2e/vibbf3_18_3.txt,262144,12,65,16457670,diaq_fp32,11.676918,2.384e-07
SPMSPMCSV,/mnt/beegfs/ysu34/hamlib/dia_e2e/vibbf3_18_3.txt,262144,12,65,16457670,cusparse_spgemm,4.771747,-1.000e+00
CSRNNZ,/mnt/beegfs/ysu34/hamlib/dia_e2e/vibbf3_18_3.txt,3088370,1038976,0.3364
PREPCSV,/mnt/beegfs/ysu34/hamlib/dia_e2e/vibbf3_18_3.txt,262144,12,spmv,cusparse_csr,7.659,180.106,0.025231,-1
SPMVCSV,/mnt/beegfs/ysu34/hamlib/dia_e2e/vibbf3_18_3.txt,262144,12,3088370,1038976,ours_didx_nv1,0.007475,3.830e-08
SPMVCSV,/mnt/beegfs/ysu34/hamlib/dia_e2e/vibbf3_18_3.txt,262144,12,3088370,1038976,ours_didx_nv2,0.008212,3.830e-08
SPMVCSV,/mnt/beegfs/ysu34/hamlib/dia_e2e/vibbf3_18_3.txt,262144,12,3088370,1038976,ours_gather_nv1,0.009585,3.830e-08
SPMVCSV,/mnt/beegfs/ysu34/hamlib/dia_e2e/vibbf3_18_3.txt,262144,12,3088370,1038976,ours_gather_nv2,0.015954,3.830e-08
SPMVCSV,/mnt/beegfs/ysu34/hamlib/dia_e2e/vibbf3_18_3.txt,262144,12,3088370,1038976,ours_gopt_nv1,0.007700,3.829e-08
SPMVCSV,/mnt/beegfs/ysu34/hamlib/dia_e2e/vibbf3_18_3.txt,262144,12,3088370,1038976,ours_gopt_nv2,0.009953,3.829e-08
# gopt plan: 62 segs, reads 67.9% of stored band
SPMVCSV,/mnt/beegfs/ysu34/hamlib/dia_e2e/vibbf3_18_3.txt,262144,12,3088370,1038976,ours_gopt_s_nv1,0.007373,3.829e-08
# auto pick=didx (D=12 fill=0.34 rho=0.68)
SPMVCSV,/mnt/beegfs/ysu34/hamlib/dia_e2e/vibbf3_18_3.txt,262144,12,3088370,1038976,ours_auto_nv1,0.007475,3.830e-08
SPMVCSV,/mnt/beegfs/ysu34/hamlib/dia_e2e/vibbf3_18_3.txt,262144,12,3088370,1038976,ours_auto_nv2,0.008192,3.830e-08
SPMVCSV,/mnt/beegfs/ysu34/hamlib/dia_e2e/vibbf3_18_3.txt,262144,12,3088370,1038976,csr_zskip_nv1,0.008008,3.830e-08
SPMVCSV,/mnt/beegfs/ysu34/hamlib/dia_e2e/vibbf3_18_3.txt,262144,12,3088370,1038976,row_dense_nv1,0.008438,3.830e-08
SPMVCSV,/mnt/beegfs/ysu34/hamlib/dia_e2e/vibbf3_18_3.txt,262144,12,3088370,1038976,cusparse_csr,0.025395,4.631e-08
SPMVCSV,/mnt/beegfs/ysu34/hamlib/dia_e2e/vibbf3_18_3.txt,262144,12,3088370,1038976,diaq_fp64,0.045240,0.000e+00
SPMVCSV,/mnt/beegfs/ysu34/hamlib/dia_e2e/vibbf3_18_3.txt,262144,12,3088370,1038976,diaq_fp32,0.021053,4.611e-08
E2EEVCSV,/mnt/beegfs/ysu34/hamlib/dia_e2e/vibbf3_18_3.txt,262144,12,1000,3,didx,15.944,9.533,42.663,176.081,4.127,6.878e-08
E2EEVDIAQCSV,/mnt/beegfs/ysu34/hamlib/dia_e2e/vibbf3_18_3.txt,262144,12,1000,3,1.165,88.802,2.081,6.225e-08
E2EOPCSV,/mnt/beegfs/ysu34/hamlib/dia_e2e/vibbf3_18_3.txt,262144,12,2,65,16457670,0.141,0.146,-1
E2EOPCSV,/mnt/beegfs/ysu34/hamlib/dia_e2e/vibbf3_18_3.txt,262144,12,3,177,43966330,0.557,0.868,-1
E2EOPBUILDCSV,/mnt/beegfs/ysu34/hamlib/dia_e2e/vibbf3_18_3.txt,262144,3,177,43966330,4.204,38.484,9.155
E2EOPBUILDCSV,/mnt/beegfs/ysu34/hamlib/dia_e2e/vibbf3_18_3.txt,262144,3,89,22114237,4.053,-1,-1
== [3] atmosmodd ==
PREPCSV,/mnt/beegfs/ysu34/hamlib/dia_suitesparse/atmosmodd.txt,1270432,7,spmv,didx,35.955,4.418,0.047718,846
# didx_sym skipped: non-symmetric or Dup>128
PREPCSV,/mnt/beegfs/ysu34/hamlib/dia_suitesparse/atmosmodd.txt,1270432,7,spmv,gopt,30.350,2.981,0.036168,922
PREPCSV,/mnt/beegfs/ysu34/hamlib/dia_suitesparse/atmosmodd.txt,1270432,7,spmv,cusparse_csr,30.019,7.090,0.083948,442
PREPCSV,/mnt/beegfs/ysu34/hamlib/dia_suitesparse/atmosmodd.txt,1270432,7,spmspm,ours_flat,2.754,0.436,0.300401,11
PREPCSV,/mnt/beegfs/ysu34/hamlib/dia_suitesparse/atmosmodd.txt,1270432,7,spmspm,hm_atomic,22.749,4.332,0.585707,46
PREPCSV,/mnt/beegfs/ysu34/hamlib/dia_suitesparse/atmosmodd.txt,1270432,7,spmspm,ours_sym,1.701,1.902,-1.000000,-1
PREPCSV,/mnt/beegfs/ysu34/hamlib/dia_suitesparse/atmosmodd.txt,1270432,7,spmspm,ours_sym,1.701,1.902,0.156795,23
SPMSPMCSV,/mnt/beegfs/ysu34/hamlib/dia_suitesparse/atmosmodd.txt,1270432,7,25,31452658,ours_flat,0.300349,0.000e+00
SPMSPMCSV,/mnt/beegfs/ysu34/hamlib/dia_suitesparse/atmosmodd.txt,1270432,7,25,31452658,ours_sym,0.156805,3.760e+06
SPMSPMCSV,/mnt/beegfs/ysu34/hamlib/dia_suitesparse/atmosmodd.txt,1270432,7,25,31452658,hm_atomic,0.585114,1.024e+03
SPMSPMCSV,/mnt/beegfs/ysu34/hamlib/dia_suitesparse/atmosmodd.txt,1270432,7,25,31452658,diaq_fp32,41.928829,1.024e+03
SPMSPMCSV,/mnt/beegfs/ysu34/hamlib/dia_suitesparse/atmosmodd.txt,1270432,7,25,31452658,cusparse_spgemm,8.281588,-1.000e+00
CSRNNZ,/mnt/beegfs/ysu34/hamlib/dia_suitesparse/atmosmodd.txt,8848918,8814880,0.9962
PREPCSV,/mnt/beegfs/ysu34/hamlib/dia_suitesparse/atmosmodd.txt,1270432,7,spmv,cusparse_csr,30.361,192.023,0.083763,-1
SPMVCSV,/mnt/beegfs/ysu34/hamlib/dia_suitesparse/atmosmodd.txt,1270432,7,8848918,8814880,ours_didx_nv1,0.047862,4.980e-08
SPMVCSV,/mnt/beegfs/ysu34/hamlib/dia_suitesparse/atmosmodd.txt,1270432,7,8848918,8814880,ours_didx_nv2,0.057528,4.981e-08
SPMVCSV,/mnt/beegfs/ysu34/hamlib/dia_suitesparse/atmosmodd.txt,1270432,7,8848918,8814880,ours_gather_nv1,0.035738,4.980e-08
SPMVCSV,/mnt/beegfs/ysu34/hamlib/dia_suitesparse/atmosmodd.txt,1270432,7,8848918,8814880,ours_gather_nv2,0.056422,4.981e-08
SPMVCSV,/mnt/beegfs/ysu34/hamlib/dia_suitesparse/atmosmodd.txt,1270432,7,8848918,8814880,ours_gopt_nv1,0.036086,4.981e-08
SPMVCSV,/mnt/beegfs/ysu34/hamlib/dia_suitesparse/atmosmodd.txt,1270432,7,8848918,8814880,ours_gopt_nv2,0.048128,4.983e-08
# gopt plan: 7 segs, reads 100.0% of stored band
SPMVCSV,/mnt/beegfs/ysu34/hamlib/dia_suitesparse/atmosmodd.txt,1270432,7,8848918,8814880,ours_gopt_s_nv1,0.035656,4.981e-08
# auto pick=stream (D=7 fill=1.00 rho=1.00)
SPMVCSV,/mnt/beegfs/ysu34/hamlib/dia_suitesparse/atmosmodd.txt,1270432,7,8848918,8814880,ours_auto_nv1,0.035021,4.980e-08
SPMVCSV,/mnt/beegfs/ysu34/hamlib/dia_suitesparse/atmosmodd.txt,1270432,7,8848918,8814880,ours_auto_nv2,0.056566,4.981e-08
SPMVCSV,/mnt/beegfs/ysu34/hamlib/dia_suitesparse/atmosmodd.txt,1270432,7,8848918,8814880,csr_zskip_nv1,0.066007,4.980e-08
SPMVCSV,/mnt/beegfs/ysu34/hamlib/dia_suitesparse/atmosmodd.txt,1270432,7,8848918,8814880,row_dense_nv1,0.036782,4.980e-08
SPMVCSV,/mnt/beegfs/ysu34/hamlib/dia_suitesparse/atmosmodd.txt,1270432,7,8848918,8814880,cusparse_csr,0.084337,5.706e-08
SPMVCSV,/mnt/beegfs/ysu34/hamlib/dia_suitesparse/atmosmodd.txt,1270432,7,8848918,8814880,diaq_fp64,0.124006,0.000e+00
SPMVCSV,/mnt/beegfs/ysu34/hamlib/dia_suitesparse/atmosmodd.txt,1270432,7,8848918,8814880,diaq_fp32,0.068669,5.777e-08
== [3] ecology2 ==
PREPCSV,/mnt/beegfs/ysu34/hamlib/dia_suitesparse/ecology2.txt,999999,7,spmv,didx,21.669,2.884,0.030065,817
PREPCSV,/mnt/beegfs/ysu34/hamlib/dia_suitesparse/ecology2.txt,999999,7,spmv,didx_sym,12.696,3.104,0.023163,682
PREPCSV,/mnt/beegfs/ysu34/hamlib/dia_suitesparse/ecology2.txt,999999,7,spmv,gopt,17.369,1.886,0.015012,1283
PREPCSV,/mnt/beegfs/ysu34/hamlib/dia_suitesparse/ecology2.txt,999999,7,spmv,cusparse_csr,20.290,4.328,0.059986,410
PREPCSV,/mnt/beegfs/ysu34/hamlib/dia_suitesparse/ecology2.txt,999999,7,spmspm,ours_flat,2.122,0.407,0.210166,12
PREPCSV,/mnt/beegfs/ysu34/hamlib/dia_suitesparse/ecology2.txt,999999,7,spmspm,hm_atomic,13.648,3.848,0.450765,39
PREPCSV,/mnt/beegfs/ysu34/hamlib/dia_suitesparse/ecology2.txt,999999,7,spmspm,ours_sym,1.386,1.272,-1.000000,-1
PREPCSV,/mnt/beegfs/ysu34/hamlib/dia_suitesparse/ecology2.txt,999999,7,spmspm,ours_sym,1.386,1.272,0.109896,24
SPMSPMCSV,/mnt/beegfs/ysu34/hamlib/dia_suitesparse/ecology2.txt,999999,7,19,18979985,ours_flat,0.210330,0.000e+00
SPMSPMCSV,/mnt/beegfs/ysu34/hamlib/dia_suitesparse/ecology2.txt,999999,7,19,18979985,ours_sym,0.109752,1.526e-05
SPMSPMCSV,/mnt/beegfs/ysu34/hamlib/dia_suitesparse/ecology2.txt,999999,7,19,18979985,hm_atomic,0.451410,7.629e-06
SPMSPMCSV,/mnt/beegfs/ysu34/hamlib/dia_suitesparse/ecology2.txt,999999,7,19,18979985,diaq_fp32,34.744770,7.629e-06
SPMSPMCSV,/mnt/beegfs/ysu34/hamlib/dia_suitesparse/ecology2.txt,999999,7,19,18979985,cusparse_spgemm,6.020801,-1.000e+00
CSRNNZ,/mnt/beegfs/ysu34/hamlib/dia_suitesparse/ecology2.txt,6995993,4995991,0.7141
PREPCSV,/mnt/beegfs/ysu34/hamlib/dia_suitesparse/ecology2.txt,999999,7,spmv,cusparse_csr,19.856,180.492,0.058941,-1
SPMVCSV,/mnt/beegfs/ysu34/hamlib/dia_suitesparse/ecology2.txt,999999,7,6995993,4995991,ours_didx_nv1,0.030003,4.499e-08
SPMVCSV,/mnt/beegfs/ysu34/hamlib/dia_suitesparse/ecology2.txt,999999,7,6995993,4995991,ours_didx_nv2,0.038420,4.500e-08
SPMVCSV,/mnt/beegfs/ysu34/hamlib/dia_suitesparse/ecology2.txt,999999,7,6995993,4995991,ours_gather_nv1,0.026829,4.499e-08
SPMVCSV,/mnt/beegfs/ysu34/hamlib/dia_suitesparse/ecology2.txt,999999,7,6995993,4995991,ours_gather_nv2,0.047821,4.500e-08
# gopt_nv2 skipped: n%4!=0 (float4 plane stride)
SPMVCSV,/mnt/beegfs/ysu34/hamlib/dia_suitesparse/ecology2.txt,999999,7,6995993,4995991,ours_gopt_nv1,0.014930,4.500e-08
# gopt plan: 7 segs, reads 71.5% of stored band
SPMVCSV,/mnt/beegfs/ysu34/hamlib/dia_suitesparse/ecology2.txt,999999,7,6995993,4995991,ours_gopt_s_nv1,0.014582,4.500e-08
# auto pick=stream (D=7 fill=0.71 rho=0.71)
SPMVCSV,/mnt/beegfs/ysu34/hamlib/dia_suitesparse/ecology2.txt,999999,7,6995993,4995991,ours_auto_nv1,0.026255,4.499e-08
SPMVCSV,/mnt/beegfs/ysu34/hamlib/dia_suitesparse/ecology2.txt,999999,7,6995993,4995991,ours_auto_nv2,0.047944,4.500e-08
SPMVCSV,/mnt/beegfs/ysu34/hamlib/dia_suitesparse/ecology2.txt,999999,7,6995993,4995991,csr_zskip_nv1,0.041841,4.499e-08
SPMVCSV,/mnt/beegfs/ysu34/hamlib/dia_suitesparse/ecology2.txt,999999,7,6995993,4995991,row_dense_nv1,0.028652,4.499e-08
SPMVCSV,/mnt/beegfs/ysu34/hamlib/dia_suitesparse/ecology2.txt,999999,7,6995993,4995991,cusparse_csr,0.059351,5.409e-08
SPMVCSV,/mnt/beegfs/ysu34/hamlib/dia_suitesparse/ecology2.txt,999999,7,6995993,4995991,diaq_fp64,0.098529,0.000e+00
SPMVCSV,/mnt/beegfs/ysu34/hamlib/dia_suitesparse/ecology2.txt,999999,7,6995993,4995991,diaq_fp32,0.055644,5.424e-08
== [3] Lin ==
PREPCSV,/mnt/beegfs/ysu34/hamlib/dia_suitesparse/Lin.txt,256000,7,spmv,didx,6.921,1.087,0.008151,983
PREPCSV,/mnt/beegfs/ysu34/hamlib/dia_suitesparse/Lin.txt,256000,7,spmv,didx_sym,3.394,0.978,0.007926,552
PREPCSV,/mnt/beegfs/ysu34/hamlib/dia_suitesparse/Lin.txt,256000,7,spmv,gopt,4.739,0.800,0.007270,762
PREPCSV,/mnt/beegfs/ysu34/hamlib/dia_suitesparse/Lin.txt,256000,7,spmv,cusparse_csr,6.189,2.004,0.030904,265
PREPCSV,/mnt/beegfs/ysu34/hamlib/dia_suitesparse/Lin.txt,256000,7,spmspm,ours_flat,0.563,0.200,0.051159,15
PREPCSV,/mnt/beegfs/ysu34/hamlib/dia_suitesparse/Lin.txt,256000,7,spmspm,hm_atomic,3.855,1.466,0.073830,72
PREPCSV,/mnt/beegfs/ysu34/hamlib/dia_suitesparse/Lin.txt,256000,7,spmspm,ours_sym,0.331,0.549,-1.000000,-1
PREPCSV,/mnt/beegfs/ysu34/hamlib/dia_suitesparse/Lin.txt,256000,7,spmspm,ours_sym,0.331,0.549,0.025436,35
SPMSPMCSV,/mnt/beegfs/ysu34/hamlib/dia_suitesparse/Lin.txt,256000,7,25,6309594,ours_flat,0.051139,0.000e+00
SPMSPMCSV,/mnt/beegfs/ysu34/hamlib/dia_suitesparse/Lin.txt,256000,7,25,6309594,ours_sym,0.025498,6.250e-02
SPMSPMCSV,/mnt/beegfs/ysu34/hamlib/dia_suitesparse/Lin.txt,256000,7,25,6309594,hm_atomic,0.074301,3.125e-02
SPMSPMCSV,/mnt/beegfs/ysu34/hamlib/dia_suitesparse/Lin.txt,256000,7,25,6309594,diaq_fp32,6.550272,3.125e-02
SPMSPMCSV,/mnt/beegfs/ysu34/hamlib/dia_suitesparse/Lin.txt,256000,7,25,6309594,cusparse_spgemm,5.043293,-1.000e+00
CSRNNZ,/mnt/beegfs/ysu34/hamlib/dia_suitesparse/Lin.txt,1779038,1766400,0.9929
PREPCSV,/mnt/beegfs/ysu34/hamlib/dia_suitesparse/Lin.txt,256000,7,spmv,cusparse_csr,5.267,178.747,0.031171,-1
SPMVCSV,/mnt/beegfs/ysu34/hamlib/dia_suitesparse/Lin.txt,256000,7,1779038,1766400,ours_didx_nv1,0.008253,5.070e-08
SPMVCSV,/mnt/beegfs/ysu34/hamlib/dia_suitesparse/Lin.txt,256000,7,1779038,1766400,ours_didx_nv2,0.009155,5.080e-08
SPMVCSV,/mnt/beegfs/ysu34/hamlib/dia_suitesparse/Lin.txt,256000,7,1779038,1766400,ours_gather_nv1,0.006943,5.070e-08
SPMVCSV,/mnt/beegfs/ysu34/hamlib/dia_suitesparse/Lin.txt,256000,7,1779038,1766400,ours_gather_nv2,0.010568,5.080e-08
SPMVCSV,/mnt/beegfs/ysu34/hamlib/dia_suitesparse/Lin.txt,256000,7,1779038,1766400,ours_gopt_nv1,0.007414,5.075e-08
SPMVCSV,/mnt/beegfs/ysu34/hamlib/dia_suitesparse/Lin.txt,256000,7,1779038,1766400,ours_gopt_nv2,0.008868,5.084e-08
# gopt plan: 7 segs, reads 100.0% of stored band
SPMVCSV,/mnt/beegfs/ysu34/hamlib/dia_suitesparse/Lin.txt,256000,7,1779038,1766400,ours_gopt_s_nv1,0.006963,5.075e-08
# auto pick=stream (D=7 fill=0.99 rho=1.00)
SPMVCSV,/mnt/beegfs/ysu34/hamlib/dia_suitesparse/Lin.txt,256000,7,1779038,1766400,ours_auto_nv1,0.006943,5.070e-08
SPMVCSV,/mnt/beegfs/ysu34/hamlib/dia_suitesparse/Lin.txt,256000,7,1779038,1766400,ours_auto_nv2,0.010650,5.080e-08
SPMVCSV,/mnt/beegfs/ysu34/hamlib/dia_suitesparse/Lin.txt,256000,7,1779038,1766400,csr_zskip_nv1,0.009564,5.070e-08
SPMVCSV,/mnt/beegfs/ysu34/hamlib/dia_suitesparse/Lin.txt,256000,7,1779038,1766400,row_dense_nv1,0.006963,5.070e-08
SPMVCSV,/mnt/beegfs/ysu34/hamlib/dia_suitesparse/Lin.txt,256000,7,1779038,1766400,cusparse_csr,0.031334,5.665e-08
SPMVCSV,/mnt/beegfs/ysu34/hamlib/dia_suitesparse/Lin.txt,256000,7,1779038,1766400,diaq_fp64,0.029655,0.000e+00
SPMVCSV,/mnt/beegfs/ysu34/hamlib/dia_suitesparse/Lin.txt,256000,7,1779038,1766400,diaq_fp32,0.010383,5.754e-08
SPMVCSV,/mnt/beegfs/ysu34/hamlib/dia_suitesparse/ecology2.txt,na,na,na,na,drawloom,0.0556,na
SPMVCSV,/mnt/beegfs/ysu34/hamlib/dia_suitesparse/ecology2.txt,na,na,na,na,drawloom,0.0556,na
SPMVCSV,/mnt/beegfs/ysu34/hamlib/dia_suitesparse/ecology2.txt,na,na,na,na,drawloom,0.0556,na
SPMVCSV,/mnt/beegfs/ysu34/hamlib/dia_suitesparse/atmosmodd.txt,na,na,na,na,drawloom,0.0681,na
SPMVCSV,/mnt/beegfs/ysu34/hamlib/dia_suitesparse/atmosmodd.txt,na,na,na,na,drawloom,0.0681,na
SPMVCSV,/mnt/beegfs/ysu34/hamlib/dia_suitesparse/atmosmodd.txt,na,na,na,na,drawloom,0.0682,na
SPMVCSV,/mnt/beegfs/ysu34/hamlib/dia_suitesparse/Lin.txt,na,na,na,na,drawloom,0.0109,na
SPMVCSV,/mnt/beegfs/ysu34/hamlib/dia_suitesparse/Lin.txt,na,na,na,na,drawloom,0.0109,na
SPMVCSV,/mnt/beegfs/ysu34/hamlib/dia_suitesparse/Lin.txt,na,na,na,na,drawloom,0.0109,na
== ncu heis_20_5 ==
  ok spmv_didx
  ok spmv_gather
  ok spmv_csr_scalar
  ok didx_sym
  ok cusparse_spmv
  ok diaq_spmv
  ok gather_flat_kernel
  ok gather_flat_sym
  ok hm_structured
  ok diaq_product
  ok cusparse_spgemm
  ok drawloom
== ncu tfim_18_5 ==
  ok spmv_didx
  ok spmv_gather
  ok spmv_csr_scalar
  ok didx_sym
  ok cusparse_spmv
  ok diaq_spmv
  ok gather_flat_kernel
  ok gather_flat_sym
  ok hm_structured
  ok diaq_product
  ok cusparse_spgemm
  ok drawloom
== ncu qmaxcut_18_4 ==
  ok spmv_didx
  ok spmv_gather
  ok spmv_csr_scalar
  ok didx_sym
  ok cusparse_spmv
  ok diaq_spmv
  ok gather_flat_kernel
  ok gather_flat_sym
  ok hm_structured
  ok diaq_product
  ok cusparse_spgemm
  ok drawloom
== ncu ecology2 ==
  ok spmv_didx
  ok spmv_gather
  ok spmv_csr_scalar
  ok didx_sym
  ok cusparse_spmv
  ok diaq_spmv
  ok gather_flat_kernel
  ok gather_flat_sym
  ok hm_structured
  ok diaq_product
  ok cusparse_spgemm
  ok drawloom
AMORTCSV,/mnt/beegfs/ysu34/hamlib/dia_e2e/BH_20_7.txt,didx,1,500.094
AMORTCSV,/mnt/beegfs/ysu34/hamlib/dia_e2e/BH_20_7.txt,didx,10,499.940
AMORTCSV,/mnt/beegfs/ysu34/hamlib/dia_e2e/BH_20_7.txt,didx,100,513.692
AMORTCSV,/mnt/beegfs/ysu34/hamlib/dia_e2e/BH_20_7.txt,didx,1000,650.422
AMORTCSV,/mnt/beegfs/ysu34/hamlib/dia_e2e/BH_20_7.txt,didx,10000,2033.430
AMORTCSV,/mnt/beegfs/ysu34/hamlib/dia_e2e/BH_20_7.txt,didx_sym,1,229.188
AMORTCSV,/mnt/beegfs/ysu34/hamlib/dia_e2e/BH_20_7.txt,didx_sym,10,229.862
AMORTCSV,/mnt/beegfs/ysu34/hamlib/dia_e2e/BH_20_7.txt,didx_sym,100,240.952
AMORTCSV,/mnt/beegfs/ysu34/hamlib/dia_e2e/BH_20_7.txt,didx_sym,1000,367.823
AMORTCSV,/mnt/beegfs/ysu34/hamlib/dia_e2e/BH_20_7.txt,didx_sym,10000,1653.195
AMORTCSV,/mnt/beegfs/ysu34/hamlib/dia_e2e/BH_20_7.txt,cusparse,1,715.841
AMORTCSV,/mnt/beegfs/ysu34/hamlib/dia_e2e/BH_20_7.txt,cusparse,10,714.459
AMORTCSV,/mnt/beegfs/ysu34/hamlib/dia_e2e/BH_20_7.txt,cusparse,100,732.502
AMORTCSV,/mnt/beegfs/ysu34/hamlib/dia_e2e/BH_20_7.txt,cusparse,1000,912.054
AMORTCSV,/mnt/beegfs/ysu34/hamlib/dia_e2e/BH_20_7.txt,cusparse,10000,2723.047
AMORTCSV,/mnt/beegfs/ysu34/hamlib/dia_e2e/BH_20_7.txt,diaq_fp32,1,40.088
AMORTCSV,/mnt/beegfs/ysu34/hamlib/dia_e2e/BH_20_7.txt,diaq_fp32,10,66.614
AMORTCSV,/mnt/beegfs/ysu34/hamlib/dia_e2e/BH_20_7.txt,diaq_fp32,100,132.058
AMORTCSV,/mnt/beegfs/ysu34/hamlib/dia_e2e/BH_20_7.txt,diaq_fp32,1000,783.128
AMORTCSV,/mnt/beegfs/ysu34/hamlib/dia_e2e/BH_20_7.txt,diaq_fp32,10000,7323.781
AMORTCSV,/mnt/beegfs/ysu34/hamlib/dia_e2e/bhc_16_7.txt,didx,1,15.859
AMORTCSV,/mnt/beegfs/ysu34/hamlib/dia_e2e/bhc_16_7.txt,didx,10,16.078
AMORTCSV,/mnt/beegfs/ysu34/hamlib/dia_e2e/bhc_16_7.txt,didx,100,16.913
AMORTCSV,/mnt/beegfs/ysu34/hamlib/dia_e2e/bhc_16_7.txt,didx,1000,25.660
AMORTCSV,/mnt/beegfs/ysu34/hamlib/dia_e2e/bhc_16_7.txt,didx,10000,113.524
AMORTCSV,/mnt/beegfs/ysu34/hamlib/dia_e2e/bhc_16_7.txt,didx_sym,1,9.484
AMORTCSV,/mnt/beegfs/ysu34/hamlib/dia_e2e/bhc_16_7.txt,didx_sym,10,9.318
AMORTCSV,/mnt/beegfs/ysu34/hamlib/dia_e2e/bhc_16_7.txt,didx_sym,100,10.195
AMORTCSV,/mnt/beegfs/ysu34/hamlib/dia_e2e/bhc_16_7.txt,didx_sym,1000,18.776
AMORTCSV,/mnt/beegfs/ysu34/hamlib/dia_e2e/bhc_16_7.txt,didx_sym,10000,104.798
AMORTCSV,/mnt/beegfs/ysu34/hamlib/dia_e2e/bhc_16_7.txt,cusparse,1,30.458
AMORTCSV,/mnt/beegfs/ysu34/hamlib/dia_e2e/bhc_16_7.txt,cusparse,10,26.421
AMORTCSV,/mnt/beegfs/ysu34/hamlib/dia_e2e/bhc_16_7.txt,cusparse,100,29.044
AMORTCSV,/mnt/beegfs/ysu34/hamlib/dia_e2e/bhc_16_7.txt,cusparse,1000,55.750
AMORTCSV,/mnt/beegfs/ysu34/hamlib/dia_e2e/bhc_16_7.txt,cusparse,10000,322.281
AMORTCSV,/mnt/beegfs/ysu34/hamlib/dia_e2e/bhc_16_7.txt,diaq_fp32,1,2.402
AMORTCSV,/mnt/beegfs/ysu34/hamlib/dia_e2e/bhc_16_7.txt,diaq_fp32,10,3.775
AMORTCSV,/mnt/beegfs/ysu34/hamlib/dia_e2e/bhc_16_7.txt,diaq_fp32,100,10.613
AMORTCSV,/mnt/beegfs/ysu34/hamlib/dia_e2e/bhc_16_7.txt,diaq_fp32,1000,79.254
AMORTCSV,/mnt/beegfs/ysu34/hamlib/dia_e2e/bhc_16_7.txt,diaq_fp32,10000,760.788
AMORTCSV,/mnt/beegfs/ysu34/hamlib/dia_e2e/bhc_18_7.txt,didx,1,96.339
AMORTCSV,/mnt/beegfs/ysu34/hamlib/dia_e2e/bhc_18_7.txt,didx,10,95.007
AMORTCSV,/mnt/beegfs/ysu34/hamlib/dia_e2e/bhc_18_7.txt,didx,100,97.737
AMORTCSV,/mnt/beegfs/ysu34/hamlib/dia_e2e/bhc_18_7.txt,didx,1000,127.132
AMORTCSV,/mnt/beegfs/ysu34/hamlib/dia_e2e/bhc_18_7.txt,didx,10000,418.597
AMORTCSV,/mnt/beegfs/ysu34/hamlib/dia_e2e/bhc_18_7.txt,didx_sym,1,42.519
AMORTCSV,/mnt/beegfs/ysu34/hamlib/dia_e2e/bhc_18_7.txt,didx_sym,10,42.493
AMORTCSV,/mnt/beegfs/ysu34/hamlib/dia_e2e/bhc_18_7.txt,didx_sym,100,45.774
AMORTCSV,/mnt/beegfs/ysu34/hamlib/dia_e2e/bhc_18_7.txt,didx_sym,1000,75.311
AMORTCSV,/mnt/beegfs/ysu34/hamlib/dia_e2e/bhc_18_7.txt,didx_sym,10000,373.791
AMORTCSV,/mnt/beegfs/ysu34/hamlib/dia_e2e/bhc_18_7.txt,cusparse,1,137.149
AMORTCSV,/mnt/beegfs/ysu34/hamlib/dia_e2e/bhc_18_7.txt,cusparse,10,134.210
AMORTCSV,/mnt/beegfs/ysu34/hamlib/dia_e2e/bhc_18_7.txt,cusparse,100,139.877
AMORTCSV,/mnt/beegfs/ysu34/hamlib/dia_e2e/bhc_18_7.txt,cusparse,1000,196.254
AMORTCSV,/mnt/beegfs/ysu34/hamlib/dia_e2e/bhc_18_7.txt,cusparse,10000,761.166
AMORTCSV,/mnt/beegfs/ysu34/hamlib/dia_e2e/bhc_18_7.txt,diaq_fp32,1,8.926
AMORTCSV,/mnt/beegfs/ysu34/hamlib/dia_e2e/bhc_18_7.txt,diaq_fp32,10,15.040
AMORTCSV,/mnt/beegfs/ysu34/hamlib/dia_e2e/bhc_18_7.txt,diaq_fp32,100,33.266
AMORTCSV,/mnt/beegfs/ysu34/hamlib/dia_e2e/bhc_18_7.txt,diaq_fp32,1000,216.505
AMORTCSV,/mnt/beegfs/ysu34/hamlib/dia_e2e/bhc_18_7.txt,diaq_fp32,10000,2036.366
AMORTCSV,/mnt/beegfs/ysu34/hamlib/dia_e2e/bhD1_18_7.txt,didx,1,96.019
AMORTCSV,/mnt/beegfs/ysu34/hamlib/dia_e2e/bhD1_18_7.txt,didx,10,94.688
AMORTCSV,/mnt/beegfs/ysu34/hamlib/dia_e2e/bhD1_18_7.txt,didx,100,97.935
AMORTCSV,/mnt/beegfs/ysu34/hamlib/dia_e2e/bhD1_18_7.txt,didx,1000,126.843
AMORTCSV,/mnt/beegfs/ysu34/hamlib/dia_e2e/bhD1_18_7.txt,didx,10000,418.601
AMORTCSV,/mnt/beegfs/ysu34/hamlib/dia_e2e/bhD1_18_7.txt,didx_sym,1,42.459
AMORTCSV,/mnt/beegfs/ysu34/hamlib/dia_e2e/bhD1_18_7.txt,didx_sym,10,42.572
AMORTCSV,/mnt/beegfs/ysu34/hamlib/dia_e2e/bhD1_18_7.txt,didx_sym,100,46.098
AMORTCSV,/mnt/beegfs/ysu34/hamlib/dia_e2e/bhD1_18_7.txt,didx_sym,1000,75.604
AMORTCSV,/mnt/beegfs/ysu34/hamlib/dia_e2e/bhD1_18_7.txt,didx_sym,10000,373.526
AMORTCSV,/mnt/beegfs/ysu34/hamlib/dia_e2e/bhD1_18_7.txt,cusparse,1,136.724
AMORTCSV,/mnt/beegfs/ysu34/hamlib/dia_e2e/bhD1_18_7.txt,cusparse,10,133.738
AMORTCSV,/mnt/beegfs/ysu34/hamlib/dia_e2e/bhD1_18_7.txt,cusparse,100,139.396
AMORTCSV,/mnt/beegfs/ysu34/hamlib/dia_e2e/bhD1_18_7.txt,cusparse,1000,195.979
AMORTCSV,/mnt/beegfs/ysu34/hamlib/dia_e2e/bhD1_18_7.txt,cusparse,10000,761.114
AMORTCSV,/mnt/beegfs/ysu34/hamlib/dia_e2e/bhD1_18_7.txt,diaq_fp32,1,9.172
AMORTCSV,/mnt/beegfs/ysu34/hamlib/dia_e2e/bhD1_18_7.txt,diaq_fp32,10,15.196
AMORTCSV,/mnt/beegfs/ysu34/hamlib/dia_e2e/bhD1_18_7.txt,diaq_fp32,100,33.436
AMORTCSV,/mnt/beegfs/ysu34/hamlib/dia_e2e/bhD1_18_7.txt,diaq_fp32,1000,216.690
AMORTCSV,/mnt/beegfs/ysu34/hamlib/dia_e2e/bhD1_18_7.txt,diaq_fp32,10000,2036.833
# didx_sym arm skipped (non-symmetric or Dup>128)
AMORTCSV,/mnt/beegfs/ysu34/hamlib/dia_e2e/C2c_18_4.txt,didx,1,3523.372
AMORTCSV,/mnt/beegfs/ysu34/hamlib/dia_e2e/C2c_18_4.txt,didx,10,3532.183
AMORTCSV,/mnt/beegfs/ysu34/hamlib/dia_e2e/C2c_18_4.txt,didx,100,3650.359
AMORTCSV,/mnt/beegfs/ysu34/hamlib/dia_e2e/C2c_18_4.txt,didx,1000,4814.937
AMORTCSV,/mnt/beegfs/ysu34/hamlib/dia_e2e/C2c_18_4.txt,didx,10000,16450.164
AMORTCSV,/mnt/beegfs/ysu34/hamlib/dia_e2e/C2c_18_4.txt,cusparse,1,8451.594
AMORTCSV,/mnt/beegfs/ysu34/hamlib/dia_e2e/C2c_18_4.txt,cusparse,10,8449.661
AMORTCSV,/mnt/beegfs/ysu34/hamlib/dia_e2e/C2c_18_4.txt,cusparse,100,8466.159
AMORTCSV,/mnt/beegfs/ysu34/hamlib/dia_e2e/C2c_18_4.txt,cusparse,1000,8679.934
AMORTCSV,/mnt/beegfs/ysu34/hamlib/dia_e2e/C2c_18_4.txt,cusparse,10000,10786.952
AMORTCSV,/mnt/beegfs/ysu34/hamlib/dia_e2e/C2c_18_4.txt,diaq_fp32,1,557.645
AMORTCSV,/mnt/beegfs/ysu34/hamlib/dia_e2e/C2c_18_4.txt,diaq_fp32,10,1082.703
AMORTCSV,/mnt/beegfs/ysu34/hamlib/dia_e2e/C2c_18_4.txt,diaq_fp32,100,2357.857
AMORTCSV,/mnt/beegfs/ysu34/hamlib/dia_e2e/C2c_18_4.txt,diaq_fp32,1000,15116.024
AMORTCSV,/mnt/beegfs/ysu34/hamlib/dia_e2e/C2c_18_4.txt,diaq_fp32,10000,142687.499
AMORTCSV,/mnt/beegfs/ysu34/hamlib/dia_e2e/fermi_16_5.txt,didx,1,4.063
AMORTCSV,/mnt/beegfs/ysu34/hamlib/dia_e2e/fermi_16_5.txt,didx,10,4.001
AMORTCSV,/mnt/beegfs/ysu34/hamlib/dia_e2e/fermi_16_5.txt,didx,100,4.571
AMORTCSV,/mnt/beegfs/ysu34/hamlib/dia_e2e/fermi_16_5.txt,didx,1000,10.051
AMORTCSV,/mnt/beegfs/ysu34/hamlib/dia_e2e/fermi_16_5.txt,didx,10000,65.014
AMORTCSV,/mnt/beegfs/ysu34/hamlib/dia_e2e/fermi_16_5.txt,didx_sym,1,2.743
AMORTCSV,/mnt/beegfs/ysu34/hamlib/dia_e2e/fermi_16_5.txt,didx_sym,10,2.761
AMORTCSV,/mnt/beegfs/ysu34/hamlib/dia_e2e/fermi_16_5.txt,didx_sym,100,3.312
AMORTCSV,/mnt/beegfs/ysu34/hamlib/dia_e2e/fermi_16_5.txt,didx_sym,1000,8.835
AMORTCSV,/mnt/beegfs/ysu34/hamlib/dia_e2e/fermi_16_5.txt,didx_sym,10000,64.062
AMORTCSV,/mnt/beegfs/ysu34/hamlib/dia_e2e/fermi_16_5.txt,cusparse,1,15.219
AMORTCSV,/mnt/beegfs/ysu34/hamlib/dia_e2e/fermi_16_5.txt,cusparse,10,10.538
AMORTCSV,/mnt/beegfs/ysu34/hamlib/dia_e2e/fermi_16_5.txt,cusparse,100,11.987
AMORTCSV,/mnt/beegfs/ysu34/hamlib/dia_e2e/fermi_16_5.txt,cusparse,1000,30.174
AMORTCSV,/mnt/beegfs/ysu34/hamlib/dia_e2e/fermi_16_5.txt,cusparse,10000,213.017
AMORTCSV,/mnt/beegfs/ysu34/hamlib/dia_e2e/fermi_16_5.txt,diaq_fp32,1,0.712
AMORTCSV,/mnt/beegfs/ysu34/hamlib/dia_e2e/fermi_16_5.txt,diaq_fp32,10,1.046
AMORTCSV,/mnt/beegfs/ysu34/hamlib/dia_e2e/fermi_16_5.txt,diaq_fp32,100,2.305
AMORTCSV,/mnt/beegfs/ysu34/hamlib/dia_e2e/fermi_16_5.txt,diaq_fp32,1000,15.003
AMORTCSV,/mnt/beegfs/ysu34/hamlib/dia_e2e/fermi_16_5.txt,diaq_fp32,10000,142.157
AMORTCSV,/mnt/beegfs/ysu34/hamlib/dia_e2e/fermi_18_5.txt,didx,1,18.652
AMORTCSV,/mnt/beegfs/ysu34/hamlib/dia_e2e/fermi_18_5.txt,didx,10,18.836
AMORTCSV,/mnt/beegfs/ysu34/hamlib/dia_e2e/fermi_18_5.txt,didx,100,19.742
AMORTCSV,/mnt/beegfs/ysu34/hamlib/dia_e2e/fermi_18_5.txt,didx,1000,30.662
AMORTCSV,/mnt/beegfs/ysu34/hamlib/dia_e2e/fermi_18_5.txt,didx,10000,137.639
AMORTCSV,/mnt/beegfs/ysu34/hamlib/dia_e2e/fermi_18_5.txt,didx_sym,1,12.303
AMORTCSV,/mnt/beegfs/ysu34/hamlib/dia_e2e/fermi_18_5.txt,didx_sym,10,12.640
AMORTCSV,/mnt/beegfs/ysu34/hamlib/dia_e2e/fermi_18_5.txt,didx_sym,100,13.472
AMORTCSV,/mnt/beegfs/ysu34/hamlib/dia_e2e/fermi_18_5.txt,didx_sym,1000,23.879
AMORTCSV,/mnt/beegfs/ysu34/hamlib/dia_e2e/fermi_18_5.txt,didx_sym,10000,129.210
AMORTCSV,/mnt/beegfs/ysu34/hamlib/dia_e2e/fermi_18_5.txt,cusparse,1,46.221
AMORTCSV,/mnt/beegfs/ysu34/hamlib/dia_e2e/fermi_18_5.txt,cusparse,10,43.072
AMORTCSV,/mnt/beegfs/ysu34/hamlib/dia_e2e/fermi_18_5.txt,cusparse,100,46.171
AMORTCSV,/mnt/beegfs/ysu34/hamlib/dia_e2e/fermi_18_5.txt,cusparse,1000,77.614
AMORTCSV,/mnt/beegfs/ysu34/hamlib/dia_e2e/fermi_18_5.txt,cusparse,10000,393.199
AMORTCSV,/mnt/beegfs/ysu34/hamlib/dia_e2e/fermi_18_5.txt,diaq_fp32,1,3.208
AMORTCSV,/mnt/beegfs/ysu34/hamlib/dia_e2e/fermi_18_5.txt,diaq_fp32,10,5.093
AMORTCSV,/mnt/beegfs/ysu34/hamlib/dia_e2e/fermi_18_5.txt,diaq_fp32,100,10.970
AMORTCSV,/mnt/beegfs/ysu34/hamlib/dia_e2e/fermi_18_5.txt,diaq_fp32,1000,69.791
AMORTCSV,/mnt/beegfs/ysu34/hamlib/dia_e2e/fermi_18_5.txt,diaq_fp32,10000,658.376
AMORTCSV,/mnt/beegfs/ysu34/hamlib/dia_e2e/fermi_20_5.txt,didx,1,122.137
AMORTCSV,/mnt/beegfs/ysu34/hamlib/dia_e2e/fermi_20_5.txt,didx,10,123.297
AMORTCSV,/mnt/beegfs/ysu34/hamlib/dia_e2e/fermi_20_5.txt,didx,100,128.248
AMORTCSV,/mnt/beegfs/ysu34/hamlib/dia_e2e/fermi_20_5.txt,didx,1000,178.742
AMORTCSV,/mnt/beegfs/ysu34/hamlib/dia_e2e/fermi_20_5.txt,didx,10000,685.776
AMORTCSV,/mnt/beegfs/ysu34/hamlib/dia_e2e/fermi_20_5.txt,didx_sym,1,55.770
AMORTCSV,/mnt/beegfs/ysu34/hamlib/dia_e2e/fermi_20_5.txt,didx_sym,10,55.850
AMORTCSV,/mnt/beegfs/ysu34/hamlib/dia_e2e/fermi_20_5.txt,didx_sym,100,61.029
AMORTCSV,/mnt/beegfs/ysu34/hamlib/dia_e2e/fermi_20_5.txt,didx_sym,1000,108.165
AMORTCSV,/mnt/beegfs/ysu34/hamlib/dia_e2e/fermi_20_5.txt,didx_sym,10000,591.036
AMORTCSV,/mnt/beegfs/ysu34/hamlib/dia_e2e/fermi_20_5.txt,cusparse,1,189.893
AMORTCSV,/mnt/beegfs/ysu34/hamlib/dia_e2e/fermi_20_5.txt,cusparse,10,186.783
AMORTCSV,/mnt/beegfs/ysu34/hamlib/dia_e2e/fermi_20_5.txt,cusparse,100,194.557
AMORTCSV,/mnt/beegfs/ysu34/hamlib/dia_e2e/fermi_20_5.txt,cusparse,1000,273.117
AMORTCSV,/mnt/beegfs/ysu34/hamlib/dia_e2e/fermi_20_5.txt,cusparse,10000,1058.836
AMORTCSV,/mnt/beegfs/ysu34/hamlib/dia_e2e/fermi_20_5.txt,diaq_fp32,1,12.645
AMORTCSV,/mnt/beegfs/ysu34/hamlib/dia_e2e/fermi_20_5.txt,diaq_fp32,10,20.078
AMORTCSV,/mnt/beegfs/ysu34/hamlib/dia_e2e/fermi_20_5.txt,diaq_fp32,100,40.735
AMORTCSV,/mnt/beegfs/ysu34/hamlib/dia_e2e/fermi_20_5.txt,diaq_fp32,1000,246.701
AMORTCSV,/mnt/beegfs/ysu34/hamlib/dia_e2e/fermi_20_5.txt,diaq_fp32,10000,2310.900
AMORTCSV,/mnt/beegfs/ysu34/hamlib/dia_e2e/fermiFH_18_4.txt,didx,1,31.525
AMORTCSV,/mnt/beegfs/ysu34/hamlib/dia_e2e/fermiFH_18_4.txt,didx,10,31.458
AMORTCSV,/mnt/beegfs/ysu34/hamlib/dia_e2e/fermiFH_18_4.txt,didx,100,32.632
AMORTCSV,/mnt/beegfs/ysu34/hamlib/dia_e2e/fermiFH_18_4.txt,didx,1000,42.882
AMORTCSV,/mnt/beegfs/ysu34/hamlib/dia_e2e/fermiFH_18_4.txt,didx,10000,147.671
AMORTCSV,/mnt/beegfs/ysu34/hamlib/dia_e2e/fermiFH_18_4.txt,didx_sym,1,22.990
AMORTCSV,/mnt/beegfs/ysu34/hamlib/dia_e2e/fermiFH_18_4.txt,didx_sym,10,21.368
AMORTCSV,/mnt/beegfs/ysu34/hamlib/dia_e2e/fermiFH_18_4.txt,didx_sym,100,22.395
AMORTCSV,/mnt/beegfs/ysu34/hamlib/dia_e2e/fermiFH_18_4.txt,didx_sym,1000,33.020
AMORTCSV,/mnt/beegfs/ysu34/hamlib/dia_e2e/fermiFH_18_4.txt,didx_sym,10000,137.419
AMORTCSV,/mnt/beegfs/ysu34/hamlib/dia_e2e/fermiFH_18_4.txt,cusparse,1,56.847
AMORTCSV,/mnt/beegfs/ysu34/hamlib/dia_e2e/fermiFH_18_4.txt,cusparse,10,53.731
AMORTCSV,/mnt/beegfs/ysu34/hamlib/dia_e2e/fermiFH_18_4.txt,cusparse,100,56.901
AMORTCSV,/mnt/beegfs/ysu34/hamlib/dia_e2e/fermiFH_18_4.txt,cusparse,1000,88.124
AMORTCSV,/mnt/beegfs/ysu34/hamlib/dia_e2e/fermiFH_18_4.txt,cusparse,10000,400.603
AMORTCSV,/mnt/beegfs/ysu34/hamlib/dia_e2e/fermiFH_18_4.txt,diaq_fp32,1,5.164
AMORTCSV,/mnt/beegfs/ysu34/hamlib/dia_e2e/fermiFH_18_4.txt,diaq_fp32,10,9.199
AMORTCSV,/mnt/beegfs/ysu34/hamlib/dia_e2e/fermiFH_18_4.txt,diaq_fp32,100,19.816
AMORTCSV,/mnt/beegfs/ysu34/hamlib/dia_e2e/fermiFH_18_4.txt,diaq_fp32,1000,128.845
AMORTCSV,/mnt/beegfs/ysu34/hamlib/dia_e2e/fermiFH_18_4.txt,diaq_fp32,10000,1212.071
# didx_sym arm skipped (non-symmetric or Dup>128)
AMORTCSV,/mnt/beegfs/ysu34/hamlib/dia_e2e/H8c_16_4.txt,didx,1,711.310
AMORTCSV,/mnt/beegfs/ysu34/hamlib/dia_e2e/H8c_16_4.txt,didx,10,717.321
AMORTCSV,/mnt/beegfs/ysu34/hamlib/dia_e2e/H8c_16_4.txt,didx,100,772.240
AMORTCSV,/mnt/beegfs/ysu34/hamlib/dia_e2e/H8c_16_4.txt,didx,1000,1335.380
AMORTCSV,/mnt/beegfs/ysu34/hamlib/dia_e2e/H8c_16_4.txt,didx,10000,6957.654
AMORTCSV,/mnt/beegfs/ysu34/hamlib/dia_e2e/H8c_16_4.txt,cusparse,1,1611.154
AMORTCSV,/mnt/beegfs/ysu34/hamlib/dia_e2e/H8c_16_4.txt,cusparse,10,1616.728
AMORTCSV,/mnt/beegfs/ysu34/hamlib/dia_e2e/H8c_16_4.txt,cusparse,100,1623.059
AMORTCSV,/mnt/beegfs/ysu34/hamlib/dia_e2e/H8c_16_4.txt,cusparse,1000,1703.240
AMORTCSV,/mnt/beegfs/ysu34/hamlib/dia_e2e/H8c_16_4.txt,cusparse,10000,2536.188
AMORTCSV,/mnt/beegfs/ysu34/hamlib/dia_e2e/H8c_16_4.txt,diaq_fp32,1,114.908
AMORTCSV,/mnt/beegfs/ysu34/hamlib/dia_e2e/H8c_16_4.txt,diaq_fp32,10,237.673
AMORTCSV,/mnt/beegfs/ysu34/hamlib/dia_e2e/H8c_16_4.txt,diaq_fp32,100,706.864
AMORTCSV,/mnt/beegfs/ysu34/hamlib/dia_e2e/H8c_16_4.txt,diaq_fp32,1000,5388.329
AMORTCSV,/mnt/beegfs/ysu34/hamlib/dia_e2e/H8c_16_4.txt,diaq_fp32,10000,52267.719
AMORTCSV,/mnt/beegfs/ysu34/hamlib/dia_e2e/heis_16_5.txt,didx,1,4.249
AMORTCSV,/mnt/beegfs/ysu34/hamlib/dia_e2e/heis_16_5.txt,didx,10,4.242
AMORTCSV,/mnt/beegfs/ysu34/hamlib/dia_e2e/heis_16_5.txt,didx,100,4.758
AMORTCSV,/mnt/beegfs/ysu34/hamlib/dia_e2e/heis_16_5.txt,didx,1000,10.110
AMORTCSV,/mnt/beegfs/ysu34/hamlib/dia_e2e/heis_16_5.txt,didx,10000,63.571
AMORTCSV,/mnt/beegfs/ysu34/hamlib/dia_e2e/heis_16_5.txt,didx_sym,1,2.721
AMORTCSV,/mnt/beegfs/ysu34/hamlib/dia_e2e/heis_16_5.txt,didx_sym,10,2.780
AMORTCSV,/mnt/beegfs/ysu34/hamlib/dia_e2e/heis_16_5.txt,didx_sym,100,3.278
AMORTCSV,/mnt/beegfs/ysu34/hamlib/dia_e2e/heis_16_5.txt,didx_sym,1000,8.706
AMORTCSV,/mnt/beegfs/ysu34/hamlib/dia_e2e/heis_16_5.txt,didx_sym,10000,63.182
AMORTCSV,/mnt/beegfs/ysu34/hamlib/dia_e2e/heis_16_5.txt,cusparse,1,16.373
AMORTCSV,/mnt/beegfs/ysu34/hamlib/dia_e2e/heis_16_5.txt,cusparse,10,11.377
AMORTCSV,/mnt/beegfs/ysu34/hamlib/dia_e2e/heis_16_5.txt,cusparse,100,12.694
AMORTCSV,/mnt/beegfs/ysu34/hamlib/dia_e2e/heis_16_5.txt,cusparse,1000,30.553
AMORTCSV,/mnt/beegfs/ysu34/hamlib/dia_e2e/heis_16_5.txt,cusparse,10000,214.656
AMORTCSV,/mnt/beegfs/ysu34/hamlib/dia_e2e/heis_16_5.txt,diaq_fp32,1,0.808
AMORTCSV,/mnt/beegfs/ysu34/hamlib/dia_e2e/heis_16_5.txt,diaq_fp32,10,1.092
AMORTCSV,/mnt/beegfs/ysu34/hamlib/dia_e2e/heis_16_5.txt,diaq_fp32,100,2.404
AMORTCSV,/mnt/beegfs/ysu34/hamlib/dia_e2e/heis_16_5.txt,diaq_fp32,1000,15.781
AMORTCSV,/mnt/beegfs/ysu34/hamlib/dia_e2e/heis_16_5.txt,diaq_fp32,10000,149.419
AMORTCSV,/mnt/beegfs/ysu34/hamlib/dia_e2e/heis_18_5.txt,didx,1,20.654
AMORTCSV,/mnt/beegfs/ysu34/hamlib/dia_e2e/heis_18_5.txt,didx,10,20.874
AMORTCSV,/mnt/beegfs/ysu34/hamlib/dia_e2e/heis_18_5.txt,didx,100,21.747
AMORTCSV,/mnt/beegfs/ysu34/hamlib/dia_e2e/heis_18_5.txt,didx,1000,32.949
AMORTCSV,/mnt/beegfs/ysu34/hamlib/dia_e2e/heis_18_5.txt,didx,10000,143.439
AMORTCSV,/mnt/beegfs/ysu34/hamlib/dia_e2e/heis_18_5.txt,didx_sym,1,13.060
AMORTCSV,/mnt/beegfs/ysu34/hamlib/dia_e2e/heis_18_5.txt,didx_sym,10,13.242
AMORTCSV,/mnt/beegfs/ysu34/hamlib/dia_e2e/heis_18_5.txt,didx_sym,100,14.119
AMORTCSV,/mnt/beegfs/ysu34/hamlib/dia_e2e/heis_18_5.txt,didx_sym,1000,24.804
AMORTCSV,/mnt/beegfs/ysu34/hamlib/dia_e2e/heis_18_5.txt,didx_sym,10000,132.314
AMORTCSV,/mnt/beegfs/ysu34/hamlib/dia_e2e/heis_18_5.txt,cusparse,1,59.627
AMORTCSV,/mnt/beegfs/ysu34/hamlib/dia_e2e/heis_18_5.txt,cusparse,10,56.562
AMORTCSV,/mnt/beegfs/ysu34/hamlib/dia_e2e/heis_18_5.txt,cusparse,100,59.825
AMORTCSV,/mnt/beegfs/ysu34/hamlib/dia_e2e/heis_18_5.txt,cusparse,1000,91.609
AMORTCSV,/mnt/beegfs/ysu34/hamlib/dia_e2e/heis_18_5.txt,cusparse,10000,410.855
AMORTCSV,/mnt/beegfs/ysu34/hamlib/dia_e2e/heis_18_5.txt,diaq_fp32,1,3.489
AMORTCSV,/mnt/beegfs/ysu34/hamlib/dia_e2e/heis_18_5.txt,diaq_fp32,10,5.408
AMORTCSV,/mnt/beegfs/ysu34/hamlib/dia_e2e/heis_18_5.txt,diaq_fp32,100,11.605
AMORTCSV,/mnt/beegfs/ysu34/hamlib/dia_e2e/heis_18_5.txt,diaq_fp32,1000,73.452
AMORTCSV,/mnt/beegfs/ysu34/hamlib/dia_e2e/heis_18_5.txt,diaq_fp32,10000,690.945
AMORTCSV,/mnt/beegfs/ysu34/hamlib/dia_e2e/heis_20_5.txt,didx,1,130.131
AMORTCSV,/mnt/beegfs/ysu34/hamlib/dia_e2e/heis_20_5.txt,didx,10,129.479
AMORTCSV,/mnt/beegfs/ysu34/hamlib/dia_e2e/heis_20_5.txt,didx,100,134.455
AMORTCSV,/mnt/beegfs/ysu34/hamlib/dia_e2e/heis_20_5.txt,didx,1000,187.142
AMORTCSV,/mnt/beegfs/ysu34/hamlib/dia_e2e/heis_20_5.txt,didx,10000,712.598
AMORTCSV,/mnt/beegfs/ysu34/hamlib/dia_e2e/heis_20_5.txt,didx_sym,1,60.022
AMORTCSV,/mnt/beegfs/ysu34/hamlib/dia_e2e/heis_20_5.txt,didx_sym,10,59.868
AMORTCSV,/mnt/beegfs/ysu34/hamlib/dia_e2e/heis_20_5.txt,didx_sym,100,64.706
AMORTCSV,/mnt/beegfs/ysu34/hamlib/dia_e2e/heis_20_5.txt,didx_sym,1000,113.623
AMORTCSV,/mnt/beegfs/ysu34/hamlib/dia_e2e/heis_20_5.txt,didx_sym,10000,610.413
AMORTCSV,/mnt/beegfs/ysu34/hamlib/dia_e2e/heis_20_5.txt,cusparse,1,279.577
AMORTCSV,/mnt/beegfs/ysu34/hamlib/dia_e2e/heis_20_5.txt,cusparse,10,276.774
AMORTCSV,/mnt/beegfs/ysu34/hamlib/dia_e2e/heis_20_5.txt,cusparse,100,284.659
AMORTCSV,/mnt/beegfs/ysu34/hamlib/dia_e2e/heis_20_5.txt,cusparse,1000,366.744
AMORTCSV,/mnt/beegfs/ysu34/hamlib/dia_e2e/heis_20_5.txt,cusparse,10000,1182.265
AMORTCSV,/mnt/beegfs/ysu34/hamlib/dia_e2e/heis_20_5.txt,diaq_fp32,1,13.395
AMORTCSV,/mnt/beegfs/ysu34/hamlib/dia_e2e/heis_20_5.txt,diaq_fp32,10,21.177
AMORTCSV,/mnt/beegfs/ysu34/hamlib/dia_e2e/heis_20_5.txt,diaq_fp32,100,42.690
AMORTCSV,/mnt/beegfs/ysu34/hamlib/dia_e2e/heis_20_5.txt,diaq_fp32,1000,260.229
AMORTCSV,/mnt/beegfs/ysu34/hamlib/dia_e2e/heis_20_5.txt,diaq_fp32,10000,2414.617
AMORTCSV,/mnt/beegfs/ysu34/hamlib/dia_e2e/heis_20_6.txt,didx,1,129.321
AMORTCSV,/mnt/beegfs/ysu34/hamlib/dia_e2e/heis_20_6.txt,didx,10,130.869
AMORTCSV,/mnt/beegfs/ysu34/hamlib/dia_e2e/heis_20_6.txt,didx,100,135.568
AMORTCSV,/mnt/beegfs/ysu34/hamlib/dia_e2e/heis_20_6.txt,didx,1000,187.800
AMORTCSV,/mnt/beegfs/ysu34/hamlib/dia_e2e/heis_20_6.txt,didx,10000,713.053
AMORTCSV,/mnt/beegfs/ysu34/hamlib/dia_e2e/heis_20_6.txt,didx_sym,1,59.320
AMORTCSV,/mnt/beegfs/ysu34/hamlib/dia_e2e/heis_20_6.txt,didx_sym,10,59.713
AMORTCSV,/mnt/beegfs/ysu34/hamlib/dia_e2e/heis_20_6.txt,didx_sym,100,64.783
AMORTCSV,/mnt/beegfs/ysu34/hamlib/dia_e2e/heis_20_6.txt,didx_sym,1000,113.933
AMORTCSV,/mnt/beegfs/ysu34/hamlib/dia_e2e/heis_20_6.txt,didx_sym,10000,610.460
AMORTCSV,/mnt/beegfs/ysu34/hamlib/dia_e2e/heis_20_6.txt,cusparse,1,280.181
AMORTCSV,/mnt/beegfs/ysu34/hamlib/dia_e2e/heis_20_6.txt,cusparse,10,277.202
AMORTCSV,/mnt/beegfs/ysu34/hamlib/dia_e2e/heis_20_6.txt,cusparse,100,285.485
AMORTCSV,/mnt/beegfs/ysu34/hamlib/dia_e2e/heis_20_6.txt,cusparse,1000,366.405
AMORTCSV,/mnt/beegfs/ysu34/hamlib/dia_e2e/heis_20_6.txt,cusparse,10000,1176.664
AMORTCSV,/mnt/beegfs/ysu34/hamlib/dia_e2e/heis_20_6.txt,diaq_fp32,1,13.691
AMORTCSV,/mnt/beegfs/ysu34/hamlib/dia_e2e/heis_20_6.txt,diaq_fp32,10,21.436
AMORTCSV,/mnt/beegfs/ysu34/hamlib/dia_e2e/heis_20_6.txt,diaq_fp32,100,42.956
AMORTCSV,/mnt/beegfs/ysu34/hamlib/dia_e2e/heis_20_6.txt,diaq_fp32,1000,260.444
AMORTCSV,/mnt/beegfs/ysu34/hamlib/dia_e2e/heis_20_6.txt,diaq_fp32,10000,2413.982
AMORTCSV,/mnt/beegfs/ysu34/hamlib/dia_e2e/maxcut_16_5.txt,didx,1,0.355
AMORTCSV,/mnt/beegfs/ysu34/hamlib/dia_e2e/maxcut_16_5.txt,didx,10,0.315
AMORTCSV,/mnt/beegfs/ysu34/hamlib/dia_e2e/maxcut_16_5.txt,didx,100,0.643
AMORTCSV,/mnt/beegfs/ysu34/hamlib/dia_e2e/maxcut_16_5.txt,didx,1000,3.907
AMORTCSV,/mnt/beegfs/ysu34/hamlib/dia_e2e/maxcut_16_5.txt,didx,10000,36.204
AMORTCSV,/mnt/beegfs/ysu34/hamlib/dia_e2e/maxcut_16_5.txt,didx_sym,1,0.304
AMORTCSV,/mnt/beegfs/ysu34/hamlib/dia_e2e/maxcut_16_5.txt,didx_sym,10,0.326
AMORTCSV,/mnt/beegfs/ysu34/hamlib/dia_e2e/maxcut_16_5.txt,didx_sym,100,0.668
AMORTCSV,/mnt/beegfs/ysu34/hamlib/dia_e2e/maxcut_16_5.txt,didx_sym,1000,4.154
AMORTCSV,/mnt/beegfs/ysu34/hamlib/dia_e2e/maxcut_16_5.txt,didx_sym,10000,39.341
AMORTCSV,/mnt/beegfs/ysu34/hamlib/dia_e2e/maxcut_16_5.txt,cusparse,1,5.732
AMORTCSV,/mnt/beegfs/ysu34/hamlib/dia_e2e/maxcut_16_5.txt,cusparse,10,0.574
AMORTCSV,/mnt/beegfs/ysu34/hamlib/dia_e2e/maxcut_16_5.txt,cusparse,100,2.539
AMORTCSV,/mnt/beegfs/ysu34/hamlib/dia_e2e/maxcut_16_5.txt,cusparse,1000,22.564
AMORTCSV,/mnt/beegfs/ysu34/hamlib/dia_e2e/maxcut_16_5.txt,cusparse,10000,222.715
AMORTCSV,/mnt/beegfs/ysu34/hamlib/dia_e2e/maxcut_16_5.txt,diaq_fp32,1,0.087
AMORTCSV,/mnt/beegfs/ysu34/hamlib/dia_e2e/maxcut_16_5.txt,diaq_fp32,10,0.107
AMORTCSV,/mnt/beegfs/ysu34/hamlib/dia_e2e/maxcut_16_5.txt,diaq_fp32,100,0.448
AMORTCSV,/mnt/beegfs/ysu34/hamlib/dia_e2e/maxcut_16_5.txt,diaq_fp32,1000,3.953
AMORTCSV,/mnt/beegfs/ysu34/hamlib/dia_e2e/maxcut_16_5.txt,diaq_fp32,10000,39.227
AMORTCSV,/mnt/beegfs/ysu34/hamlib/dia_e2e/maxcut_18_5.txt,didx,1,1.438
AMORTCSV,/mnt/beegfs/ysu34/hamlib/dia_e2e/maxcut_18_5.txt,didx,10,1.416
AMORTCSV,/mnt/beegfs/ysu34/hamlib/dia_e2e/maxcut_18_5.txt,didx,100,1.754
AMORTCSV,/mnt/beegfs/ysu34/hamlib/dia_e2e/maxcut_18_5.txt,didx,1000,5.854
AMORTCSV,/mnt/beegfs/ysu34/hamlib/dia_e2e/maxcut_18_5.txt,didx,10000,47.501
AMORTCSV,/mnt/beegfs/ysu34/hamlib/dia_e2e/maxcut_18_5.txt,didx_sym,1,1.161
AMORTCSV,/mnt/beegfs/ysu34/hamlib/dia_e2e/maxcut_18_5.txt,didx_sym,10,1.193
AMORTCSV,/mnt/beegfs/ysu34/hamlib/dia_e2e/maxcut_18_5.txt,didx_sym,100,1.621
AMORTCSV,/mnt/beegfs/ysu34/hamlib/dia_e2e/maxcut_18_5.txt,didx_sym,1000,5.971
AMORTCSV,/mnt/beegfs/ysu34/hamlib/dia_e2e/maxcut_18_5.txt,didx_sym,10000,49.371
AMORTCSV,/mnt/beegfs/ysu34/hamlib/dia_e2e/maxcut_18_5.txt,cusparse,1,7.415
AMORTCSV,/mnt/beegfs/ysu34/hamlib/dia_e2e/maxcut_18_5.txt,cusparse,10,1.870
AMORTCSV,/mnt/beegfs/ysu34/hamlib/dia_e2e/maxcut_18_5.txt,cusparse,100,3.709
AMORTCSV,/mnt/beegfs/ysu34/hamlib/dia_e2e/maxcut_18_5.txt,cusparse,1000,23.467
AMORTCSV,/mnt/beegfs/ysu34/hamlib/dia_e2e/maxcut_18_5.txt,cusparse,10000,220.946
AMORTCSV,/mnt/beegfs/ysu34/hamlib/dia_e2e/maxcut_18_5.txt,diaq_fp32,1,0.337
AMORTCSV,/mnt/beegfs/ysu34/hamlib/dia_e2e/maxcut_18_5.txt,diaq_fp32,10,0.353
AMORTCSV,/mnt/beegfs/ysu34/hamlib/dia_e2e/maxcut_18_5.txt,diaq_fp32,100,0.796
AMORTCSV,/mnt/beegfs/ysu34/hamlib/dia_e2e/maxcut_18_5.txt,diaq_fp32,1000,5.160
AMORTCSV,/mnt/beegfs/ysu34/hamlib/dia_e2e/maxcut_18_5.txt,diaq_fp32,10000,48.763
AMORTCSV,/mnt/beegfs/ysu34/hamlib/dia_e2e/maxcut_20_5.txt,didx,1,4.175
AMORTCSV,/mnt/beegfs/ysu34/hamlib/dia_e2e/maxcut_20_5.txt,didx,10,4.131
AMORTCSV,/mnt/beegfs/ysu34/hamlib/dia_e2e/maxcut_20_5.txt,didx,100,4.906
AMORTCSV,/mnt/beegfs/ysu34/hamlib/dia_e2e/maxcut_20_5.txt,didx,1000,12.402
AMORTCSV,/mnt/beegfs/ysu34/hamlib/dia_e2e/maxcut_20_5.txt,didx,10000,87.533
AMORTCSV,/mnt/beegfs/ysu34/hamlib/dia_e2e/maxcut_20_5.txt,didx_sym,1,4.508
AMORTCSV,/mnt/beegfs/ysu34/hamlib/dia_e2e/maxcut_20_5.txt,didx_sym,10,4.396
AMORTCSV,/mnt/beegfs/ysu34/hamlib/dia_e2e/maxcut_20_5.txt,didx_sym,100,5.134
AMORTCSV,/mnt/beegfs/ysu34/hamlib/dia_e2e/maxcut_20_5.txt,didx_sym,1000,12.963
AMORTCSV,/mnt/beegfs/ysu34/hamlib/dia_e2e/maxcut_20_5.txt,didx_sym,10000,90.022
AMORTCSV,/mnt/beegfs/ysu34/hamlib/dia_e2e/maxcut_20_5.txt,cusparse,1,11.275
AMORTCSV,/mnt/beegfs/ysu34/hamlib/dia_e2e/maxcut_20_5.txt,cusparse,10,6.746
AMORTCSV,/mnt/beegfs/ysu34/hamlib/dia_e2e/maxcut_20_5.txt,cusparse,100,9.030
AMORTCSV,/mnt/beegfs/ysu34/hamlib/dia_e2e/maxcut_20_5.txt,cusparse,1000,42.997
AMORTCSV,/mnt/beegfs/ysu34/hamlib/dia_e2e/maxcut_20_5.txt,cusparse,10000,382.704
AMORTCSV,/mnt/beegfs/ysu34/hamlib/dia_e2e/maxcut_20_5.txt,diaq_fp32,1,1.013
AMORTCSV,/mnt/beegfs/ysu34/hamlib/dia_e2e/maxcut_20_5.txt,diaq_fp32,10,0.934
AMORTCSV,/mnt/beegfs/ysu34/hamlib/dia_e2e/maxcut_20_5.txt,diaq_fp32,100,1.798
AMORTCSV,/mnt/beegfs/ysu34/hamlib/dia_e2e/maxcut_20_5.txt,diaq_fp32,1000,10.505
AMORTCSV,/mnt/beegfs/ysu34/hamlib/dia_e2e/maxcut_20_5.txt,diaq_fp32,10000,97.659
# didx_sym arm skipped (non-symmetric or Dup>128)
AMORTCSV,/mnt/beegfs/ysu34/hamlib/dia_e2e/O2c_16_5.txt,didx,1,135.365
AMORTCSV,/mnt/beegfs/ysu34/hamlib/dia_e2e/O2c_16_5.txt,didx,10,134.855
AMORTCSV,/mnt/beegfs/ysu34/hamlib/dia_e2e/O2c_16_5.txt,didx,100,142.518
AMORTCSV,/mnt/beegfs/ysu34/hamlib/dia_e2e/O2c_16_5.txt,didx,1000,218.330
AMORTCSV,/mnt/beegfs/ysu34/hamlib/dia_e2e/O2c_16_5.txt,didx,10000,974.710
AMORTCSV,/mnt/beegfs/ysu34/hamlib/dia_e2e/O2c_16_5.txt,cusparse,1,338.289
AMORTCSV,/mnt/beegfs/ysu34/hamlib/dia_e2e/O2c_16_5.txt,cusparse,10,337.495
AMORTCSV,/mnt/beegfs/ysu34/hamlib/dia_e2e/O2c_16_5.txt,cusparse,100,342.766
AMORTCSV,/mnt/beegfs/ysu34/hamlib/dia_e2e/O2c_16_5.txt,cusparse,1000,390.948
AMORTCSV,/mnt/beegfs/ysu34/hamlib/dia_e2e/O2c_16_5.txt,cusparse,10000,871.881
AMORTCSV,/mnt/beegfs/ysu34/hamlib/dia_e2e/O2c_16_5.txt,diaq_fp32,1,19.165
AMORTCSV,/mnt/beegfs/ysu34/hamlib/dia_e2e/O2c_16_5.txt,diaq_fp32,10,38.582
AMORTCSV,/mnt/beegfs/ysu34/hamlib/dia_e2e/O2c_16_5.txt,diaq_fp32,100,116.093
AMORTCSV,/mnt/beegfs/ysu34/hamlib/dia_e2e/O2c_16_5.txt,diaq_fp32,1000,881.723
AMORTCSV,/mnt/beegfs/ysu34/hamlib/dia_e2e/O2c_16_5.txt,diaq_fp32,10000,8645.819
# didx_sym arm skipped (non-symmetric or Dup>128)
AMORTCSV,/mnt/beegfs/ysu34/hamlib/dia_e2e/O2c_20_5.txt,didx,1,7701.070
AMORTCSV,/mnt/beegfs/ysu34/hamlib/dia_e2e/O2c_20_5.txt,didx,10,7739.135
AMORTCSV,/mnt/beegfs/ysu34/hamlib/dia_e2e/O2c_20_5.txt,didx,100,8185.479
AMORTCSV,/mnt/beegfs/ysu34/hamlib/dia_e2e/O2c_20_5.txt,didx,1000,12472.409
AMORTCSV,/mnt/beegfs/ysu34/hamlib/dia_e2e/O2c_20_5.txt,didx,10000,55254.702
AMORTCSV,/mnt/beegfs/ysu34/hamlib/dia_e2e/O2c_20_5.txt,cusparse,1,20164.659
AMORTCSV,/mnt/beegfs/ysu34/hamlib/dia_e2e/O2c_20_5.txt,cusparse,10,20176.789
AMORTCSV,/mnt/beegfs/ysu34/hamlib/dia_e2e/O2c_20_5.txt,cusparse,100,20324.000
AMORTCSV,/mnt/beegfs/ysu34/hamlib/dia_e2e/O2c_20_5.txt,cusparse,1000,21730.317
AMORTCSV,/mnt/beegfs/ysu34/hamlib/dia_e2e/O2c_20_5.txt,cusparse,10000,35849.811
AMORTCSV,/mnt/beegfs/ysu34/hamlib/dia_e2e/O2c_20_5.txt,diaq_fp32,1,832.669
AMORTCSV,/mnt/beegfs/ysu34/hamlib/dia_e2e/O2c_20_5.txt,diaq_fp32,10,1511.125
AMORTCSV,/mnt/beegfs/ysu34/hamlib/dia_e2e/O2c_20_5.txt,diaq_fp32,100,2982.447
AMORTCSV,/mnt/beegfs/ysu34/hamlib/dia_e2e/O2c_20_5.txt,diaq_fp32,1000,17739.226
AMORTCSV,/mnt/beegfs/ysu34/hamlib/dia_e2e/O2c_20_5.txt,diaq_fp32,10000,165630.733
AMORTCSV,/mnt/beegfs/ysu34/hamlib/dia_e2e/qmaxcut_16_4.txt,didx,1,2.878
AMORTCSV,/mnt/beegfs/ysu34/hamlib/dia_e2e/qmaxcut_16_4.txt,didx,10,2.882
AMORTCSV,/mnt/beegfs/ysu34/hamlib/dia_e2e/qmaxcut_16_4.txt,didx,100,3.397
AMORTCSV,/mnt/beegfs/ysu34/hamlib/dia_e2e/qmaxcut_16_4.txt,didx,1000,8.897
AMORTCSV,/mnt/beegfs/ysu34/hamlib/dia_e2e/qmaxcut_16_4.txt,didx,10000,64.059
AMORTCSV,/mnt/beegfs/ysu34/hamlib/dia_e2e/qmaxcut_16_4.txt,didx_sym,1,1.846
AMORTCSV,/mnt/beegfs/ysu34/hamlib/dia_e2e/qmaxcut_16_4.txt,didx_sym,10,1.906
AMORTCSV,/mnt/beegfs/ysu34/hamlib/dia_e2e/qmaxcut_16_4.txt,didx_sym,100,2.478
AMORTCSV,/mnt/beegfs/ysu34/hamlib/dia_e2e/qmaxcut_16_4.txt,didx_sym,1000,8.208
AMORTCSV,/mnt/beegfs/ysu34/hamlib/dia_e2e/qmaxcut_16_4.txt,didx_sym,10000,66.018
AMORTCSV,/mnt/beegfs/ysu34/hamlib/dia_e2e/qmaxcut_16_4.txt,cusparse,1,14.627
AMORTCSV,/mnt/beegfs/ysu34/hamlib/dia_e2e/qmaxcut_16_4.txt,cusparse,10,10.522
AMORTCSV,/mnt/beegfs/ysu34/hamlib/dia_e2e/qmaxcut_16_4.txt,cusparse,100,12.284
AMORTCSV,/mnt/beegfs/ysu34/hamlib/dia_e2e/qmaxcut_16_4.txt,cusparse,1000,29.484
AMORTCSV,/mnt/beegfs/ysu34/hamlib/dia_e2e/qmaxcut_16_4.txt,cusparse,10000,217.370
AMORTCSV,/mnt/beegfs/ysu34/hamlib/dia_e2e/qmaxcut_16_4.txt,diaq_fp32,1,0.589
AMORTCSV,/mnt/beegfs/ysu34/hamlib/dia_e2e/qmaxcut_16_4.txt,diaq_fp32,10,0.773
AMORTCSV,/mnt/beegfs/ysu34/hamlib/dia_e2e/qmaxcut_16_4.txt,diaq_fp32,100,1.987
AMORTCSV,/mnt/beegfs/ysu34/hamlib/dia_e2e/qmaxcut_16_4.txt,diaq_fp32,1000,14.205
AMORTCSV,/mnt/beegfs/ysu34/hamlib/dia_e2e/qmaxcut_16_4.txt,diaq_fp32,10000,136.469
AMORTCSV,/mnt/beegfs/ysu34/hamlib/dia_e2e/qmaxcut_18_4.txt,didx,1,13.125
AMORTCSV,/mnt/beegfs/ysu34/hamlib/dia_e2e/qmaxcut_18_4.txt,didx,10,13.256
AMORTCSV,/mnt/beegfs/ysu34/hamlib/dia_e2e/qmaxcut_18_4.txt,didx,100,14.306
AMORTCSV,/mnt/beegfs/ysu34/hamlib/dia_e2e/qmaxcut_18_4.txt,didx,1000,25.437
AMORTCSV,/mnt/beegfs/ysu34/hamlib/dia_e2e/qmaxcut_18_4.txt,didx,10000,136.708
AMORTCSV,/mnt/beegfs/ysu34/hamlib/dia_e2e/qmaxcut_18_4.txt,didx_sym,1,8.253
AMORTCSV,/mnt/beegfs/ysu34/hamlib/dia_e2e/qmaxcut_18_4.txt,didx_sym,10,8.356
AMORTCSV,/mnt/beegfs/ysu34/hamlib/dia_e2e/qmaxcut_18_4.txt,didx_sym,100,9.341
AMORTCSV,/mnt/beegfs/ysu34/hamlib/dia_e2e/qmaxcut_18_4.txt,didx_sym,1000,20.561
AMORTCSV,/mnt/beegfs/ysu34/hamlib/dia_e2e/qmaxcut_18_4.txt,didx_sym,10000,132.655
AMORTCSV,/mnt/beegfs/ysu34/hamlib/dia_e2e/qmaxcut_18_4.txt,cusparse,1,45.985
AMORTCSV,/mnt/beegfs/ysu34/hamlib/dia_e2e/qmaxcut_18_4.txt,cusparse,10,42.946
AMORTCSV,/mnt/beegfs/ysu34/hamlib/dia_e2e/qmaxcut_18_4.txt,cusparse,100,45.907
AMORTCSV,/mnt/beegfs/ysu34/hamlib/dia_e2e/qmaxcut_18_4.txt,cusparse,1000,78.299
AMORTCSV,/mnt/beegfs/ysu34/hamlib/dia_e2e/qmaxcut_18_4.txt,cusparse,10000,403.345
AMORTCSV,/mnt/beegfs/ysu34/hamlib/dia_e2e/qmaxcut_18_4.txt,diaq_fp32,1,2.049
AMORTCSV,/mnt/beegfs/ysu34/hamlib/dia_e2e/qmaxcut_18_4.txt,diaq_fp32,10,3.013
AMORTCSV,/mnt/beegfs/ysu34/hamlib/dia_e2e/qmaxcut_18_4.txt,diaq_fp32,100,6.893
AMORTCSV,/mnt/beegfs/ysu34/hamlib/dia_e2e/qmaxcut_18_4.txt,diaq_fp32,1000,45.900
AMORTCSV,/mnt/beegfs/ysu34/hamlib/dia_e2e/qmaxcut_18_4.txt,diaq_fp32,10000,435.898
AMORTCSV,/mnt/beegfs/ysu34/hamlib/dia_e2e/qmaxcut_20_4.txt,didx,1,84.603
AMORTCSV,/mnt/beegfs/ysu34/hamlib/dia_e2e/qmaxcut_20_4.txt,didx,10,85.499
AMORTCSV,/mnt/beegfs/ysu34/hamlib/dia_e2e/qmaxcut_20_4.txt,didx,100,90.668
AMORTCSV,/mnt/beegfs/ysu34/hamlib/dia_e2e/qmaxcut_20_4.txt,didx,1000,145.537
AMORTCSV,/mnt/beegfs/ysu34/hamlib/dia_e2e/qmaxcut_20_4.txt,didx,10000,694.853
AMORTCSV,/mnt/beegfs/ysu34/hamlib/dia_e2e/qmaxcut_20_4.txt,didx_sym,1,36.475
AMORTCSV,/mnt/beegfs/ysu34/hamlib/dia_e2e/qmaxcut_20_4.txt,didx_sym,10,36.615
AMORTCSV,/mnt/beegfs/ysu34/hamlib/dia_e2e/qmaxcut_20_4.txt,didx_sym,100,43.080
AMORTCSV,/mnt/beegfs/ysu34/hamlib/dia_e2e/qmaxcut_20_4.txt,didx_sym,1000,99.351
AMORTCSV,/mnt/beegfs/ysu34/hamlib/dia_e2e/qmaxcut_20_4.txt,didx_sym,10000,670.631
AMORTCSV,/mnt/beegfs/ysu34/hamlib/dia_e2e/qmaxcut_20_4.txt,cusparse,1,208.205
AMORTCSV,/mnt/beegfs/ysu34/hamlib/dia_e2e/qmaxcut_20_4.txt,cusparse,10,205.605
AMORTCSV,/mnt/beegfs/ysu34/hamlib/dia_e2e/qmaxcut_20_4.txt,cusparse,100,213.956
AMORTCSV,/mnt/beegfs/ysu34/hamlib/dia_e2e/qmaxcut_20_4.txt,cusparse,1000,295.942
AMORTCSV,/mnt/beegfs/ysu34/hamlib/dia_e2e/qmaxcut_20_4.txt,cusparse,10000,1116.824
AMORTCSV,/mnt/beegfs/ysu34/hamlib/dia_e2e/qmaxcut_20_4.txt,diaq_fp32,1,8.646
AMORTCSV,/mnt/beegfs/ysu34/hamlib/dia_e2e/qmaxcut_20_4.txt,diaq_fp32,10,12.504
AMORTCSV,/mnt/beegfs/ysu34/hamlib/dia_e2e/qmaxcut_20_4.txt,diaq_fp32,100,26.194
AMORTCSV,/mnt/beegfs/ysu34/hamlib/dia_e2e/qmaxcut_20_4.txt,diaq_fp32,1000,167.677
AMORTCSV,/mnt/beegfs/ysu34/hamlib/dia_e2e/qmaxcut_20_4.txt,diaq_fp32,10000,1559.073
AMORTCSV,/mnt/beegfs/ysu34/hamlib/dia_e2e/qmaxcutC_18_4.txt,didx,1,58.041
AMORTCSV,/mnt/beegfs/ysu34/hamlib/dia_e2e/qmaxcutC_18_4.txt,didx,10,58.209
AMORTCSV,/mnt/beegfs/ysu34/hamlib/dia_e2e/qmaxcutC_18_4.txt,didx,100,60.528
AMORTCSV,/mnt/beegfs/ysu34/hamlib/dia_e2e/qmaxcutC_18_4.txt,didx,1000,83.920
AMORTCSV,/mnt/beegfs/ysu34/hamlib/dia_e2e/qmaxcutC_18_4.txt,didx,10000,318.134
AMORTCSV,/mnt/beegfs/ysu34/hamlib/dia_e2e/qmaxcutC_18_4.txt,didx_sym,1,25.706
AMORTCSV,/mnt/beegfs/ysu34/hamlib/dia_e2e/qmaxcutC_18_4.txt,didx_sym,10,25.983
AMORTCSV,/mnt/beegfs/ysu34/hamlib/dia_e2e/qmaxcutC_18_4.txt,didx_sym,100,28.464
AMORTCSV,/mnt/beegfs/ysu34/hamlib/dia_e2e/qmaxcutC_18_4.txt,didx_sym,1000,51.453
AMORTCSV,/mnt/beegfs/ysu34/hamlib/dia_e2e/qmaxcutC_18_4.txt,didx_sym,10000,283.211
AMORTCSV,/mnt/beegfs/ysu34/hamlib/dia_e2e/qmaxcutC_18_4.txt,cusparse,1,108.406
AMORTCSV,/mnt/beegfs/ysu34/hamlib/dia_e2e/qmaxcutC_18_4.txt,cusparse,10,105.459
AMORTCSV,/mnt/beegfs/ysu34/hamlib/dia_e2e/qmaxcutC_18_4.txt,cusparse,100,110.552
AMORTCSV,/mnt/beegfs/ysu34/hamlib/dia_e2e/qmaxcutC_18_4.txt,cusparse,1000,161.741
AMORTCSV,/mnt/beegfs/ysu34/hamlib/dia_e2e/qmaxcutC_18_4.txt,cusparse,10000,673.317
AMORTCSV,/mnt/beegfs/ysu34/hamlib/dia_e2e/qmaxcutC_18_4.txt,diaq_fp32,1,6.265
AMORTCSV,/mnt/beegfs/ysu34/hamlib/dia_e2e/qmaxcutC_18_4.txt,diaq_fp32,10,9.979
AMORTCSV,/mnt/beegfs/ysu34/hamlib/dia_e2e/qmaxcutC_18_4.txt,diaq_fp32,100,22.042
AMORTCSV,/mnt/beegfs/ysu34/hamlib/dia_e2e/qmaxcutC_18_4.txt,diaq_fp32,1000,142.669
AMORTCSV,/mnt/beegfs/ysu34/hamlib/dia_e2e/qmaxcutC_18_4.txt,diaq_fp32,10000,1352.999
AMORTCSV,/mnt/beegfs/ysu34/hamlib/dia_e2e/qmaxcutK_18_4.txt,didx,1,11.101
AMORTCSV,/mnt/beegfs/ysu34/hamlib/dia_e2e/qmaxcutK_18_4.txt,didx,10,11.208
AMORTCSV,/mnt/beegfs/ysu34/hamlib/dia_e2e/qmaxcutK_18_4.txt,didx,100,11.894
AMORTCSV,/mnt/beegfs/ysu34/hamlib/dia_e2e/qmaxcutK_18_4.txt,didx,1000,19.710
AMORTCSV,/mnt/beegfs/ysu34/hamlib/dia_e2e/qmaxcutK_18_4.txt,didx,10000,97.248
AMORTCSV,/mnt/beegfs/ysu34/hamlib/dia_e2e/qmaxcutK_18_4.txt,didx_sym,1,7.547
AMORTCSV,/mnt/beegfs/ysu34/hamlib/dia_e2e/qmaxcutK_18_4.txt,didx_sym,10,7.325
AMORTCSV,/mnt/beegfs/ysu34/hamlib/dia_e2e/qmaxcutK_18_4.txt,didx_sym,100,8.404
AMORTCSV,/mnt/beegfs/ysu34/hamlib/dia_e2e/qmaxcutK_18_4.txt,didx_sym,1000,16.880
AMORTCSV,/mnt/beegfs/ysu34/hamlib/dia_e2e/qmaxcutK_18_4.txt,didx_sym,10000,103.645
AMORTCSV,/mnt/beegfs/ysu34/hamlib/dia_e2e/qmaxcutK_18_4.txt,cusparse,1,16.536
AMORTCSV,/mnt/beegfs/ysu34/hamlib/dia_e2e/qmaxcutK_18_4.txt,cusparse,10,13.180
AMORTCSV,/mnt/beegfs/ysu34/hamlib/dia_e2e/qmaxcutK_18_4.txt,cusparse,100,15.633
AMORTCSV,/mnt/beegfs/ysu34/hamlib/dia_e2e/qmaxcutK_18_4.txt,cusparse,1000,43.014
AMORTCSV,/mnt/beegfs/ysu34/hamlib/dia_e2e/qmaxcutK_18_4.txt,cusparse,10000,317.010
AMORTCSV,/mnt/beegfs/ysu34/hamlib/dia_e2e/qmaxcutK_18_4.txt,diaq_fp32,1,2.015
AMORTCSV,/mnt/beegfs/ysu34/hamlib/dia_e2e/qmaxcutK_18_4.txt,diaq_fp32,10,3.031
AMORTCSV,/mnt/beegfs/ysu34/hamlib/dia_e2e/qmaxcutK_18_4.txt,diaq_fp32,100,6.694
AMORTCSV,/mnt/beegfs/ysu34/hamlib/dia_e2e/qmaxcutK_18_4.txt,diaq_fp32,1000,43.480
AMORTCSV,/mnt/beegfs/ysu34/hamlib/dia_e2e/qmaxcutK_18_4.txt,diaq_fp32,10000,413.116
AMORTCSV,/mnt/beegfs/ysu34/hamlib/dia_e2e/qmaxcutR_18_3.txt,didx,1,5.222
AMORTCSV,/mnt/beegfs/ysu34/hamlib/dia_e2e/qmaxcutR_18_3.txt,didx,10,5.107
AMORTCSV,/mnt/beegfs/ysu34/hamlib/dia_e2e/qmaxcutR_18_3.txt,didx,100,5.775
AMORTCSV,/mnt/beegfs/ysu34/hamlib/dia_e2e/qmaxcutR_18_3.txt,didx,1000,11.787
AMORTCSV,/mnt/beegfs/ysu34/hamlib/dia_e2e/qmaxcutR_18_3.txt,didx,10000,72.325
AMORTCSV,/mnt/beegfs/ysu34/hamlib/dia_e2e/qmaxcutR_18_3.txt,didx_sym,1,3.628
AMORTCSV,/mnt/beegfs/ysu34/hamlib/dia_e2e/qmaxcutR_18_3.txt,didx_sym,10,3.592
AMORTCSV,/mnt/beegfs/ysu34/hamlib/dia_e2e/qmaxcutR_18_3.txt,didx_sym,100,4.229
AMORTCSV,/mnt/beegfs/ysu34/hamlib/dia_e2e/qmaxcutR_18_3.txt,didx_sym,1000,11.139
AMORTCSV,/mnt/beegfs/ysu34/hamlib/dia_e2e/qmaxcutR_18_3.txt,didx_sym,10000,80.590
AMORTCSV,/mnt/beegfs/ysu34/hamlib/dia_e2e/qmaxcutR_18_3.txt,cusparse,1,11.340
AMORTCSV,/mnt/beegfs/ysu34/hamlib/dia_e2e/qmaxcutR_18_3.txt,cusparse,10,7.132
AMORTCSV,/mnt/beegfs/ysu34/hamlib/dia_e2e/qmaxcutR_18_3.txt,cusparse,100,8.841
AMORTCSV,/mnt/beegfs/ysu34/hamlib/dia_e2e/qmaxcutR_18_3.txt,cusparse,1000,28.912
AMORTCSV,/mnt/beegfs/ysu34/hamlib/dia_e2e/qmaxcutR_18_3.txt,cusparse,10000,238.670
AMORTCSV,/mnt/beegfs/ysu34/hamlib/dia_e2e/qmaxcutR_18_3.txt,diaq_fp32,1,1.167
AMORTCSV,/mnt/beegfs/ysu34/hamlib/dia_e2e/qmaxcutR_18_3.txt,diaq_fp32,10,1.464
AMORTCSV,/mnt/beegfs/ysu34/hamlib/dia_e2e/qmaxcutR_18_3.txt,diaq_fp32,100,2.852
AMORTCSV,/mnt/beegfs/ysu34/hamlib/dia_e2e/qmaxcutR_18_3.txt,diaq_fp32,1000,16.647
AMORTCSV,/mnt/beegfs/ysu34/hamlib/dia_e2e/qmaxcutR_18_3.txt,diaq_fp32,10000,157.702
AMORTCSV,/mnt/beegfs/ysu34/hamlib/dia_e2e/tfim_16_4.txt,didx,1,6.561
AMORTCSV,/mnt/beegfs/ysu34/hamlib/dia_e2e/tfim_16_4.txt,didx,10,5.773
AMORTCSV,/mnt/beegfs/ysu34/hamlib/dia_e2e/tfim_16_4.txt,didx,100,6.387
AMORTCSV,/mnt/beegfs/ysu34/hamlib/dia_e2e/tfim_16_4.txt,didx,1000,13.054
AMORTCSV,/mnt/beegfs/ysu34/hamlib/dia_e2e/tfim_16_4.txt,didx,10000,78.115
AMORTCSV,/mnt/beegfs/ysu34/hamlib/dia_e2e/tfim_16_4.txt,didx_sym,1,3.355
AMORTCSV,/mnt/beegfs/ysu34/hamlib/dia_e2e/tfim_16_4.txt,didx_sym,10,3.295
AMORTCSV,/mnt/beegfs/ysu34/hamlib/dia_e2e/tfim_16_4.txt,didx_sym,100,3.822
AMORTCSV,/mnt/beegfs/ysu34/hamlib/dia_e2e/tfim_16_4.txt,didx_sym,1000,9.886
AMORTCSV,/mnt/beegfs/ysu34/hamlib/dia_e2e/tfim_16_4.txt,didx_sym,10000,70.768
AMORTCSV,/mnt/beegfs/ysu34/hamlib/dia_e2e/tfim_16_4.txt,cusparse,1,18.960
AMORTCSV,/mnt/beegfs/ysu34/hamlib/dia_e2e/tfim_16_4.txt,cusparse,10,15.086
AMORTCSV,/mnt/beegfs/ysu34/hamlib/dia_e2e/tfim_16_4.txt,cusparse,100,17.320
AMORTCSV,/mnt/beegfs/ysu34/hamlib/dia_e2e/tfim_16_4.txt,cusparse,1000,42.823
AMORTCSV,/mnt/beegfs/ysu34/hamlib/dia_e2e/tfim_16_4.txt,cusparse,10000,297.214
AMORTCSV,/mnt/beegfs/ysu34/hamlib/dia_e2e/tfim_16_4.txt,diaq_fp32,1,1.021
AMORTCSV,/mnt/beegfs/ysu34/hamlib/dia_e2e/tfim_16_4.txt,diaq_fp32,10,1.130
AMORTCSV,/mnt/beegfs/ysu34/hamlib/dia_e2e/tfim_16_4.txt,diaq_fp32,100,2.478
AMORTCSV,/mnt/beegfs/ysu34/hamlib/dia_e2e/tfim_16_4.txt,diaq_fp32,1000,16.407
AMORTCSV,/mnt/beegfs/ysu34/hamlib/dia_e2e/tfim_16_4.txt,diaq_fp32,10000,154.686
AMORTCSV,/mnt/beegfs/ysu34/hamlib/dia_e2e/tfim_16_5.txt,didx,1,6.412
AMORTCSV,/mnt/beegfs/ysu34/hamlib/dia_e2e/tfim_16_5.txt,didx,10,5.777
AMORTCSV,/mnt/beegfs/ysu34/hamlib/dia_e2e/tfim_16_5.txt,didx,100,6.446
AMORTCSV,/mnt/beegfs/ysu34/hamlib/dia_e2e/tfim_16_5.txt,didx,1000,13.173
AMORTCSV,/mnt/beegfs/ysu34/hamlib/dia_e2e/tfim_16_5.txt,didx,10000,78.015
AMORTCSV,/mnt/beegfs/ysu34/hamlib/dia_e2e/tfim_16_5.txt,didx_sym,1,3.271
AMORTCSV,/mnt/beegfs/ysu34/hamlib/dia_e2e/tfim_16_5.txt,didx_sym,10,3.259
AMORTCSV,/mnt/beegfs/ysu34/hamlib/dia_e2e/tfim_16_5.txt,didx_sym,100,3.808
AMORTCSV,/mnt/beegfs/ysu34/hamlib/dia_e2e/tfim_16_5.txt,didx_sym,1000,9.934
AMORTCSV,/mnt/beegfs/ysu34/hamlib/dia_e2e/tfim_16_5.txt,didx_sym,10000,71.090
AMORTCSV,/mnt/beegfs/ysu34/hamlib/dia_e2e/tfim_16_5.txt,cusparse,1,20.140
AMORTCSV,/mnt/beegfs/ysu34/hamlib/dia_e2e/tfim_16_5.txt,cusparse,10,15.654
AMORTCSV,/mnt/beegfs/ysu34/hamlib/dia_e2e/tfim_16_5.txt,cusparse,100,17.791
AMORTCSV,/mnt/beegfs/ysu34/hamlib/dia_e2e/tfim_16_5.txt,cusparse,1000,43.670
AMORTCSV,/mnt/beegfs/ysu34/hamlib/dia_e2e/tfim_16_5.txt,cusparse,10000,300.691
AMORTCSV,/mnt/beegfs/ysu34/hamlib/dia_e2e/tfim_16_5.txt,diaq_fp32,1,1.036
AMORTCSV,/mnt/beegfs/ysu34/hamlib/dia_e2e/tfim_16_5.txt,diaq_fp32,10,1.120
AMORTCSV,/mnt/beegfs/ysu34/hamlib/dia_e2e/tfim_16_5.txt,diaq_fp32,100,2.489
AMORTCSV,/mnt/beegfs/ysu34/hamlib/dia_e2e/tfim_16_5.txt,diaq_fp32,1000,16.415
AMORTCSV,/mnt/beegfs/ysu34/hamlib/dia_e2e/tfim_16_5.txt,diaq_fp32,10000,154.919
AMORTCSV,/mnt/beegfs/ysu34/hamlib/dia_e2e/tfim_18_4.txt,didx,1,47.191
AMORTCSV,/mnt/beegfs/ysu34/hamlib/dia_e2e/tfim_18_4.txt,didx,10,46.463
AMORTCSV,/mnt/beegfs/ysu34/hamlib/dia_e2e/tfim_18_4.txt,didx,100,48.459
AMORTCSV,/mnt/beegfs/ysu34/hamlib/dia_e2e/tfim_18_4.txt,didx,1000,68.422
AMORTCSV,/mnt/beegfs/ysu34/hamlib/dia_e2e/tfim_18_4.txt,didx,10000,266.221
AMORTCSV,/mnt/beegfs/ysu34/hamlib/dia_e2e/tfim_18_4.txt,didx_sym,1,15.056
AMORTCSV,/mnt/beegfs/ysu34/hamlib/dia_e2e/tfim_18_4.txt,didx_sym,10,15.268
AMORTCSV,/mnt/beegfs/ysu34/hamlib/dia_e2e/tfim_18_4.txt,didx_sym,100,16.564
AMORTCSV,/mnt/beegfs/ysu34/hamlib/dia_e2e/tfim_18_4.txt,didx_sym,1000,30.536
AMORTCSV,/mnt/beegfs/ysu34/hamlib/dia_e2e/tfim_18_4.txt,didx_sym,10000,170.692
AMORTCSV,/mnt/beegfs/ysu34/hamlib/dia_e2e/tfim_18_4.txt,cusparse,1,75.694
AMORTCSV,/mnt/beegfs/ysu34/hamlib/dia_e2e/tfim_18_4.txt,cusparse,10,72.927
AMORTCSV,/mnt/beegfs/ysu34/hamlib/dia_e2e/tfim_18_4.txt,cusparse,100,78.055
AMORTCSV,/mnt/beegfs/ysu34/hamlib/dia_e2e/tfim_18_4.txt,cusparse,1000,129.891
AMORTCSV,/mnt/beegfs/ysu34/hamlib/dia_e2e/tfim_18_4.txt,cusparse,10000,649.194
AMORTCSV,/mnt/beegfs/ysu34/hamlib/dia_e2e/tfim_18_4.txt,diaq_fp32,1,3.791
AMORTCSV,/mnt/beegfs/ysu34/hamlib/dia_e2e/tfim_18_4.txt,diaq_fp32,10,5.508
AMORTCSV,/mnt/beegfs/ysu34/hamlib/dia_e2e/tfim_18_4.txt,diaq_fp32,100,11.842
AMORTCSV,/mnt/beegfs/ysu34/hamlib/dia_e2e/tfim_18_4.txt,diaq_fp32,1000,75.224
AMORTCSV,/mnt/beegfs/ysu34/hamlib/dia_e2e/tfim_18_4.txt,diaq_fp32,10000,709.581
AMORTCSV,/mnt/beegfs/ysu34/hamlib/dia_e2e/tfim_18_5.txt,didx,1,47.883
AMORTCSV,/mnt/beegfs/ysu34/hamlib/dia_e2e/tfim_18_5.txt,didx,10,46.850
AMORTCSV,/mnt/beegfs/ysu34/hamlib/dia_e2e/tfim_18_5.txt,didx,100,48.728
AMORTCSV,/mnt/beegfs/ysu34/hamlib/dia_e2e/tfim_18_5.txt,didx,1000,68.770
AMORTCSV,/mnt/beegfs/ysu34/hamlib/dia_e2e/tfim_18_5.txt,didx,10000,267.052
AMORTCSV,/mnt/beegfs/ysu34/hamlib/dia_e2e/tfim_18_5.txt,didx_sym,1,15.100
AMORTCSV,/mnt/beegfs/ysu34/hamlib/dia_e2e/tfim_18_5.txt,didx_sym,10,14.841
AMORTCSV,/mnt/beegfs/ysu34/hamlib/dia_e2e/tfim_18_5.txt,didx_sym,100,16.416
AMORTCSV,/mnt/beegfs/ysu34/hamlib/dia_e2e/tfim_18_5.txt,didx_sym,1000,30.204
AMORTCSV,/mnt/beegfs/ysu34/hamlib/dia_e2e/tfim_18_5.txt,didx_sym,10000,170.332
AMORTCSV,/mnt/beegfs/ysu34/hamlib/dia_e2e/tfim_18_5.txt,cusparse,1,75.269
AMORTCSV,/mnt/beegfs/ysu34/hamlib/dia_e2e/tfim_18_5.txt,cusparse,10,72.202
AMORTCSV,/mnt/beegfs/ysu34/hamlib/dia_e2e/tfim_18_5.txt,cusparse,100,77.652
AMORTCSV,/mnt/beegfs/ysu34/hamlib/dia_e2e/tfim_18_5.txt,cusparse,1000,129.783
AMORTCSV,/mnt/beegfs/ysu34/hamlib/dia_e2e/tfim_18_5.txt,cusparse,10000,651.297
AMORTCSV,/mnt/beegfs/ysu34/hamlib/dia_e2e/tfim_18_5.txt,diaq_fp32,1,3.689
AMORTCSV,/mnt/beegfs/ysu34/hamlib/dia_e2e/tfim_18_5.txt,diaq_fp32,10,5.406
AMORTCSV,/mnt/beegfs/ysu34/hamlib/dia_e2e/tfim_18_5.txt,diaq_fp32,100,11.745
AMORTCSV,/mnt/beegfs/ysu34/hamlib/dia_e2e/tfim_18_5.txt,diaq_fp32,1000,75.149
AMORTCSV,/mnt/beegfs/ysu34/hamlib/dia_e2e/tfim_18_5.txt,diaq_fp32,10000,709.660
AMORTCSV,/mnt/beegfs/ysu34/hamlib/dia_e2e/tfim_20_5.txt,didx,1,229.236
AMORTCSV,/mnt/beegfs/ysu34/hamlib/dia_e2e/tfim_20_5.txt,didx,10,228.231
AMORTCSV,/mnt/beegfs/ysu34/hamlib/dia_e2e/tfim_20_5.txt,didx,100,238.122
AMORTCSV,/mnt/beegfs/ysu34/hamlib/dia_e2e/tfim_20_5.txt,didx,1000,333.963
AMORTCSV,/mnt/beegfs/ysu34/hamlib/dia_e2e/tfim_20_5.txt,didx,10000,1293.094
AMORTCSV,/mnt/beegfs/ysu34/hamlib/dia_e2e/tfim_20_5.txt,didx_sym,1,78.573
AMORTCSV,/mnt/beegfs/ysu34/hamlib/dia_e2e/tfim_20_5.txt,didx_sym,10,79.339
AMORTCSV,/mnt/beegfs/ysu34/hamlib/dia_e2e/tfim_20_5.txt,didx_sym,100,86.302
AMORTCSV,/mnt/beegfs/ysu34/hamlib/dia_e2e/tfim_20_5.txt,didx_sym,1000,155.006
AMORTCSV,/mnt/beegfs/ysu34/hamlib/dia_e2e/tfim_20_5.txt,didx_sym,10000,845.745
AMORTCSV,/mnt/beegfs/ysu34/hamlib/dia_e2e/tfim_20_5.txt,cusparse,1,339.659
AMORTCSV,/mnt/beegfs/ysu34/hamlib/dia_e2e/tfim_20_5.txt,cusparse,10,338.234
AMORTCSV,/mnt/beegfs/ysu34/hamlib/dia_e2e/tfim_20_5.txt,cusparse,100,353.089
AMORTCSV,/mnt/beegfs/ysu34/hamlib/dia_e2e/tfim_20_5.txt,cusparse,1000,502.392
AMORTCSV,/mnt/beegfs/ysu34/hamlib/dia_e2e/tfim_20_5.txt,cusparse,10000,2004.932
AMORTCSV,/mnt/beegfs/ysu34/hamlib/dia_e2e/tfim_20_5.txt,diaq_fp32,1,16.086
AMORTCSV,/mnt/beegfs/ysu34/hamlib/dia_e2e/tfim_20_5.txt,diaq_fp32,10,22.111
AMORTCSV,/mnt/beegfs/ysu34/hamlib/dia_e2e/tfim_20_5.txt,diaq_fp32,100,44.847
AMORTCSV,/mnt/beegfs/ysu34/hamlib/dia_e2e/tfim_20_5.txt,diaq_fp32,1000,272.086
AMORTCSV,/mnt/beegfs/ysu34/hamlib/dia_e2e/tfim_20_5.txt,diaq_fp32,10000,2542.203
AMORTCSV,/mnt/beegfs/ysu34/hamlib/dia_e2e/tsp_18_4.txt,didx,1,1.335
AMORTCSV,/mnt/beegfs/ysu34/hamlib/dia_e2e/tsp_18_4.txt,didx,10,1.270
AMORTCSV,/mnt/beegfs/ysu34/hamlib/dia_e2e/tsp_18_4.txt,didx,100,1.702
AMORTCSV,/mnt/beegfs/ysu34/hamlib/dia_e2e/tsp_18_4.txt,didx,1000,5.880
AMORTCSV,/mnt/beegfs/ysu34/hamlib/dia_e2e/tsp_18_4.txt,didx,10000,47.733
AMORTCSV,/mnt/beegfs/ysu34/hamlib/dia_e2e/tsp_18_4.txt,didx_sym,1,1.167
AMORTCSV,/mnt/beegfs/ysu34/hamlib/dia_e2e/tsp_18_4.txt,didx_sym,10,1.197
AMORTCSV,/mnt/beegfs/ysu34/hamlib/dia_e2e/tsp_18_4.txt,didx_sym,100,1.617
AMORTCSV,/mnt/beegfs/ysu34/hamlib/dia_e2e/tsp_18_4.txt,didx_sym,1000,5.872
AMORTCSV,/mnt/beegfs/ysu34/hamlib/dia_e2e/tsp_18_4.txt,didx_sym,10000,48.340
AMORTCSV,/mnt/beegfs/ysu34/hamlib/dia_e2e/tsp_18_4.txt,cusparse,1,7.288
AMORTCSV,/mnt/beegfs/ysu34/hamlib/dia_e2e/tsp_18_4.txt,cusparse,10,1.850
AMORTCSV,/mnt/beegfs/ysu34/hamlib/dia_e2e/tsp_18_4.txt,cusparse,100,3.666
AMORTCSV,/mnt/beegfs/ysu34/hamlib/dia_e2e/tsp_18_4.txt,cusparse,1000,23.212
AMORTCSV,/mnt/beegfs/ysu34/hamlib/dia_e2e/tsp_18_4.txt,cusparse,10000,218.207
AMORTCSV,/mnt/beegfs/ysu34/hamlib/dia_e2e/tsp_18_4.txt,diaq_fp32,1,0.341
AMORTCSV,/mnt/beegfs/ysu34/hamlib/dia_e2e/tsp_18_4.txt,diaq_fp32,10,0.360
AMORTCSV,/mnt/beegfs/ysu34/hamlib/dia_e2e/tsp_18_4.txt,diaq_fp32,100,0.794
AMORTCSV,/mnt/beegfs/ysu34/hamlib/dia_e2e/tsp_18_4.txt,diaq_fp32,1000,5.109
AMORTCSV,/mnt/beegfs/ysu34/hamlib/dia_e2e/tsp_18_4.txt,diaq_fp32,10000,48.241
AMORTCSV,/mnt/beegfs/ysu34/hamlib/dia_e2e/vibbf3_18_3.txt,didx,1,7.168
AMORTCSV,/mnt/beegfs/ysu34/hamlib/dia_e2e/vibbf3_18_3.txt,didx,10,7.400
AMORTCSV,/mnt/beegfs/ysu34/hamlib/dia_e2e/vibbf3_18_3.txt,didx,100,8.034
AMORTCSV,/mnt/beegfs/ysu34/hamlib/dia_e2e/vibbf3_18_3.txt,didx,1000,14.685
AMORTCSV,/mnt/beegfs/ysu34/hamlib/dia_e2e/vibbf3_18_3.txt,didx,10000,80.758
AMORTCSV,/mnt/beegfs/ysu34/hamlib/dia_e2e/vibbf3_18_3.txt,didx_sym,1,4.814
AMORTCSV,/mnt/beegfs/ysu34/hamlib/dia_e2e/vibbf3_18_3.txt,didx_sym,10,4.679
AMORTCSV,/mnt/beegfs/ysu34/hamlib/dia_e2e/vibbf3_18_3.txt,didx_sym,100,5.377
AMORTCSV,/mnt/beegfs/ysu34/hamlib/dia_e2e/vibbf3_18_3.txt,didx_sym,1000,12.859
AMORTCSV,/mnt/beegfs/ysu34/hamlib/dia_e2e/vibbf3_18_3.txt,didx_sym,10000,87.516
AMORTCSV,/mnt/beegfs/ysu34/hamlib/dia_e2e/vibbf3_18_3.txt,cusparse,1,14.044
AMORTCSV,/mnt/beegfs/ysu34/hamlib/dia_e2e/vibbf3_18_3.txt,cusparse,10,8.095
AMORTCSV,/mnt/beegfs/ysu34/hamlib/dia_e2e/vibbf3_18_3.txt,cusparse,100,10.264
AMORTCSV,/mnt/beegfs/ysu34/hamlib/dia_e2e/vibbf3_18_3.txt,cusparse,1000,32.821
AMORTCSV,/mnt/beegfs/ysu34/hamlib/dia_e2e/vibbf3_18_3.txt,cusparse,10000,258.407
AMORTCSV,/mnt/beegfs/ysu34/hamlib/dia_e2e/vibbf3_18_3.txt,diaq_fp32,1,1.448
AMORTCSV,/mnt/beegfs/ysu34/hamlib/dia_e2e/vibbf3_18_3.txt,diaq_fp32,10,1.870
AMORTCSV,/mnt/beegfs/ysu34/hamlib/dia_e2e/vibbf3_18_3.txt,diaq_fp32,100,4.476
AMORTCSV,/mnt/beegfs/ysu34/hamlib/dia_e2e/vibbf3_18_3.txt,diaq_fp32,1000,22.549
AMORTCSV,/mnt/beegfs/ysu34/hamlib/dia_e2e/vibbf3_18_3.txt,diaq_fp32,10000,204.998
# didx_sym arm skipped (non-symmetric or Dup>128)
AMORTCSV,/mnt/beegfs/ysu34/hamlib/dia_suitesparse/atmosmodd.txt,didx,1,38.481
AMORTCSV,/mnt/beegfs/ysu34/hamlib/dia_suitesparse/atmosmodd.txt,didx,10,38.735
AMORTCSV,/mnt/beegfs/ysu34/hamlib/dia_suitesparse/atmosmodd.txt,didx,100,43.149
AMORTCSV,/mnt/beegfs/ysu34/hamlib/dia_suitesparse/atmosmodd.txt,didx,1000,85.736
AMORTCSV,/mnt/beegfs/ysu34/hamlib/dia_suitesparse/atmosmodd.txt,didx,10000,512.966
AMORTCSV,/mnt/beegfs/ysu34/hamlib/dia_suitesparse/atmosmodd.txt,cusparse,1,41.254
AMORTCSV,/mnt/beegfs/ysu34/hamlib/dia_suitesparse/atmosmodd.txt,cusparse,10,36.958
AMORTCSV,/mnt/beegfs/ysu34/hamlib/dia_suitesparse/atmosmodd.txt,cusparse,100,44.729
AMORTCSV,/mnt/beegfs/ysu34/hamlib/dia_suitesparse/atmosmodd.txt,cusparse,1000,121.476
AMORTCSV,/mnt/beegfs/ysu34/hamlib/dia_suitesparse/atmosmodd.txt,cusparse,10000,874.286
AMORTCSV,/mnt/beegfs/ysu34/hamlib/dia_suitesparse/atmosmodd.txt,diaq_fp32,1,4.342
AMORTCSV,/mnt/beegfs/ysu34/hamlib/dia_suitesparse/atmosmodd.txt,diaq_fp32,10,5.460
AMORTCSV,/mnt/beegfs/ysu34/hamlib/dia_suitesparse/atmosmodd.txt,diaq_fp32,100,11.606
AMORTCSV,/mnt/beegfs/ysu34/hamlib/dia_suitesparse/atmosmodd.txt,diaq_fp32,1000,73.241
AMORTCSV,/mnt/beegfs/ysu34/hamlib/dia_suitesparse/atmosmodd.txt,diaq_fp32,10000,689.348
AMORTCSV,/mnt/beegfs/ysu34/hamlib/dia_suitesparse/ecology2.txt,didx,1,22.917
AMORTCSV,/mnt/beegfs/ysu34/hamlib/dia_suitesparse/ecology2.txt,didx,10,23.048
AMORTCSV,/mnt/beegfs/ysu34/hamlib/dia_suitesparse/ecology2.txt,didx,100,25.568
AMORTCSV,/mnt/beegfs/ysu34/hamlib/dia_suitesparse/ecology2.txt,didx,1000,53.766
AMORTCSV,/mnt/beegfs/ysu34/hamlib/dia_suitesparse/ecology2.txt,didx,10000,326.982
AMORTCSV,/mnt/beegfs/ysu34/hamlib/dia_suitesparse/ecology2.txt,didx_sym,1,14.385
AMORTCSV,/mnt/beegfs/ysu34/hamlib/dia_suitesparse/ecology2.txt,didx_sym,10,14.616
AMORTCSV,/mnt/beegfs/ysu34/hamlib/dia_suitesparse/ecology2.txt,didx_sym,100,16.716
AMORTCSV,/mnt/beegfs/ysu34/hamlib/dia_suitesparse/ecology2.txt,didx_sym,1000,37.450
AMORTCSV,/mnt/beegfs/ysu34/hamlib/dia_suitesparse/ecology2.txt,didx_sym,10000,244.879
AMORTCSV,/mnt/beegfs/ysu34/hamlib/dia_suitesparse/ecology2.txt,cusparse,1,27.409
AMORTCSV,/mnt/beegfs/ysu34/hamlib/dia_suitesparse/ecology2.txt,cusparse,10,24.005
AMORTCSV,/mnt/beegfs/ysu34/hamlib/dia_suitesparse/ecology2.txt,cusparse,100,30.034
AMORTCSV,/mnt/beegfs/ysu34/hamlib/dia_suitesparse/ecology2.txt,cusparse,1000,83.449
AMORTCSV,/mnt/beegfs/ysu34/hamlib/dia_suitesparse/ecology2.txt,cusparse,10000,617.802
AMORTCSV,/mnt/beegfs/ysu34/hamlib/dia_suitesparse/ecology2.txt,diaq_fp32,1,2.995
AMORTCSV,/mnt/beegfs/ysu34/hamlib/dia_suitesparse/ecology2.txt,diaq_fp32,10,4.413
AMORTCSV,/mnt/beegfs/ysu34/hamlib/dia_suitesparse/ecology2.txt,diaq_fp32,100,9.394
AMORTCSV,/mnt/beegfs/ysu34/hamlib/dia_suitesparse/ecology2.txt,diaq_fp32,1000,59.209
AMORTCSV,/mnt/beegfs/ysu34/hamlib/dia_suitesparse/ecology2.txt,diaq_fp32,10000,557.001
AMORTCSV,/mnt/beegfs/ysu34/hamlib/dia_suitesparse/Lin.txt,didx,1,6.215
AMORTCSV,/mnt/beegfs/ysu34/hamlib/dia_suitesparse/Lin.txt,didx,10,6.159
AMORTCSV,/mnt/beegfs/ysu34/hamlib/dia_suitesparse/Lin.txt,didx,100,6.891
AMORTCSV,/mnt/beegfs/ysu34/hamlib/dia_suitesparse/Lin.txt,didx,1000,14.188
AMORTCSV,/mnt/beegfs/ysu34/hamlib/dia_suitesparse/Lin.txt,didx,10000,86.506
AMORTCSV,/mnt/beegfs/ysu34/hamlib/dia_suitesparse/Lin.txt,didx_sym,1,4.163
AMORTCSV,/mnt/beegfs/ysu34/hamlib/dia_suitesparse/Lin.txt,didx_sym,10,3.897
AMORTCSV,/mnt/beegfs/ysu34/hamlib/dia_suitesparse/Lin.txt,didx_sym,100,4.688
AMORTCSV,/mnt/beegfs/ysu34/hamlib/dia_suitesparse/Lin.txt,didx_sym,1000,11.505
AMORTCSV,/mnt/beegfs/ysu34/hamlib/dia_suitesparse/Lin.txt,didx_sym,10000,81.380
AMORTCSV,/mnt/beegfs/ysu34/hamlib/dia_suitesparse/Lin.txt,cusparse,1,12.301
AMORTCSV,/mnt/beegfs/ysu34/hamlib/dia_suitesparse/Lin.txt,cusparse,10,6.754
AMORTCSV,/mnt/beegfs/ysu34/hamlib/dia_suitesparse/Lin.txt,cusparse,100,9.472
AMORTCSV,/mnt/beegfs/ysu34/hamlib/dia_suitesparse/Lin.txt,cusparse,1000,37.062
AMORTCSV,/mnt/beegfs/ysu34/hamlib/dia_suitesparse/Lin.txt,cusparse,10000,313.031
AMORTCSV,/mnt/beegfs/ysu34/hamlib/dia_suitesparse/Lin.txt,diaq_fp32,1,1.140
AMORTCSV,/mnt/beegfs/ysu34/hamlib/dia_suitesparse/Lin.txt,diaq_fp32,10,1.067
AMORTCSV,/mnt/beegfs/ysu34/hamlib/dia_suitesparse/Lin.txt,diaq_fp32,100,1.993
AMORTCSV,/mnt/beegfs/ysu34/hamlib/dia_suitesparse/Lin.txt,diaq_fp32,1000,11.235
AMORTCSV,/mnt/beegfs/ysu34/hamlib/dia_suitesparse/Lin.txt,diaq_fp32,10000,104.107
== energy BH_20_7 ==
ENERGYRAW,3.459818e-02,298.0,75.5,39577
PREPCSV,/mnt/beegfs/ysu34/hamlib/dia_e2e/BH_20_7.txt,1048576,127,spmv,didx,481.609,9.984,0.151603,3243
ENERGYRAW,3.196820e-02,296.9,75.5,42800
PREPCSV,/mnt/beegfs/ysu34/hamlib/dia_e2e/BH_20_7.txt,1048576,127,spmv,didx_sym,191.173,36.732,0.140186,1626
ENERGYRAW,4.257118e-02,263.8,75.5,26561
PREPCSV,/mnt/beegfs/ysu34/hamlib/dia_e2e/BH_20_7.txt,1048576,127,spmv,gopt,336.410,22.724,0.225894,1590
ENERGYRAW,4.420850e-02,292.5,75.5,30398
PREPCSV,/mnt/beegfs/ysu34/hamlib/dia_e2e/BH_20_7.txt,1048576,127,spmv,cusparse_csr,726.048,16.210,0.197376,3761
ENERGYRAW,1.528628e+01,294.5,75.5,85
PREPCSV,/mnt/beegfs/ysu34/hamlib/dia_e2e/BH_20_7.txt,1048576,127,spmspm,ours_flat,67.831,4.589,69.809662,1
# hm_atomic skipped: C nnz 5108440242 exceeds HM int32 layout
PREPCSV,/mnt/beegfs/ysu34/hamlib/dia_e2e/BH_20_7.txt,1048576,127,spmspm,ours_sym,24.960,16.555,-1.000000,-1
ENERGYRAW,7.735835e+00,298.2,75.5,172
PREPCSV,/mnt/beegfs/ysu34/hamlib/dia_e2e/BH_20_7.txt,1048576,127,spmspm,ours_sym,24.960,16.555,34.816612,1
ENERGYRAW,1.384874e+01,284.3,86.1,85
SPMSPMCSV,/mnt/beegfs/ysu34/hamlib/dia_e2e/BH_20_7.txt,1048576,127,5555,5108440242,ours_flat,69.834244,0.000e+00
ENERGYRAW,7.081211e+00,289.7,86.1,172
SPMSPMCSV,/mnt/beegfs/ysu34/hamlib/dia_e2e/BH_20_7.txt,1048576,127,5555,5108440242,ours_sym,34.765106,7.629e-06
# hm_atomic skipped: C nnz 5108440242 exceeds HM int32 layout
# diaq_fp32 skipped: C nnz 5108440242 exceeds diaq u32 layout
SPMSPMCSV,/mnt/beegfs/ysu34/hamlib/dia_e2e/BH_20_7.txt,1048576,127,5555,5108440242,cusparse_spgemm,145.475449,-1.000e+00
== energy bhc_16_7 ==
ENERGYRAW,8.916784e-04,168.0,79.7,585937
PREPCSV,/mnt/beegfs/ysu34/hamlib/dia_e2e/bhc_16_7.txt,65536,99,spmv,didx,14.731,0.790,0.010240,1516
ENERGYRAW,1.049595e-03,191.3,79.7,623337
PREPCSV,/mnt/beegfs/ysu34/hamlib/dia_e2e/bhc_16_7.txt,65536,99,spmv,didx_sym,7.218,2.230,0.009626,982
ENERGYRAW,1.354575e-03,133.9,79.7,238185
PREPCSV,/mnt/beegfs/ysu34/hamlib/dia_e2e/bhc_16_7.txt,65536,99,spmv,gopt,18.126,1.668,0.025190,786
ENERGYRAW,1.661288e-03,134.9,79.7,198286
PREPCSV,/mnt/beegfs/ysu34/hamlib/dia_e2e/bhc_16_7.txt,65536,99,spmv,cusparse_csr,26.907,1.454,0.030259,937
ENERGYRAW,4.443023e-01,280.5,79.7,2711
PREPCSV,/mnt/beegfs/ysu34/hamlib/dia_e2e/bhc_16_7.txt,65536,99,spmspm,ours_flat,8.080,0.563,2.212506,4
ENERGYRAW,7.896281e-01,280.0,79.7,1522
PREPCSV,/mnt/beegfs/ysu34/hamlib/dia_e2e/bhc_16_7.txt,65536,99,spmspm,hm_atomic,65.822,3.018,3.941069,17
PREPCSV,/mnt/beegfs/ysu34/hamlib/dia_e2e/bhc_16_7.txt,65536,99,spmspm,ours_sym,1.015,3.605,-1.000000,-1
ENERGYRAW,2.094106e-01,298.5,79.7,6282
PREPCSV,/mnt/beegfs/ysu34/hamlib/dia_e2e/bhc_16_7.txt,65536,99,spmspm,ours_sym,1.015,3.605,0.955034,5
ENERGYRAW,4.181038e-01,282.1,93.2,2713
SPMSPMCSV,/mnt/beegfs/ysu34/hamlib/dia_e2e/bhc_16_7.txt,65536,99,3023,166182066,ours_flat,2.211482,0.000e+00
ENERGYRAW,1.948143e-01,297.2,93.2,6307
SPMSPMCSV,/mnt/beegfs/ysu34/hamlib/dia_e2e/bhc_16_7.txt,65536,99,3023,166182066,ours_sym,0.951245,7.629e-06
ENERGYRAW,7.734515e-01,289.3,93.2,1522
SPMSPMCSV,/mnt/beegfs/ysu34/hamlib/dia_e2e/bhc_16_7.txt,65536,99,3023,166182066,hm_atomic,3.941069,3.052e-05
ENERGYRAW,1.398456e+00,140.7,93.2,203
SPMSPMCSV,/mnt/beegfs/ysu34/hamlib/dia_e2e/bhc_16_7.txt,65536,99,3023,166182066,diaq_fp32,29.507483,3.052e-05
SPMSPMCSV,/mnt/beegfs/ysu34/hamlib/dia_e2e/bhc_16_7.txt,65536,99,3023,166182066,cusparse_spgemm,9.883136,-1.000e+00
== energy bhc_18_7 ==
ENERGYRAW,6.000200e-03,264.7,80.7,182251
PREPCSV,/mnt/beegfs/ysu34/hamlib/dia_e2e/bhc_18_7.txt,262144,112,spmv,didx,91.183,2.727,0.032922,2853
ENERGYRAW,7.152163e-03,296.0,80.7,180011
PREPCSV,/mnt/beegfs/ysu34/hamlib/dia_e2e/bhc_18_7.txt,262144,112,spmv,didx_sym,34.036,8.367,0.033331,1272
ENERGYRAW,1.001553e-02,226.2,80.7,86934
PREPCSV,/mnt/beegfs/ysu34/hamlib/dia_e2e/bhc_18_7.txt,262144,112,spmv,gopt,87.198,5.701,0.069018,1346
ENERGYRAW,1.109442e-02,256.4,80.7,94429
PREPCSV,/mnt/beegfs/ysu34/hamlib/dia_e2e/bhc_18_7.txt,262144,112,spmv,cusparse_csr,135.795,4.517,0.063539,2208
ENERGYRAW,2.693178e+00,290.5,80.7,467
PREPCSV,/mnt/beegfs/ysu34/hamlib/dia_e2e/bhc_18_7.txt,262144,112,spmspm,ours_flat,18.938,1.183,12.831949,2
ENERGYRAW,4.889419e+00,263.0,80.7,223
PREPCSV,/mnt/beegfs/ysu34/hamlib/dia_e2e/bhc_18_7.txt,262144,112,spmspm,hm_atomic,371.902,10.436,26.820965,14
PREPCSV,/mnt/beegfs/ysu34/hamlib/dia_e2e/bhc_18_7.txt,262144,112,spmspm,ours_sym,4.221,5.965,-1.000000,-1
ENERGYRAW,1.295869e+00,293.9,80.7,986
PREPCSV,/mnt/beegfs/ysu34/hamlib/dia_e2e/bhc_18_7.txt,262144,112,spmspm,ours_sym,4.221,5.965,6.084044,2
ENERGYRAW,2.551664e+00,286.4,87.5,467
SPMSPMCSV,/mnt/beegfs/ysu34/hamlib/dia_e2e/bhc_18_7.txt,262144,112,4111,930782386,ours_flat,12.830412,0.000e+00
ENERGYRAW,1.260055e+00,294.8,87.5,987
SPMSPMCSV,/mnt/beegfs/ysu34/hamlib/dia_e2e/bhc_18_7.txt,262144,112,4111,930782386,ours_sym,6.076826,7.629e-06
ENERGYRAW,4.635966e+00,260.6,87.5,224
SPMSPMCSV,/mnt/beegfs/ysu34/hamlib/dia_e2e/bhc_18_7.txt,262144,112,4111,930782386,hm_atomic,26.785177,3.052e-05
ENERGYRAW,8.215342e+00,140.7,87.5,39
SPMSPMCSV,/mnt/beegfs/ysu34/hamlib/dia_e2e/bhc_18_7.txt,262144,112,4111,930782386,diaq_fp32,153.659637,3.052e-05
SPMSPMCSV,/mnt/beegfs/ysu34/hamlib/dia_e2e/bhc_18_7.txt,262144,112,4111,930782386,cusparse_spgemm,23.837290,-1.000e+00
== energy bhD1_18_7 ==
ENERGYRAW,6.005857e-03,264.1,79.7,182251
PREPCSV,/mnt/beegfs/ysu34/hamlib/dia_e2e/bhD1_18_7.txt,262144,112,spmv,didx,91.749,2.763,0.032922,2871
ENERGYRAW,7.034335e-03,292.3,79.7,180288
PREPCSV,/mnt/beegfs/ysu34/hamlib/dia_e2e/bhD1_18_7.txt,262144,112,spmv,didx_sym,34.187,8.497,0.033280,1283
ENERGYRAW,9.950489e-03,222.1,79.7,85227
PREPCSV,/mnt/beegfs/ysu34/hamlib/dia_e2e/bhD1_18_7.txt,262144,112,spmv,gopt,88.523,5.752,0.070400,1339
ENERGYRAW,1.096839e-02,254.7,79.7,95197
PREPCSV,/mnt/beegfs/ysu34/hamlib/dia_e2e/bhD1_18_7.txt,262144,112,spmv,cusparse_csr,133.486,4.569,0.063027,2190
ENERGYRAW,2.643094e+00,285.6,79.7,467
PREPCSV,/mnt/beegfs/ysu34/hamlib/dia_e2e/bhD1_18_7.txt,262144,112,spmspm,ours_flat,18.941,1.162,12.834253,2
ENERGYRAW,4.770303e+00,257.6,79.7,223
PREPCSV,/mnt/beegfs/ysu34/hamlib/dia_e2e/bhD1_18_7.txt,262144,112,spmspm,hm_atomic,373.214,10.572,26.816357,14
PREPCSV,/mnt/beegfs/ysu34/hamlib/dia_e2e/bhD1_18_7.txt,262144,112,spmspm,ours_sym,4.236,6.462,-1.000000,-1
ENERGYRAW,1.273827e+00,289.3,79.7,986
PREPCSV,/mnt/beegfs/ysu34/hamlib/dia_e2e/bhD1_18_7.txt,262144,112,spmspm,ours_sym,4.236,6.462,6.084710,2
ENERGYRAW,2.506465e+00,285.0,89.7,467
SPMSPMCSV,/mnt/beegfs/ysu34/hamlib/dia_e2e/bhD1_18_7.txt,262144,112,4111,930782386,ours_flat,12.831284,0.000e+00
ENERGYRAW,1.241898e+00,294.1,89.7,987
SPMSPMCSV,/mnt/beegfs/ysu34/hamlib/dia_e2e/bhD1_18_7.txt,262144,112,4111,930782386,ours_sym,6.077287,7.629e-06
ENERGYRAW,4.515084e+00,258.3,89.7,224
SPMSPMCSV,/mnt/beegfs/ysu34/hamlib/dia_e2e/bhD1_18_7.txt,262144,112,4111,930782386,hm_atomic,26.784409,3.052e-05
ENERGYRAW,8.007216e+00,141.7,89.7,38
SPMSPMCSV,/mnt/beegfs/ysu34/hamlib/dia_e2e/bhD1_18_7.txt,262144,112,4111,930782386,diaq_fp32,153.953995,3.052e-05
SPMSPMCSV,/mnt/beegfs/ysu34/hamlib/dia_e2e/bhD1_18_7.txt,262144,112,4111,930782386,cusparse_spgemm,23.791039,-1.000e+00
== energy C2c_18_4 ==
ENERGYRAW,1.392918e-01,182.2,74.4,4645
PREPCSV,/mnt/beegfs/ysu34/hamlib/dia_e2e/C2c_18_4.txt,262144,9971,spmv,didx,3185.289,12.986,1.291674,2476
# didx_sym skipped: non-symmetric or Dup>128
ENERGYRAW,2.430353e-01,210.0,74.4,3349
PREPCSV,/mnt/beegfs/ysu34/hamlib/dia_e2e/C2c_18_4.txt,262144,9971,spmv,gopt,3553.285,107.658,1.791334,2044
ENERGYRAW,5.193499e-02,293.9,74.4,27202
PREPCSV,/mnt/beegfs/ysu34/hamlib/dia_e2e/C2c_18_4.txt,262144,9971,spmv,cusparse_csr,8626.801,17.896,0.220570,39193
CUDA prep_driver.cu:324 out of memory
CUDA spmspm_driver.cu:94 out of memory
== energy fermi_16_5 ==
ENERGYRAW,3.599621e-04,129.4,68.3,976562
PREPCSV,/mnt/beegfs/ysu34/hamlib/dia_e2e/fermi_16_5.txt,65536,29,spmv,didx,4.372,0.420,0.006144,780
ENERGYRAW,4.609082e-04,145.6,68.3,976562
PREPCSV,/mnt/beegfs/ysu34/hamlib/dia_e2e/fermi_16_5.txt,65536,29,spmv,didx_sym,2.191,0.747,0.006144,478
ENERGYRAW,4.306196e-04,111.1,68.3,583022
PREPCSV,/mnt/beegfs/ysu34/hamlib/dia_e2e/fermi_16_5.txt,65536,29,spmv,gopt,5.406,0.665,0.010291,590
ENERGYRAW,7.755089e-04,106.7,68.3,295182
PREPCSV,/mnt/beegfs/ysu34/hamlib/dia_e2e/fermi_16_5.txt,65536,29,spmv,cusparse_csr,10.309,0.995,0.020326,556
ENERGYRAW,3.925065e-02,279.0,68.3,32106
PREPCSV,/mnt/beegfs/ysu34/hamlib/dia_e2e/fermi_16_5.txt,65536,29,spmspm,ours_flat,0.660,0.252,0.186880,5
ENERGYRAW,7.131812e-02,286.6,68.3,18396
PREPCSV,/mnt/beegfs/ysu34/hamlib/dia_e2e/fermi_16_5.txt,65536,29,spmspm,hm_atomic,9.534,1.431,0.326144,34
PREPCSV,/mnt/beegfs/ysu34/hamlib/dia_e2e/fermi_16_5.txt,65536,29,spmspm,ours_sym,0.178,1.968,-1.000000,-1
ENERGYRAW,2.102200e-02,291.9,68.3,63654
PREPCSV,/mnt/beegfs/ysu34/hamlib/dia_e2e/fermi_16_5.txt,65536,29,spmspm,ours_sym,0.178,1.968,0.094259,23
ENERGYRAW,3.829518e-02,284.9,79.3,32132
SPMSPMCSV,/mnt/beegfs/ysu34/hamlib/dia_e2e/fermi_16_5.txt,65536,29,353,21513010,ours_flat,0.186726,0.000e+00
ENERGYRAW,2.001201e-02,292.5,79.3,63688
SPMSPMCSV,/mnt/beegfs/ysu34/hamlib/dia_e2e/fermi_16_5.txt,65536,29,353,21513010,ours_sym,0.094208,0.000e+00
ENERGYRAW,6.858788e-02,289.3,79.3,18405
SPMSPMCSV,/mnt/beegfs/ysu34/hamlib/dia_e2e/fermi_16_5.txt,65536,29,353,21513010,hm_atomic,0.325990,0.000e+00
ENERGYRAW,1.809303e-01,107.0,79.3,919
SPMSPMCSV,/mnt/beegfs/ysu34/hamlib/dia_e2e/fermi_16_5.txt,65536,29,353,21513010,diaq_fp32,6.524160,0.000e+00
SPMSPMCSV,/mnt/beegfs/ysu34/hamlib/dia_e2e/fermi_16_5.txt,65536,29,353,21513010,cusparse_spgemm,9.813216,-1.000e+00
== energy fermi_18_5 ==
ENERGYRAW,1.564986e-03,209.1,78.6,490324
PREPCSV,/mnt/beegfs/ysu34/hamlib/dia_e2e/fermi_18_5.txt,262144,33,spmv,didx,16.949,1.300,0.012237,1491
ENERGYRAW,1.979186e-03,246.2,78.6,500801
PREPCSV,/mnt/beegfs/ysu34/hamlib/dia_e2e/fermi_18_5.txt,262144,33,spmv,didx_sym,9.431,3.132,0.011981,1049
ENERGYRAW,1.498027e-03,190.1,78.6,438904
PREPCSV,/mnt/beegfs/ysu34/hamlib/dia_e2e/fermi_18_5.txt,262144,33,spmv,gopt,20.845,2.171,0.013670,1684
ENERGYRAW,3.134028e-03,166.3,78.6,166459
PREPCSV,/mnt/beegfs/ysu34/hamlib/dia_e2e/fermi_18_5.txt,262144,33,spmv,cusparse_csr,43.853,2.428,0.036045,1284
ENERGYRAW,2.401374e-01,279.8,78.6,5023
PREPCSV,/mnt/beegfs/ysu34/hamlib/dia_e2e/fermi_18_5.txt,262144,33,spmspm,ours_flat,1.756,0.456,1.194445,2
ENERGYRAW,4.530553e-01,259.1,78.6,2390
PREPCSV,/mnt/beegfs/ysu34/hamlib/dia_e2e/fermi_18_5.txt,262144,33,spmspm,hm_atomic,49.307,3.751,2.509670,21
PREPCSV,/mnt/beegfs/ysu34/hamlib/dia_e2e/fermi_18_5.txt,262144,33,spmspm,ours_sym,0.779,2.816,-1.000000,-1
ENERGYRAW,1.159503e-01,286.5,78.6,10735
PREPCSV,/mnt/beegfs/ysu34/hamlib/dia_e2e/fermi_18_5.txt,262144,33,spmspm,ours_sym,0.779,2.816,0.558899,6
ENERGYRAW,2.294640e-01,279.9,87.7,5023
SPMSPMCSV,/mnt/beegfs/ysu34/hamlib/dia_e2e/fermi_18_5.txt,262144,33,465,114362994,ours_flat,1.194291,0.000e+00
ENERGYRAW,1.110547e-01,286.9,87.7,10751
SPMSPMCSV,/mnt/beegfs/ysu34/hamlib/dia_e2e/fermi_18_5.txt,262144,33,465,114362994,ours_sym,0.558080,0.000e+00
ENERGYRAW,4.354675e-01,261.2,87.7,2391
SPMSPMCSV,/mnt/beegfs/ysu34/hamlib/dia_e2e/fermi_18_5.txt,262144,33,465,114362994,hm_atomic,2.508749,0.000e+00
ENERGYRAW,7.440500e-01,109.1,87.7,173
SPMSPMCSV,/mnt/beegfs/ysu34/hamlib/dia_e2e/fermi_18_5.txt,262144,33,465,114362994,diaq_fp32,34.654976,0.000e+00
SPMSPMCSV,/mnt/beegfs/ysu34/hamlib/dia_e2e/fermi_18_5.txt,262144,33,465,114362994,cusparse_spgemm,10.379403,-1.000e+00
== energy fermi_20_5 ==
ENERGYRAW,1.171952e-02,287.8,80.1,106922
PREPCSV,/mnt/beegfs/ysu34/hamlib/dia_e2e/fermi_20_5.txt,1048576,37,spmv,didx,118.920,4.789,0.056115,2205
ENERGYRAW,1.175421e-02,297.3,80.1,112356
PREPCSV,/mnt/beegfs/ysu34/hamlib/dia_e2e/fermi_20_5.txt,1048576,37,spmv,didx_sym,45.192,11.619,0.053402,1064
ENERGYRAW,1.317832e-02,248.8,80.1,76244
PREPCSV,/mnt/beegfs/ysu34/hamlib/dia_e2e/fermi_20_5.txt,1048576,37,spmv,gopt,96.022,7.112,0.078694,1311
ENERGYRAW,1.894327e-02,295.8,80.1,68251
PREPCSV,/mnt/beegfs/ysu34/hamlib/dia_e2e/fermi_20_5.txt,1048576,37,spmv,cusparse_csr,199.900,7.451,0.087910,2359
ENERGYRAW,1.334169e+00,294.6,80.1,964
PREPCSV,/mnt/beegfs/ysu34/hamlib/dia_e2e/fermi_20_5.txt,1048576,37,spmspm,ours_flat,7.502,0.873,6.218701,1
ENERGYRAW,2.317770e+00,261.9,80.1,470
PREPCSV,/mnt/beegfs/ysu34/hamlib/dia_e2e/fermi_20_5.txt,1048576,37,spmspm,hm_atomic,250.651,12.950,12.752538,21
PREPCSV,/mnt/beegfs/ysu34/hamlib/dia_e2e/fermi_20_5.txt,1048576,37,spmspm,ours_sym,3.815,4.129,-1.000000,-1
ENERGYRAW,6.809773e-01,297.9,80.1,1914
PREPCSV,/mnt/beegfs/ysu34/hamlib/dia_e2e/fermi_20_5.txt,1048576,37,spmspm,ours_sym,3.815,4.129,3.134618,3
ENERGYRAW,1.201132e+00,288.8,95.7,964
SPMSPMCSV,/mnt/beegfs/ysu34/hamlib/dia_e2e/fermi_20_5.txt,1048576,37,593,587472114,ours_flat,6.222592,0.000e+00
ENERGYRAW,6.298951e-01,297.1,95.7,1917
SPMSPMCSV,/mnt/beegfs/ysu34/hamlib/dia_e2e/fermi_20_5.txt,1048576,37,593,587472114,ours_sym,3.128320,0.000e+00
ENERGYRAW,2.113713e+00,261.1,95.7,469
SPMSPMCSV,/mnt/beegfs/ysu34/hamlib/dia_e2e/fermi_20_5.txt,1048576,37,593,587472114,hm_atomic,12.778240,0.000e+00
ENERGYRAW,2.630473e+00,109.3,95.7,32
SPMSPMCSV,/mnt/beegfs/ysu34/hamlib/dia_e2e/fermi_20_5.txt,1048576,37,593,587472114,diaq_fp32,193.577225,0.000e+00
SPMSPMCSV,/mnt/beegfs/ysu34/hamlib/dia_e2e/fermi_20_5.txt,1048576,37,593,587472114,cusparse_spgemm,16.045023,-1.000e+00
== energy fermiFH_18_4 ==
ENERGYRAW,1.478914e-03,206.1,79.5,502950
PREPCSV,/mnt/beegfs/ysu34/hamlib/dia_e2e/fermiFH_18_4.txt,262144,64,spmv,didx,31.957,1.251,0.011930,2784
ENERGYRAW,1.983469e-03,250.4,79.5,507305
PREPCSV,/mnt/beegfs/ysu34/hamlib/dia_e2e/fermiFH_18_4.txt,262144,64,spmv,didx_sym,16.577,5.390,0.011827,1857
ENERGYRAW,4.181663e-03,204.4,79.5,173868
PREPCSV,/mnt/beegfs/ysu34/hamlib/dia_e2e/fermiFH_18_4.txt,262144,64,spmv,gopt,37.529,3.023,0.034509,1175
ENERGYRAW,2.782796e-03,159.9,79.5,172334
PREPCSV,/mnt/beegfs/ysu34/hamlib/dia_e2e/fermiFH_18_4.txt,262144,64,spmv,cusparse_csr,52.734,2.255,0.034816,1579
ENERGYRAW,8.813857e-01,280.2,79.5,1366
PREPCSV,/mnt/beegfs/ysu34/hamlib/dia_e2e/fermiFH_18_4.txt,262144,64,spmspm,ours_flat,5.410,0.672,4.391987,1
ENERGYRAW,1.592279e+00,253.3,79.5,654
PREPCSV,/mnt/beegfs/ysu34/hamlib/dia_e2e/fermiFH_18_4.txt,262144,64,spmspm,hm_atomic,150.918,6.201,9.162803,17
PREPCSV,/mnt/beegfs/ysu34/hamlib/dia_e2e/fermiFH_18_4.txt,262144,64,spmspm,ours_sym,1.878,3.726,-1.000000,-1
ENERGYRAW,4.306666e-01,286.1,79.5,2873
PREPCSV,/mnt/beegfs/ysu34/hamlib/dia_e2e/fermiFH_18_4.txt,262144,64,spmspm,ours_sym,1.878,3.726,2.088243,3
ENERGYRAW,8.123220e-01,278.6,93.7,1365
SPMSPMCSV,/mnt/beegfs/ysu34/hamlib/dia_e2e/fermiFH_18_4.txt,262144,64,1549,366904380,ours_flat,4.393062,0.000e+00
ENERGYRAW,4.049350e-01,287.9,93.7,2876
SPMSPMCSV,/mnt/beegfs/ysu34/hamlib/dia_e2e/fermiFH_18_4.txt,262144,64,1549,366904380,ours_sym,2.085888,0.000e+00
ENERGYRAW,1.471565e+00,254.3,93.7,655
SPMSPMCSV,/mnt/beegfs/ysu34/hamlib/dia_e2e/fermiFH_18_4.txt,262144,64,1549,366904380,hm_atomic,9.157888,0.000e+00
ENERGYRAW,2.302682e+00,123.9,93.7,78
SPMSPMCSV,/mnt/beegfs/ysu34/hamlib/dia_e2e/fermiFH_18_4.txt,262144,64,1549,366904380,diaq_fp32,75.968056,0.000e+00
SPMSPMCSV,/mnt/beegfs/ysu34/hamlib/dia_e2e/fermiFH_18_4.txt,262144,64,1549,366904380,cusparse_spgemm,10.758431,-1.000e+00
== energy H8c_16_4 ==
ENERGYRAW,4.844361e-02,154.6,77.0,9607
PREPCSV,/mnt/beegfs/ysu34/hamlib/dia_e2e/H8c_16_4.txt,65536,8887,spmv,didx,647.301,5.196,0.624486,1045
# didx_sym skipped: non-symmetric or Dup>128
ENERGYRAW,9.405226e-02,133.0,77.0,3572
PREPCSV,/mnt/beegfs/ysu34/hamlib/dia_e2e/H8c_16_4.txt,65536,8887,spmv,gopt,772.873,37.373,1.679360,482
ENERGYRAW,2.028188e-02,292.6,77.0,64959
PREPCSV,/mnt/beegfs/ysu34/hamlib/dia_e2e/H8c_16_4.txt,65536,8887,spmv,cusparse_csr,1557.891,7.004,0.092365,16943
ENERGYRAW,2.804079e+03,290.8,77.0,32
PREPCSV,/mnt/beegfs/ysu34/hamlib/dia_e2e/H8c_16_4.txt,65536,8887,spmspm,ours_flat,11956.146,153.996,13117.326172,1
# hm_atomic skipped: C nnz 2147483648 exceeds HM int32 layout
PREPCSV,/mnt/beegfs/ysu34/hamlib/dia_e2e/H8c_16_4.txt,65536,8887,spmspm,ours_sym,1174.254,81.429,-1.000000,-1
ENERGYRAW,1.437276e+03,292.0,77.0,32
PREPCSV,/mnt/beegfs/ysu34/hamlib/dia_e2e/H8c_16_4.txt,65536,8887,spmspm,ours_sym,1174.254,81.429,6685.070312,0
ENERGYRAW,2.623800e+03,292.3,92.2,32
SPMSPMCSV,/mnt/beegfs/ysu34/hamlib/dia_e2e/H8c_16_4.txt,65536,8887,65535,2147483648,ours_flat,13117.400391,0.000e+00
ENERGYRAW,1.339810e+03,292.7,92.2,32
SPMSPMCSV,/mnt/beegfs/ysu34/hamlib/dia_e2e/H8c_16_4.txt,65536,8887,65535,2147483648,ours_sym,6685.204590,6.104e-05
# hm_atomic skipped: C nnz 2147483648 exceeds HM int32 layout
== energy heis_16_5 ==
ENERGYRAW,3.998639e-04,148.0,80.9,976562
PREPCSV,/mnt/beegfs/ysu34/hamlib/dia_e2e/heis_16_5.txt,65536,31,spmv,didx,4.638,3.899,0.006144,1389
ENERGYRAW,4.915155e-04,161.8,80.9,952743
PREPCSV,/mnt/beegfs/ysu34/hamlib/dia_e2e/heis_16_5.txt,65536,31,spmv,didx_sym,2.191,0.788,0.006298,473
ENERGYRAW,4.458261e-04,123.2,80.9,558035
PREPCSV,/mnt/beegfs/ysu34/hamlib/dia_e2e/heis_16_5.txt,65536,31,spmv,gopt,5.713,0.695,0.010752,596
ENERGYRAW,7.768563e-04,118.5,80.9,287224
PREPCSV,/mnt/beegfs/ysu34/hamlib/dia_e2e/heis_16_5.txt,65536,31,spmv,cusparse_csr,10.603,0.986,0.020890,555
ENERGYRAW,4.403199e-02,288.2,80.9,28170
PREPCSV,/mnt/beegfs/ysu34/hamlib/dia_e2e/heis_16_5.txt,65536,31,spmspm,ours_flat,0.587,0.259,0.212992,4
ENERGYRAW,7.983148e-02,291.9,80.9,15840
PREPCSV,/mnt/beegfs/ysu34/hamlib/dia_e2e/heis_16_5.txt,65536,31,spmspm,hm_atomic,10.476,1.598,0.378778,32
PREPCSV,/mnt/beegfs/ysu34/hamlib/dia_e2e/heis_16_5.txt,65536,31,spmspm,ours_sym,0.189,2.105,-1.000000,-1
ENERGYRAW,2.321729e-02,299.1,80.9,56286
PREPCSV,/mnt/beegfs/ysu34/hamlib/dia_e2e/heis_16_5.txt,65536,31,spmspm,ours_sym,0.189,2.105,0.106598,22
ENERGYRAW,4.502300e-02,294.0,82.2,28272
SPMSPMCSV,/mnt/beegfs/ysu34/hamlib/dia_e2e/heis_16_5.txt,65536,31,399,24395762,ours_flat,0.212224,0.000e+00
ENERGYRAW,2.275226e-02,295.2,82.2,56286
SPMSPMCSV,/mnt/beegfs/ysu34/hamlib/dia_e2e/heis_16_5.txt,65536,31,399,24395762,ours_sym,0.106598,0.000e+00
ENERGYRAW,8.162452e-02,296.5,82.2,15744
SPMSPMCSV,/mnt/beegfs/ysu34/hamlib/dia_e2e/heis_16_5.txt,65536,31,399,24395762,hm_atomic,0.381082,0.000e+00
ENERGYRAW,2.018030e-01,111.9,82.2,882
SPMSPMCSV,/mnt/beegfs/ysu34/hamlib/dia_e2e/heis_16_5.txt,65536,31,399,24395762,diaq_fp32,6.798336,0.000e+00
SPMSPMCSV,/mnt/beegfs/ysu34/hamlib/dia_e2e/heis_16_5.txt,65536,31,399,24395762,cusparse_spgemm,9.813365,-1.000e+00
== energy heis_18_5 ==
ENERGYRAW,1.692868e-03,218.8,80.6,482253
PREPCSV,/mnt/beegfs/ysu34/hamlib/dia_e2e/heis_18_5.txt,262144,35,spmv,didx,21.010,1.406,0.012442,1802
ENERGYRAW,2.052536e-03,251.4,80.6,488281
PREPCSV,/mnt/beegfs/ysu34/hamlib/dia_e2e/heis_18_5.txt,262144,35,spmv,didx_sym,10.079,3.319,0.012288,1090
ENERGYRAW,1.675171e-03,187.9,80.6,372023
PREPCSV,/mnt/beegfs/ysu34/hamlib/dia_e2e/heis_18_5.txt,262144,35,spmv,gopt,22.301,2.375,0.016128,1530
ENERGYRAW,3.263433e-03,171.6,80.6,166223
PREPCSV,/mnt/beegfs/ysu34/hamlib/dia_e2e/heis_18_5.txt,262144,35,spmv,cusparse_csr,60.611,2.547,0.036096,1750
ENERGYRAW,2.664078e-01,278.2,80.6,4446
PREPCSV,/mnt/beegfs/ysu34/hamlib/dia_e2e/heis_18_5.txt,262144,35,spmspm,ours_flat,1.938,0.473,1.349376,2
ENERGYRAW,4.980794e-01,256.3,80.6,2116
PREPCSV,/mnt/beegfs/ysu34/hamlib/dia_e2e/heis_18_5.txt,262144,35,spmspm,hm_atomic,55.425,3.952,2.835405,21
PREPCSV,/mnt/beegfs/ysu34/hamlib/dia_e2e/heis_18_5.txt,262144,35,spmspm,ours_sym,0.792,2.909,-1.000000,-1
ENERGYRAW,1.295607e-01,286.3,80.6,9502
PREPCSV,/mnt/beegfs/ysu34/hamlib/dia_e2e/heis_18_5.txt,262144,35,spmspm,ours_sym,0.792,2.909,0.631398,6
ENERGYRAW,2.581674e-01,277.8,86.3,4447
SPMSPMCSV,/mnt/beegfs/ysu34/hamlib/dia_e2e/heis_18_5.txt,262144,35,519,127991794,ours_flat,1.349120,0.000e+00
ENERGYRAW,1.281356e-01,290.0,86.3,9523
SPMSPMCSV,/mnt/beegfs/ysu34/hamlib/dia_e2e/heis_18_5.txt,262144,35,519,127991794,ours_sym,0.630016,0.000e+00
ENERGYRAW,5.000857e-01,262.7,86.3,2115
SPMSPMCSV,/mnt/beegfs/ysu34/hamlib/dia_e2e/heis_18_5.txt,262144,35,519,127991794,hm_atomic,2.835814,0.000e+00
ENERGYRAW,9.069983e-01,111.6,86.3,167
SPMSPMCSV,/mnt/beegfs/ysu34/hamlib/dia_e2e/heis_18_5.txt,262144,35,519,127991794,diaq_fp32,35.796272,0.000e+00
SPMSPMCSV,/mnt/beegfs/ysu34/hamlib/dia_e2e/heis_18_5.txt,262144,35,519,127991794,cusparse_spgemm,11.244565,-1.000e+00
== energy heis_20_5 ==
ENERGYRAW,1.237397e-02,291.9,79.9,103797
PREPCSV,/mnt/beegfs/ysu34/hamlib/dia_e2e/heis_20_5.txt,1048576,39,spmv,didx,126.367,5.042,0.057805,2273
ENERGYRAW,1.202083e-02,296.1,79.9,109418
PREPCSV,/mnt/beegfs/ysu34/hamlib/dia_e2e/heis_20_5.txt,1048576,39,spmv,didx_sym,49.166,12.512,0.054835,1125
ENERGYRAW,1.325089e-02,245.1,79.9,74452
PREPCSV,/mnt/beegfs/ysu34/hamlib/dia_e2e/heis_20_5.txt,1048576,39,spmv,gopt,99.777,7.459,0.080589,1331
ENERGYRAW,1.960401e-02,296.4,79.9,66357
PREPCSV,/mnt/beegfs/ysu34/hamlib/dia_e2e/heis_20_5.txt,1048576,39,spmv,cusparse_csr,282.840,8.068,0.090419,3217
ENERGYRAW,1.486353e+00,294.5,79.9,866
PREPCSV,/mnt/beegfs/ysu34/hamlib/dia_e2e/heis_20_5.txt,1048576,39,spmspm,ours_flat,8.065,0.910,6.927053,1
ENERGYRAW,2.602338e+00,262.8,79.9,421
PREPCSV,/mnt/beegfs/ysu34/hamlib/dia_e2e/heis_20_5.txt,1048576,39,spmspm,hm_atomic,275.697,13.850,14.225716,20
PREPCSV,/mnt/beegfs/ysu34/hamlib/dia_e2e/heis_20_5.txt,1048576,39,spmspm,ours_sym,3.937,3.761,-1.000000,-1
ENERGYRAW,7.507057e-01,295.9,79.9,1722
PREPCSV,/mnt/beegfs/ysu34/hamlib/dia_e2e/heis_20_5.txt,1048576,39,spmspm,ours_sym,3.937,3.761,3.484006,2
ENERGYRAW,1.431304e+00,290.9,84.4,865
SPMSPMCSV,/mnt/beegfs/ysu34/hamlib/dia_e2e/heis_20_5.txt,1048576,39,655,650379250,ours_flat,6.929766,0.000e+00
ENERGYRAW,7.286718e-01,293.9,84.4,1725
SPMSPMCSV,/mnt/beegfs/ysu34/hamlib/dia_e2e/heis_20_5.txt,1048576,39,655,650379250,ours_sym,3.477914,0.000e+00
ENERGYRAW,2.486289e+00,259.3,84.4,422
SPMSPMCSV,/mnt/beegfs/ysu34/hamlib/dia_e2e/heis_20_5.txt,1048576,39,655,650379250,hm_atomic,14.212506,0.000e+00
ENERGYRAW,5.841034e+00,113.5,84.4,32
SPMSPMCSV,/mnt/beegfs/ysu34/hamlib/dia_e2e/heis_20_5.txt,1048576,39,655,650379250,diaq_fp32,200.831802,0.000e+00
SPMSPMCSV,/mnt/beegfs/ysu34/hamlib/dia_e2e/heis_20_5.txt,1048576,39,655,650379250,cusparse_spgemm,16.752726,-1.000e+00
== energy heis_20_6 ==
ENERGYRAW,1.224718e-02,289.0,79.4,103705
PREPCSV,/mnt/beegfs/ysu34/hamlib/dia_e2e/heis_20_6.txt,1048576,39,spmv,didx,121.273,5.008,0.057856,2183
ENERGYRAW,1.225955e-02,299.0,79.4,108708
PREPCSV,/mnt/beegfs/ysu34/hamlib/dia_e2e/heis_20_6.txt,1048576,39,spmv,didx_sym,48.215,12.424,0.055194,1099
ENERGYRAW,1.313599e-02,243.1,79.4,74689
PREPCSV,/mnt/beegfs/ysu34/hamlib/dia_e2e/heis_20_6.txt,1048576,39,spmv,gopt,96.970,7.378,0.080333,1299
ENERGYRAW,1.952449e-02,294.3,79.4,65946
PREPCSV,/mnt/beegfs/ysu34/hamlib/dia_e2e/heis_20_6.txt,1048576,39,spmv,cusparse_csr,286.678,7.997,0.090982,3239
ENERGYRAW,1.483271e+00,293.5,79.4,866
PREPCSV,/mnt/beegfs/ysu34/hamlib/dia_e2e/heis_20_6.txt,1048576,39,spmspm,ours_flat,8.026,0.921,6.926387,1
ENERGYRAW,2.614924e+00,263.2,79.4,421
PREPCSV,/mnt/beegfs/ysu34/hamlib/dia_e2e/heis_20_6.txt,1048576,39,spmspm,hm_atomic,274.452,13.777,14.223207,20
PREPCSV,/mnt/beegfs/ysu34/hamlib/dia_e2e/heis_20_6.txt,1048576,39,spmspm,ours_sym,3.938,3.758,-1.000000,-1
ENERGYRAW,7.478923e-01,294.6,79.4,1722
PREPCSV,/mnt/beegfs/ysu34/hamlib/dia_e2e/heis_20_6.txt,1048576,39,spmspm,ours_sym,3.938,3.758,3.484211,2
ENERGYRAW,1.327684e+00,288.0,96.4,865
SPMSPMCSV,/mnt/beegfs/ysu34/hamlib/dia_e2e/heis_20_6.txt,1048576,39,655,650379250,ours_flat,6.930534,0.000e+00
ENERGYRAW,6.900011e-01,294.8,96.4,1725
SPMSPMCSV,/mnt/beegfs/ysu34/hamlib/dia_e2e/heis_20_6.txt,1048576,39,655,650379250,ours_sym,3.477965,0.000e+00
ENERGYRAW,2.316279e+00,259.4,96.4,421
SPMSPMCSV,/mnt/beegfs/ysu34/hamlib/dia_e2e/heis_20_6.txt,1048576,39,655,650379250,hm_atomic,14.219060,0.000e+00
ENERGYRAW,8.477032e+00,138.6,96.4,32
SPMSPMCSV,/mnt/beegfs/ysu34/hamlib/dia_e2e/heis_20_6.txt,1048576,39,655,650379250,diaq_fp32,200.797333,0.000e+00
SPMSPMCSV,/mnt/beegfs/ysu34/hamlib/dia_e2e/heis_20_6.txt,1048576,39,655,650379250,cusparse_spgemm,16.764982,-1.000e+00
== energy maxcut_16_5 ==
ENERGYRAW,1.036526e-04,107.1,79.1,1541940
PREPCSV,/mnt/beegfs/ysu34/hamlib/dia_e2e/maxcut_16_5.txt,65536,1,spmv,didx,0.385,0.088,0.003891,121
ENERGYRAW,1.060564e-04,107.8,79.1,1541940
PREPCSV,/mnt/beegfs/ysu34/hamlib/dia_e2e/maxcut_16_5.txt,65536,1,spmv,didx_sym,0.388,0.129,0.003891,133
ENERGYRAW,7.528017e-05,99.5,79.1,1562499
PREPCSV,/mnt/beegfs/ysu34/hamlib/dia_e2e/maxcut_16_5.txt,65536,1,spmv,gopt,0.175,0.081,0.003840,67
ENERGYRAW,3.109722e-04,93.3,79.1,271267
PREPCSV,/mnt/beegfs/ysu34/hamlib/dia_e2e/maxcut_16_5.txt,65536,1,spmv,cusparse_csr,0.707,0.674,0.022118,62
ENERGYRAW,9.349194e-05,97.6,79.1,1148897
PREPCSV,/mnt/beegfs/ysu34/hamlib/dia_e2e/maxcut_16_5.txt,65536,1,spmspm,ours_flat,0.242,0.069,0.005222,60
ENERGYRAW,1.421564e-04,100.6,79.1,693417
PREPCSV,/mnt/beegfs/ysu34/hamlib/dia_e2e/maxcut_16_5.txt,65536,1,spmspm,hm_atomic,0.582,0.210,0.008653,92
PREPCSV,/mnt/beegfs/ysu34/hamlib/dia_e2e/maxcut_16_5.txt,65536,1,spmspm,ours_sym,0.160,0.091,-1.000000,-1
ENERGYRAW,9.274113e-05,97.5,79.1,1160272
PREPCSV,/mnt/beegfs/ysu34/hamlib/dia_e2e/maxcut_16_5.txt,65536,1,spmspm,ours_sym,0.160,0.091,0.005171,49
ENERGYRAW,1.039257e-04,96.2,76.1,1126802
SPMSPMCSV,/mnt/beegfs/ysu34/hamlib/dia_e2e/maxcut_16_5.txt,65536,1,1,65536,ours_flat,0.005325,0.000e+00
ENERGYRAW,1.040271e-04,96.5,76.1,1137742
SPMSPMCSV,/mnt/beegfs/ysu34/hamlib/dia_e2e/maxcut_16_5.txt,65536,1,1,65536,ours_sym,0.005274,0.000e+00
ENERGYRAW,1.588512e-04,99.0,76.1,855383
SPMSPMCSV,/mnt/beegfs/ysu34/hamlib/dia_e2e/maxcut_16_5.txt,65536,1,1,65536,hm_atomic,0.007014,0.000e+00
ENERGYRAW,1.004453e-03,86.1,76.1,59881
SPMSPMCSV,/mnt/beegfs/ysu34/hamlib/dia_e2e/maxcut_16_5.txt,65536,1,1,65536,diaq_fp32,0.100198,0.000e+00
SPMSPMCSV,/mnt/beegfs/ysu34/hamlib/dia_e2e/maxcut_16_5.txt,65536,1,1,65536,cusparse_spgemm,8.333428,-1.000e+00
== energy maxcut_18_5 ==
ENERGYRAW,3.274205e-04,147.8,75.8,1260080
PREPCSV,/mnt/beegfs/ysu34/hamlib/dia_e2e/maxcut_18_5.txt,262144,1,spmv,didx,1.812,0.439,0.004762,473
ENERGYRAW,3.525325e-04,150.7,75.8,1220703
PREPCSV,/mnt/beegfs/ysu34/hamlib/dia_e2e/maxcut_18_5.txt,262144,1,spmv,didx_sym,1.229,0.499,0.004915,352
ENERGYRAW,1.996642e-04,122.7,75.8,1331676
PREPCSV,/mnt/beegfs/ysu34/hamlib/dia_e2e/maxcut_18_5.txt,262144,1,spmv,gopt,0.560,0.245,0.004506,179
ENERGYRAW,6.965338e-04,108.1,75.8,277039
PREPCSV,/mnt/beegfs/ysu34/hamlib/dia_e2e/maxcut_18_5.txt,262144,1,spmv,cusparse_csr,2.575,0.796,0.021658,156
ENERGYRAW,2.570113e-04,124.0,75.8,1075114
PREPCSV,/mnt/beegfs/ysu34/hamlib/dia_e2e/maxcut_18_5.txt,262144,1,spmspm,ours_flat,0.522,0.114,0.005581,114
ENERGYRAW,4.397530e-04,131.6,75.8,732421
PREPCSV,/mnt/beegfs/ysu34/hamlib/dia_e2e/maxcut_18_5.txt,262144,1,spmspm,hm_atomic,1.080,0.456,0.008192,188
PREPCSV,/mnt/beegfs/ysu34/hamlib/dia_e2e/maxcut_18_5.txt,262144,1,spmspm,ours_sym,0.315,0.128,-1.000000,-1
ENERGYRAW,2.580114e-04,124.2,75.8,1085069
PREPCSV,/mnt/beegfs/ysu34/hamlib/dia_e2e/maxcut_18_5.txt,262144,1,spmspm,ours_sym,0.315,0.128,0.005530,80
ENERGYRAW,2.480583e-04,123.2,77.0,1075114
SPMSPMCSV,/mnt/beegfs/ysu34/hamlib/dia_e2e/maxcut_18_5.txt,262144,1,1,262144,ours_flat,0.005581,0.000e+00
ENERGYRAW,2.553919e-04,124.6,77.0,1075114
SPMSPMCSV,/mnt/beegfs/ysu34/hamlib/dia_e2e/maxcut_18_5.txt,262144,1,1,262144,ours_sym,0.005581,0.000e+00
ENERGYRAW,4.272306e-04,129.9,77.0,723379
SPMSPMCSV,/mnt/beegfs/ysu34/hamlib/dia_e2e/maxcut_18_5.txt,262144,1,1,262144,hm_atomic,0.008294,0.000e+00
ENERGYRAW,3.800353e-03,87.2,77.0,15985
SPMSPMCSV,/mnt/beegfs/ysu34/hamlib/dia_e2e/maxcut_18_5.txt,262144,1,1,262144,diaq_fp32,0.375347,0.000e+00
SPMSPMCSV,/mnt/beegfs/ysu34/hamlib/dia_e2e/maxcut_18_5.txt,262144,1,1,262144,cusparse_spgemm,8.302741,-1.000e+00
== energy maxcut_20_5 ==
ENERGYRAW,1.092082e-03,205.4,75.6,697544
PREPCSV,/mnt/beegfs/ysu34/hamlib/dia_e2e/maxcut_20_5.txt,1048576,1,spmv,didx,5.160,0.918,0.008602,707
ENERGYRAW,1.153393e-03,206.7,75.6,665838
PREPCSV,/mnt/beegfs/ysu34/hamlib/dia_e2e/maxcut_20_5.txt,1048576,1,spmv,didx_sym,5.504,1.001,0.009011,722
ENERGYRAW,5.925028e-04,167.2,75.6,894561
PREPCSV,/mnt/beegfs/ysu34/hamlib/dia_e2e/maxcut_20_5.txt,1048576,1,spmv,gopt,2.828,0.402,0.006707,481
ENERGYRAW,2.389136e-03,138.6,75.6,157298
PREPCSV,/mnt/beegfs/ysu34/hamlib/dia_e2e/maxcut_20_5.txt,1048576,1,spmv,cusparse_csr,5.610,1.675,0.038144,191
ENERGYRAW,8.891975e-04,173.2,75.6,647444
PREPCSV,/mnt/beegfs/ysu34/hamlib/dia_e2e/maxcut_20_5.txt,1048576,1,spmspm,ours_flat,2.109,0.185,0.009267,248
ENERGYRAW,1.596297e-03,186.2,75.6,411184
PREPCSV,/mnt/beegfs/ysu34/hamlib/dia_e2e/maxcut_20_5.txt,1048576,1,spmspm,hm_atomic,5.369,1.436,0.014592,466
PREPCSV,/mnt/beegfs/ysu34/hamlib/dia_e2e/maxcut_20_5.txt,1048576,1,spmspm,ours_sym,1.343,0.204,-1.000000,-1
ENERGYRAW,9.123498e-04,175.7,75.6,647444
PREPCSV,/mnt/beegfs/ysu34/hamlib/dia_e2e/maxcut_20_5.txt,1048576,1,spmspm,ours_sym,1.343,0.204,0.009267,167
ENERGYRAW,8.656792e-04,174.5,77.5,654678
SPMSPMCSV,/mnt/beegfs/ysu34/hamlib/dia_e2e/maxcut_20_5.txt,1048576,1,1,1048576,ours_flat,0.009165,0.000e+00
ENERGYRAW,8.852959e-04,176.8,77.5,654678
SPMSPMCSV,/mnt/beegfs/ysu34/hamlib/dia_e2e/maxcut_20_5.txt,1048576,1,1,1048576,ours_sym,0.009165,0.000e+00
ENERGYRAW,1.591077e-03,190.8,77.5,420026
SPMSPMCSV,/mnt/beegfs/ysu34/hamlib/dia_e2e/maxcut_20_5.txt,1048576,1,1,1048576,hm_atomic,0.014285,0.000e+00
ENERGYRAW,1.673178e-02,88.8,77.5,4070
SPMSPMCSV,/mnt/beegfs/ysu34/hamlib/dia_e2e/maxcut_20_5.txt,1048576,1,1,1048576,diaq_fp32,1.473894,0.000e+00
SPMSPMCSV,/mnt/beegfs/ysu34/hamlib/dia_e2e/maxcut_20_5.txt,1048576,1,1,1048576,cusparse_spgemm,8.743520,-1.000e+00
== energy O2c_16_5 ==
ENERGYRAW,9.123190e-03,184.5,76.4,70765
PREPCSV,/mnt/beegfs/ysu34/hamlib/dia_e2e/O2c_16_5.txt,65536,1243,spmv,didx,122.596,2.638,0.084787,1477
# didx_sym skipped: non-symmetric or Dup>128
ENERGYRAW,2.116052e-02,135.8,76.4,16856
PREPCSV,/mnt/beegfs/ysu34/hamlib/dia_e2e/O2c_16_5.txt,65536,1243,spmv,gopt,137.635,9.359,0.355942,413
ENERGYRAW,9.805088e-03,258.4,76.4,111078
PREPCSV,/mnt/beegfs/ysu34/hamlib/dia_e2e/O2c_16_5.txt,65536,1243,spmv,cusparse_csr,341.668,3.767,0.054016,6395
ENERGYRAW,6.018306e+01,288.6,76.4,32
PREPCSV,/mnt/beegfs/ysu34/hamlib/dia_e2e/O2c_16_5.txt,65536,1243,spmspm,ours_flat,2321.814,7.899,283.616913,8
# hm_atomic skipped: C nnz 3826555296 exceeds HM int32 layout
PREPCSV,/mnt/beegfs/ysu34/hamlib/dia_e2e/O2c_16_5.txt,65536,1243,spmspm,ours_sym,97.812,27.819,-1.000000,-1
ENERGYRAW,2.929141e+01,295.6,76.4,44
PREPCSV,/mnt/beegfs/ysu34/hamlib/dia_e2e/O2c_16_5.txt,65536,1243,spmspm,ours_sym,97.812,27.819,133.655090,1
ENERGYRAW,5.827576e+01,288.1,82.7,32
SPMSPMCSV,/mnt/beegfs/ysu34/hamlib/dia_e2e/O2c_16_5.txt,65536,1243,100569,3826555296,ours_flat,283.591156,0.000e+00
ENERGYRAW,2.836105e+01,294.9,82.7,44
SPMSPMCSV,/mnt/beegfs/ysu34/hamlib/dia_e2e/O2c_16_5.txt,65536,1243,100569,3826555296,ours_sym,133.620331,1.221e-04
# hm_atomic skipped: C nnz 3826555296 exceeds HM int32 layout
ENERGYRAW,1.958966e+02,218.6,82.7,32
SPMSPMCSV,/mnt/beegfs/ysu34/hamlib/dia_e2e/O2c_16_5.txt,65536,1243,100569,3826555296,diaq_fp32,1440.730713,6.104e-05
SPMSPMCSV,/mnt/beegfs/ysu34/hamlib/dia_e2e/O2c_16_5.txt,65536,1243,100569,3826555296,cusparse_spgemm,44.862217,-1.000e+00
== energy O2c_20_5 ==
ENERGYRAW,8.574548e-01,254.4,74.0,1262
PREPCSV,/mnt/beegfs/ysu34/hamlib/dia_e2e/O2c_20_5.txt,1048576,3359,spmv,didx,7245.577,82.006,4.752793,1542
# didx_sym skipped: non-symmetric or Dup>128
ENERGYRAW,5.611685e-01,271.0,74.0,2109
PREPCSV,/mnt/beegfs/ysu34/hamlib/dia_e2e/O2c_20_5.txt,1048576,3359,spmv,gopt,6577.629,265.715,2.844723,2406
# cusparse_csr(32I) impossible (H nnz 2885216396); running 64I
ENERGYRAW,4.296294e-01,298.8,74.0,3262
PREPCSV,/mnt/beegfs/ysu34/hamlib/dia_e2e/O2c_20_5.txt,1048576,3359,spmv,cusparse_csr_64i,20341.061,168.566,1.838848,11154
CUDA prep_driver.cu:324 out of memory
CUDA spmspm_driver.cu:94 out of memory
== energy qmaxcut_16_4 ==
ENERGYRAW,3.821732e-04,131.5,69.1,930059
PREPCSV,/mnt/beegfs/ysu34/hamlib/dia_e2e/qmaxcut_16_4.txt,65536,31,spmv,didx,3.384,4.111,0.006451,1162
ENERGYRAW,5.085975e-04,146.1,69.1,887784
PREPCSV,/mnt/beegfs/ysu34/hamlib/dia_e2e/qmaxcut_16_4.txt,65536,31,spmv,didx_sym,1.471,0.583,0.006758,304
ENERGYRAW,3.160831e-04,108.3,69.1,723379
PREPCSV,/mnt/beegfs/ysu34/hamlib/dia_e2e/qmaxcut_16_4.txt,65536,31,spmv,gopt,4.291,0.445,0.008294,571
ENERGYRAW,8.188217e-04,107.6,69.1,279683
PREPCSV,/mnt/beegfs/ysu34/hamlib/dia_e2e/qmaxcut_16_4.txt,65536,31,spmv,cusparse_csr,9.617,0.962,0.021453,493
ENERGYRAW,2.143643e-02,269.8,69.1,56043
PREPCSV,/mnt/beegfs/ysu34/hamlib/dia_e2e/qmaxcut_16_4.txt,65536,31,spmspm,ours_flat,0.512,0.212,0.107059,7
ENERGYRAW,3.250349e-02,271.4,69.1,37261
PREPCSV,/mnt/beegfs/ysu34/hamlib/dia_e2e/qmaxcut_16_4.txt,65536,31,spmspm,hm_atomic,6.909,1.060,0.161024,49
PREPCSV,/mnt/beegfs/ysu34/hamlib/dia_e2e/qmaxcut_16_4.txt,65536,31,spmspm,ours_sym,0.150,1.124,-1.000000,-1
ENERGYRAW,1.146747e-02,275.9,69.1,107907
PREPCSV,/mnt/beegfs/ysu34/hamlib/dia_e2e/qmaxcut_16_4.txt,65536,31,spmspm,ours_sym,0.150,1.124,0.055603,23
ENERGYRAW,2.140149e-02,277.7,77.8,55936
SPMSPMCSV,/mnt/beegfs/ysu34/hamlib/dia_e2e/qmaxcut_16_4.txt,65536,31,481,15138746,ours_flat,0.107264,0.000e+00
ENERGYRAW,1.125088e-02,280.1,77.8,107314
SPMSPMCSV,/mnt/beegfs/ysu34/hamlib/dia_e2e/qmaxcut_16_4.txt,65536,31,481,15138746,ours_sym,0.055910,0.000e+00
ENERGYRAW,3.189092e-02,275.8,77.8,37308
SPMSPMCSV,/mnt/beegfs/ysu34/hamlib/dia_e2e/qmaxcut_16_4.txt,65536,31,481,15138746,hm_atomic,0.160819,0.000e+00
ENERGYRAW,9.726349e-02,100.0,77.8,1371
SPMSPMCSV,/mnt/beegfs/ysu34/hamlib/dia_e2e/qmaxcut_16_4.txt,65536,31,481,15138746,diaq_fp32,4.375757,0.000e+00
SPMSPMCSV,/mnt/beegfs/ysu34/hamlib/dia_e2e/qmaxcut_16_4.txt,65536,31,481,15138746,cusparse_spgemm,9.799466,-1.000e+00
== energy qmaxcut_18_4 ==
ENERGYRAW,1.681346e-03,213.2,78.2,474443
PREPCSV,/mnt/beegfs/ysu34/hamlib/dia_e2e/qmaxcut_18_4.txt,262144,35,spmv,didx,13.202,1.405,0.012646,1155
ENERGYRAW,2.243588e-03,257.0,78.2,472530
PREPCSV,/mnt/beegfs/ysu34/hamlib/dia_e2e/qmaxcut_18_4.txt,262144,35,spmv,didx_sym,6.453,2.206,0.012698,682
ENERGYRAW,1.105574e-03,184.3,78.2,563401
PREPCSV,/mnt/beegfs/ysu34/hamlib/dia_e2e/qmaxcut_18_4.txt,262144,35,spmv,gopt,12.188,1.670,0.010650,1301
ENERGYRAW,3.450618e-03,170.9,78.2,160751
PREPCSV,/mnt/beegfs/ysu34/hamlib/dia_e2e/qmaxcut_18_4.txt,262144,35,spmv,cusparse_csr,41.938,2.479,0.037325,1190
ENERGYRAW,1.160781e-01,294.5,78.2,11169
PREPCSV,/mnt/beegfs/ysu34/hamlib/dia_e2e/qmaxcut_18_4.txt,262144,35,spmspm,ours_flat,1.545,0.383,0.537190,4
ENERGYRAW,1.729879e-01,291.3,78.2,7377
PREPCSV,/mnt/beegfs/ysu34/hamlib/dia_e2e/qmaxcut_18_4.txt,262144,35,spmspm,hm_atomic,31.997,2.767,0.813261,43
PREPCSV,/mnt/beegfs/ysu34/hamlib/dia_e2e/qmaxcut_18_4.txt,262144,35,spmspm,ours_sym,0.624,2.582,-1.000000,-1
ENERGYRAW,5.995275e-02,299.2,78.2,22048
PREPCSV,/mnt/beegfs/ysu34/hamlib/dia_e2e/qmaxcut_18_4.txt,262144,35,spmspm,ours_sym,0.624,2.582,0.272128,12
ENERGYRAW,1.142053e-01,294.1,81.4,11158
SPMSPMCSV,/mnt/beegfs/ysu34/hamlib/dia_e2e/qmaxcut_18_4.txt,262144,35,613,77332402,ours_flat,0.537702,0.000e+00
ENERGYRAW,5.824274e-02,296.4,81.4,22115
SPMSPMCSV,/mnt/beegfs/ysu34/hamlib/dia_e2e/qmaxcut_18_4.txt,262144,35,613,77332402,ours_sym,0.271309,0.000e+00
ENERGYRAW,1.733591e-01,294.9,81.4,7389
SPMSPMCSV,/mnt/beegfs/ysu34/hamlib/dia_e2e/qmaxcut_18_4.txt,262144,35,613,77332402,hm_atomic,0.811981,0.000e+00
ENERGYRAW,4.790458e-01,104.1,81.4,284
SPMSPMCSV,/mnt/beegfs/ysu34/hamlib/dia_e2e/qmaxcut_18_4.txt,262144,35,613,77332402,diaq_fp32,21.099623,0.000e+00
SPMSPMCSV,/mnt/beegfs/ysu34/hamlib/dia_e2e/qmaxcut_18_4.txt,262144,35,613,77332402,cusparse_spgemm,11.186432,-1.000e+00
== energy qmaxcut_20_4 ==
ENERGYRAW,1.274804e-02,288.0,80.4,96849
PREPCSV,/mnt/beegfs/ysu34/hamlib/dia_e2e/qmaxcut_20_4.txt,1048576,39,spmv,didx,79.548,4.889,0.061952,1363
ENERGYRAW,1.392483e-02,298.2,80.4,95507
PREPCSV,/mnt/beegfs/ysu34/hamlib/dia_e2e/qmaxcut_20_4.txt,1048576,39,spmv,didx_sym,30.461,7.679,0.062822,607
ENERGYRAW,9.204160e-03,248.7,80.4,109828
PREPCSV,/mnt/beegfs/ysu34/hamlib/dia_e2e/qmaxcut_20_4.txt,1048576,39,spmv,gopt,54.357,5.045,0.054630,1087
ENERGYRAW,2.001244e-02,297.4,80.4,65031
PREPCSV,/mnt/beegfs/ysu34/hamlib/dia_e2e/qmaxcut_20_4.txt,1048576,39,spmv,cusparse_csr,209.752,7.898,0.092262,2359
ENERGYRAW,6.116129e-01,295.5,80.4,2123
PREPCSV,/mnt/beegfs/ysu34/hamlib/dia_e2e/qmaxcut_20_4.txt,1048576,39,spmspm,ours_flat,5.806,0.729,2.824909,2
ENERGYRAW,9.924790e-01,286.2,80.4,1244
PREPCSV,/mnt/beegfs/ysu34/hamlib/dia_e2e/qmaxcut_20_4.txt,1048576,39,spmspm,hm_atomic,163.186,8.138,4.819610,36
PREPCSV,/mnt/beegfs/ysu34/hamlib/dia_e2e/qmaxcut_20_4.txt,1048576,39,spmspm,ours_sym,2.861,2.873,-1.000000,-1
ENERGYRAW,3.114782e-01,295.3,80.4,4151
PREPCSV,/mnt/beegfs/ysu34/hamlib/dia_e2e/qmaxcut_20_4.txt,1048576,39,spmspm,ours_sym,2.861,2.873,1.445325,4
ENERGYRAW,5.565233e-01,292.9,97.0,2124
SPMSPMCSV,/mnt/beegfs/ysu34/hamlib/dia_e2e/qmaxcut_20_4.txt,1048576,39,761,384827306,ours_flat,2.823834,0.000e+00
ENERGYRAW,2.841633e-01,293.0,97.0,4168
SPMSPMCSV,/mnt/beegfs/ysu34/hamlib/dia_e2e/qmaxcut_20_4.txt,1048576,39,761,384827306,ours_sym,1.439437,0.000e+00
ENERGYRAW,8.901447e-01,281.6,97.0,1244
SPMSPMCSV,/mnt/beegfs/ysu34/hamlib/dia_e2e/qmaxcut_20_4.txt,1048576,39,761,384827306,hm_atomic,4.819610,0.000e+00
ENERGYRAW,7.122072e-01,103.8,97.0,57
SPMSPMCSV,/mnt/beegfs/ysu34/hamlib/dia_e2e/qmaxcut_20_4.txt,1048576,39,761,384827306,diaq_fp32,104.265015,0.000e+00
SPMSPMCSV,/mnt/beegfs/ysu34/hamlib/dia_e2e/qmaxcut_20_4.txt,1048576,39,761,384827306,cusparse_spgemm,18.038412,-1.000e+00
== energy qmaxcutC_18_4 ==
ENERGYRAW,4.109251e-03,237.9,80.6,225360
PREPCSV,/mnt/beegfs/ysu34/hamlib/dia_e2e/qmaxcutC_18_4.txt,262144,73,spmv,didx,57.356,2.422,0.026624,2245
ENERGYRAW,5.224349e-03,280.5,80.6,228435
PREPCSV,/mnt/beegfs/ysu34/hamlib/dia_e2e/qmaxcutC_18_4.txt,262144,73,spmv,didx_sym,19.571,6.119,0.026266,978
ENERGYRAW,6.244790e-03,216.0,80.6,129346
PREPCSV,/mnt/beegfs/ysu34/hamlib/dia_e2e/qmaxcutC_18_4.txt,262144,73,spmv,gopt,49.924,4.094,0.046387,1164
ENERGYRAW,8.889901e-03,235.5,80.6,104259
PREPCSV,/mnt/beegfs/ysu34/hamlib/dia_e2e/qmaxcutC_18_4.txt,262144,73,spmv,cusparse_csr,108.281,4.158,0.057549,1954
ENERGYRAW,1.132779e+00,289.4,80.6,1106
PREPCSV,/mnt/beegfs/ysu34/hamlib/dia_e2e/qmaxcutC_18_4.txt,262144,73,spmspm,ours_flat,6.847,0.763,5.424845,1
ENERGYRAW,2.043675e+00,260.2,80.6,527
PREPCSV,/mnt/beegfs/ysu34/hamlib/dia_e2e/qmaxcutC_18_4.txt,262144,73,spmspm,hm_atomic,182.569,7.098,11.379661,17
PREPCSV,/mnt/beegfs/ysu34/hamlib/dia_e2e/qmaxcutC_18_4.txt,262144,73,spmspm,ours_sym,2.265,4.569,-1.000000,-1
ENERGYRAW,5.401447e-01,290.7,80.6,2329
PREPCSV,/mnt/beegfs/ysu34/hamlib/dia_e2e/qmaxcutC_18_4.txt,262144,73,spmspm,ours_sym,2.265,4.569,2.575411,3
ENERGYRAW,1.104546e+00,287.2,83.6,1106
SPMSPMCSV,/mnt/beegfs/ysu34/hamlib/dia_e2e/qmaxcutC_18_4.txt,262144,73,1995,447316210,ours_flat,5.424589,0.000e+00
ENERGYRAW,5.312909e-01,290.2,83.6,2332
SPMSPMCSV,/mnt/beegfs/ysu34/hamlib/dia_e2e/qmaxcutC_18_4.txt,262144,73,1995,447316210,ours_sym,2.571929,0.000e+00
ENERGYRAW,2.002672e+00,259.7,83.6,527
SPMSPMCSV,/mnt/beegfs/ysu34/hamlib/dia_e2e/qmaxcutC_18_4.txt,262144,73,1995,447316210,hm_atomic,11.370087,0.000e+00
ENERGYRAW,3.895479e+00,127.6,83.6,67
SPMSPMCSV,/mnt/beegfs/ysu34/hamlib/dia_e2e/qmaxcutC_18_4.txt,262144,73,1995,447316210,diaq_fp32,88.455780,0.000e+00
SPMSPMCSV,/mnt/beegfs/ysu34/hamlib/dia_e2e/qmaxcutC_18_4.txt,262144,73,1995,447316210,cusparse_spgemm,16.176374,-1.000e+00
== energy qmaxcutK_18_4 ==
ENERGYRAW,1.083570e-03,204.6,79.8,677384
PREPCSV,/mnt/beegfs/ysu34/hamlib/dia_e2e/qmaxcutK_18_4.txt,262144,19,spmv,didx,10.900,1.024,0.008858,1346
ENERGYRAW,1.470649e-03,232.3,79.8,607189
PREPCSV,/mnt/beegfs/ysu34/hamlib/dia_e2e/qmaxcutK_18_4.txt,262144,19,spmv,didx_sym,6.012,2.081,0.009882,819
ENERGYRAW,1.182405e-03,180.0,79.8,500801
PREPCSV,/mnt/beegfs/ysu34/hamlib/dia_e2e/qmaxcutK_18_4.txt,262144,19,spmv,gopt,14.172,1.821,0.011981,1335
ENERGYRAW,2.075368e-03,147.6,79.8,194019
PREPCSV,/mnt/beegfs/ysu34/hamlib/dia_e2e/qmaxcutK_18_4.txt,262144,19,spmv,cusparse_csr,11.551,1.709,0.030925,429
ENERGYRAW,7.652585e-02,289.9,79.8,16449
PREPCSV,/mnt/beegfs/ysu34/hamlib/dia_e2e/qmaxcutK_18_4.txt,262144,19,spmspm,ours_flat,0.882,0.320,0.364749,3
ENERGYRAW,1.539617e-01,278.8,79.8,7749
PREPCSV,/mnt/beegfs/ysu34/hamlib/dia_e2e/qmaxcutK_18_4.txt,262144,19,spmspm,hm_atomic,16.683,2.700,0.774246,25
PREPCSV,/mnt/beegfs/ysu34/hamlib/dia_e2e/qmaxcutK_18_4.txt,262144,19,spmspm,ours_sym,0.438,3.108,-1.000000,-1
ENERGYRAW,3.846817e-02,298.3,79.8,34056
PREPCSV,/mnt/beegfs/ysu34/hamlib/dia_e2e/qmaxcutK_18_4.txt,262144,19,spmspm,ours_sym,0.438,3.108,0.176179,20
ENERGYRAW,7.434439e-02,287.2,83.0,16449
SPMSPMCSV,/mnt/beegfs/ysu34/hamlib/dia_e2e/qmaxcutK_18_4.txt,262144,19,147,37034376,ours_flat,0.364749,0.000e+00
ENERGYRAW,3.760645e-02,296.9,83.0,34195
SPMSPMCSV,/mnt/beegfs/ysu34/hamlib/dia_e2e/qmaxcutK_18_4.txt,262144,19,147,37034376,ours_sym,0.175462,0.000e+00
ENERGYRAW,1.546457e-01,283.0,83.0,7766
SPMSPMCSV,/mnt/beegfs/ysu34/hamlib/dia_e2e/qmaxcutK_18_4.txt,262144,19,147,37034376,hm_atomic,0.772506,0.000e+00
ENERGYRAW,4.353681e-01,104.9,83.0,300
SPMSPMCSV,/mnt/beegfs/ysu34/hamlib/dia_e2e/qmaxcutK_18_4.txt,262144,19,147,37034376,diaq_fp32,19.938150,0.000e+00
SPMSPMCSV,/mnt/beegfs/ysu34/hamlib/dia_e2e/qmaxcutK_18_4.txt,262144,19,147,37034376,cusparse_spgemm,10.009248,-1.000e+00
== energy qmaxcutR_18_3 ==
ENERGYRAW,7.253603e-04,188.9,81.4,861672
PREPCSV,/mnt/beegfs/ysu34/hamlib/dia_e2e/qmaxcutR_18_3.txt,262144,9,spmv,didx,5.678,0.701,0.006963,916
ENERGYRAW,9.669969e-04,206.3,81.4,756048
PREPCSV,/mnt/beegfs/ysu34/hamlib/dia_e2e/qmaxcutR_18_3.txt,262144,9,spmv,didx_sym,3.019,1.071,0.007936,515
ENERGYRAW,4.870157e-04,154.7,81.4,874533
PREPCSV,/mnt/beegfs/ysu34/hamlib/dia_e2e/qmaxcutR_18_3.txt,262144,9,spmv,gopt,6.105,0.644,0.006861,984
ENERGYRAW,1.146063e-03,130.6,81.4,254755
PREPCSV,/mnt/beegfs/ysu34/hamlib/dia_e2e/qmaxcutR_18_3.txt,262144,9,spmv,cusparse_csr,6.357,1.286,0.023552,325
ENERGYRAW,1.679191e-02,284.2,81.4,72248
PREPCSV,/mnt/beegfs/ysu34/hamlib/dia_e2e/qmaxcutR_18_3.txt,262144,9,spmspm,ours_flat,0.600,0.210,0.083046,10
ENERGYRAW,2.644878e-02,298.0,81.4,49529
PREPCSV,/mnt/beegfs/ysu34/hamlib/dia_e2e/qmaxcutR_18_3.txt,262144,9,spmspm,hm_atomic,5.888,1.805,0.121139,64
PREPCSV,/mnt/beegfs/ysu34/hamlib/dia_e2e/qmaxcutR_18_3.txt,262144,9,spmspm,ours_sym,0.351,0.740,-1.000000,-1
ENERGYRAW,8.320234e-03,293.3,81.4,151994
PREPCSV,/mnt/beegfs/ysu34/hamlib/dia_e2e/qmaxcutR_18_3.txt,262144,9,spmspm,ours_sym,0.351,0.740,0.039475,28
ENERGYRAW,1.727314e-02,291.5,82.7,72337
SPMSPMCSV,/mnt/beegfs/ysu34/hamlib/dia_e2e/qmaxcutR_18_3.txt,262144,9,35,9027634,ours_flat,0.082944,0.000e+00
ENERGYRAW,8.650043e-03,298.8,82.7,150240
SPMSPMCSV,/mnt/beegfs/ysu34/hamlib/dia_e2e/qmaxcutR_18_3.txt,262144,9,35,9027634,ours_sym,0.039936,0.000e+00
ENERGYRAW,2.641551e-02,297.7,82.7,49446
SPMSPMCSV,/mnt/beegfs/ysu34/hamlib/dia_e2e/qmaxcutR_18_3.txt,262144,9,35,9027634,hm_atomic,0.121344,0.000e+00
ENERGYRAW,1.568574e-01,100.0,82.7,661
SPMSPMCSV,/mnt/beegfs/ysu34/hamlib/dia_e2e/qmaxcutR_18_3.txt,262144,9,35,9027634,diaq_fp32,9.066649,0.000e+00
SPMSPMCSV,/mnt/beegfs/ysu34/hamlib/dia_e2e/qmaxcutR_18_3.txt,262144,9,35,9027634,cusparse_spgemm,8.241355,-1.000e+00
== energy tfim_16_4 ==
ENERGYRAW,6.181707e-04,166.8,80.9,813802
PREPCSV,/mnt/beegfs/ysu34/hamlib/dia_e2e/tfim_16_4.txt,65536,33,spmv,didx,6.120,0.709,0.007373,926
ENERGYRAW,6.590223e-04,178.8,80.9,868055
PREPCSV,/mnt/beegfs/ysu34/hamlib/dia_e2e/tfim_16_4.txt,65536,33,spmv,didx_sym,2.637,0.940,0.006912,518
ENERGYRAW,5.509409e-04,125.9,80.9,480276
PREPCSV,/mnt/beegfs/ysu34/hamlib/dia_e2e/tfim_16_4.txt,65536,33,spmv,gopt,6.889,0.836,0.012493,618
ENERGYRAW,1.421688e-03,131.3,80.9,210390
PREPCSV,/mnt/beegfs/ysu34/hamlib/dia_e2e/tfim_16_4.txt,65536,33,spmv,cusparse_csr,13.910,1.397,0.028518,537
ENERGYRAW,4.827076e-02,292.4,80.9,26222
PREPCSV,/mnt/beegfs/ysu34/hamlib/dia_e2e/tfim_16_4.txt,65536,33,spmspm,ours_flat,0.668,0.240,0.228813,4
ENERGYRAW,8.854472e-02,294.7,80.9,14490
PREPCSV,/mnt/beegfs/ysu34/hamlib/dia_e2e/tfim_16_4.txt,65536,33,spmspm,hm_atomic,11.496,1.539,0.414054,31
PREPCSV,/mnt/beegfs/ysu34/hamlib/dia_e2e/tfim_16_4.txt,65536,33,spmspm,ours_sym,0.204,2.174,-1.000000,-1
ENERGYRAW,2.516103e-02,299.5,80.9,52152
PREPCSV,/mnt/beegfs/ysu34/hamlib/dia_e2e/tfim_16_4.txt,65536,33,spmspm,ours_sym,0.204,2.174,0.115046,21
ENERGYRAW,4.827436e-02,294.7,83.7,26198
SPMSPMCSV,/mnt/beegfs/ysu34/hamlib/dia_e2e/tfim_16_4.txt,65536,33,455,26181618,ours_flat,0.229018,0.000e+00
ENERGYRAW,2.453612e-02,296.7,83.7,52199
SPMSPMCSV,/mnt/beegfs/ysu34/hamlib/dia_e2e/tfim_16_4.txt,65536,33,455,26181618,ours_sym,0.114944,0.000e+00
ENERGYRAW,8.828682e-02,295.8,83.7,14428
SPMSPMCSV,/mnt/beegfs/ysu34/hamlib/dia_e2e/tfim_16_4.txt,65536,33,455,26181618,hm_atomic,0.415846,0.000e+00
ENERGYRAW,2.117607e-01,114.1,83.7,859
SPMSPMCSV,/mnt/beegfs/ysu34/hamlib/dia_e2e/tfim_16_4.txt,65536,33,455,26181618,diaq_fp32,6.979482,0.000e+00
SPMSPMCSV,/mnt/beegfs/ysu34/hamlib/dia_e2e/tfim_16_4.txt,65536,33,455,26181618,cusparse_spgemm,10.903296,-1.000e+00
== energy tfim_16_5 ==
ENERGYRAW,6.155061e-04,167.0,81.1,813802
PREPCSV,/mnt/beegfs/ysu34/hamlib/dia_e2e/tfim_16_5.txt,65536,33,spmv,didx,5.629,0.735,0.007373,863
ENERGYRAW,6.534693e-04,178.7,81.1,874533
PREPCSV,/mnt/beegfs/ysu34/hamlib/dia_e2e/tfim_16_5.txt,65536,33,spmv,didx_sym,2.599,0.940,0.006861,516
ENERGYRAW,5.472443e-04,125.7,81.1,482253
PREPCSV,/mnt/beegfs/ysu34/hamlib/dia_e2e/tfim_16_5.txt,65536,33,spmv,gopt,7.114,0.792,0.012442,635
ENERGYRAW,1.417078e-03,131.3,81.1,210013
PREPCSV,/mnt/beegfs/ysu34/hamlib/dia_e2e/tfim_16_5.txt,65536,33,spmv,cusparse_csr,14.315,1.417,0.028570,551
ENERGYRAW,4.808021e-02,291.7,81.1,26245
PREPCSV,/mnt/beegfs/ysu34/hamlib/dia_e2e/tfim_16_5.txt,65536,33,spmspm,ours_flat,0.707,0.268,0.228608,4
ENERGYRAW,8.792487e-02,293.4,81.1,14510
PREPCSV,/mnt/beegfs/ysu34/hamlib/dia_e2e/tfim_16_5.txt,65536,33,spmspm,hm_atomic,11.474,1.570,0.413491,32
PREPCSV,/mnt/beegfs/ysu34/hamlib/dia_e2e/tfim_16_5.txt,65536,33,spmspm,ours_sym,0.197,2.022,-1.000000,-1
ENERGYRAW,2.500689e-02,298.4,81.1,52315
PREPCSV,/mnt/beegfs/ysu34/hamlib/dia_e2e/tfim_16_5.txt,65536,33,spmspm,ours_sym,0.197,2.022,0.114688,19
ENERGYRAW,4.770174e-02,294.6,86.3,26210
SPMSPMCSV,/mnt/beegfs/ysu34/hamlib/dia_e2e/tfim_16_5.txt,65536,33,455,26181618,ours_flat,0.228915,0.000e+00
ENERGYRAW,2.387962e-02,293.0,86.3,51715
SPMSPMCSV,/mnt/beegfs/ysu34/hamlib/dia_e2e/tfim_16_5.txt,65536,33,455,26181618,ours_sym,0.116019,0.000e+00
ENERGYRAW,8.720489e-02,295.8,86.3,14415
SPMSPMCSV,/mnt/beegfs/ysu34/hamlib/dia_e2e/tfim_16_5.txt,65536,33,455,26181618,hm_atomic,0.416205,0.000e+00
ENERGYRAW,1.978258e-01,114.7,86.3,859
SPMSPMCSV,/mnt/beegfs/ysu34/hamlib/dia_e2e/tfim_16_5.txt,65536,33,455,26181618,diaq_fp32,6.977587,0.000e+00
SPMSPMCSV,/mnt/beegfs/ysu34/hamlib/dia_e2e/tfim_16_5.txt,65536,33,455,26181618,cusparse_spgemm,10.594144,-1.000e+00
== energy tfim_18_4 ==
ENERGYRAW,3.705325e-03,250.2,80.9,271896
PREPCSV,/mnt/beegfs/ysu34/hamlib/dia_e2e/tfim_18_4.txt,262144,37,spmv,didx,44.045,2.540,0.022067,2111
ENERGYRAW,3.159345e-03,282.3,80.9,376808
PREPCSV,/mnt/beegfs/ysu34/hamlib/dia_e2e/tfim_18_4.txt,262144,37,spmv,didx_sym,11.687,3.646,0.015923,963
ENERGYRAW,3.214864e-03,210.7,80.9,232514
PREPCSV,/mnt/beegfs/ysu34/hamlib/dia_e2e/tfim_18_4.txt,262144,37,spmv,gopt,25.595,2.818,0.025805,1101
ENERGYRAW,9.074429e-03,238.7,80.9,103797
PREPCSV,/mnt/beegfs/ysu34/hamlib/dia_e2e/tfim_18_4.txt,262144,37,spmv,cusparse_csr,73.515,4.237,0.057805,1345
ENERGYRAW,3.053061e-01,292.2,80.9,4150
PREPCSV,/mnt/beegfs/ysu34/hamlib/dia_e2e/tfim_18_4.txt,262144,37,spmspm,ours_flat,2.202,0.487,1.445530,2
ENERGYRAW,5.676855e-01,270.5,80.9,2003
PREPCSV,/mnt/beegfs/ysu34/hamlib/dia_e2e/tfim_18_4.txt,262144,37,spmspm,hm_atomic,58.704,4.026,2.994074,21
PREPCSV,/mnt/beegfs/ysu34/hamlib/dia_e2e/tfim_18_4.txt,262144,37,spmspm,ours_sym,0.866,2.432,-1.000000,-1
ENERGYRAW,1.462274e-01,298.4,80.9,8902
PREPCSV,/mnt/beegfs/ysu34/hamlib/dia_e2e/tfim_18_4.txt,262144,37,spmspm,ours_sym,0.866,2.432,0.673946,5
ENERGYRAW,2.851387e-01,287.4,90.1,4148
SPMSPMCSV,/mnt/beegfs/ysu34/hamlib/dia_e2e/tfim_18_4.txt,262144,37,583,136183794,ours_flat,1.446246,0.000e+00
ENERGYRAW,1.393756e-01,297.5,90.1,8919
SPMSPMCSV,/mnt/beegfs/ysu34/hamlib/dia_e2e/tfim_18_4.txt,262144,37,583,136183794,ours_sym,0.672666,0.000e+00
ENERGYRAW,5.482711e-01,273.0,90.1,2000
SPMSPMCSV,/mnt/beegfs/ysu34/hamlib/dia_e2e/tfim_18_4.txt,262144,37,583,136183794,hm_atomic,2.998579,0.000e+00
ENERGYRAW,8.931241e-01,113.5,90.1,157
SPMSPMCSV,/mnt/beegfs/ysu34/hamlib/dia_e2e/tfim_18_4.txt,262144,37,583,136183794,diaq_fp32,38.210049,0.000e+00
SPMSPMCSV,/mnt/beegfs/ysu34/hamlib/dia_e2e/tfim_18_4.txt,262144,37,583,136183794,cusparse_spgemm,15.307893,-1.000e+00
== energy tfim_18_5 ==
ENERGYRAW,3.676696e-03,249.7,81.7,273164
PREPCSV,/mnt/beegfs/ysu34/hamlib/dia_e2e/tfim_18_5.txt,262144,37,spmv,didx,43.619,2.480,0.021965,2099
ENERGYRAW,3.175515e-03,284.1,81.7,376808
PREPCSV,/mnt/beegfs/ysu34/hamlib/dia_e2e/tfim_18_5.txt,262144,37,spmv,didx_sym,11.617,3.595,0.015923,955
ENERGYRAW,3.231292e-03,212.1,81.7,234844
PREPCSV,/mnt/beegfs/ysu34/hamlib/dia_e2e/tfim_18_5.txt,262144,37,spmv,gopt,25.211,2.809,0.025549,1097
ENERGYRAW,9.184126e-03,241.2,81.7,103889
PREPCSV,/mnt/beegfs/ysu34/hamlib/dia_e2e/tfim_18_5.txt,262144,37,spmv,cusparse_csr,74.887,4.177,0.057754,1369
ENERGYRAW,3.034389e-01,291.7,81.7,4150
PREPCSV,/mnt/beegfs/ysu34/hamlib/dia_e2e/tfim_18_5.txt,262144,37,spmspm,ours_flat,2.171,0.500,1.445683,2
ENERGYRAW,5.616417e-01,269.3,81.7,2003
PREPCSV,/mnt/beegfs/ysu34/hamlib/dia_e2e/tfim_18_5.txt,262144,37,spmspm,hm_atomic,58.759,4.009,2.994893,21
PREPCSV,/mnt/beegfs/ysu34/hamlib/dia_e2e/tfim_18_5.txt,262144,37,spmspm,ours_sym,0.897,2.722,-1.000000,-1
ENERGYRAW,1.449333e-01,297.4,81.7,8904
PREPCSV,/mnt/beegfs/ysu34/hamlib/dia_e2e/tfim_18_5.txt,262144,37,spmspm,ours_sym,0.897,2.722,0.673843,5
ENERGYRAW,2.969617e-01,290.4,84.9,4149
SPMSPMCSV,/mnt/beegfs/ysu34/hamlib/dia_e2e/tfim_18_5.txt,262144,37,583,136183794,ours_flat,1.445888,0.000e+00
ENERGYRAW,1.407489e-01,294.4,84.9,8919
SPMSPMCSV,/mnt/beegfs/ysu34/hamlib/dia_e2e/tfim_18_5.txt,262144,37,583,136183794,ours_sym,0.672717,0.000e+00
ENERGYRAW,5.580636e-01,271.0,84.9,2002
SPMSPMCSV,/mnt/beegfs/ysu34/hamlib/dia_e2e/tfim_18_5.txt,262144,37,583,136183794,hm_atomic,2.996377,0.000e+00
ENERGYRAW,1.103314e+00,113.7,84.9,157
SPMSPMCSV,/mnt/beegfs/ysu34/hamlib/dia_e2e/tfim_18_5.txt,262144,37,583,136183794,diaq_fp32,38.216194,0.000e+00
SPMSPMCSV,/mnt/beegfs/ysu34/hamlib/dia_e2e/tfim_18_5.txt,262144,37,583,136183794,cusparse_spgemm,15.326827,-1.000e+00
== energy tfim_20_5 ==
ENERGYRAW,2.292285e-02,295.1,80.8,56097
PREPCSV,/mnt/beegfs/ysu34/hamlib/dia_e2e/tfim_20_5.txt,1048576,41,spmv,didx,217.294,8.564,0.106957,2112
ENERGYRAW,1.668398e-02,297.5,80.8,78543
PREPCSV,/mnt/beegfs/ysu34/hamlib/dia_e2e/tfim_20_5.txt,1048576,41,spmv,didx_sym,67.367,13.528,0.076390,1059
ENERGYRAW,1.746623e-02,259.7,80.8,61677
PREPCSV,/mnt/beegfs/ysu34/hamlib/dia_e2e/tfim_20_5.txt,1048576,41,spmv,gopt,111.094,9.269,0.097280,1237
ENERGYRAW,3.701025e-02,297.0,80.8,35826
PREPCSV,/mnt/beegfs/ysu34/hamlib/dia_e2e/tfim_20_5.txt,1048576,41,spmv,cusparse_csr,345.429,13.863,0.167475,2145
ENERGYRAW,1.605758e+00,298.9,80.8,816
PREPCSV,/mnt/beegfs/ysu34/hamlib/dia_e2e/tfim_20_5.txt,1048576,41,spmspm,ours_flat,8.421,0.979,7.349145,1
ENERGYRAW,2.852453e+00,271.3,80.8,400
PREPCSV,/mnt/beegfs/ysu34/hamlib/dia_e2e/tfim_20_5.txt,1048576,41,spmspm,hm_atomic,289.171,13.517,14.972723,20
PREPCSV,/mnt/beegfs/ysu34/hamlib/dia_e2e/tfim_20_5.txt,1048576,41,spmspm,ours_sym,4.027,4.456,-1.000000,-1
ENERGYRAW,8.084762e-01,299.5,80.8,1622
PREPCSV,/mnt/beegfs/ysu34/hamlib/dia_e2e/tfim_20_5.txt,1048576,41,spmspm,ours_sym,4.027,4.456,3.697050,2
ENERGYRAW,1.503921e+00,294.5,90.1,816
SPMSPMCSV,/mnt/beegfs/ysu34/hamlib/dia_e2e/tfim_20_5.txt,1048576,41,727,687341554,ours_flat,7.351398,0.000e+00
ENERGYRAW,7.629811e-01,296.8,90.1,1627
SPMSPMCSV,/mnt/beegfs/ysu34/hamlib/dia_e2e/tfim_20_5.txt,1048576,41,727,687341554,ours_sym,3.686502,0.000e+00
ENERGYRAW,2.677100e+00,268.8,90.1,400
SPMSPMCSV,/mnt/beegfs/ysu34/hamlib/dia_e2e/tfim_20_5.txt,1048576,41,727,687341554,hm_atomic,14.974106,0.000e+00
ENERGYRAW,3.964647e+00,108.7,90.1,32
SPMSPMCSV,/mnt/beegfs/ysu34/hamlib/dia_e2e/tfim_20_5.txt,1048576,41,727,687341554,diaq_fp32,212.730667,0.000e+00
SPMSPMCSV,/mnt/beegfs/ysu34/hamlib/dia_e2e/tfim_20_5.txt,1048576,41,727,687341554,cusparse_spgemm,40.806637,-1.000e+00
== energy tsp_18_4 ==
ENERGYRAW,3.380310e-04,154.0,80.9,1233552
PREPCSV,/mnt/beegfs/ysu34/hamlib/dia_e2e/tsp_18_4.txt,262144,1,spmv,didx,1.790,4.776,0.004864,1350
ENERGYRAW,3.588820e-04,154.4,80.9,1195790
PREPCSV,/mnt/beegfs/ysu34/hamlib/dia_e2e/tsp_18_4.txt,262144,1,spmv,didx_sym,1.223,0.503,0.005018,344
ENERGYRAW,1.966477e-04,125.9,80.9,1331676
PREPCSV,/mnt/beegfs/ysu34/hamlib/dia_e2e/tsp_18_4.txt,262144,1,spmv,gopt,0.571,0.248,0.004506,182
ENERGYRAW,6.667401e-04,111.5,80.9,271267
PREPCSV,/mnt/beegfs/ysu34/hamlib/dia_e2e/tsp_18_4.txt,262144,1,spmv,cusparse_csr,2.156,0.848,0.022118,136
ENERGYRAW,2.539829e-04,128.1,80.9,1065340
PREPCSV,/mnt/beegfs/ysu34/hamlib/dia_e2e/tsp_18_4.txt,262144,1,spmspm,ours_flat,0.511,0.118,0.005632,112
ENERGYRAW,4.413997e-04,134.5,80.9,723379
PREPCSV,/mnt/beegfs/ysu34/hamlib/dia_e2e/tsp_18_4.txt,262144,1,spmspm,hm_atomic,1.099,0.462,0.008294,188
PREPCSV,/mnt/beegfs/ysu34/hamlib/dia_e2e/tsp_18_4.txt,262144,1,spmspm,ours_sym,0.385,0.126,-1.000000,-1
ENERGYRAW,2.556711e-04,127.2,80.9,1065340
PREPCSV,/mnt/beegfs/ysu34/hamlib/dia_e2e/tsp_18_4.txt,262144,1,spmspm,ours_sym,0.385,0.126,0.005632,91
ENERGYRAW,2.547004e-04,124.7,77.3,1055743
SPMSPMCSV,/mnt/beegfs/ysu34/hamlib/dia_e2e/tsp_18_4.txt,262144,1,1,262144,ours_flat,0.005683,0.000e+00
ENERGYRAW,2.591622e-04,125.5,77.3,1065340
SPMSPMCSV,/mnt/beegfs/ysu34/hamlib/dia_e2e/tsp_18_4.txt,262144,1,1,262144,ours_sym,0.005632,0.000e+00
ENERGYRAW,4.410748e-04,130.7,77.3,714557
SPMSPMCSV,/mnt/beegfs/ysu34/hamlib/dia_e2e/tsp_18_4.txt,262144,1,1,262144,hm_atomic,0.008397,0.000e+00
ENERGYRAW,3.921110e-03,87.8,77.3,15954
SPMSPMCSV,/mnt/beegfs/ysu34/hamlib/dia_e2e/tsp_18_4.txt,262144,1,1,262144,diaq_fp32,0.376064,0.000e+00
SPMSPMCSV,/mnt/beegfs/ysu34/hamlib/dia_e2e/tsp_18_4.txt,262144,1,1,262144,cusparse_spgemm,8.582827,-1.000e+00
== energy vibbf3_18_3 ==
ENERGYRAW,8.565104e-04,193.4,77.1,791807
PREPCSV,/mnt/beegfs/ysu34/hamlib/dia_e2e/vibbf3_18_3.txt,262144,12,spmv,didx,7.510,0.870,0.007578,1106
ENERGYRAW,1.097084e-03,209.1,77.1,701721
PREPCSV,/mnt/beegfs/ysu34/hamlib/dia_e2e/vibbf3_18_3.txt,262144,12,spmv,didx_sym,3.840,1.389,0.008550,612
ENERGYRAW,6.667144e-04,165.0,77.1,770970
PREPCSV,/mnt/beegfs/ysu34/hamlib/dia_e2e/vibbf3_18_3.txt,262144,12,spmv,gopt,7.797,0.974,0.007782,1127
ENERGYRAW,1.540529e-03,138.8,77.1,238185
PREPCSV,/mnt/beegfs/ysu34/hamlib/dia_e2e/vibbf3_18_3.txt,262144,12,spmv,cusparse_csr,7.747,1.453,0.025190,365
ENERGYRAW,3.074111e-02,288.8,77.1,41219
PREPCSV,/mnt/beegfs/ysu34/hamlib/dia_e2e/vibbf3_18_3.txt,262144,12,spmspm,ours_flat,0.668,0.254,0.145562,6
ENERGYRAW,5.345392e-02,298.3,77.1,24848
PREPCSV,/mnt/beegfs/ysu34/hamlib/dia_e2e/vibbf3_18_3.txt,262144,12,spmspm,hm_atomic,8.577,2.158,0.241459,44
PREPCSV,/mnt/beegfs/ysu34/hamlib/dia_e2e/vibbf3_18_3.txt,262144,12,spmspm,ours_sym,0.725,0.854,-1.000000,-1
ENERGYRAW,1.572966e-02,298.3,77.1,84065
PREPCSV,/mnt/beegfs/ysu34/hamlib/dia_e2e/vibbf3_18_3.txt,262144,12,spmspm,ours_sym,0.725,0.854,0.071373,22
ENERGYRAW,3.074867e-02,293.3,81.9,41379
SPMSPMCSV,/mnt/beegfs/ysu34/hamlib/dia_e2e/vibbf3_18_3.txt,262144,12,65,16457670,ours_flat,0.144998,0.000e+00
ENERGYRAW,1.549455e-02,298.8,81.9,83825
SPMSPMCSV,/mnt/beegfs/ysu34/hamlib/dia_e2e/vibbf3_18_3.txt,262144,12,65,16457670,ours_sym,0.071578,2.384e-07
ENERGYRAW,5.175366e-02,295.7,81.9,24928
SPMSPMCSV,/mnt/beegfs/ysu34/hamlib/dia_e2e/vibbf3_18_3.txt,262144,12,65,16457670,hm_atomic,0.240691,2.384e-07
ENERGYRAW,2.213877e-01,100.9,81.9,513
SPMSPMCSV,/mnt/beegfs/ysu34/hamlib/dia_e2e/vibbf3_18_3.txt,262144,12,65,16457670,diaq_fp32,11.673754,2.384e-07
SPMSPMCSV,/mnt/beegfs/ysu34/hamlib/dia_e2e/vibbf3_18_3.txt,262144,12,65,16457670,cusparse_spgemm,9.765344,-1.000e+00
== energy atmosmodd ==
ENERGYRAW,9.701926e-03,285.3,81.9,125737
PREPCSV,/mnt/beegfs/ysu34/hamlib/dia_suitesparse/atmosmodd.txt,1270432,7,spmv,didx,35.979,4.403,0.047718,846
# didx_sym skipped: non-symmetric or Dup>128
ENERGYRAW,5.897657e-03,245.8,81.9,165753
PREPCSV,/mnt/beegfs/ysu34/hamlib/dia_suitesparse/atmosmodd.txt,1270432,7,spmv,gopt,27.840,2.996,0.036198,852
ENERGYRAW,1.727477e-02,288.0,81.9,71543
PREPCSV,/mnt/beegfs/ysu34/hamlib/dia_suitesparse/atmosmodd.txt,1270432,7,spmv,cusparse_csr,29.887,7.006,0.083866,440
ENERGYRAW,6.529754e-02,298.4,81.9,19974
PREPCSV,/mnt/beegfs/ysu34/hamlib/dia_suitesparse/atmosmodd.txt,1270432,7,spmspm,ours_flat,2.726,0.418,0.300390,10
ENERGYRAW,1.266860e-01,298.0,81.9,10226
PREPCSV,/mnt/beegfs/ysu34/hamlib/dia_suitesparse/atmosmodd.txt,1270432,7,spmspm,hm_atomic,22.675,4.323,0.586701,46
PREPCSV,/mnt/beegfs/ysu34/hamlib/dia_suitesparse/atmosmodd.txt,1270432,7,spmspm,ours_sym,1.732,1.586,-1.000000,-1
ENERGYRAW,3.412416e-02,298.8,81.9,37900
PREPCSV,/mnt/beegfs/ysu34/hamlib/dia_suitesparse/atmosmodd.txt,1270432,7,spmspm,ours_sym,1.732,1.586,0.158310,21
ENERGYRAW,6.152009e-02,291.9,88.2,19960
SPMSPMCSV,/mnt/beegfs/ysu34/hamlib/dia_suitesparse/atmosmodd.txt,1270432,7,25,31452658,ours_flat,0.300595,0.000e+00
ENERGYRAW,3.298021e-02,297.9,88.2,38035
SPMSPMCSV,/mnt/beegfs/ysu34/hamlib/dia_suitesparse/atmosmodd.txt,1270432,7,25,31452658,ours_sym,0.157747,3.760e+06
ENERGYRAW,1.222935e-01,297.0,88.2,10243
SPMSPMCSV,/mnt/beegfs/ysu34/hamlib/dia_suitesparse/atmosmodd.txt,1270432,7,25,31452658,hm_atomic,0.585728,1.024e+03
ENERGYRAW,4.859576e-01,99.8,88.2,143
SPMSPMCSV,/mnt/beegfs/ysu34/hamlib/dia_suitesparse/atmosmodd.txt,1270432,7,25,31452658,diaq_fp32,41.937664,1.024e+03
SPMSPMCSV,/mnt/beegfs/ysu34/hamlib/dia_suitesparse/atmosmodd.txt,1270432,7,25,31452658,cusparse_spgemm,13.188298,-1.000e+00
== energy ecology2 ==
ENERGYRAW,5.428076e-03,263.3,82.2,201353
PREPCSV,/mnt/beegfs/ysu34/hamlib/dia_suitesparse/ecology2.txt,999999,7,spmv,didx,21.903,2.911,0.029798,833
ENERGYRAW,4.961624e-03,297.1,82.2,256427
PREPCSV,/mnt/beegfs/ysu34/hamlib/dia_suitesparse/ecology2.txt,999999,7,spmv,didx_sym,13.136,3.275,0.023398,701
ENERGYRAW,2.256557e-03,234.4,82.2,389327
PREPCSV,/mnt/beegfs/ysu34/hamlib/dia_suitesparse/ecology2.txt,999999,7,spmv,gopt,17.515,1.910,0.015411,1260
ENERGYRAW,1.002442e-02,250.1,82.2,100074
PREPCSV,/mnt/beegfs/ysu34/hamlib/dia_suitesparse/ecology2.txt,999999,7,spmv,cusparse_csr,20.256,4.511,0.059955,413
ENERGYRAW,4.484204e-02,296.0,82.2,28533
PREPCSV,/mnt/beegfs/ysu34/hamlib/dia_suitesparse/ecology2.txt,999999,7,spmspm,ours_flat,2.145,0.368,0.210278,12
ENERGYRAW,9.259972e-02,287.6,82.2,13309
PREPCSV,/mnt/beegfs/ysu34/hamlib/dia_suitesparse/ecology2.txt,999999,7,spmspm,hm_atomic,14.512,3.890,0.450816,41
PREPCSV,/mnt/beegfs/ysu34/hamlib/dia_suitesparse/ecology2.txt,999999,7,spmspm,ours_sym,1.457,1.081,-1.000000,-1
ENERGYRAW,2.331830e-02,294.8,82.2,54581
PREPCSV,/mnt/beegfs/ysu34/hamlib/dia_suitesparse/ecology2.txt,999999,7,spmspm,ours_sym,1.457,1.081,0.109926,23
ENERGYRAW,4.373539e-02,293.9,85.6,28526
SPMSPMCSV,/mnt/beegfs/ysu34/hamlib/dia_suitesparse/ecology2.txt,999999,7,19,18979985,ours_flat,0.210330,0.000e+00
ENERGYRAW,2.283658e-02,294.2,85.6,54658
SPMSPMCSV,/mnt/beegfs/ysu34/hamlib/dia_suitesparse/ecology2.txt,999999,7,19,18979985,ours_sym,0.109773,1.526e-05
ENERGYRAW,9.131901e-02,288.2,85.6,13297
SPMSPMCSV,/mnt/beegfs/ysu34/hamlib/dia_suitesparse/ecology2.txt,999999,7,19,18979985,hm_atomic,0.451226,7.629e-06
ENERGYRAW,5.116203e-01,100.4,85.6,172
SPMSPMCSV,/mnt/beegfs/ysu34/hamlib/dia_suitesparse/ecology2.txt,999999,7,19,18979985,diaq_fp32,34.737000,7.629e-06
SPMSPMCSV,/mnt/beegfs/ysu34/hamlib/dia_suitesparse/ecology2.txt,999999,7,19,18979985,cusparse_spgemm,10.787093,-1.000e+00
== energy Lin ==
ENERGYRAW,9.985033e-04,205.7,81.9,727872
PREPCSV,/mnt/beegfs/ysu34/hamlib/dia_suitesparse/Lin.txt,256000,7,spmv,didx,7.087,1.086,0.008243,992
ENERGYRAW,1.161924e-03,231.2,81.9,746417
PREPCSV,/mnt/beegfs/ysu34/hamlib/dia_suitesparse/Lin.txt,256000,7,spmv,didx_sym,3.551,1.028,0.008038,570
ENERGYRAW,6.241351e-04,168.6,81.9,808189
PREPCSV,/mnt/beegfs/ysu34/hamlib/dia_suitesparse/Lin.txt,256000,7,spmv,gopt,4.994,0.793,0.007424,780
ENERGYRAW,2.263281e-03,155.6,81.9,194019
PREPCSV,/mnt/beegfs/ysu34/hamlib/dia_suitesparse/Lin.txt,256000,7,spmv,cusparse_csr,6.626,1.984,0.030925,278
ENERGYRAW,1.092004e-02,295.1,81.9,117187
PREPCSV,/mnt/beegfs/ysu34/hamlib/dia_suitesparse/Lin.txt,256000,7,spmspm,ours_flat,0.602,0.213,0.051200,16
ENERGYRAW,1.650850e-02,300.4,81.9,80375
PREPCSV,/mnt/beegfs/ysu34/hamlib/dia_suitesparse/Lin.txt,256000,7,spmspm,hm_atomic,4.101,1.480,0.074650,75
PREPCSV,/mnt/beegfs/ysu34/hamlib/dia_suitesparse/Lin.txt,256000,7,spmspm,ours_sym,0.319,0.574,-1.000000,-1
ENERGYRAW,5.345800e-03,291.0,81.9,229779
PREPCSV,/mnt/beegfs/ysu34/hamlib/dia_suitesparse/Lin.txt,256000,7,spmspm,ours_sym,0.319,0.574,0.026112,34
ENERGYRAW,1.082334e-02,294.1,83.6,117187
SPMSPMCSV,/mnt/beegfs/ysu34/hamlib/dia_suitesparse/Lin.txt,256000,7,25,6309594,ours_flat,0.051200,0.000e+00
ENERGYRAW,5.312545e-03,291.4,83.6,232054
SPMSPMCSV,/mnt/beegfs/ysu34/hamlib/dia_suitesparse/Lin.txt,256000,7,25,6309594,ours_sym,0.025856,6.250e-02
ENERGYRAW,1.637939e-02,298.9,83.6,80046
SPMSPMCSV,/mnt/beegfs/ysu34/hamlib/dia_suitesparse/Lin.txt,256000,7,25,6309594,hm_atomic,0.074957,3.125e-02
ENERGYRAW,1.094379e-01,100.3,83.6,913
SPMSPMCSV,/mnt/beegfs/ysu34/hamlib/dia_suitesparse/Lin.txt,256000,7,25,6309594,diaq_fp32,6.571417,3.125e-02
SPMSPMCSV,/mnt/beegfs/ysu34/hamlib/dia_suitesparse/Lin.txt,256000,7,25,6309594,cusparse_spgemm,9.543787,-1.000e+00
== A100 PAPER SET DONE 2026-08-02T22:43:15-04:00
