host=c33 2026-08-02T22:43:16-04:00 DIA_TRIM=1e-8 OURS_ONLY=1 reps=3
== build (sm_80 -> /home/ysu34/DiaGPU/sim/paper_bench/bin_sm80_trim) ==
== [trim 1] BH_20_7 ==
# DIA_TRIM 1e-08: D 127 -> 109
PREPCSV,/mnt/beegfs/ysu34/hamlib/dia_e2e/BH_20_7.txt,1048576,109,spmv,didx,243.859,5.125,0.065167,3821
PREPCSV,/mnt/beegfs/ysu34/hamlib/dia_e2e/BH_20_7.txt,1048576,109,spmv,didx_sym,115.126,30.724,0.073626,1981
PREPCSV,/mnt/beegfs/ysu34/hamlib/dia_e2e/BH_20_7.txt,1048576,109,spmv,gopt,260.232,16.560,0.166728,1660
PREPCSV,/mnt/beegfs/ysu34/hamlib/dia_e2e/BH_20_7.txt,1048576,109,spmspm,ours_flat,45.930,4.046,51.061737,1
PREPCSV,/mnt/beegfs/ysu34/hamlib/dia_e2e/BH_20_7.txt,1048576,109,spmspm,ours_sym,16.629,12.079,-1.000000,-1
PREPCSV,/mnt/beegfs/ysu34/hamlib/dia_e2e/BH_20_7.txt,1048576,109,spmspm,ours_sym,16.629,12.079,25.464052,1
# DIA_TRIM 1e-08: D 127 -> 109
SPMSPMCSV,/mnt/beegfs/ysu34/hamlib/dia_e2e/BH_20_7.txt,1048576,109,4193,3845136356,ours_flat,51.063080,0.000e+00
SPMSPMCSV,/mnt/beegfs/ysu34/hamlib/dia_e2e/BH_20_7.txt,1048576,109,4193,3845136356,ours_sym,25.446257,7.629e-06
# DIA_TRIM 1e-08: D 127 -> 109
CFILL,/mnt/beegfs/ysu34/hamlib/dia_e2e/BH_20_7.txt,1048576,4193,3845136356,67357840,0.0175
# DIA_TRIM 1e-08: D 127 -> 109
E2EEVCSV,/mnt/beegfs/ysu34/hamlib/dia_e2e/BH_20_7.txt,1048576,109,1000,7,didx,518.524,0.000,667.384,-1.000,-1.000,-1.000e+00
E2EOPCSV,/mnt/beegfs/ysu34/hamlib/dia_e2e/BH_20_7.txt,1048576,109,2,4193,3845136356,43.322,51.069,-1
E2EOPCSV,/mnt/beegfs/ysu34/hamlib/dia_e2e/BH_20_7.txt,1048576,109,3,69149,57210924982,-1,-1,-1
# opbuild wall: Unnz=1099483316224 (int32 index limit)
E2EOPBUILDCSV,/mnt/beegfs/ysu34/hamlib/dia_e2e/BH_20_7.txt,1048576,7,2096863,1099483316224,-1,-1,-1
# opbuild(sym) wall: Unnz=549742182400 (int32 index limit)
E2EOPBUILDCSV,/mnt/beegfs/ysu34/hamlib/dia_e2e/BH_20_7.txt,1048576,7,1048432,549742182400,-1,-1,-1
== [trim 1] bhc_16_7 ==
# DIA_TRIM 1e-08: D 99 -> 85
PREPCSV,/mnt/beegfs/ysu34/hamlib/dia_e2e/bhc_16_7.txt,65536,85,spmv,didx,9.140,0.549,0.006492,1492
PREPCSV,/mnt/beegfs/ysu34/hamlib/dia_e2e/bhc_16_7.txt,65536,85,spmv,didx_sym,5.010,1.800,0.006492,1049
PREPCSV,/mnt/beegfs/ysu34/hamlib/dia_e2e/bhc_16_7.txt,65536,85,spmv,gopt,12.671,1.432,0.021012,671
PREPCSV,/mnt/beegfs/ysu34/hamlib/dia_e2e/bhc_16_7.txt,65536,85,spmspm,ours_flat,5.203,0.466,1.574973,4
PREPCSV,/mnt/beegfs/ysu34/hamlib/dia_e2e/bhc_16_7.txt,65536,85,spmspm,ours_sym,0.717,3.388,-1.000000,-1
PREPCSV,/mnt/beegfs/ysu34/hamlib/dia_e2e/bhc_16_7.txt,65536,85,spmspm,ours_sym,0.717,3.388,0.687288,6
# DIA_TRIM 1e-08: D 99 -> 85
SPMSPMCSV,/mnt/beegfs/ysu34/hamlib/dia_e2e/bhc_16_7.txt,65536,85,2309,126547940,ours_flat,1.575096,0.000e+00
SPMSPMCSV,/mnt/beegfs/ysu34/hamlib/dia_e2e/bhc_16_7.txt,65536,85,2309,126547940,ours_sym,0.690586,7.629e-06
# DIA_TRIM 1e-08: D 99 -> 85
CFILL,/mnt/beegfs/ysu34/hamlib/dia_e2e/bhc_16_7.txt,65536,2309,126547940,2698476,0.0213
# DIA_TRIM 1e-08: D 99 -> 85
E2EEVCSV,/mnt/beegfs/ysu34/hamlib/dia_e2e/bhc_16_7.txt,65536,85,1000,7,didx,23.227,0.000,75.169,-1.000,-1.000,-1.000e+00
E2EOPCSV,/mnt/beegfs/ysu34/hamlib/dia_e2e/bhc_16_7.txt,65536,85,2,2309,126547940,4.783,1.578,-1
E2EOPCSV,/mnt/beegfs/ysu34/hamlib/dia_e2e/bhc_16_7.txt,65536,85,3,23145,1093998518,945.759,42.651,-1
# opbuild wall: Unnz=4294967296 (int32 index limit)
E2EOPBUILDCSV,/mnt/beegfs/ysu34/hamlib/dia_e2e/bhc_16_7.txt,65536,7,131071,4294967296,-1,-1,-1
# opbuild(sym) wall: Unnz=2147516416 (int32 index limit)
E2EOPBUILDCSV,/mnt/beegfs/ysu34/hamlib/dia_e2e/bhc_16_7.txt,65536,7,65536,2147516416,-1,-1,-1
== [trim 1] bhc_18_7 ==
# DIA_TRIM 1e-08: D 112 -> 97
PREPCSV,/mnt/beegfs/ysu34/hamlib/dia_e2e/bhc_18_7.txt,262144,97,spmv,didx,46.109,1.451,0.013373,3556
PREPCSV,/mnt/beegfs/ysu34/hamlib/dia_e2e/bhc_18_7.txt,262144,97,spmv,didx_sym,24.330,7.060,0.014705,2135
PREPCSV,/mnt/beegfs/ysu34/hamlib/dia_e2e/bhc_18_7.txt,262144,97,spmv,gopt,59.292,4.319,0.053678,1185
PREPCSV,/mnt/beegfs/ysu34/hamlib/dia_e2e/bhc_18_7.txt,262144,97,spmspm,ours_flat,13.429,1.171,9.486992,2
PREPCSV,/mnt/beegfs/ysu34/hamlib/dia_e2e/bhc_18_7.txt,262144,97,spmspm,ours_sym,3.261,4.897,-1.000000,-1
PREPCSV,/mnt/beegfs/ysu34/hamlib/dia_e2e/bhc_18_7.txt,262144,97,spmspm,ours_sym,3.261,4.897,4.567204,2
# DIA_TRIM 1e-08: D 112 -> 97
SPMSPMCSV,/mnt/beegfs/ysu34/hamlib/dia_e2e/bhc_18_7.txt,262144,97,3179,714866660,ours_flat,9.486255,0.000e+00
SPMSPMCSV,/mnt/beegfs/ysu34/hamlib/dia_e2e/bhc_18_7.txt,262144,97,3179,714866660,ours_sym,4.563937,7.629e-06
# DIA_TRIM 1e-08: D 112 -> 97
CFILL,/mnt/beegfs/ysu34/hamlib/dia_e2e/bhc_18_7.txt,262144,3179,714866660,13654928,0.0191
# DIA_TRIM 1e-08: D 112 -> 97
E2EEVCSV,/mnt/beegfs/ysu34/hamlib/dia_e2e/bhc_18_7.txt,262144,97,1000,7,didx,108.271,0.000,144.388,-1.000,-1.000,-1.000e+00
E2EOPCSV,/mnt/beegfs/ysu34/hamlib/dia_e2e/bhc_18_7.txt,262144,97,2,3179,714866660,12.344,9.488,-1
E2EOPCSV,/mnt/beegfs/ysu34/hamlib/dia_e2e/bhc_18_7.txt,262144,97,3,41827,8323076022,2696.607,331.154,-1
# opbuild wall: Unnz=68719476736 (int32 index limit)
E2EOPBUILDCSV,/mnt/beegfs/ysu34/hamlib/dia_e2e/bhc_18_7.txt,262144,7,524287,68719476736,-1,-1,-1
# opbuild(sym) wall: Unnz=34359869440 (int32 index limit)
E2EOPBUILDCSV,/mnt/beegfs/ysu34/hamlib/dia_e2e/bhc_18_7.txt,262144,7,262144,34359869440,-1,-1,-1
== [trim 1] bhD1_18_7 ==
# DIA_TRIM 1e-08: D 112 -> 97
PREPCSV,/mnt/beegfs/ysu34/hamlib/dia_e2e/bhD1_18_7.txt,262144,97,spmv,didx,46.225,1.455,0.013558,3517
PREPCSV,/mnt/beegfs/ysu34/hamlib/dia_e2e/bhD1_18_7.txt,262144,97,spmv,didx_sym,24.111,7.230,0.014889,2105
PREPCSV,/mnt/beegfs/ysu34/hamlib/dia_e2e/bhD1_18_7.txt,262144,97,spmv,gopt,57.489,4.400,0.055337,1118
PREPCSV,/mnt/beegfs/ysu34/hamlib/dia_e2e/bhD1_18_7.txt,262144,97,spmspm,ours_flat,13.413,0.980,9.487687,2
PREPCSV,/mnt/beegfs/ysu34/hamlib/dia_e2e/bhD1_18_7.txt,262144,97,spmspm,ours_sym,3.203,4.954,-1.000000,-1
PREPCSV,/mnt/beegfs/ysu34/hamlib/dia_e2e/bhD1_18_7.txt,262144,97,spmspm,ours_sym,3.203,4.954,4.567245,2
# DIA_TRIM 1e-08: D 112 -> 97
SPMSPMCSV,/mnt/beegfs/ysu34/hamlib/dia_e2e/bhD1_18_7.txt,262144,97,3179,714866660,ours_flat,9.486070,0.000e+00
SPMSPMCSV,/mnt/beegfs/ysu34/hamlib/dia_e2e/bhD1_18_7.txt,262144,97,3179,714866660,ours_sym,4.564060,7.629e-06
# DIA_TRIM 1e-08: D 112 -> 97
CFILL,/mnt/beegfs/ysu34/hamlib/dia_e2e/bhD1_18_7.txt,262144,3179,714866660,13654928,0.0191
# DIA_TRIM 1e-08: D 112 -> 97
E2EEVCSV,/mnt/beegfs/ysu34/hamlib/dia_e2e/bhD1_18_7.txt,262144,97,1000,7,didx,101.247,0.000,143.325,-1.000,-1.000,-1.000e+00
E2EOPCSV,/mnt/beegfs/ysu34/hamlib/dia_e2e/bhD1_18_7.txt,262144,97,2,3179,714866660,12.356,9.486,-1
E2EOPCSV,/mnt/beegfs/ysu34/hamlib/dia_e2e/bhD1_18_7.txt,262144,97,3,41827,8323076022,2697.190,331.148,-1
# opbuild wall: Unnz=68719476736 (int32 index limit)
E2EOPBUILDCSV,/mnt/beegfs/ysu34/hamlib/dia_e2e/bhD1_18_7.txt,262144,7,524287,68719476736,-1,-1,-1
# opbuild(sym) wall: Unnz=34359869440 (int32 index limit)
E2EOPBUILDCSV,/mnt/beegfs/ysu34/hamlib/dia_e2e/bhD1_18_7.txt,262144,7,262144,34359869440,-1,-1,-1
== [trim 1] C2c_18_4 ==
# DIA_TRIM 1e-08: D 9971 -> 7407
PREPCSV,/mnt/beegfs/ysu34/hamlib/dia_e2e/C2c_18_4.txt,262144,7407,spmv,didx,2437.757,10.831,1.145324,2138
# didx_sym skipped: non-symmetric or Dup>128
PREPCSV,/mnt/beegfs/ysu34/hamlib/dia_e2e/C2c_18_4.txt,262144,7407,spmv,gopt,2589.580,91.988,1.503211,1784
CUDA prep_driver.cu:324 out of memory
# DIA_TRIM 1e-08: D 9971 -> 7407
CUDA spmspm_driver.cu:94 out of memory
# DIA_TRIM 1e-08: D 9971 -> 7407
CFILL,/mnt/beegfs/ysu34/hamlib/dia_e2e/C2c_18_4.txt,262144,469211,64490628022,-1,OOM
# DIA_TRIM 1e-08: D 9971 -> 7407
E2EEVCSV,/mnt/beegfs/ysu34/hamlib/dia_e2e/C2c_18_4.txt,262144,7407,1000,4,gopt,2957.223,0.000,7323.143,-1.000,-1.000,-1.000e+00
E2EOPCSV,/mnt/beegfs/ysu34/hamlib/dia_e2e/C2c_18_4.txt,262144,7407,2,469211,64490628022,-1,-1,-1
# opbuild wall: Unnz=68719476736 (int32 index limit)
E2EOPBUILDCSV,/mnt/beegfs/ysu34/hamlib/dia_e2e/C2c_18_4.txt,262144,4,524287,68719476736,-1,-1,-1
# opbuild(sym) wall: Unnz=34359869440 (int32 index limit)
E2EOPBUILDCSV,/mnt/beegfs/ysu34/hamlib/dia_e2e/C2c_18_4.txt,262144,4,262144,34359869440,-1,-1,-1
== [trim 1] fermi_16_5 ==
PREPCSV,/mnt/beegfs/ysu34/hamlib/dia_e2e/fermi_16_5.txt,65536,29,spmv,didx,4.424,0.418,0.005939,815
PREPCSV,/mnt/beegfs/ysu34/hamlib/dia_e2e/fermi_16_5.txt,65536,29,spmv,didx_sym,2.151,0.695,0.006062,469
PREPCSV,/mnt/beegfs/ysu34/hamlib/dia_e2e/fermi_16_5.txt,65536,29,spmv,gopt,5.323,0.672,0.010035,597
PREPCSV,/mnt/beegfs/ysu34/hamlib/dia_e2e/fermi_16_5.txt,65536,29,spmspm,ours_flat,0.542,0.240,0.187208,4
PREPCSV,/mnt/beegfs/ysu34/hamlib/dia_e2e/fermi_16_5.txt,65536,29,spmspm,ours_sym,0.162,2.024,-1.000000,-1
PREPCSV,/mnt/beegfs/ysu34/hamlib/dia_e2e/fermi_16_5.txt,65536,29,spmspm,ours_sym,0.162,2.024,0.094167,23
SPMSPMCSV,/mnt/beegfs/ysu34/hamlib/dia_e2e/fermi_16_5.txt,65536,29,353,21513010,ours_flat,0.186573,0.000e+00
SPMSPMCSV,/mnt/beegfs/ysu34/hamlib/dia_e2e/fermi_16_5.txt,65536,29,353,21513010,ours_sym,0.094075,0.000e+00
CFILL,/mnt/beegfs/ysu34/hamlib/dia_e2e/fermi_16_5.txt,65536,353,21513010,2136996,0.0993
E2EEVCSV,/mnt/beegfs/ysu34/hamlib/dia_e2e/fermi_16_5.txt,65536,29,1000,5,didx,10.569,0.000,50.319,-1.000,-1.000,-1.000e+00
E2EOPCSV,/mnt/beegfs/ysu34/hamlib/dia_e2e/fermi_16_5.txt,65536,29,2,353,21513010,0.390,0.186,-1
E2EOPCSV,/mnt/beegfs/ysu34/hamlib/dia_e2e/fermi_16_5.txt,65536,29,3,2377,138741682,16.990,2.480,-1
E2EOPBUILDCSV,/mnt/beegfs/ysu34/hamlib/dia_e2e/fermi_16_5.txt,65536,5,27547,1419565488,5549.383,5873.195,1.058
E2EOPBUILDCSV,/mnt/beegfs/ysu34/hamlib/dia_e2e/fermi_16_5.txt,65536,5,13774,709815512,244.888,-1,-1
== [trim 1] fermi_18_5 ==
PREPCSV,/mnt/beegfs/ysu34/hamlib/dia_e2e/fermi_18_5.txt,262144,33,spmv,didx,16.905,1.305,0.012042,1512
PREPCSV,/mnt/beegfs/ysu34/hamlib/dia_e2e/fermi_18_5.txt,262144,33,spmv,didx_sym,9.460,3.104,0.011940,1052
PREPCSV,/mnt/beegfs/ysu34/hamlib/dia_e2e/fermi_18_5.txt,262144,33,spmv,gopt,20.724,2.133,0.013558,1686
PREPCSV,/mnt/beegfs/ysu34/hamlib/dia_e2e/fermi_18_5.txt,262144,33,spmspm,ours_flat,1.873,0.472,1.194127,2
PREPCSV,/mnt/beegfs/ysu34/hamlib/dia_e2e/fermi_18_5.txt,262144,33,spmspm,ours_sym,0.738,3.118,-1.000000,-1
PREPCSV,/mnt/beegfs/ysu34/hamlib/dia_e2e/fermi_18_5.txt,262144,33,spmspm,ours_sym,0.738,3.118,0.558019,7
SPMSPMCSV,/mnt/beegfs/ysu34/hamlib/dia_e2e/fermi_18_5.txt,262144,33,465,114362994,ours_flat,1.194209,0.000e+00
SPMSPMCSV,/mnt/beegfs/ysu34/hamlib/dia_e2e/fermi_18_5.txt,262144,33,465,114362994,ours_sym,0.557967,0.000e+00
CFILL,/mnt/beegfs/ysu34/hamlib/dia_e2e/fermi_18_5.txt,262144,465,114362994,11141120,0.0974
E2EEVCSV,/mnt/beegfs/ysu34/hamlib/dia_e2e/fermi_18_5.txt,262144,33,1000,5,didx,39.537,0.000,95.511,-1.000,-1.000,-1.000e+00
E2EOPCSV,/mnt/beegfs/ysu34/hamlib/dia_e2e/fermi_18_5.txt,262144,33,2,465,114362994,1.183,1.195,-1
E2EOPCSV,/mnt/beegfs/ysu34/hamlib/dia_e2e/fermi_18_5.txt,262144,33,3,3689,873993202,35.114,18.003,-1
# opbuild wall: Unnz=13140458992 (int32 index limit)
E2EOPBUILDCSV,/mnt/beegfs/ysu34/hamlib/dia_e2e/fermi_18_5.txt,262144,5,61463,13140458992,-1,-1,-1
# opbuild(sym) wall: Unnz=6570360568 (int32 index limit)
E2EOPBUILDCSV,/mnt/beegfs/ysu34/hamlib/dia_e2e/fermi_18_5.txt,262144,5,30732,6570360568,-1,-1,-1
== [trim 1] fermi_20_5 ==
PREPCSV,/mnt/beegfs/ysu34/hamlib/dia_e2e/fermi_20_5.txt,1048576,37,spmv,didx,118.430,4.868,0.056422,2185
PREPCSV,/mnt/beegfs/ysu34/hamlib/dia_e2e/fermi_20_5.txt,1048576,37,spmv,didx_sym,45.617,11.881,0.053166,1081
PREPCSV,/mnt/beegfs/ysu34/hamlib/dia_e2e/fermi_20_5.txt,1048576,37,spmv,gopt,111.168,7.297,0.078356,1512
PREPCSV,/mnt/beegfs/ysu34/hamlib/dia_e2e/fermi_20_5.txt,1048576,37,spmspm,ours_flat,7.490,0.886,6.223094,1
PREPCSV,/mnt/beegfs/ysu34/hamlib/dia_e2e/fermi_20_5.txt,1048576,37,spmspm,ours_sym,3.402,3.685,-1.000000,-1
PREPCSV,/mnt/beegfs/ysu34/hamlib/dia_e2e/fermi_20_5.txt,1048576,37,spmspm,ours_sym,3.402,3.685,3.132252,2
SPMSPMCSV,/mnt/beegfs/ysu34/hamlib/dia_e2e/fermi_20_5.txt,1048576,37,593,587472114,ours_flat,6.223073,0.000e+00
SPMSPMCSV,/mnt/beegfs/ysu34/hamlib/dia_e2e/fermi_20_5.txt,1048576,37,593,587472114,ours_sym,3.128494,0.000e+00
CFILL,/mnt/beegfs/ysu34/hamlib/dia_e2e/fermi_20_5.txt,1048576,593,587472114,53318432,0.0908
E2EEVCSV,/mnt/beegfs/ysu34/hamlib/dia_e2e/fermi_20_5.txt,1048576,37,1000,5,didx,215.894,0.000,420.992,-1.000,-1.000,-1.000e+00
E2EOPCSV,/mnt/beegfs/ysu34/hamlib/dia_e2e/fermi_20_5.txt,1048576,37,2,593,587472114,5.356,6.219,-1
E2EOPCSV,/mnt/beegfs/ysu34/hamlib/dia_e2e/fermi_20_5.txt,1048576,37,3,5433,5208293746,102.807,121.341,-1
# opbuild wall: Unnz=110337036656 (int32 index limit)
E2EOPBUILDCSV,/mnt/beegfs/ysu34/hamlib/dia_e2e/fermi_20_5.txt,1048576,5,125523,110337036656,-1,-1,-1
# opbuild(sym) wall: Unnz=55169042616 (int32 index limit)
E2EOPBUILDCSV,/mnt/beegfs/ysu34/hamlib/dia_e2e/fermi_20_5.txt,1048576,5,62762,55169042616,-1,-1,-1
== [trim 1] fermiFH_18_4 ==
PREPCSV,/mnt/beegfs/ysu34/hamlib/dia_e2e/fermiFH_18_4.txt,262144,64,spmv,didx,31.862,1.269,0.011735,2823
PREPCSV,/mnt/beegfs/ysu34/hamlib/dia_e2e/fermiFH_18_4.txt,262144,64,spmv,didx_sym,16.632,5.091,0.011653,1864
PREPCSV,/mnt/beegfs/ysu34/hamlib/dia_e2e/fermiFH_18_4.txt,262144,64,spmv,gopt,37.783,2.884,0.034161,1190
PREPCSV,/mnt/beegfs/ysu34/hamlib/dia_e2e/fermiFH_18_4.txt,262144,64,spmspm,ours_flat,5.442,0.688,4.394762,1
PREPCSV,/mnt/beegfs/ysu34/hamlib/dia_e2e/fermiFH_18_4.txt,262144,64,spmspm,ours_sym,1.763,4.242,-1.000000,-1
PREPCSV,/mnt/beegfs/ysu34/hamlib/dia_e2e/fermiFH_18_4.txt,262144,64,spmspm,ours_sym,1.763,4.242,2.086564,3
SPMSPMCSV,/mnt/beegfs/ysu34/hamlib/dia_e2e/fermiFH_18_4.txt,262144,64,1549,366904380,ours_flat,4.393421,0.000e+00
SPMSPMCSV,/mnt/beegfs/ysu34/hamlib/dia_e2e/fermiFH_18_4.txt,262144,64,1549,366904380,ours_sym,2.085652,0.000e+00
CFILL,/mnt/beegfs/ysu34/hamlib/dia_e2e/fermiFH_18_4.txt,262144,1549,366904380,9043964,0.0246
E2EEVCSV,/mnt/beegfs/ysu34/hamlib/dia_e2e/fermiFH_18_4.txt,262144,64,1000,4,didx,72.249,0.000,74.364,-1.000,-1.000,-1.000e+00
E2EOPCSV,/mnt/beegfs/ysu34/hamlib/dia_e2e/fermiFH_18_4.txt,262144,64,2,1549,366904380,4.690,4.395,-1
E2EOPCSV,/mnt/beegfs/ysu34/hamlib/dia_e2e/fermiFH_18_4.txt,262144,64,3,17353,3771787488,461.595,113.686,-1
# opbuild wall: Unnz=18912431872 (int32 index limit)
E2EOPBUILDCSV,/mnt/beegfs/ysu34/hamlib/dia_e2e/fermiFH_18_4.txt,262144,4,98163,18912431872,-1,-1,-1
# opbuild(sym) wall: Unnz=9456347008 (int32 index limit)
E2EOPBUILDCSV,/mnt/beegfs/ysu34/hamlib/dia_e2e/fermiFH_18_4.txt,262144,4,49082,9456347008,-1,-1,-1
== [trim 1] H8c_16_4 ==
# DIA_TRIM 1e-08: D 8887 -> 6921
PREPCSV,/mnt/beegfs/ysu34/hamlib/dia_e2e/H8c_16_4.txt,65536,6921,spmv,didx,519.556,4.708,0.517878,1012
# didx_sym skipped: non-symmetric or Dup>128
PREPCSV,/mnt/beegfs/ysu34/hamlib/dia_e2e/H8c_16_4.txt,65536,6921,spmv,gopt,570.504,33.580,1.410580,428
PREPCSV,/mnt/beegfs/ysu34/hamlib/dia_e2e/H8c_16_4.txt,65536,6921,spmspm,ours_flat,8390.497,98.518,8226.537109,1
PREPCSV,/mnt/beegfs/ysu34/hamlib/dia_e2e/H8c_16_4.txt,65536,6921,spmspm,ours_sym,741.833,53.405,-1.000000,-1
PREPCSV,/mnt/beegfs/ysu34/hamlib/dia_e2e/H8c_16_4.txt,65536,6921,spmspm,ours_sym,741.833,53.405,4176.679199,0
# DIA_TRIM 1e-08: D 8887 -> 6921
SPMSPMCSV,/mnt/beegfs/ysu34/hamlib/dia_e2e/H8c_16_4.txt,65536,6921,65535,2147483648,ours_flat,8227.313477,0.000e+00
SPMSPMCSV,/mnt/beegfs/ysu34/hamlib/dia_e2e/H8c_16_4.txt,65536,6921,65535,2147483648,ours_sym,4177.072754,6.104e-05
# DIA_TRIM 1e-08: D 8887 -> 6921
CFILL,/mnt/beegfs/ysu34/hamlib/dia_e2e/H8c_16_4.txt,65536,65535,2147483648,64527360,0.0300
# DIA_TRIM 1e-08: D 8887 -> 6921
E2EEVCSV,/mnt/beegfs/ysu34/hamlib/dia_e2e/H8c_16_4.txt,65536,6921,1000,4,gopt,608.284,0.000,7056.417,-1.000,-1.000,-1.000e+00
E2EOPCSV,/mnt/beegfs/ysu34/hamlib/dia_e2e/H8c_16_4.txt,65536,6921,2,65535,2147483648,7753.016,8226.260,-1
E2EOPCSV,/mnt/beegfs/ysu34/hamlib/dia_e2e/H8c_16_4.txt,65536,6921,3,65535,2147483648,62579.876,58302.695,-1
# opbuild wall: Unnz=2147483648 (int32 index limit)
E2EOPBUILDCSV,/mnt/beegfs/ysu34/hamlib/dia_e2e/H8c_16_4.txt,65536,4,65535,2147483648,-1,-1,-1
E2EOPBUILDCSV,/mnt/beegfs/ysu34/hamlib/dia_e2e/H8c_16_4.txt,65536,4,32768,1073774592,76935.875,-1,-1
== [trim 1] heis_16_5 ==
PREPCSV,/mnt/beegfs/ysu34/hamlib/dia_e2e/heis_16_5.txt,65536,31,spmv,didx,4.091,1.737,0.006144,949
PREPCSV,/mnt/beegfs/ysu34/hamlib/dia_e2e/heis_16_5.txt,65536,31,spmv,didx_sym,2.201,0.719,0.006328,461
PREPCSV,/mnt/beegfs/ysu34/hamlib/dia_e2e/heis_16_5.txt,65536,31,spmv,gopt,5.504,0.710,0.010834,574
PREPCSV,/mnt/beegfs/ysu34/hamlib/dia_e2e/heis_16_5.txt,65536,31,spmspm,ours_flat,0.585,0.251,0.212931,4
PREPCSV,/mnt/beegfs/ysu34/hamlib/dia_e2e/heis_16_5.txt,65536,31,spmspm,ours_sym,0.173,2.277,-1.000000,-1
PREPCSV,/mnt/beegfs/ysu34/hamlib/dia_e2e/heis_16_5.txt,65536,31,spmspm,ours_sym,0.173,2.277,0.106578,23
SPMSPMCSV,/mnt/beegfs/ysu34/hamlib/dia_e2e/heis_16_5.txt,65536,31,399,24395762,ours_flat,0.212685,0.000e+00
SPMSPMCSV,/mnt/beegfs/ysu34/hamlib/dia_e2e/heis_16_5.txt,65536,31,399,24395762,ours_sym,0.106496,0.000e+00
CFILL,/mnt/beegfs/ysu34/hamlib/dia_e2e/heis_16_5.txt,65536,399,24395762,2497616,0.1024
E2EEVCSV,/mnt/beegfs/ysu34/hamlib/dia_e2e/heis_16_5.txt,65536,31,1000,5,didx,10.894,0.000,51.082,-1.000,-1.000,-1.000e+00
E2EOPCSV,/mnt/beegfs/ysu34/hamlib/dia_e2e/heis_16_5.txt,65536,31,2,399,24395762,0.411,0.214,-1
E2EOPCSV,/mnt/beegfs/ysu34/hamlib/dia_e2e/heis_16_5.txt,65536,31,3,2791,163414130,19.041,3.001,-1
E2EOPBUILDCSV,/mnt/beegfs/ysu34/hamlib/dia_e2e/heis_16_5.txt,65536,5,32167,1651448944,6250.636,6593.763,1.055
E2EOPBUILDCSV,/mnt/beegfs/ysu34/hamlib/dia_e2e/heis_16_5.txt,65536,5,16084,825757240,327.896,-1,-1
== [trim 1] heis_18_5 ==
PREPCSV,/mnt/beegfs/ysu34/hamlib/dia_e2e/heis_18_5.txt,262144,35,spmv,didx,20.165,1.398,0.012329,1749
PREPCSV,/mnt/beegfs/ysu34/hamlib/dia_e2e/heis_18_5.txt,262144,35,spmv,didx_sym,10.142,3.298,0.012083,1112
PREPCSV,/mnt/beegfs/ysu34/hamlib/dia_e2e/heis_18_5.txt,262144,35,spmv,gopt,22.128,2.307,0.016077,1520
PREPCSV,/mnt/beegfs/ysu34/hamlib/dia_e2e/heis_18_5.txt,262144,35,spmspm,ours_flat,1.965,0.485,1.348424,2
PREPCSV,/mnt/beegfs/ysu34/hamlib/dia_e2e/heis_18_5.txt,262144,35,spmspm,ours_sym,0.749,3.105,-1.000000,-1
PREPCSV,/mnt/beegfs/ysu34/hamlib/dia_e2e/heis_18_5.txt,262144,35,spmspm,ours_sym,0.749,3.105,0.629678,6
SPMSPMCSV,/mnt/beegfs/ysu34/hamlib/dia_e2e/heis_18_5.txt,262144,35,519,127991794,ours_flat,1.348454,0.000e+00
SPMSPMCSV,/mnt/beegfs/ysu34/hamlib/dia_e2e/heis_18_5.txt,262144,35,519,127991794,ours_sym,0.629299,0.000e+00
CFILL,/mnt/beegfs/ysu34/hamlib/dia_e2e/heis_18_5.txt,262144,519,127991794,12417264,0.0970
E2EEVCSV,/mnt/beegfs/ysu34/hamlib/dia_e2e/heis_18_5.txt,262144,35,1000,5,didx,44.491,0.000,98.106,-1.000,-1.000,-1.000e+00
E2EOPCSV,/mnt/beegfs/ysu34/hamlib/dia_e2e/heis_18_5.txt,262144,35,2,519,127991794,1.341,1.350,-1
E2EOPCSV,/mnt/beegfs/ysu34/hamlib/dia_e2e/heis_18_5.txt,262144,35,3,4279,1016725618,44.715,21.397,-1
# opbuild wall: Unnz=15484329072 (int32 index limit)
E2EOPBUILDCSV,/mnt/beegfs/ysu34/hamlib/dia_e2e/heis_18_5.txt,262144,5,72483,15484329072,-1,-1,-1
# opbuild(sym) wall: Unnz=7742295608 (int32 index limit)
E2EOPBUILDCSV,/mnt/beegfs/ysu34/hamlib/dia_e2e/heis_18_5.txt,262144,5,36242,7742295608,-1,-1,-1
== [trim 1] heis_20_5 ==
PREPCSV,/mnt/beegfs/ysu34/hamlib/dia_e2e/heis_20_5.txt,1048576,39,spmv,didx,122.960,4.980,0.058307,2194
PREPCSV,/mnt/beegfs/ysu34/hamlib/dia_e2e/heis_20_5.txt,1048576,39,spmv,didx_sym,47.670,12.214,0.054907,1091
PREPCSV,/mnt/beegfs/ysu34/hamlib/dia_e2e/heis_20_5.txt,1048576,39,spmv,gopt,102.009,7.266,0.080077,1365
PREPCSV,/mnt/beegfs/ysu34/hamlib/dia_e2e/heis_20_5.txt,1048576,39,spmspm,ours_flat,7.997,0.917,6.928896,1
PREPCSV,/mnt/beegfs/ysu34/hamlib/dia_e2e/heis_20_5.txt,1048576,39,spmspm,ours_sym,3.689,4.513,-1.000000,-1
PREPCSV,/mnt/beegfs/ysu34/hamlib/dia_e2e/heis_20_5.txt,1048576,39,spmspm,ours_sym,3.689,4.513,3.479921,2
SPMSPMCSV,/mnt/beegfs/ysu34/hamlib/dia_e2e/heis_20_5.txt,1048576,39,655,650379250,ours_flat,6.932756,0.000e+00
SPMSPMCSV,/mnt/beegfs/ysu34/hamlib/dia_e2e/heis_20_5.txt,1048576,39,655,650379250,ours_sym,3.478753,0.000e+00
CFILL,/mnt/beegfs/ysu34/hamlib/dia_e2e/heis_20_5.txt,1048576,655,650379250,60424320,0.0929
E2EEVCSV,/mnt/beegfs/ysu34/hamlib/dia_e2e/heis_20_5.txt,1048576,39,1000,5,didx,257.342,0.000,432.760,-1.000,-1.000,-1.000e+00
E2EOPCSV,/mnt/beegfs/ysu34/hamlib/dia_e2e/heis_20_5.txt,1048576,39,2,655,650379250,5.742,6.929,-1
E2EOPCSV,/mnt/beegfs/ysu34/hamlib/dia_e2e/heis_20_5.txt,1048576,39,3,6231,5988941938,125.626,141.873,-1
# opbuild wall: Unnz=130519407728 (int32 index limit)
E2EOPBUILDCSV,/mnt/beegfs/ysu34/hamlib/dia_e2e/heis_20_5.txt,1048576,5,148383,130519407728,-1,-1,-1
# opbuild(sym) wall: Unnz=65260228152 (int32 index limit)
E2EOPBUILDCSV,/mnt/beegfs/ysu34/hamlib/dia_e2e/heis_20_5.txt,1048576,5,74192,65260228152,-1,-1,-1
== [trim 1] heis_20_6 ==
PREPCSV,/mnt/beegfs/ysu34/hamlib/dia_e2e/heis_20_6.txt,1048576,39,spmv,didx,124.341,4.959,0.058143,2224
PREPCSV,/mnt/beegfs/ysu34/hamlib/dia_e2e/heis_20_6.txt,1048576,39,spmv,didx_sym,48.032,12.220,0.054825,1099
PREPCSV,/mnt/beegfs/ysu34/hamlib/dia_e2e/heis_20_6.txt,1048576,39,spmv,gopt,114.267,7.300,0.080364,1513
PREPCSV,/mnt/beegfs/ysu34/hamlib/dia_e2e/heis_20_6.txt,1048576,39,spmspm,ours_flat,8.082,0.937,6.929080,1
PREPCSV,/mnt/beegfs/ysu34/hamlib/dia_e2e/heis_20_6.txt,1048576,39,spmspm,ours_sym,3.635,4.520,-1.000000,-1
PREPCSV,/mnt/beegfs/ysu34/hamlib/dia_e2e/heis_20_6.txt,1048576,39,spmspm,ours_sym,3.635,4.520,3.480207,2
SPMSPMCSV,/mnt/beegfs/ysu34/hamlib/dia_e2e/heis_20_6.txt,1048576,39,655,650379250,ours_flat,6.932746,0.000e+00
SPMSPMCSV,/mnt/beegfs/ysu34/hamlib/dia_e2e/heis_20_6.txt,1048576,39,655,650379250,ours_sym,3.478487,0.000e+00
CFILL,/mnt/beegfs/ysu34/hamlib/dia_e2e/heis_20_6.txt,1048576,655,650379250,60424320,0.0929
E2EEVCSV,/mnt/beegfs/ysu34/hamlib/dia_e2e/heis_20_6.txt,1048576,39,1000,6,didx,225.999,0.000,518.299,-1.000,-1.000,-1.000e+00
E2EOPCSV,/mnt/beegfs/ysu34/hamlib/dia_e2e/heis_20_6.txt,1048576,39,2,655,650379250,5.750,6.929,-1
E2EOPCSV,/mnt/beegfs/ysu34/hamlib/dia_e2e/heis_20_6.txt,1048576,39,3,6231,5988941938,125.423,141.864,-1
# opbuild wall: Unnz=337281752192 (int32 index limit)
E2EOPBUILDCSV,/mnt/beegfs/ysu34/hamlib/dia_e2e/heis_20_6.txt,1048576,6,409911,337281752192,-1,-1,-1
# opbuild(sym) wall: Unnz=168641400384 (int32 index limit)
E2EOPBUILDCSV,/mnt/beegfs/ysu34/hamlib/dia_e2e/heis_20_6.txt,1048576,6,204956,168641400384,-1,-1,-1
== [trim 1] maxcut_16_5 ==
PREPCSV,/mnt/beegfs/ysu34/hamlib/dia_e2e/maxcut_16_5.txt,65536,1,spmv,didx,0.378,0.088,0.003789,123
PREPCSV,/mnt/beegfs/ysu34/hamlib/dia_e2e/maxcut_16_5.txt,65536,1,spmv,didx_sym,0.373,0.109,0.003830,126
PREPCSV,/mnt/beegfs/ysu34/hamlib/dia_e2e/maxcut_16_5.txt,65536,1,spmv,gopt,0.159,0.070,0.003830,60
PREPCSV,/mnt/beegfs/ysu34/hamlib/dia_e2e/maxcut_16_5.txt,65536,1,spmspm,ours_flat,0.124,0.042,0.005181,32
PREPCSV,/mnt/beegfs/ysu34/hamlib/dia_e2e/maxcut_16_5.txt,65536,1,spmspm,ours_sym,0.068,0.043,-1.000000,-1
PREPCSV,/mnt/beegfs/ysu34/hamlib/dia_e2e/maxcut_16_5.txt,65536,1,spmspm,ours_sym,0.068,0.043,0.005140,22
SPMSPMCSV,/mnt/beegfs/ysu34/hamlib/dia_e2e/maxcut_16_5.txt,65536,1,1,65536,ours_flat,0.005100,0.000e+00
SPMSPMCSV,/mnt/beegfs/ysu34/hamlib/dia_e2e/maxcut_16_5.txt,65536,1,1,65536,ours_sym,0.005069,0.000e+00
CFILL,/mnt/beegfs/ysu34/hamlib/dia_e2e/maxcut_16_5.txt,65536,1,65536,34596,0.5279
E2EEVCSV,/mnt/beegfs/ysu34/hamlib/dia_e2e/maxcut_16_5.txt,65536,1,1000,5,stream,0.506,0.000,37.780,-1.000,-1.000,-1.000e+00
E2EOPCSV,/mnt/beegfs/ysu34/hamlib/dia_e2e/maxcut_16_5.txt,65536,1,2,1,65536,0.002,0.005,-1
E2EOPCSV,/mnt/beegfs/ysu34/hamlib/dia_e2e/maxcut_16_5.txt,65536,1,3,1,65536,0.001,0.005,-1
E2EOPBUILDCSV,/mnt/beegfs/ysu34/hamlib/dia_e2e/maxcut_16_5.txt,65536,5,1,65536,1.005,1.811,1.803
E2EOPBUILDCSV,/mnt/beegfs/ysu34/hamlib/dia_e2e/maxcut_16_5.txt,65536,5,1,65536,0.780,-1,-1
== [trim 1] maxcut_18_5 ==
PREPCSV,/mnt/beegfs/ysu34/hamlib/dia_e2e/maxcut_18_5.txt,262144,1,spmv,didx,1.809,0.435,0.004649,483
PREPCSV,/mnt/beegfs/ysu34/hamlib/dia_e2e/maxcut_18_5.txt,262144,1,spmv,didx_sym,1.163,0.437,0.004772,335
PREPCSV,/mnt/beegfs/ysu34/hamlib/dia_e2e/maxcut_18_5.txt,262144,1,spmv,gopt,0.824,0.227,0.004342,242
PREPCSV,/mnt/beegfs/ysu34/hamlib/dia_e2e/maxcut_18_5.txt,262144,1,spmspm,ours_flat,0.494,0.108,0.005468,110
PREPCSV,/mnt/beegfs/ysu34/hamlib/dia_e2e/maxcut_18_5.txt,262144,1,spmspm,ours_sym,0.272,0.112,-1.000000,-1
PREPCSV,/mnt/beegfs/ysu34/hamlib/dia_e2e/maxcut_18_5.txt,262144,1,spmspm,ours_sym,0.272,0.112,0.005448,70
SPMSPMCSV,/mnt/beegfs/ysu34/hamlib/dia_e2e/maxcut_18_5.txt,262144,1,1,262144,ours_flat,0.005550,0.000e+00
SPMSPMCSV,/mnt/beegfs/ysu34/hamlib/dia_e2e/maxcut_18_5.txt,262144,1,1,262144,ours_sym,0.005550,0.000e+00
CFILL,/mnt/beegfs/ysu34/hamlib/dia_e2e/maxcut_18_5.txt,262144,1,262144,262144,1.0000
E2EEVCSV,/mnt/beegfs/ysu34/hamlib/dia_e2e/maxcut_18_5.txt,262144,1,1000,5,stream,1.501,0.000,51.088,-1.000,-1.000,-1.000e+00
E2EOPCSV,/mnt/beegfs/ysu34/hamlib/dia_e2e/maxcut_18_5.txt,262144,1,2,1,262144,0.004,0.006,-1
E2EOPCSV,/mnt/beegfs/ysu34/hamlib/dia_e2e/maxcut_18_5.txt,262144,1,3,1,262144,0.003,0.006,-1
E2EOPBUILDCSV,/mnt/beegfs/ysu34/hamlib/dia_e2e/maxcut_18_5.txt,262144,5,1,262144,3.023,5.597,1.852
E2EOPBUILDCSV,/mnt/beegfs/ysu34/hamlib/dia_e2e/maxcut_18_5.txt,262144,5,1,262144,1.864,-1,-1
== [trim 1] maxcut_20_5 ==
PREPCSV,/mnt/beegfs/ysu34/hamlib/dia_e2e/maxcut_20_5.txt,1048576,1,spmv,didx,5.424,0.927,0.008458,751
PREPCSV,/mnt/beegfs/ysu34/hamlib/dia_e2e/maxcut_20_5.txt,1048576,1,spmv,didx_sym,5.297,0.989,0.008888,707
PREPCSV,/mnt/beegfs/ysu34/hamlib/dia_e2e/maxcut_20_5.txt,1048576,1,spmv,gopt,2.454,0.408,0.006554,437
PREPCSV,/mnt/beegfs/ysu34/hamlib/dia_e2e/maxcut_20_5.txt,1048576,1,spmspm,ours_flat,2.062,0.165,0.009114,244
PREPCSV,/mnt/beegfs/ysu34/hamlib/dia_e2e/maxcut_20_5.txt,1048576,1,spmspm,ours_sym,1.215,0.178,-1.000000,-1
PREPCSV,/mnt/beegfs/ysu34/hamlib/dia_e2e/maxcut_20_5.txt,1048576,1,spmspm,ours_sym,1.215,0.178,0.009155,152
SPMSPMCSV,/mnt/beegfs/ysu34/hamlib/dia_e2e/maxcut_20_5.txt,1048576,1,1,1048576,ours_flat,0.008970,0.000e+00
SPMSPMCSV,/mnt/beegfs/ysu34/hamlib/dia_e2e/maxcut_20_5.txt,1048576,1,1,1048576,ours_sym,0.008950,0.000e+00
CFILL,/mnt/beegfs/ysu34/hamlib/dia_e2e/maxcut_20_5.txt,1048576,1,1048576,595984,0.5684
E2EEVCSV,/mnt/beegfs/ysu34/hamlib/dia_e2e/maxcut_20_5.txt,1048576,1,1000,5,stream,4.876,0.000,117.246,-1.000,-1.000,-1.000e+00
E2EOPCSV,/mnt/beegfs/ysu34/hamlib/dia_e2e/maxcut_20_5.txt,1048576,1,2,1,1048576,0.011,0.009,-1
E2EOPCSV,/mnt/beegfs/ysu34/hamlib/dia_e2e/maxcut_20_5.txt,1048576,1,3,1,1048576,0.009,0.010,-1
E2EOPBUILDCSV,/mnt/beegfs/ysu34/hamlib/dia_e2e/maxcut_20_5.txt,1048576,5,1,1048576,10.441,20.967,2.008
E2EOPBUILDCSV,/mnt/beegfs/ysu34/hamlib/dia_e2e/maxcut_20_5.txt,1048576,5,1,1048576,5.416,-1,-1
== [trim 1] O2c_16_5 ==
# DIA_TRIM 1e-08: D 1243 -> 867
PREPCSV,/mnt/beegfs/ysu34/hamlib/dia_e2e/O2c_16_5.txt,65536,867,spmv,didx,88.105,2.213,0.067727,1334
# didx_sym skipped: non-symmetric or Dup>128
PREPCSV,/mnt/beegfs/ysu34/hamlib/dia_e2e/O2c_16_5.txt,65536,867,spmv,gopt,98.091,6.881,0.251269,418
PREPCSV,/mnt/beegfs/ysu34/hamlib/dia_e2e/O2c_16_5.txt,65536,867,spmspm,ours_flat,671.935,3.833,131.700470,5
PREPCSV,/mnt/beegfs/ysu34/hamlib/dia_e2e/O2c_16_5.txt,65536,867,spmspm,ours_sym,28.792,16.085,-1.000000,-1
PREPCSV,/mnt/beegfs/ysu34/hamlib/dia_e2e/O2c_16_5.txt,65536,867,spmspm,ours_sym,28.792,16.085,60.958675,1
# DIA_TRIM 1e-08: D 1243 -> 867
SPMSPMCSV,/mnt/beegfs/ysu34/hamlib/dia_e2e/O2c_16_5.txt,65536,867,35219,1308482828,ours_flat,131.693649,0.000e+00
SPMSPMCSV,/mnt/beegfs/ysu34/hamlib/dia_e2e/O2c_16_5.txt,65536,867,35219,1308482828,ours_sym,60.966366,1.221e-04
# DIA_TRIM 1e-08: D 1243 -> 867
CFILL,/mnt/beegfs/ysu34/hamlib/dia_e2e/O2c_16_5.txt,65536,35219,1308482828,30152672,0.0230
# DIA_TRIM 1e-08: D 1243 -> 867
E2EEVCSV,/mnt/beegfs/ysu34/hamlib/dia_e2e/O2c_16_5.txt,65536,867,1000,5,didx,208.507,0.000,462.413,-1.000,-1.000,-1.000e+00
E2EOPCSV,/mnt/beegfs/ysu34/hamlib/dia_e2e/O2c_16_5.txt,65536,867,2,35219,1308482828,629.827,131.701,-1
E2EOPCSV,/mnt/beegfs/ysu34/hamlib/dia_e2e/O2c_16_5.txt,65536,867,3,43691,1431655766,21610.259,5049.391,-1
E2EOPBUILDCSV,/mnt/beegfs/ysu34/hamlib/dia_e2e/O2c_16_5.txt,65536,5,43691,1431655766,84952.062,149328.922,1.758
E2EOPBUILDCSV,/mnt/beegfs/ysu34/hamlib/dia_e2e/O2c_16_5.txt,65536,5,21846,715860651,12119.067,-1,-1
== [trim 1] O2c_20_5 ==
# DIA_TRIM 1e-08: D 3359 -> 2367
PREPCSV,/mnt/beegfs/ysu34/hamlib/dia_e2e/O2c_20_5.txt,1048576,2367,spmv,didx,5225.060,68.910,2.740982,1931
# didx_sym skipped: non-symmetric or Dup>128
PREPCSV,/mnt/beegfs/ysu34/hamlib/dia_e2e/O2c_20_5.txt,1048576,2367,spmv,gopt,4306.588,193.769,2.061414,2183
CUDA prep_driver.cu:324 out of memory
# DIA_TRIM 1e-08: D 3359 -> 2367
CUDA spmspm_driver.cu:94 out of memory
# DIA_TRIM 1e-08: D 3359 -> 2367
CFILL,/mnt/beegfs/ysu34/hamlib/dia_e2e/O2c_20_5.txt,1048576,336441,221619031350,-1,OOM
# DIA_TRIM 1e-08: D 3359 -> 2367
E2EEVCSV,/mnt/beegfs/ysu34/hamlib/dia_e2e/O2c_20_5.txt,1048576,2367,1000,5,didx,10558.567,0.000,19314.648,-1.000,-1.000,-1.000e+00
E2EOPCSV,/mnt/beegfs/ysu34/hamlib/dia_e2e/O2c_20_5.txt,1048576,2367,2,336441,221619031350,-1,-1,-1
# opbuild wall: Unnz=366503875926 (int32 index limit)
E2EOPBUILDCSV,/mnt/beegfs/ysu34/hamlib/dia_e2e/O2c_20_5.txt,1048576,5,699051,366503875926,-1,-1,-1
# opbuild(sym) wall: Unnz=183252462251 (int32 index limit)
E2EOPBUILDCSV,/mnt/beegfs/ysu34/hamlib/dia_e2e/O2c_20_5.txt,1048576,5,349526,183252462251,-1,-1,-1
== [trim 1] qmaxcut_16_4 ==
PREPCSV,/mnt/beegfs/ysu34/hamlib/dia_e2e/qmaxcut_16_4.txt,65536,31,spmv,didx,3.423,0.471,0.006164,632
PREPCSV,/mnt/beegfs/ysu34/hamlib/dia_e2e/qmaxcut_16_4.txt,65536,31,spmv,didx_sym,1.664,0.544,0.006615,334
PREPCSV,/mnt/beegfs/ysu34/hamlib/dia_e2e/qmaxcut_16_4.txt,65536,31,spmv,gopt,3.277,0.436,0.008110,458
PREPCSV,/mnt/beegfs/ysu34/hamlib/dia_e2e/qmaxcut_16_4.txt,65536,31,spmspm,ours_flat,0.498,0.202,0.106660,7
PREPCSV,/mnt/beegfs/ysu34/hamlib/dia_e2e/qmaxcut_16_4.txt,65536,31,spmspm,ours_sym,0.144,1.392,-1.000000,-1
PREPCSV,/mnt/beegfs/ysu34/hamlib/dia_e2e/qmaxcut_16_4.txt,65536,31,spmspm,ours_sym,0.144,1.392,0.055398,28
SPMSPMCSV,/mnt/beegfs/ysu34/hamlib/dia_e2e/qmaxcut_16_4.txt,65536,31,481,15138746,ours_flat,0.107223,0.000e+00
SPMSPMCSV,/mnt/beegfs/ysu34/hamlib/dia_e2e/qmaxcut_16_4.txt,65536,31,481,15138746,ours_sym,0.055736,0.000e+00
CFILL,/mnt/beegfs/ysu34/hamlib/dia_e2e/qmaxcut_16_4.txt,65536,481,15138746,3997696,0.2641
E2EEVCSV,/mnt/beegfs/ysu34/hamlib/dia_e2e/qmaxcut_16_4.txt,65536,31,1000,4,didx,7.318,0.000,43.629,-1.000,-1.000,-1.000e+00
E2EOPCSV,/mnt/beegfs/ysu34/hamlib/dia_e2e/qmaxcut_16_4.txt,65536,31,2,481,15138746,0.341,0.107,-1
E2EOPCSV,/mnt/beegfs/ysu34/hamlib/dia_e2e/qmaxcut_16_4.txt,65536,31,3,3031,103776028,20.666,1.229,-1
E2EOPBUILDCSV,/mnt/beegfs/ysu34/hamlib/dia_e2e/qmaxcut_16_4.txt,65536,4,15507,499792596,676.036,906.118,1.340
E2EOPBUILDCSV,/mnt/beegfs/ysu34/hamlib/dia_e2e/qmaxcut_16_4.txt,65536,4,7754,249929066,47.456,-1,-1
== [trim 1] qmaxcut_18_4 ==
PREPCSV,/mnt/beegfs/ysu34/hamlib/dia_e2e/qmaxcut_18_4.txt,262144,35,spmv,didx,13.457,1.399,0.012513,1187
PREPCSV,/mnt/beegfs/ysu34/hamlib/dia_e2e/qmaxcut_18_4.txt,262144,35,spmv,didx_sym,6.744,2.182,0.012575,710
PREPCSV,/mnt/beegfs/ysu34/hamlib/dia_e2e/qmaxcut_18_4.txt,262144,35,spmv,gopt,12.432,1.906,0.010424,1375
PREPCSV,/mnt/beegfs/ysu34/hamlib/dia_e2e/qmaxcut_18_4.txt,262144,35,spmspm,ours_flat,1.565,0.372,0.537600,4
PREPCSV,/mnt/beegfs/ysu34/hamlib/dia_e2e/qmaxcut_18_4.txt,262144,35,spmspm,ours_sym,0.633,3.212,-1.000000,-1
PREPCSV,/mnt/beegfs/ysu34/hamlib/dia_e2e/qmaxcut_18_4.txt,262144,35,spmspm,ours_sym,0.633,3.212,0.270889,14
SPMSPMCSV,/mnt/beegfs/ysu34/hamlib/dia_e2e/qmaxcut_18_4.txt,262144,35,613,77332402,ours_flat,0.537344,0.000e+00
SPMSPMCSV,/mnt/beegfs/ysu34/hamlib/dia_e2e/qmaxcut_18_4.txt,262144,35,613,77332402,ours_sym,0.270991,0.000e+00
CFILL,/mnt/beegfs/ysu34/hamlib/dia_e2e/qmaxcut_18_4.txt,262144,613,77332402,20316160,0.2627
E2EEVCSV,/mnt/beegfs/ysu34/hamlib/dia_e2e/qmaxcut_18_4.txt,262144,35,1000,4,didx,26.980,0.000,79.093,-1.000,-1.000,-1.000e+00
E2EOPCSV,/mnt/beegfs/ysu34/hamlib/dia_e2e/qmaxcut_18_4.txt,262144,35,2,613,77332402,0.951,0.538,-1
E2EOPCSV,/mnt/beegfs/ysu34/hamlib/dia_e2e/qmaxcut_18_4.txt,262144,35,3,4455,608304862,42.840,7.337,-1
# opbuild wall: Unnz=3485530152 (int32 index limit)
E2EOPBUILDCSV,/mnt/beegfs/ysu34/hamlib/dia_e2e/qmaxcut_18_4.txt,262144,4,27051,3485530152,-1,-1,-1
E2EOPBUILDCSV,/mnt/beegfs/ysu34/hamlib/dia_e2e/qmaxcut_18_4.txt,262144,4,13526,1742896148,164.201,-1,-1
== [trim 1] qmaxcut_20_4 ==
PREPCSV,/mnt/beegfs/ysu34/hamlib/dia_e2e/qmaxcut_20_4.txt,1048576,39,spmv,didx,80.788,4.879,0.061399,1395
PREPCSV,/mnt/beegfs/ysu34/hamlib/dia_e2e/qmaxcut_20_4.txt,1048576,39,spmv,didx_sym,30.722,7.851,0.062935,613
PREPCSV,/mnt/beegfs/ysu34/hamlib/dia_e2e/qmaxcut_20_4.txt,1048576,39,spmv,gopt,60.045,5.007,0.054886,1185
PREPCSV,/mnt/beegfs/ysu34/hamlib/dia_e2e/qmaxcut_20_4.txt,1048576,39,spmspm,ours_flat,5.703,0.716,2.823701,2
PREPCSV,/mnt/beegfs/ysu34/hamlib/dia_e2e/qmaxcut_20_4.txt,1048576,39,spmspm,ours_sym,2.494,2.528,-1.000000,-1
PREPCSV,/mnt/beegfs/ysu34/hamlib/dia_e2e/qmaxcut_20_4.txt,1048576,39,spmspm,ours_sym,2.494,2.528,1.440993,3
SPMSPMCSV,/mnt/beegfs/ysu34/hamlib/dia_e2e/qmaxcut_20_4.txt,1048576,39,761,384827306,ours_flat,2.823690,0.000e+00
SPMSPMCSV,/mnt/beegfs/ysu34/hamlib/dia_e2e/qmaxcut_20_4.txt,1048576,39,761,384827306,ours_sym,1.438945,0.000e+00
CFILL,/mnt/beegfs/ysu34/hamlib/dia_e2e/qmaxcut_20_4.txt,1048576,761,384827306,100663296,0.2616
E2EEVCSV,/mnt/beegfs/ysu34/hamlib/dia_e2e/qmaxcut_20_4.txt,1048576,39,1000,4,didx,158.473,0.000,362.427,-1.000,-1.000,-1.000e+00
E2EOPCSV,/mnt/beegfs/ysu34/hamlib/dia_e2e/qmaxcut_20_4.txt,1048576,39,2,761,384827306,3.517,2.826,-1
E2EOPCSV,/mnt/beegfs/ysu34/hamlib/dia_e2e/qmaxcut_20_4.txt,1048576,39,3,6271,3415735960,102.597,44.749,-1
# opbuild wall: Unnz=22750164124 (int32 index limit)
E2EOPBUILDCSV,/mnt/beegfs/ysu34/hamlib/dia_e2e/qmaxcut_20_4.txt,1048576,4,44143,22750164124,-1,-1,-1
# opbuild(sym) wall: Unnz=11375606350 (int32 index limit)
E2EOPBUILDCSV,/mnt/beegfs/ysu34/hamlib/dia_e2e/qmaxcut_20_4.txt,1048576,4,22072,11375606350,-1,-1,-1
== [trim 1] qmaxcutC_18_4 ==
PREPCSV,/mnt/beegfs/ysu34/hamlib/dia_e2e/qmaxcutC_18_4.txt,262144,73,spmv,didx,56.088,2.393,0.026173,2234
PREPCSV,/mnt/beegfs/ysu34/hamlib/dia_e2e/qmaxcutC_18_4.txt,262144,73,spmv,didx_sym,20.207,5.789,0.026276,989
PREPCSV,/mnt/beegfs/ysu34/hamlib/dia_e2e/qmaxcutC_18_4.txt,262144,73,spmv,gopt,50.725,4.076,0.046367,1182
PREPCSV,/mnt/beegfs/ysu34/hamlib/dia_e2e/qmaxcutC_18_4.txt,262144,73,spmspm,ours_flat,6.966,0.798,5.425787,1
PREPCSV,/mnt/beegfs/ysu34/hamlib/dia_e2e/qmaxcutC_18_4.txt,262144,73,spmspm,ours_sym,2.074,3.949,-1.000000,-1
PREPCSV,/mnt/beegfs/ysu34/hamlib/dia_e2e/qmaxcutC_18_4.txt,262144,73,spmspm,ours_sym,2.074,3.949,2.575503,2
SPMSPMCSV,/mnt/beegfs/ysu34/hamlib/dia_e2e/qmaxcutC_18_4.txt,262144,73,1995,447316210,ours_flat,5.426084,0.000e+00
SPMSPMCSV,/mnt/beegfs/ysu34/hamlib/dia_e2e/qmaxcutC_18_4.txt,262144,73,1995,447316210,ours_sym,2.571602,0.000e+00
CFILL,/mnt/beegfs/ysu34/hamlib/dia_e2e/qmaxcutC_18_4.txt,262144,1995,447316210,42963040,0.0960
E2EEVCSV,/mnt/beegfs/ysu34/hamlib/dia_e2e/qmaxcutC_18_4.txt,262144,73,1000,4,didx,108.026,0.000,153.905,-1.000,-1.000,-1.000e+00
E2EOPCSV,/mnt/beegfs/ysu34/hamlib/dia_e2e/qmaxcutC_18_4.txt,262144,73,2,1995,447316210,6.109,5.428,-1
E2EOPCSV,/mnt/beegfs/ysu34/hamlib/dia_e2e/qmaxcutC_18_4.txt,262144,73,3,25185,5108188748,842.647,152.121,-1
# opbuild wall: Unnz=26670401436 (int32 index limit)
E2EOPBUILDCSV,/mnt/beegfs/ysu34/hamlib/dia_e2e/qmaxcutC_18_4.txt,262144,4,149585,26670401436,-1,-1,-1
# opbuild(sym) wall: Unnz=13335331790 (int32 index limit)
E2EOPBUILDCSV,/mnt/beegfs/ysu34/hamlib/dia_e2e/qmaxcutC_18_4.txt,262144,4,74793,13335331790,-1,-1,-1
== [trim 1] qmaxcutK_18_4 ==
PREPCSV,/mnt/beegfs/ysu34/hamlib/dia_e2e/qmaxcutK_18_4.txt,262144,19,spmv,didx,11.463,1.024,0.008909,1402
PREPCSV,/mnt/beegfs/ysu34/hamlib/dia_e2e/qmaxcutK_18_4.txt,262144,19,spmv,didx_sym,5.858,2.048,0.009830,804
PREPCSV,/mnt/beegfs/ysu34/hamlib/dia_e2e/qmaxcutK_18_4.txt,262144,19,spmv,gopt,13.767,1.785,0.011940,1303
PREPCSV,/mnt/beegfs/ysu34/hamlib/dia_e2e/qmaxcutK_18_4.txt,262144,19,spmspm,ours_flat,0.888,0.283,0.364278,3
PREPCSV,/mnt/beegfs/ysu34/hamlib/dia_e2e/qmaxcutK_18_4.txt,262144,19,spmspm,ours_sym,0.443,2.351,-1.000000,-1
PREPCSV,/mnt/beegfs/ysu34/hamlib/dia_e2e/qmaxcutK_18_4.txt,262144,19,spmspm,ours_sym,0.443,2.351,0.175473,16
SPMSPMCSV,/mnt/beegfs/ysu34/hamlib/dia_e2e/qmaxcutK_18_4.txt,262144,19,147,37034376,ours_flat,0.364605,0.000e+00
SPMSPMCSV,/mnt/beegfs/ysu34/hamlib/dia_e2e/qmaxcutK_18_4.txt,262144,19,147,37034376,ours_sym,0.175319,0.000e+00
CFILL,/mnt/beegfs/ysu34/hamlib/dia_e2e/qmaxcutK_18_4.txt,262144,147,37034376,3014656,0.0814
E2EEVCSV,/mnt/beegfs/ysu34/hamlib/dia_e2e/qmaxcutK_18_4.txt,262144,19,1000,4,didx,24.380,0.000,60.972,-1.000,-1.000,-1.000e+00
E2EOPCSV,/mnt/beegfs/ysu34/hamlib/dia_e2e/qmaxcutK_18_4.txt,262144,19,2,147,37034376,0.347,0.365,-1
E2EOPCSV,/mnt/beegfs/ysu34/hamlib/dia_e2e/qmaxcutK_18_4.txt,262144,19,3,629,155370334,2.770,3.189,-1
E2EOPBUILDCSV,/mnt/beegfs/ysu34/hamlib/dia_e2e/qmaxcutK_18_4.txt,262144,4,1875,453768152,57.027,167.414,2.936
E2EOPBUILDCSV,/mnt/beegfs/ysu34/hamlib/dia_e2e/qmaxcutK_18_4.txt,262144,4,938,227015148,22.034,-1,-1
== [trim 1] qmaxcutR_18_3 ==
PREPCSV,/mnt/beegfs/ysu34/hamlib/dia_e2e/qmaxcutR_18_3.txt,262144,9,spmv,didx,5.319,0.702,0.006820,883
PREPCSV,/mnt/beegfs/ysu34/hamlib/dia_e2e/qmaxcutR_18_3.txt,262144,9,spmv,didx_sym,2.941,1.020,0.007803,508
PREPCSV,/mnt/beegfs/ysu34/hamlib/dia_e2e/qmaxcutR_18_3.txt,262144,9,spmv,gopt,6.652,0.653,0.006820,1071
PREPCSV,/mnt/beegfs/ysu34/hamlib/dia_e2e/qmaxcutR_18_3.txt,262144,9,spmspm,ours_flat,0.600,0.207,0.082944,10
PREPCSV,/mnt/beegfs/ysu34/hamlib/dia_e2e/qmaxcutR_18_3.txt,262144,9,spmspm,ours_sym,0.327,0.439,-1.000000,-1
PREPCSV,/mnt/beegfs/ysu34/hamlib/dia_e2e/qmaxcutR_18_3.txt,262144,9,spmspm,ours_sym,0.327,0.439,0.039936,19
SPMSPMCSV,/mnt/beegfs/ysu34/hamlib/dia_e2e/qmaxcutR_18_3.txt,262144,9,35,9027634,ours_flat,0.083835,0.000e+00
SPMSPMCSV,/mnt/beegfs/ysu34/hamlib/dia_e2e/qmaxcutR_18_3.txt,262144,9,35,9027634,ours_sym,0.039813,0.000e+00
CFILL,/mnt/beegfs/ysu34/hamlib/dia_e2e/qmaxcutR_18_3.txt,262144,35,9027634,786432,0.0871
E2EEVCSV,/mnt/beegfs/ysu34/hamlib/dia_e2e/qmaxcutR_18_3.txt,262144,9,1000,3,didx,12.522,0.000,39.555,-1.000,-1.000,-1.000e+00
E2EOPCSV,/mnt/beegfs/ysu34/hamlib/dia_e2e/qmaxcutR_18_3.txt,262144,9,2,35,9027634,0.075,0.083,-1
E2EOPCSV,/mnt/beegfs/ysu34/hamlib/dia_e2e/qmaxcutR_18_3.txt,262144,9,3,75,19210410,0.191,0.340,-1
E2EOPBUILDCSV,/mnt/beegfs/ysu34/hamlib/dia_e2e/qmaxcutR_18_3.txt,262144,3,75,19210410,2.721,27.875,10.245
E2EOPBUILDCSV,/mnt/beegfs/ysu34/hamlib/dia_e2e/qmaxcutR_18_3.txt,262144,3,38,9736277,2.235,-1,-1
== [trim 1] tfim_16_4 ==
PREPCSV,/mnt/beegfs/ysu34/hamlib/dia_e2e/tfim_16_4.txt,65536,33,spmv,didx,6.313,0.711,0.007250,969
PREPCSV,/mnt/beegfs/ysu34/hamlib/dia_e2e/tfim_16_4.txt,65536,33,spmv,didx_sym,2.609,0.889,0.006758,517
PREPCSV,/mnt/beegfs/ysu34/hamlib/dia_e2e/tfim_16_4.txt,65536,33,spmv,gopt,6.483,0.821,0.012370,590
PREPCSV,/mnt/beegfs/ysu34/hamlib/dia_e2e/tfim_16_4.txt,65536,33,spmspm,ours_flat,0.661,0.234,0.229089,4
PREPCSV,/mnt/beegfs/ysu34/hamlib/dia_e2e/tfim_16_4.txt,65536,33,spmspm,ours_sym,0.182,2.429,-1.000000,-1
PREPCSV,/mnt/beegfs/ysu34/hamlib/dia_e2e/tfim_16_4.txt,65536,33,spmspm,ours_sym,0.182,2.429,0.114401,23
SPMSPMCSV,/mnt/beegfs/ysu34/hamlib/dia_e2e/tfim_16_4.txt,65536,33,455,26181618,ours_flat,0.228721,0.000e+00
SPMSPMCSV,/mnt/beegfs/ysu34/hamlib/dia_e2e/tfim_16_4.txt,65536,33,455,26181618,ours_sym,0.114596,0.000e+00
CFILL,/mnt/beegfs/ysu34/hamlib/dia_e2e/tfim_16_4.txt,65536,455,26181618,8950976,0.3419
E2EEVCSV,/mnt/beegfs/ysu34/hamlib/dia_e2e/tfim_16_4.txt,65536,33,1000,4,didx,14.312,0.000,46.380,-1.000,-1.000,-1.000e+00
E2EOPCSV,/mnt/beegfs/ysu34/hamlib/dia_e2e/tfim_16_4.txt,65536,33,2,455,26181618,0.614,0.230,-1
E2EOPCSV,/mnt/beegfs/ysu34/hamlib/dia_e2e/tfim_16_4.txt,65536,33,3,3447,182780016,27.723,3.339,-1
E2EOPBUILDCSV,/mnt/beegfs/ysu34/hamlib/dia_e2e/tfim_16_4.txt,65536,4,15727,759430272,911.155,1032.424,1.133
E2EOPBUILDCSV,/mnt/beegfs/ysu34/hamlib/dia_e2e/tfim_16_4.txt,65536,4,7864,379747904,65.910,-1,-1
== [trim 1] tfim_16_5 ==
PREPCSV,/mnt/beegfs/ysu34/hamlib/dia_e2e/tfim_16_5.txt,65536,33,spmv,didx,6.126,0.722,0.007332,934
PREPCSV,/mnt/beegfs/ysu34/hamlib/dia_e2e/tfim_16_5.txt,65536,33,spmv,didx_sym,2.905,0.887,0.006779,559
PREPCSV,/mnt/beegfs/ysu34/hamlib/dia_e2e/tfim_16_5.txt,65536,33,spmv,gopt,6.212,0.816,0.012452,564
PREPCSV,/mnt/beegfs/ysu34/hamlib/dia_e2e/tfim_16_5.txt,65536,33,spmspm,ours_flat,0.659,0.257,0.229171,4
PREPCSV,/mnt/beegfs/ysu34/hamlib/dia_e2e/tfim_16_5.txt,65536,33,spmspm,ours_sym,0.183,2.429,-1.000000,-1
PREPCSV,/mnt/beegfs/ysu34/hamlib/dia_e2e/tfim_16_5.txt,65536,33,spmspm,ours_sym,0.183,2.429,0.114524,23
SPMSPMCSV,/mnt/beegfs/ysu34/hamlib/dia_e2e/tfim_16_5.txt,65536,33,455,26181618,ours_flat,0.228710,0.000e+00
SPMSPMCSV,/mnt/beegfs/ysu34/hamlib/dia_e2e/tfim_16_5.txt,65536,33,455,26181618,ours_sym,0.114688,0.000e+00
CFILL,/mnt/beegfs/ysu34/hamlib/dia_e2e/tfim_16_5.txt,65536,455,26181618,8950976,0.3419
E2EEVCSV,/mnt/beegfs/ysu34/hamlib/dia_e2e/tfim_16_5.txt,65536,33,1000,5,didx,14.372,0.000,57.978,-1.000,-1.000,-1.000e+00
E2EOPCSV,/mnt/beegfs/ysu34/hamlib/dia_e2e/tfim_16_5.txt,65536,33,2,455,26181618,0.608,0.230,-1
E2EOPCSV,/mnt/beegfs/ysu34/hamlib/dia_e2e/tfim_16_5.txt,65536,33,3,3447,182780016,27.830,3.339,-1
E2EOPBUILDCSV,/mnt/beegfs/ysu34/hamlib/dia_e2e/tfim_16_5.txt,65536,5,45471,1968446464,11186.330,12257.362,1.096
E2EOPBUILDCSV,/mnt/beegfs/ysu34/hamlib/dia_e2e/tfim_16_5.txt,65536,5,22736,984256000,544.115,-1,-1
== [trim 1] tfim_18_4 ==
PREPCSV,/mnt/beegfs/ysu34/hamlib/dia_e2e/tfim_18_4.txt,262144,37,spmv,didx,43.783,2.497,0.022036,2100
PREPCSV,/mnt/beegfs/ysu34/hamlib/dia_e2e/tfim_18_4.txt,262144,37,spmv,didx_sym,13.264,3.475,0.015913,1052
PREPCSV,/mnt/beegfs/ysu34/hamlib/dia_e2e/tfim_18_4.txt,262144,37,spmv,gopt,25.014,2.700,0.025498,1087
PREPCSV,/mnt/beegfs/ysu34/hamlib/dia_e2e/tfim_18_4.txt,262144,37,spmspm,ours_flat,2.147,0.496,1.446298,2
PREPCSV,/mnt/beegfs/ysu34/hamlib/dia_e2e/tfim_18_4.txt,262144,37,spmspm,ours_sym,0.814,3.045,-1.000000,-1
PREPCSV,/mnt/beegfs/ysu34/hamlib/dia_e2e/tfim_18_4.txt,262144,37,spmspm,ours_sym,0.814,3.045,0.673710,6
SPMSPMCSV,/mnt/beegfs/ysu34/hamlib/dia_e2e/tfim_18_4.txt,262144,37,583,136183794,ours_flat,1.445673,0.000e+00
SPMSPMCSV,/mnt/beegfs/ysu34/hamlib/dia_e2e/tfim_18_4.txt,262144,37,583,136183794,ours_sym,0.672420,0.000e+00
CFILL,/mnt/beegfs/ysu34/hamlib/dia_e2e/tfim_18_4.txt,262144,583,136183794,44985808,0.3303
E2EEVCSV,/mnt/beegfs/ysu34/hamlib/dia_e2e/tfim_18_4.txt,262144,37,1000,4,didx,70.086,0.000,125.890,-1.000,-1.000,-1.000e+00
E2EOPCSV,/mnt/beegfs/ysu34/hamlib/dia_e2e/tfim_18_4.txt,262144,37,2,583,136183794,1.546,1.447,-1
E2EOPCSV,/mnt/beegfs/ysu34/hamlib/dia_e2e/tfim_18_4.txt,262144,37,3,5155,1121714288,59.905,23.399,-1
# opbuild wall: Unnz=5652348032 (int32 index limit)
E2EOPBUILDCSV,/mnt/beegfs/ysu34/hamlib/dia_e2e/tfim_18_4.txt,262144,4,28143,5652348032,-1,-1,-1
# opbuild(sym) wall: Unnz=2826305088 (int32 index limit)
E2EOPBUILDCSV,/mnt/beegfs/ysu34/hamlib/dia_e2e/tfim_18_4.txt,262144,4,14072,2826305088,-1,-1,-1
== [trim 1] tfim_18_5 ==
PREPCSV,/mnt/beegfs/ysu34/hamlib/dia_e2e/tfim_18_5.txt,262144,37,spmv,didx,44.005,2.504,0.022016,2113
PREPCSV,/mnt/beegfs/ysu34/hamlib/dia_e2e/tfim_18_5.txt,262144,37,spmv,didx_sym,11.565,3.461,0.015872,947
PREPCSV,/mnt/beegfs/ysu34/hamlib/dia_e2e/tfim_18_5.txt,262144,37,spmv,gopt,26.822,2.712,0.025620,1153
PREPCSV,/mnt/beegfs/ysu34/hamlib/dia_e2e/tfim_18_5.txt,262144,37,spmspm,ours_flat,2.152,0.500,1.446216,2
PREPCSV,/mnt/beegfs/ysu34/hamlib/dia_e2e/tfim_18_5.txt,262144,37,spmspm,ours_sym,0.799,3.056,-1.000000,-1
PREPCSV,/mnt/beegfs/ysu34/hamlib/dia_e2e/tfim_18_5.txt,262144,37,spmspm,ours_sym,0.799,3.056,0.673894,6
SPMSPMCSV,/mnt/beegfs/ysu34/hamlib/dia_e2e/tfim_18_5.txt,262144,37,583,136183794,ours_flat,1.445857,0.000e+00
SPMSPMCSV,/mnt/beegfs/ysu34/hamlib/dia_e2e/tfim_18_5.txt,262144,37,583,136183794,ours_sym,0.672389,0.000e+00
CFILL,/mnt/beegfs/ysu34/hamlib/dia_e2e/tfim_18_5.txt,262144,583,136183794,44985808,0.3303
E2EEVCSV,/mnt/beegfs/ysu34/hamlib/dia_e2e/tfim_18_5.txt,262144,37,1000,5,didx,70.228,0.000,156.535,-1.000,-1.000,-1.000e+00
E2EOPCSV,/mnt/beegfs/ysu34/hamlib/dia_e2e/tfim_18_5.txt,262144,37,2,583,136183794,1.547,1.447,-1
E2EOPCSV,/mnt/beegfs/ysu34/hamlib/dia_e2e/tfim_18_5.txt,262144,37,3,5155,1121714288,59.973,23.399,-1
# opbuild wall: Unnz=18243132416 (int32 index limit)
E2EOPBUILDCSV,/mnt/beegfs/ysu34/hamlib/dia_e2e/tfim_18_5.txt,262144,5,99695,18243132416,-1,-1,-1
# opbuild(sym) wall: Unnz=9121697280 (int32 index limit)
E2EOPBUILDCSV,/mnt/beegfs/ysu34/hamlib/dia_e2e/tfim_18_5.txt,262144,5,49848,9121697280,-1,-1,-1
== [trim 1] tfim_20_5 ==
PREPCSV,/mnt/beegfs/ysu34/hamlib/dia_e2e/tfim_20_5.txt,1048576,41,spmv,didx,216.571,8.701,0.107643,2093
PREPCSV,/mnt/beegfs/ysu34/hamlib/dia_e2e/tfim_20_5.txt,1048576,41,spmv,didx_sym,66.636,13.821,0.076042,1058
PREPCSV,/mnt/beegfs/ysu34/hamlib/dia_e2e/tfim_20_5.txt,1048576,41,spmv,gopt,113.376,9.478,0.097710,1257
PREPCSV,/mnt/beegfs/ysu34/hamlib/dia_e2e/tfim_20_5.txt,1048576,41,spmspm,ours_flat,8.390,0.950,7.354388,1
PREPCSV,/mnt/beegfs/ysu34/hamlib/dia_e2e/tfim_20_5.txt,1048576,41,spmspm,ours_sym,3.703,4.508,-1.000000,-1
PREPCSV,/mnt/beegfs/ysu34/hamlib/dia_e2e/tfim_20_5.txt,1048576,41,spmspm,ours_sym,3.703,4.508,3.691192,2
SPMSPMCSV,/mnt/beegfs/ysu34/hamlib/dia_e2e/tfim_20_5.txt,1048576,41,727,687341554,ours_flat,7.351604,0.000e+00
SPMSPMCSV,/mnt/beegfs/ysu34/hamlib/dia_e2e/tfim_20_5.txt,1048576,41,727,687341554,ours_sym,3.686461,0.000e+00
CFILL,/mnt/beegfs/ysu34/hamlib/dia_e2e/tfim_20_5.txt,1048576,727,687341554,220860576,0.3213
E2EEVCSV,/mnt/beegfs/ysu34/hamlib/dia_e2e/tfim_20_5.txt,1048576,41,1000,5,didx,375.627,0.000,717.970,-1.000,-1.000,-1.000e+00
E2EOPCSV,/mnt/beegfs/ysu34/hamlib/dia_e2e/tfim_20_5.txt,1048576,41,2,727,687341554,6.119,7.378,-1
E2EOPCSV,/mnt/beegfs/ysu34/hamlib/dia_e2e/tfim_20_5.txt,1048576,41,3,7359,6535774320,153.323,152.700,-1
# opbuild wall: Unnz=151712177152 (int32 index limit)
E2EOPBUILDCSV,/mnt/beegfs/ysu34/hamlib/dia_e2e/tfim_20_5.txt,1048576,5,198479,151712177152,-1,-1,-1
# opbuild(sym) wall: Unnz=75856612864 (int32 index limit)
E2EOPBUILDCSV,/mnt/beegfs/ysu34/hamlib/dia_e2e/tfim_20_5.txt,1048576,5,99240,75856612864,-1,-1,-1
== [trim 1] tsp_18_4 ==
PREPCSV,/mnt/beegfs/ysu34/hamlib/dia_e2e/tsp_18_4.txt,262144,1,spmv,didx,1.795,0.440,0.004649,481
PREPCSV,/mnt/beegfs/ysu34/hamlib/dia_e2e/tsp_18_4.txt,262144,1,spmv,didx_sym,1.123,0.434,0.004751,328
PREPCSV,/mnt/beegfs/ysu34/hamlib/dia_e2e/tsp_18_4.txt,262144,1,spmv,gopt,0.834,0.226,0.004383,242
PREPCSV,/mnt/beegfs/ysu34/hamlib/dia_e2e/tsp_18_4.txt,262144,1,spmspm,ours_flat,0.490,0.107,0.005448,110
PREPCSV,/mnt/beegfs/ysu34/hamlib/dia_e2e/tsp_18_4.txt,262144,1,spmspm,ours_sym,0.271,0.112,-1.000000,-1
PREPCSV,/mnt/beegfs/ysu34/hamlib/dia_e2e/tsp_18_4.txt,262144,1,spmspm,ours_sym,0.271,0.112,0.005427,70
SPMSPMCSV,/mnt/beegfs/ysu34/hamlib/dia_e2e/tsp_18_4.txt,262144,1,1,262144,ours_flat,0.005612,0.000e+00
SPMSPMCSV,/mnt/beegfs/ysu34/hamlib/dia_e2e/tsp_18_4.txt,262144,1,1,262144,ours_sym,0.005632,0.000e+00
CFILL,/mnt/beegfs/ysu34/hamlib/dia_e2e/tsp_18_4.txt,262144,1,262144,262144,1.0000
E2EEVCSV,/mnt/beegfs/ysu34/hamlib/dia_e2e/tsp_18_4.txt,262144,1,1000,4,stream,1.412,0.000,40.674,-1.000,-1.000,-1.000e+00
E2EOPCSV,/mnt/beegfs/ysu34/hamlib/dia_e2e/tsp_18_4.txt,262144,1,2,1,262144,0.004,0.006,-1
E2EOPCSV,/mnt/beegfs/ysu34/hamlib/dia_e2e/tsp_18_4.txt,262144,1,3,1,262144,0.003,0.006,-1
E2EOPBUILDCSV,/mnt/beegfs/ysu34/hamlib/dia_e2e/tsp_18_4.txt,262144,4,1,262144,2.250,4.264,1.895
E2EOPBUILDCSV,/mnt/beegfs/ysu34/hamlib/dia_e2e/tsp_18_4.txt,262144,4,1,262144,1.508,-1,-1
== [trim 1] vibbf3_18_3 ==
PREPCSV,/mnt/beegfs/ysu34/hamlib/dia_e2e/vibbf3_18_3.txt,262144,12,spmv,didx,7.252,0.828,0.007066,1143
PREPCSV,/mnt/beegfs/ysu34/hamlib/dia_e2e/vibbf3_18_3.txt,262144,12,spmv,didx_sym,3.698,1.323,0.007946,632
PREPCSV,/mnt/beegfs/ysu34/hamlib/dia_e2e/vibbf3_18_3.txt,262144,12,spmv,gopt,7.335,0.951,0.007598,1091
PREPCSV,/mnt/beegfs/ysu34/hamlib/dia_e2e/vibbf3_18_3.txt,262144,12,spmspm,ours_flat,0.667,0.249,0.145428,6
PREPCSV,/mnt/beegfs/ysu34/hamlib/dia_e2e/vibbf3_18_3.txt,262144,12,spmspm,ours_sym,0.361,1.090,-1.000000,-1
PREPCSV,/mnt/beegfs/ysu34/hamlib/dia_e2e/vibbf3_18_3.txt,262144,12,spmspm,ours_sym,0.361,1.090,0.070615,21
SPMSPMCSV,/mnt/beegfs/ysu34/hamlib/dia_e2e/vibbf3_18_3.txt,262144,12,65,16457670,ours_flat,0.145336,0.000e+00
SPMSPMCSV,/mnt/beegfs/ysu34/hamlib/dia_e2e/vibbf3_18_3.txt,262144,12,65,16457670,ours_sym,0.070738,2.384e-07
CFILL,/mnt/beegfs/ysu34/hamlib/dia_e2e/vibbf3_18_3.txt,262144,65,16457670,1851392,0.1125
E2EEVCSV,/mnt/beegfs/ysu34/hamlib/dia_e2e/vibbf3_18_3.txt,262144,12,1000,3,didx,16.088,0.000,41.090,-1.000,-1.000,-1.000e+00
E2EOPCSV,/mnt/beegfs/ysu34/hamlib/dia_e2e/vibbf3_18_3.txt,262144,12,2,65,16457670,0.138,0.146,-1
E2EOPCSV,/mnt/beegfs/ysu34/hamlib/dia_e2e/vibbf3_18_3.txt,262144,12,3,177,43966330,0.593,0.869,-1
E2EOPBUILDCSV,/mnt/beegfs/ysu34/hamlib/dia_e2e/vibbf3_18_3.txt,262144,3,177,43966330,4.140,38.120,9.208
E2EOPBUILDCSV,/mnt/beegfs/ysu34/hamlib/dia_e2e/vibbf3_18_3.txt,262144,3,89,22114237,4.052,-1,-1
== [trim 1] atmosmodd ==
PREPCSV,/mnt/beegfs/ysu34/hamlib/dia_suitesparse/atmosmodd.txt,1270432,7,spmv,didx,35.798,4.400,0.047923,839
# didx_sym skipped: non-symmetric or Dup>128
PREPCSV,/mnt/beegfs/ysu34/hamlib/dia_suitesparse/atmosmodd.txt,1270432,7,spmv,gopt,28.523,2.946,0.036270,868
PREPCSV,/mnt/beegfs/ysu34/hamlib/dia_suitesparse/atmosmodd.txt,1270432,7,spmspm,ours_flat,2.731,0.384,0.300278,10
PREPCSV,/mnt/beegfs/ysu34/hamlib/dia_suitesparse/atmosmodd.txt,1270432,7,spmspm,ours_sym,1.551,0.248,-1.000000,-1
PREPCSV,/mnt/beegfs/ysu34/hamlib/dia_suitesparse/atmosmodd.txt,1270432,7,spmspm,ours_sym,1.551,0.248,0.157307,11
SPMSPMCSV,/mnt/beegfs/ysu34/hamlib/dia_suitesparse/atmosmodd.txt,1270432,7,25,31452658,ours_flat,0.300370,0.000e+00
SPMSPMCSV,/mnt/beegfs/ysu34/hamlib/dia_suitesparse/atmosmodd.txt,1270432,7,25,31452658,ours_sym,0.156764,3.760e+06
CFILL,/mnt/beegfs/ysu34/hamlib/dia_suitesparse/atmosmodd.txt,1270432,25,31452658,31215208,0.9925
== [trim 1] ecology2 ==
PREPCSV,/mnt/beegfs/ysu34/hamlib/dia_suitesparse/ecology2.txt,999999,7,spmv,didx,21.709,2.916,0.030044,820
PREPCSV,/mnt/beegfs/ysu34/hamlib/dia_suitesparse/ecology2.txt,999999,7,spmv,didx_sym,13.395,3.143,0.023122,715
PREPCSV,/mnt/beegfs/ysu34/hamlib/dia_suitesparse/ecology2.txt,999999,7,spmv,gopt,16.717,1.908,0.014991,1242
PREPCSV,/mnt/beegfs/ysu34/hamlib/dia_suitesparse/ecology2.txt,999999,7,spmspm,ours_flat,2.107,0.365,0.210268,12
PREPCSV,/mnt/beegfs/ysu34/hamlib/dia_suitesparse/ecology2.txt,999999,7,spmspm,ours_sym,1.230,0.223,-1.000000,-1
PREPCSV,/mnt/beegfs/ysu34/hamlib/dia_suitesparse/ecology2.txt,999999,7,spmspm,ours_sym,1.230,0.223,0.110080,13
SPMSPMCSV,/mnt/beegfs/ysu34/hamlib/dia_suitesparse/ecology2.txt,999999,7,19,18979985,ours_flat,0.210289,0.000e+00
SPMSPMCSV,/mnt/beegfs/ysu34/hamlib/dia_suitesparse/ecology2.txt,999999,7,19,18979985,ours_sym,0.109711,1.526e-05
CFILL,/mnt/beegfs/ysu34/hamlib/dia_suitesparse/ecology2.txt,999999,19,18979985,12979975,0.6839
== [trim 1] Lin ==
PREPCSV,/mnt/beegfs/ysu34/hamlib/dia_suitesparse/Lin.txt,256000,7,spmv,didx,6.532,1.093,0.008151,935
PREPCSV,/mnt/beegfs/ysu34/hamlib/dia_suitesparse/Lin.txt,256000,7,spmv,didx_sym,3.458,0.984,0.007885,563
PREPCSV,/mnt/beegfs/ysu34/hamlib/dia_suitesparse/Lin.txt,256000,7,spmv,gopt,4.709,0.794,0.007291,755
PREPCSV,/mnt/beegfs/ysu34/hamlib/dia_suitesparse/Lin.txt,256000,7,spmspm,ours_flat,0.557,0.202,0.050852,15
PREPCSV,/mnt/beegfs/ysu34/hamlib/dia_suitesparse/Lin.txt,256000,7,spmspm,ours_sym,0.309,0.190,-1.000000,-1
PREPCSV,/mnt/beegfs/ysu34/hamlib/dia_suitesparse/Lin.txt,256000,7,spmspm,ours_sym,0.309,0.190,0.025436,20
SPMSPMCSV,/mnt/beegfs/ysu34/hamlib/dia_suitesparse/Lin.txt,256000,7,25,6309594,ours_flat,0.051190,0.000e+00
SPMSPMCSV,/mnt/beegfs/ysu34/hamlib/dia_suitesparse/Lin.txt,256000,7,25,6309594,ours_sym,0.025508,6.250e-02
CFILL,/mnt/beegfs/ysu34/hamlib/dia_suitesparse/Lin.txt,256000,25,6309594,6221600,0.9861
== [trim 2] BH_20_7 ==
# DIA_TRIM 1e-08: D 127 -> 109
PREPCSV,/mnt/beegfs/ysu34/hamlib/dia_e2e/BH_20_7.txt,1048576,109,spmv,didx,239.011,5.109,0.064901,3761
PREPCSV,/mnt/beegfs/ysu34/hamlib/dia_e2e/BH_20_7.txt,1048576,109,spmv,didx_sym,117.339,30.739,0.073585,2012
PREPCSV,/mnt/beegfs/ysu34/hamlib/dia_e2e/BH_20_7.txt,1048576,109,spmv,gopt,232.821,16.570,0.166461,1498
PREPCSV,/mnt/beegfs/ysu34/hamlib/dia_e2e/BH_20_7.txt,1048576,109,spmspm,ours_flat,45.835,4.060,51.054672,1
PREPCSV,/mnt/beegfs/ysu34/hamlib/dia_e2e/BH_20_7.txt,1048576,109,spmspm,ours_sym,16.646,12.074,-1.000000,-1
PREPCSV,/mnt/beegfs/ysu34/hamlib/dia_e2e/BH_20_7.txt,1048576,109,spmspm,ours_sym,16.646,12.074,25.463665,1
# DIA_TRIM 1e-08: D 127 -> 109
SPMSPMCSV,/mnt/beegfs/ysu34/hamlib/dia_e2e/BH_20_7.txt,1048576,109,4193,3845136356,ours_flat,51.061935,0.000e+00
SPMSPMCSV,/mnt/beegfs/ysu34/hamlib/dia_e2e/BH_20_7.txt,1048576,109,4193,3845136356,ours_sym,25.439150,7.629e-06
# DIA_TRIM 1e-08: D 127 -> 109
CFILL,/mnt/beegfs/ysu34/hamlib/dia_e2e/BH_20_7.txt,1048576,4193,3845136356,67357840,0.0175
# DIA_TRIM 1e-08: D 127 -> 109
E2EEVCSV,/mnt/beegfs/ysu34/hamlib/dia_e2e/BH_20_7.txt,1048576,109,1000,7,didx,532.659,0.000,667.166,-1.000,-1.000,-1.000e+00
E2EOPCSV,/mnt/beegfs/ysu34/hamlib/dia_e2e/BH_20_7.txt,1048576,109,2,4193,3845136356,44.847,51.069,-1
E2EOPCSV,/mnt/beegfs/ysu34/hamlib/dia_e2e/BH_20_7.txt,1048576,109,3,69149,57210924982,-1,-1,-1
# opbuild wall: Unnz=1099483316224 (int32 index limit)
E2EOPBUILDCSV,/mnt/beegfs/ysu34/hamlib/dia_e2e/BH_20_7.txt,1048576,7,2096863,1099483316224,-1,-1,-1
# opbuild(sym) wall: Unnz=549742182400 (int32 index limit)
E2EOPBUILDCSV,/mnt/beegfs/ysu34/hamlib/dia_e2e/BH_20_7.txt,1048576,7,1048432,549742182400,-1,-1,-1
== [trim 2] bhc_16_7 ==
# DIA_TRIM 1e-08: D 99 -> 85
PREPCSV,/mnt/beegfs/ysu34/hamlib/dia_e2e/bhc_16_7.txt,65536,85,spmv,didx,9.073,0.549,0.006574,1464
PREPCSV,/mnt/beegfs/ysu34/hamlib/dia_e2e/bhc_16_7.txt,65536,85,spmv,didx_sym,4.984,1.774,0.006554,1031
PREPCSV,/mnt/beegfs/ysu34/hamlib/dia_e2e/bhc_16_7.txt,65536,85,spmv,gopt,12.375,1.433,0.021135,653
PREPCSV,/mnt/beegfs/ysu34/hamlib/dia_e2e/bhc_16_7.txt,65536,85,spmspm,ours_flat,5.197,0.459,1.574707,4
PREPCSV,/mnt/beegfs/ysu34/hamlib/dia_e2e/bhc_16_7.txt,65536,85,spmspm,ours_sym,0.689,3.410,-1.000000,-1
PREPCSV,/mnt/beegfs/ysu34/hamlib/dia_e2e/bhc_16_7.txt,65536,85,spmspm,ours_sym,0.689,3.410,0.687165,6
# DIA_TRIM 1e-08: D 99 -> 85
SPMSPMCSV,/mnt/beegfs/ysu34/hamlib/dia_e2e/bhc_16_7.txt,65536,85,2309,126547940,ours_flat,1.575291,0.000e+00
SPMSPMCSV,/mnt/beegfs/ysu34/hamlib/dia_e2e/bhc_16_7.txt,65536,85,2309,126547940,ours_sym,0.690647,7.629e-06
# DIA_TRIM 1e-08: D 99 -> 85
CFILL,/mnt/beegfs/ysu34/hamlib/dia_e2e/bhc_16_7.txt,65536,2309,126547940,2698476,0.0213
# DIA_TRIM 1e-08: D 99 -> 85
E2EEVCSV,/mnt/beegfs/ysu34/hamlib/dia_e2e/bhc_16_7.txt,65536,85,1000,7,didx,22.735,0.000,75.833,-1.000,-1.000,-1.000e+00
E2EOPCSV,/mnt/beegfs/ysu34/hamlib/dia_e2e/bhc_16_7.txt,65536,85,2,2309,126547940,4.788,1.578,-1
E2EOPCSV,/mnt/beegfs/ysu34/hamlib/dia_e2e/bhc_16_7.txt,65536,85,3,23145,1093998518,945.313,42.649,-1
# opbuild wall: Unnz=4294967296 (int32 index limit)
E2EOPBUILDCSV,/mnt/beegfs/ysu34/hamlib/dia_e2e/bhc_16_7.txt,65536,7,131071,4294967296,-1,-1,-1
# opbuild(sym) wall: Unnz=2147516416 (int32 index limit)
E2EOPBUILDCSV,/mnt/beegfs/ysu34/hamlib/dia_e2e/bhc_16_7.txt,65536,7,65536,2147516416,-1,-1,-1
== [trim 2] bhc_18_7 ==
# DIA_TRIM 1e-08: D 112 -> 97
PREPCSV,/mnt/beegfs/ysu34/hamlib/dia_e2e/bhc_18_7.txt,262144,97,spmv,didx,45.869,1.454,0.013455,3517
PREPCSV,/mnt/beegfs/ysu34/hamlib/dia_e2e/bhc_18_7.txt,262144,97,spmv,didx_sym,24.091,7.160,0.014746,2119
PREPCSV,/mnt/beegfs/ysu34/hamlib/dia_e2e/bhc_18_7.txt,262144,97,spmv,gopt,60.106,4.384,0.055706,1158
PREPCSV,/mnt/beegfs/ysu34/hamlib/dia_e2e/bhc_18_7.txt,262144,97,spmspm,ours_flat,13.421,0.983,9.487401,2
PREPCSV,/mnt/beegfs/ysu34/hamlib/dia_e2e/bhc_18_7.txt,262144,97,spmspm,ours_sym,3.224,4.940,-1.000000,-1
PREPCSV,/mnt/beegfs/ysu34/hamlib/dia_e2e/bhc_18_7.txt,262144,97,spmspm,ours_sym,3.224,4.940,4.566692,2
# DIA_TRIM 1e-08: D 112 -> 97
SPMSPMCSV,/mnt/beegfs/ysu34/hamlib/dia_e2e/bhc_18_7.txt,262144,97,3179,714866660,ours_flat,9.487001,0.000e+00
SPMSPMCSV,/mnt/beegfs/ysu34/hamlib/dia_e2e/bhc_18_7.txt,262144,97,3179,714866660,ours_sym,4.564296,7.629e-06
# DIA_TRIM 1e-08: D 112 -> 97
CFILL,/mnt/beegfs/ysu34/hamlib/dia_e2e/bhc_18_7.txt,262144,3179,714866660,13654928,0.0191
# DIA_TRIM 1e-08: D 112 -> 97
E2EEVCSV,/mnt/beegfs/ysu34/hamlib/dia_e2e/bhc_18_7.txt,262144,97,1000,7,didx,102.050,0.000,142.502,-1.000,-1.000,-1.000e+00
E2EOPCSV,/mnt/beegfs/ysu34/hamlib/dia_e2e/bhc_18_7.txt,262144,97,2,3179,714866660,12.343,9.487,-1
E2EOPCSV,/mnt/beegfs/ysu34/hamlib/dia_e2e/bhc_18_7.txt,262144,97,3,41827,8323076022,2697.684,331.135,-1
# opbuild wall: Unnz=68719476736 (int32 index limit)
E2EOPBUILDCSV,/mnt/beegfs/ysu34/hamlib/dia_e2e/bhc_18_7.txt,262144,7,524287,68719476736,-1,-1,-1
# opbuild(sym) wall: Unnz=34359869440 (int32 index limit)
E2EOPBUILDCSV,/mnt/beegfs/ysu34/hamlib/dia_e2e/bhc_18_7.txt,262144,7,262144,34359869440,-1,-1,-1
== [trim 2] bhD1_18_7 ==
# DIA_TRIM 1e-08: D 112 -> 97
PREPCSV,/mnt/beegfs/ysu34/hamlib/dia_e2e/bhD1_18_7.txt,262144,97,spmv,didx,46.823,1.458,0.013353,3616
PREPCSV,/mnt/beegfs/ysu34/hamlib/dia_e2e/bhD1_18_7.txt,262144,97,spmv,didx_sym,24.505,7.206,0.014766,2148
PREPCSV,/mnt/beegfs/ysu34/hamlib/dia_e2e/bhD1_18_7.txt,262144,97,spmv,gopt,52.713,4.416,0.054129,1055
PREPCSV,/mnt/beegfs/ysu34/hamlib/dia_e2e/bhD1_18_7.txt,262144,97,spmspm,ours_flat,13.401,1.155,9.486889,2
PREPCSV,/mnt/beegfs/ysu34/hamlib/dia_e2e/bhD1_18_7.txt,262144,97,spmspm,ours_sym,3.205,4.957,-1.000000,-1
PREPCSV,/mnt/beegfs/ysu34/hamlib/dia_e2e/bhD1_18_7.txt,262144,97,spmspm,ours_sym,3.205,4.957,4.567060,2
# DIA_TRIM 1e-08: D 112 -> 97
SPMSPMCSV,/mnt/beegfs/ysu34/hamlib/dia_e2e/bhD1_18_7.txt,262144,97,3179,714866660,ours_flat,9.487042,0.000e+00
SPMSPMCSV,/mnt/beegfs/ysu34/hamlib/dia_e2e/bhD1_18_7.txt,262144,97,3179,714866660,ours_sym,4.564019,7.629e-06
# DIA_TRIM 1e-08: D 112 -> 97
CFILL,/mnt/beegfs/ysu34/hamlib/dia_e2e/bhD1_18_7.txt,262144,3179,714866660,13654928,0.0191
# DIA_TRIM 1e-08: D 112 -> 97
E2EEVCSV,/mnt/beegfs/ysu34/hamlib/dia_e2e/bhD1_18_7.txt,262144,97,1000,7,didx,107.549,0.000,144.446,-1.000,-1.000,-1.000e+00
E2EOPCSV,/mnt/beegfs/ysu34/hamlib/dia_e2e/bhD1_18_7.txt,262144,97,2,3179,714866660,12.339,9.487,-1
E2EOPCSV,/mnt/beegfs/ysu34/hamlib/dia_e2e/bhD1_18_7.txt,262144,97,3,41827,8323076022,2698.889,331.148,-1
# opbuild wall: Unnz=68719476736 (int32 index limit)
E2EOPBUILDCSV,/mnt/beegfs/ysu34/hamlib/dia_e2e/bhD1_18_7.txt,262144,7,524287,68719476736,-1,-1,-1
# opbuild(sym) wall: Unnz=34359869440 (int32 index limit)
E2EOPBUILDCSV,/mnt/beegfs/ysu34/hamlib/dia_e2e/bhD1_18_7.txt,262144,7,262144,34359869440,-1,-1,-1
== [trim 2] C2c_18_4 ==
# DIA_TRIM 1e-08: D 9971 -> 7407
PREPCSV,/mnt/beegfs/ysu34/hamlib/dia_e2e/C2c_18_4.txt,262144,7407,spmv,didx,2432.283,11.149,1.145078,2134
# didx_sym skipped: non-symmetric or Dup>128
PREPCSV,/mnt/beegfs/ysu34/hamlib/dia_e2e/C2c_18_4.txt,262144,7407,spmv,gopt,2844.393,94.727,1.504707,1953
CUDA prep_driver.cu:324 out of memory
# DIA_TRIM 1e-08: D 9971 -> 7407
CUDA spmspm_driver.cu:94 out of memory
# DIA_TRIM 1e-08: D 9971 -> 7407
CFILL,/mnt/beegfs/ysu34/hamlib/dia_e2e/C2c_18_4.txt,262144,469211,64490628022,-1,OOM
# DIA_TRIM 1e-08: D 9971 -> 7407
E2EEVCSV,/mnt/beegfs/ysu34/hamlib/dia_e2e/C2c_18_4.txt,262144,7407,1000,4,gopt,2817.173,0.000,7369.659,-1.000,-1.000,-1.000e+00
E2EOPCSV,/mnt/beegfs/ysu34/hamlib/dia_e2e/C2c_18_4.txt,262144,7407,2,469211,64490628022,-1,-1,-1
# opbuild wall: Unnz=68719476736 (int32 index limit)
E2EOPBUILDCSV,/mnt/beegfs/ysu34/hamlib/dia_e2e/C2c_18_4.txt,262144,4,524287,68719476736,-1,-1,-1
# opbuild(sym) wall: Unnz=34359869440 (int32 index limit)
E2EOPBUILDCSV,/mnt/beegfs/ysu34/hamlib/dia_e2e/C2c_18_4.txt,262144,4,262144,34359869440,-1,-1,-1
== [trim 2] fermi_16_5 ==
PREPCSV,/mnt/beegfs/ysu34/hamlib/dia_e2e/fermi_16_5.txt,65536,29,spmv,didx,4.409,0.416,0.005939,812
PREPCSV,/mnt/beegfs/ysu34/hamlib/dia_e2e/fermi_16_5.txt,65536,29,spmv,didx_sym,2.126,0.681,0.006062,463
PREPCSV,/mnt/beegfs/ysu34/hamlib/dia_e2e/fermi_16_5.txt,65536,29,spmv,gopt,5.531,0.669,0.010035,618
PREPCSV,/mnt/beegfs/ysu34/hamlib/dia_e2e/fermi_16_5.txt,65536,29,spmspm,ours_flat,0.584,0.209,0.186511,4
PREPCSV,/mnt/beegfs/ysu34/hamlib/dia_e2e/fermi_16_5.txt,65536,29,spmspm,ours_sym,0.163,2.023,-1.000000,-1
PREPCSV,/mnt/beegfs/ysu34/hamlib/dia_e2e/fermi_16_5.txt,65536,29,spmspm,ours_sym,0.163,2.023,0.094167,23
SPMSPMCSV,/mnt/beegfs/ysu34/hamlib/dia_e2e/fermi_16_5.txt,65536,29,353,21513010,ours_flat,0.186532,0.000e+00
SPMSPMCSV,/mnt/beegfs/ysu34/hamlib/dia_e2e/fermi_16_5.txt,65536,29,353,21513010,ours_sym,0.093932,0.000e+00
CFILL,/mnt/beegfs/ysu34/hamlib/dia_e2e/fermi_16_5.txt,65536,353,21513010,2136996,0.0993
E2EEVCSV,/mnt/beegfs/ysu34/hamlib/dia_e2e/fermi_16_5.txt,65536,29,1000,5,didx,10.952,0.000,51.603,-1.000,-1.000,-1.000e+00
E2EOPCSV,/mnt/beegfs/ysu34/hamlib/dia_e2e/fermi_16_5.txt,65536,29,2,353,21513010,0.400,0.186,-1
E2EOPCSV,/mnt/beegfs/ysu34/hamlib/dia_e2e/fermi_16_5.txt,65536,29,3,2377,138741682,17.038,2.479,-1
E2EOPBUILDCSV,/mnt/beegfs/ysu34/hamlib/dia_e2e/fermi_16_5.txt,65536,5,27547,1419565488,5551.259,5875.085,1.058
E2EOPBUILDCSV,/mnt/beegfs/ysu34/hamlib/dia_e2e/fermi_16_5.txt,65536,5,13774,709815512,247.345,-1,-1
== [trim 2] fermi_18_5 ==
PREPCSV,/mnt/beegfs/ysu34/hamlib/dia_e2e/fermi_18_5.txt,262144,33,spmv,didx,17.049,1.291,0.012001,1528
PREPCSV,/mnt/beegfs/ysu34/hamlib/dia_e2e/fermi_18_5.txt,262144,33,spmv,didx_sym,9.714,3.112,0.011776,1089
PREPCSV,/mnt/beegfs/ysu34/hamlib/dia_e2e/fermi_18_5.txt,262144,33,spmv,gopt,20.981,2.137,0.013435,1721
PREPCSV,/mnt/beegfs/ysu34/hamlib/dia_e2e/fermi_18_5.txt,262144,33,spmspm,ours_flat,1.857,0.470,1.193677,2
PREPCSV,/mnt/beegfs/ysu34/hamlib/dia_e2e/fermi_18_5.txt,262144,33,spmspm,ours_sym,0.735,3.121,-1.000000,-1
PREPCSV,/mnt/beegfs/ysu34/hamlib/dia_e2e/fermi_18_5.txt,262144,33,spmspm,ours_sym,0.735,3.121,0.557814,7
SPMSPMCSV,/mnt/beegfs/ysu34/hamlib/dia_e2e/fermi_18_5.txt,262144,33,465,114362994,ours_flat,1.193871,0.000e+00
SPMSPMCSV,/mnt/beegfs/ysu34/hamlib/dia_e2e/fermi_18_5.txt,262144,33,465,114362994,ours_sym,0.557783,0.000e+00
CFILL,/mnt/beegfs/ysu34/hamlib/dia_e2e/fermi_18_5.txt,262144,465,114362994,11141120,0.0974
E2EEVCSV,/mnt/beegfs/ysu34/hamlib/dia_e2e/fermi_18_5.txt,262144,33,1000,5,didx,39.318,0.000,94.739,-1.000,-1.000,-1.000e+00
E2EOPCSV,/mnt/beegfs/ysu34/hamlib/dia_e2e/fermi_18_5.txt,262144,33,2,465,114362994,1.182,1.195,-1
E2EOPCSV,/mnt/beegfs/ysu34/hamlib/dia_e2e/fermi_18_5.txt,262144,33,3,3689,873993202,35.101,17.996,-1
# opbuild wall: Unnz=13140458992 (int32 index limit)
E2EOPBUILDCSV,/mnt/beegfs/ysu34/hamlib/dia_e2e/fermi_18_5.txt,262144,5,61463,13140458992,-1,-1,-1
# opbuild(sym) wall: Unnz=6570360568 (int32 index limit)
E2EOPBUILDCSV,/mnt/beegfs/ysu34/hamlib/dia_e2e/fermi_18_5.txt,262144,5,30732,6570360568,-1,-1,-1
== [trim 2] fermi_20_5 ==
PREPCSV,/mnt/beegfs/ysu34/hamlib/dia_e2e/fermi_20_5.txt,1048576,37,spmv,didx,119.387,4.819,0.056361,2204
PREPCSV,/mnt/beegfs/ysu34/hamlib/dia_e2e/fermi_20_5.txt,1048576,37,spmv,didx_sym,46.653,11.623,0.053268,1094
PREPCSV,/mnt/beegfs/ysu34/hamlib/dia_e2e/fermi_20_5.txt,1048576,37,spmv,gopt,108.102,7.142,0.078316,1472
PREPCSV,/mnt/beegfs/ysu34/hamlib/dia_e2e/fermi_20_5.txt,1048576,37,spmspm,ours_flat,7.503,0.889,6.223708,1
PREPCSV,/mnt/beegfs/ysu34/hamlib/dia_e2e/fermi_20_5.txt,1048576,37,spmspm,ours_sym,3.398,3.665,-1.000000,-1
PREPCSV,/mnt/beegfs/ysu34/hamlib/dia_e2e/fermi_20_5.txt,1048576,37,spmspm,ours_sym,3.398,3.665,3.132457,2
SPMSPMCSV,/mnt/beegfs/ysu34/hamlib/dia_e2e/fermi_20_5.txt,1048576,37,593,587472114,ours_flat,6.223042,0.000e+00
SPMSPMCSV,/mnt/beegfs/ysu34/hamlib/dia_e2e/fermi_20_5.txt,1048576,37,593,587472114,ours_sym,3.128699,0.000e+00
CFILL,/mnt/beegfs/ysu34/hamlib/dia_e2e/fermi_20_5.txt,1048576,593,587472114,53318432,0.0908
E2EEVCSV,/mnt/beegfs/ysu34/hamlib/dia_e2e/fermi_20_5.txt,1048576,37,1000,5,didx,235.222,0.000,421.771,-1.000,-1.000,-1.000e+00
E2EOPCSV,/mnt/beegfs/ysu34/hamlib/dia_e2e/fermi_20_5.txt,1048576,37,2,593,587472114,5.246,6.219,-1
E2EOPCSV,/mnt/beegfs/ysu34/hamlib/dia_e2e/fermi_20_5.txt,1048576,37,3,5433,5208293746,103.643,121.341,-1
# opbuild wall: Unnz=110337036656 (int32 index limit)
E2EOPBUILDCSV,/mnt/beegfs/ysu34/hamlib/dia_e2e/fermi_20_5.txt,1048576,5,125523,110337036656,-1,-1,-1
# opbuild(sym) wall: Unnz=55169042616 (int32 index limit)
E2EOPBUILDCSV,/mnt/beegfs/ysu34/hamlib/dia_e2e/fermi_20_5.txt,1048576,5,62762,55169042616,-1,-1,-1
== [trim 2] fermiFH_18_4 ==
PREPCSV,/mnt/beegfs/ysu34/hamlib/dia_e2e/fermiFH_18_4.txt,262144,64,spmv,didx,30.832,1.258,0.011756,2730
PREPCSV,/mnt/beegfs/ysu34/hamlib/dia_e2e/fermiFH_18_4.txt,262144,64,spmv,didx_sym,19.004,4.997,0.011674,2056
PREPCSV,/mnt/beegfs/ysu34/hamlib/dia_e2e/fermiFH_18_4.txt,262144,64,spmv,gopt,42.600,2.865,0.034181,1330
PREPCSV,/mnt/beegfs/ysu34/hamlib/dia_e2e/fermiFH_18_4.txt,262144,64,spmspm,ours_flat,5.445,0.701,4.394906,1
PREPCSV,/mnt/beegfs/ysu34/hamlib/dia_e2e/fermiFH_18_4.txt,262144,64,spmspm,ours_sym,1.794,4.212,-1.000000,-1
PREPCSV,/mnt/beegfs/ysu34/hamlib/dia_e2e/fermiFH_18_4.txt,262144,64,spmspm,ours_sym,1.794,4.212,2.086482,3
SPMSPMCSV,/mnt/beegfs/ysu34/hamlib/dia_e2e/fermiFH_18_4.txt,262144,64,1549,366904380,ours_flat,4.393575,0.000e+00
SPMSPMCSV,/mnt/beegfs/ysu34/hamlib/dia_e2e/fermiFH_18_4.txt,262144,64,1549,366904380,ours_sym,2.085786,0.000e+00
CFILL,/mnt/beegfs/ysu34/hamlib/dia_e2e/fermiFH_18_4.txt,262144,1549,366904380,9043964,0.0246
E2EEVCSV,/mnt/beegfs/ysu34/hamlib/dia_e2e/fermiFH_18_4.txt,262144,64,1000,4,didx,73.301,0.000,75.167,-1.000,-1.000,-1.000e+00
E2EOPCSV,/mnt/beegfs/ysu34/hamlib/dia_e2e/fermiFH_18_4.txt,262144,64,2,1549,366904380,4.690,4.395,-1
E2EOPCSV,/mnt/beegfs/ysu34/hamlib/dia_e2e/fermiFH_18_4.txt,262144,64,3,17353,3771787488,461.799,113.690,-1
# opbuild wall: Unnz=18912431872 (int32 index limit)
E2EOPBUILDCSV,/mnt/beegfs/ysu34/hamlib/dia_e2e/fermiFH_18_4.txt,262144,4,98163,18912431872,-1,-1,-1
# opbuild(sym) wall: Unnz=9456347008 (int32 index limit)
E2EOPBUILDCSV,/mnt/beegfs/ysu34/hamlib/dia_e2e/fermiFH_18_4.txt,262144,4,49082,9456347008,-1,-1,-1
== [trim 2] H8c_16_4 ==
# DIA_TRIM 1e-08: D 8887 -> 6921
PREPCSV,/mnt/beegfs/ysu34/hamlib/dia_e2e/H8c_16_4.txt,65536,6921,spmv,didx,521.300,4.723,0.518513,1014
# didx_sym skipped: non-symmetric or Dup>128
PREPCSV,/mnt/beegfs/ysu34/hamlib/dia_e2e/H8c_16_4.txt,65536,6921,spmv,gopt,677.431,33.511,1.410806,504
PREPCSV,/mnt/beegfs/ysu34/hamlib/dia_e2e/H8c_16_4.txt,65536,6921,spmspm,ours_flat,8470.603,98.386,8226.325195,1
PREPCSV,/mnt/beegfs/ysu34/hamlib/dia_e2e/H8c_16_4.txt,65536,6921,spmspm,ours_sym,744.994,53.352,-1.000000,-1
PREPCSV,/mnt/beegfs/ysu34/hamlib/dia_e2e/H8c_16_4.txt,65536,6921,spmspm,ours_sym,744.994,53.352,4176.657715,0
# DIA_TRIM 1e-08: D 8887 -> 6921
SPMSPMCSV,/mnt/beegfs/ysu34/hamlib/dia_e2e/H8c_16_4.txt,65536,6921,65535,2147483648,ours_flat,8227.500000,0.000e+00
SPMSPMCSV,/mnt/beegfs/ysu34/hamlib/dia_e2e/H8c_16_4.txt,65536,6921,65535,2147483648,ours_sym,4177.025391,6.104e-05
# DIA_TRIM 1e-08: D 8887 -> 6921
CFILL,/mnt/beegfs/ysu34/hamlib/dia_e2e/H8c_16_4.txt,65536,65535,2147483648,64527360,0.0300
# DIA_TRIM 1e-08: D 8887 -> 6921
E2EEVCSV,/mnt/beegfs/ysu34/hamlib/dia_e2e/H8c_16_4.txt,65536,6921,1000,4,gopt,637.965,0.000,7054.883,-1.000,-1.000,-1.000e+00
E2EOPCSV,/mnt/beegfs/ysu34/hamlib/dia_e2e/H8c_16_4.txt,65536,6921,2,65535,2147483648,7778.858,8226.385,-1
E2EOPCSV,/mnt/beegfs/ysu34/hamlib/dia_e2e/H8c_16_4.txt,65536,6921,3,65535,2147483648,62581.033,58302.270,-1
# opbuild wall: Unnz=2147483648 (int32 index limit)
E2EOPBUILDCSV,/mnt/beegfs/ysu34/hamlib/dia_e2e/H8c_16_4.txt,65536,4,65535,2147483648,-1,-1,-1
E2EOPBUILDCSV,/mnt/beegfs/ysu34/hamlib/dia_e2e/H8c_16_4.txt,65536,4,32768,1073774592,76904.109,-1,-1
== [trim 2] heis_16_5 ==
PREPCSV,/mnt/beegfs/ysu34/hamlib/dia_e2e/heis_16_5.txt,65536,31,spmv,didx,4.122,4.418,0.006062,1409
PREPCSV,/mnt/beegfs/ysu34/hamlib/dia_e2e/heis_16_5.txt,65536,31,spmv,didx_sym,2.210,7.269,0.006144,1543
PREPCSV,/mnt/beegfs/ysu34/hamlib/dia_e2e/heis_16_5.txt,65536,31,spmv,gopt,5.544,0.728,0.010650,589
PREPCSV,/mnt/beegfs/ysu34/hamlib/dia_e2e/heis_16_5.txt,65536,31,spmspm,ours_flat,0.620,0.222,0.212767,4
PREPCSV,/mnt/beegfs/ysu34/hamlib/dia_e2e/heis_16_5.txt,65536,31,spmspm,ours_sym,0.173,2.278,-1.000000,-1
PREPCSV,/mnt/beegfs/ysu34/hamlib/dia_e2e/heis_16_5.txt,65536,31,spmspm,ours_sym,0.173,2.278,0.106721,23
SPMSPMCSV,/mnt/beegfs/ysu34/hamlib/dia_e2e/heis_16_5.txt,65536,31,399,24395762,ours_flat,0.212767,0.000e+00
SPMSPMCSV,/mnt/beegfs/ysu34/hamlib/dia_e2e/heis_16_5.txt,65536,31,399,24395762,ours_sym,0.106588,0.000e+00
CFILL,/mnt/beegfs/ysu34/hamlib/dia_e2e/heis_16_5.txt,65536,399,24395762,2497616,0.1024
E2EEVCSV,/mnt/beegfs/ysu34/hamlib/dia_e2e/heis_16_5.txt,65536,31,1000,5,didx,10.931,0.000,51.942,-1.000,-1.000,-1.000e+00
E2EOPCSV,/mnt/beegfs/ysu34/hamlib/dia_e2e/heis_16_5.txt,65536,31,2,399,24395762,0.410,0.214,-1
E2EOPCSV,/mnt/beegfs/ysu34/hamlib/dia_e2e/heis_16_5.txt,65536,31,3,2791,163414130,19.073,3.001,-1
E2EOPBUILDCSV,/mnt/beegfs/ysu34/hamlib/dia_e2e/heis_16_5.txt,65536,5,32167,1651448944,6255.688,6602.175,1.055
E2EOPBUILDCSV,/mnt/beegfs/ysu34/hamlib/dia_e2e/heis_16_5.txt,65536,5,16084,825757240,327.886,-1,-1
== [trim 2] heis_18_5 ==
PREPCSV,/mnt/beegfs/ysu34/hamlib/dia_e2e/heis_18_5.txt,262144,35,spmv,didx,20.156,1.401,0.012247,1760
PREPCSV,/mnt/beegfs/ysu34/hamlib/dia_e2e/heis_18_5.txt,262144,35,spmv,didx_sym,10.185,3.248,0.012083,1112
PREPCSV,/mnt/beegfs/ysu34/hamlib/dia_e2e/heis_18_5.txt,262144,35,spmv,gopt,22.164,2.335,0.016056,1526
PREPCSV,/mnt/beegfs/ysu34/hamlib/dia_e2e/heis_18_5.txt,262144,35,spmspm,ours_flat,2.052,0.487,1.347912,2
PREPCSV,/mnt/beegfs/ysu34/hamlib/dia_e2e/heis_18_5.txt,262144,35,spmspm,ours_sym,0.747,3.105,-1.000000,-1
PREPCSV,/mnt/beegfs/ysu34/hamlib/dia_e2e/heis_18_5.txt,262144,35,spmspm,ours_sym,0.747,3.105,0.629391,6
SPMSPMCSV,/mnt/beegfs/ysu34/hamlib/dia_e2e/heis_18_5.txt,262144,35,519,127991794,ours_flat,1.348096,0.000e+00
SPMSPMCSV,/mnt/beegfs/ysu34/hamlib/dia_e2e/heis_18_5.txt,262144,35,519,127991794,ours_sym,0.629176,0.000e+00
CFILL,/mnt/beegfs/ysu34/hamlib/dia_e2e/heis_18_5.txt,262144,519,127991794,12417264,0.0970
E2EEVCSV,/mnt/beegfs/ysu34/hamlib/dia_e2e/heis_18_5.txt,262144,35,1000,5,didx,45.365,0.000,97.402,-1.000,-1.000,-1.000e+00
E2EOPCSV,/mnt/beegfs/ysu34/hamlib/dia_e2e/heis_18_5.txt,262144,35,2,519,127991794,1.332,1.349,-1
E2EOPCSV,/mnt/beegfs/ysu34/hamlib/dia_e2e/heis_18_5.txt,262144,35,3,4279,1016725618,44.765,21.394,-1
# opbuild wall: Unnz=15484329072 (int32 index limit)
E2EOPBUILDCSV,/mnt/beegfs/ysu34/hamlib/dia_e2e/heis_18_5.txt,262144,5,72483,15484329072,-1,-1,-1
# opbuild(sym) wall: Unnz=7742295608 (int32 index limit)
E2EOPBUILDCSV,/mnt/beegfs/ysu34/hamlib/dia_e2e/heis_18_5.txt,262144,5,36242,7742295608,-1,-1,-1
== [trim 2] heis_20_5 ==
PREPCSV,/mnt/beegfs/ysu34/hamlib/dia_e2e/heis_20_5.txt,1048576,39,spmv,didx,123.026,5.021,0.058286,2197
PREPCSV,/mnt/beegfs/ysu34/hamlib/dia_e2e/heis_20_5.txt,1048576,39,spmv,didx_sym,48.518,12.489,0.054825,1113
PREPCSV,/mnt/beegfs/ysu34/hamlib/dia_e2e/heis_20_5.txt,1048576,39,spmv,gopt,95.538,7.430,0.080466,1280
PREPCSV,/mnt/beegfs/ysu34/hamlib/dia_e2e/heis_20_5.txt,1048576,39,spmspm,ours_flat,8.005,0.932,6.926766,1
PREPCSV,/mnt/beegfs/ysu34/hamlib/dia_e2e/heis_20_5.txt,1048576,39,spmspm,ours_sym,3.644,4.507,-1.000000,-1
PREPCSV,/mnt/beegfs/ysu34/hamlib/dia_e2e/heis_20_5.txt,1048576,39,spmspm,ours_sym,3.644,4.507,3.478713,2
SPMSPMCSV,/mnt/beegfs/ysu34/hamlib/dia_e2e/heis_20_5.txt,1048576,39,655,650379250,ours_flat,6.929552,0.000e+00
SPMSPMCSV,/mnt/beegfs/ysu34/hamlib/dia_e2e/heis_20_5.txt,1048576,39,655,650379250,ours_sym,3.476695,0.000e+00
CFILL,/mnt/beegfs/ysu34/hamlib/dia_e2e/heis_20_5.txt,1048576,655,650379250,60424320,0.0929
E2EEVCSV,/mnt/beegfs/ysu34/hamlib/dia_e2e/heis_20_5.txt,1048576,39,1000,5,didx,259.559,0.000,432.477,-1.000,-1.000,-1.000e+00
E2EOPCSV,/mnt/beegfs/ysu34/hamlib/dia_e2e/heis_20_5.txt,1048576,39,2,655,650379250,5.748,6.926,-1
E2EOPCSV,/mnt/beegfs/ysu34/hamlib/dia_e2e/heis_20_5.txt,1048576,39,3,6231,5988941938,125.709,141.858,-1
# opbuild wall: Unnz=130519407728 (int32 index limit)
E2EOPBUILDCSV,/mnt/beegfs/ysu34/hamlib/dia_e2e/heis_20_5.txt,1048576,5,148383,130519407728,-1,-1,-1
# opbuild(sym) wall: Unnz=65260228152 (int32 index limit)
E2EOPBUILDCSV,/mnt/beegfs/ysu34/hamlib/dia_e2e/heis_20_5.txt,1048576,5,74192,65260228152,-1,-1,-1
== [trim 2] heis_20_6 ==
PREPCSV,/mnt/beegfs/ysu34/hamlib/dia_e2e/heis_20_6.txt,1048576,39,spmv,didx,124.424,5.050,0.058429,2216
PREPCSV,/mnt/beegfs/ysu34/hamlib/dia_e2e/heis_20_6.txt,1048576,39,spmv,didx_sym,48.024,12.475,0.054825,1103
PREPCSV,/mnt/beegfs/ysu34/hamlib/dia_e2e/heis_20_6.txt,1048576,39,spmv,gopt,102.754,7.442,0.080200,1374
PREPCSV,/mnt/beegfs/ysu34/hamlib/dia_e2e/heis_20_6.txt,1048576,39,spmspm,ours_flat,7.993,1.049,6.926705,1
PREPCSV,/mnt/beegfs/ysu34/hamlib/dia_e2e/heis_20_6.txt,1048576,39,spmspm,ours_sym,3.651,4.508,-1.000000,-1
PREPCSV,/mnt/beegfs/ysu34/hamlib/dia_e2e/heis_20_6.txt,1048576,39,spmspm,ours_sym,3.651,4.508,3.478569,2
SPMSPMCSV,/mnt/beegfs/ysu34/hamlib/dia_e2e/heis_20_6.txt,1048576,39,655,650379250,ours_flat,6.930084,0.000e+00
SPMSPMCSV,/mnt/beegfs/ysu34/hamlib/dia_e2e/heis_20_6.txt,1048576,39,655,650379250,ours_sym,3.477054,0.000e+00
CFILL,/mnt/beegfs/ysu34/hamlib/dia_e2e/heis_20_6.txt,1048576,655,650379250,60424320,0.0929
E2EEVCSV,/mnt/beegfs/ysu34/hamlib/dia_e2e/heis_20_6.txt,1048576,39,1000,6,didx,235.896,0.000,517.397,-1.000,-1.000,-1.000e+00
E2EOPCSV,/mnt/beegfs/ysu34/hamlib/dia_e2e/heis_20_6.txt,1048576,39,2,655,650379250,5.762,6.927,-1
E2EOPCSV,/mnt/beegfs/ysu34/hamlib/dia_e2e/heis_20_6.txt,1048576,39,3,6231,5988941938,125.172,141.859,-1
# opbuild wall: Unnz=337281752192 (int32 index limit)
E2EOPBUILDCSV,/mnt/beegfs/ysu34/hamlib/dia_e2e/heis_20_6.txt,1048576,6,409911,337281752192,-1,-1,-1
# opbuild(sym) wall: Unnz=168641400384 (int32 index limit)
E2EOPBUILDCSV,/mnt/beegfs/ysu34/hamlib/dia_e2e/heis_20_6.txt,1048576,6,204956,168641400384,-1,-1,-1
== [trim 2] maxcut_16_5 ==
PREPCSV,/mnt/beegfs/ysu34/hamlib/dia_e2e/maxcut_16_5.txt,65536,1,spmv,didx,0.384,0.088,0.003789,125
PREPCSV,/mnt/beegfs/ysu34/hamlib/dia_e2e/maxcut_16_5.txt,65536,1,spmv,didx_sym,0.352,0.106,0.003850,119
PREPCSV,/mnt/beegfs/ysu34/hamlib/dia_e2e/maxcut_16_5.txt,65536,1,spmv,gopt,0.143,0.074,0.003830,57
PREPCSV,/mnt/beegfs/ysu34/hamlib/dia_e2e/maxcut_16_5.txt,65536,1,spmspm,ours_flat,0.132,0.042,0.005161,34
PREPCSV,/mnt/beegfs/ysu34/hamlib/dia_e2e/maxcut_16_5.txt,65536,1,spmspm,ours_sym,0.068,0.041,-1.000000,-1
PREPCSV,/mnt/beegfs/ysu34/hamlib/dia_e2e/maxcut_16_5.txt,65536,1,spmspm,ours_sym,0.068,0.041,0.005120,21
SPMSPMCSV,/mnt/beegfs/ysu34/hamlib/dia_e2e/maxcut_16_5.txt,65536,1,1,65536,ours_flat,0.005151,0.000e+00
SPMSPMCSV,/mnt/beegfs/ysu34/hamlib/dia_e2e/maxcut_16_5.txt,65536,1,1,65536,ours_sym,0.005130,0.000e+00
CFILL,/mnt/beegfs/ysu34/hamlib/dia_e2e/maxcut_16_5.txt,65536,1,65536,34596,0.5279
E2EEVCSV,/mnt/beegfs/ysu34/hamlib/dia_e2e/maxcut_16_5.txt,65536,1,1000,5,stream,0.472,0.000,36.775,-1.000,-1.000,-1.000e+00
E2EOPCSV,/mnt/beegfs/ysu34/hamlib/dia_e2e/maxcut_16_5.txt,65536,1,2,1,65536,0.002,0.005,-1
E2EOPCSV,/mnt/beegfs/ysu34/hamlib/dia_e2e/maxcut_16_5.txt,65536,1,3,1,65536,0.001,0.005,-1
E2EOPBUILDCSV,/mnt/beegfs/ysu34/hamlib/dia_e2e/maxcut_16_5.txt,65536,5,1,65536,1.016,1.842,1.814
E2EOPBUILDCSV,/mnt/beegfs/ysu34/hamlib/dia_e2e/maxcut_16_5.txt,65536,5,1,65536,0.764,-1,-1
== [trim 2] maxcut_18_5 ==
PREPCSV,/mnt/beegfs/ysu34/hamlib/dia_e2e/maxcut_18_5.txt,262144,1,spmv,didx,1.825,0.444,0.004813,471
PREPCSV,/mnt/beegfs/ysu34/hamlib/dia_e2e/maxcut_18_5.txt,262144,1,spmv,didx_sym,1.156,0.438,0.004915,324
PREPCSV,/mnt/beegfs/ysu34/hamlib/dia_e2e/maxcut_18_5.txt,262144,1,spmv,gopt,0.839,0.228,0.004526,236
PREPCSV,/mnt/beegfs/ysu34/hamlib/dia_e2e/maxcut_18_5.txt,262144,1,spmspm,ours_flat,0.505,0.112,0.005632,109
PREPCSV,/mnt/beegfs/ysu34/hamlib/dia_e2e/maxcut_18_5.txt,262144,1,spmspm,ours_sym,0.275,0.111,-1.000000,-1
PREPCSV,/mnt/beegfs/ysu34/hamlib/dia_e2e/maxcut_18_5.txt,262144,1,spmspm,ours_sym,0.275,0.111,0.005632,69
SPMSPMCSV,/mnt/beegfs/ysu34/hamlib/dia_e2e/maxcut_18_5.txt,262144,1,1,262144,ours_flat,0.005622,0.000e+00
SPMSPMCSV,/mnt/beegfs/ysu34/hamlib/dia_e2e/maxcut_18_5.txt,262144,1,1,262144,ours_sym,0.005612,0.000e+00
CFILL,/mnt/beegfs/ysu34/hamlib/dia_e2e/maxcut_18_5.txt,262144,1,262144,262144,1.0000
E2EEVCSV,/mnt/beegfs/ysu34/hamlib/dia_e2e/maxcut_18_5.txt,262144,1,1000,5,stream,1.390,0.000,51.371,-1.000,-1.000,-1.000e+00
E2EOPCSV,/mnt/beegfs/ysu34/hamlib/dia_e2e/maxcut_18_5.txt,262144,1,2,1,262144,0.003,0.006,-1
E2EOPCSV,/mnt/beegfs/ysu34/hamlib/dia_e2e/maxcut_18_5.txt,262144,1,3,1,262144,0.003,0.006,-1
E2EOPBUILDCSV,/mnt/beegfs/ysu34/hamlib/dia_e2e/maxcut_18_5.txt,262144,5,1,262144,2.954,5.593,1.893
E2EOPBUILDCSV,/mnt/beegfs/ysu34/hamlib/dia_e2e/maxcut_18_5.txt,262144,5,1,262144,1.918,-1,-1
== [trim 2] maxcut_20_5 ==
PREPCSV,/mnt/beegfs/ysu34/hamlib/dia_e2e/maxcut_20_5.txt,1048576,1,spmv,didx,5.525,0.932,0.008479,762
PREPCSV,/mnt/beegfs/ysu34/hamlib/dia_e2e/maxcut_20_5.txt,1048576,1,spmv,didx_sym,5.300,0.982,0.008847,710
PREPCSV,/mnt/beegfs/ysu34/hamlib/dia_e2e/maxcut_20_5.txt,1048576,1,spmv,gopt,2.450,0.405,0.006554,436
PREPCSV,/mnt/beegfs/ysu34/hamlib/dia_e2e/maxcut_20_5.txt,1048576,1,spmspm,ours_flat,2.063,0.169,0.009196,243
PREPCSV,/mnt/beegfs/ysu34/hamlib/dia_e2e/maxcut_20_5.txt,1048576,1,spmspm,ours_sym,1.179,0.193,-1.000000,-1
PREPCSV,/mnt/beegfs/ysu34/hamlib/dia_e2e/maxcut_20_5.txt,1048576,1,spmspm,ours_sym,1.179,0.193,0.009155,150
SPMSPMCSV,/mnt/beegfs/ysu34/hamlib/dia_e2e/maxcut_20_5.txt,1048576,1,1,1048576,ours_flat,0.009062,0.000e+00
SPMSPMCSV,/mnt/beegfs/ysu34/hamlib/dia_e2e/maxcut_20_5.txt,1048576,1,1,1048576,ours_sym,0.009042,0.000e+00
CFILL,/mnt/beegfs/ysu34/hamlib/dia_e2e/maxcut_20_5.txt,1048576,1,1048576,595984,0.5684
E2EEVCSV,/mnt/beegfs/ysu34/hamlib/dia_e2e/maxcut_20_5.txt,1048576,1,1000,5,stream,4.947,0.000,118.120,-1.000,-1.000,-1.000e+00
E2EOPCSV,/mnt/beegfs/ysu34/hamlib/dia_e2e/maxcut_20_5.txt,1048576,1,2,1,1048576,0.011,0.009,-1
E2EOPCSV,/mnt/beegfs/ysu34/hamlib/dia_e2e/maxcut_20_5.txt,1048576,1,3,1,1048576,0.009,0.009,-1
E2EOPBUILDCSV,/mnt/beegfs/ysu34/hamlib/dia_e2e/maxcut_20_5.txt,1048576,5,1,1048576,10.349,20.884,2.018
E2EOPBUILDCSV,/mnt/beegfs/ysu34/hamlib/dia_e2e/maxcut_20_5.txt,1048576,5,1,1048576,5.345,-1,-1
== [trim 2] O2c_16_5 ==
# DIA_TRIM 1e-08: D 1243 -> 867
PREPCSV,/mnt/beegfs/ysu34/hamlib/dia_e2e/O2c_16_5.txt,65536,867,spmv,didx,87.918,2.182,0.067625,1332
# didx_sym skipped: non-symmetric or Dup>128
PREPCSV,/mnt/beegfs/ysu34/hamlib/dia_e2e/O2c_16_5.txt,65536,867,spmv,gopt,108.980,6.748,0.251167,461
PREPCSV,/mnt/beegfs/ysu34/hamlib/dia_e2e/O2c_16_5.txt,65536,867,spmspm,ours_flat,671.979,3.805,131.691833,5
PREPCSV,/mnt/beegfs/ysu34/hamlib/dia_e2e/O2c_16_5.txt,65536,867,spmspm,ours_sym,28.701,15.128,-1.000000,-1
PREPCSV,/mnt/beegfs/ysu34/hamlib/dia_e2e/O2c_16_5.txt,65536,867,spmspm,ours_sym,28.701,15.128,60.957535,1
# DIA_TRIM 1e-08: D 1243 -> 867
SPMSPMCSV,/mnt/beegfs/ysu34/hamlib/dia_e2e/O2c_16_5.txt,65536,867,35219,1308482828,ours_flat,131.691193,0.000e+00
SPMSPMCSV,/mnt/beegfs/ysu34/hamlib/dia_e2e/O2c_16_5.txt,65536,867,35219,1308482828,ours_sym,60.957069,1.221e-04
# DIA_TRIM 1e-08: D 1243 -> 867
CFILL,/mnt/beegfs/ysu34/hamlib/dia_e2e/O2c_16_5.txt,65536,35219,1308482828,30152672,0.0230
# DIA_TRIM 1e-08: D 1243 -> 867
E2EEVCSV,/mnt/beegfs/ysu34/hamlib/dia_e2e/O2c_16_5.txt,65536,867,1000,5,didx,211.776,0.000,462.331,-1.000,-1.000,-1.000e+00
E2EOPCSV,/mnt/beegfs/ysu34/hamlib/dia_e2e/O2c_16_5.txt,65536,867,2,35219,1308482828,630.815,131.696,-1
E2EOPCSV,/mnt/beegfs/ysu34/hamlib/dia_e2e/O2c_16_5.txt,65536,867,3,43691,1431655766,21642.200,5049.077,-1
E2EOPBUILDCSV,/mnt/beegfs/ysu34/hamlib/dia_e2e/O2c_16_5.txt,65536,5,43691,1431655766,85116.469,149396.953,1.755
E2EOPBUILDCSV,/mnt/beegfs/ysu34/hamlib/dia_e2e/O2c_16_5.txt,65536,5,21846,715860651,12111.958,-1,-1
== [trim 2] O2c_20_5 ==
# DIA_TRIM 1e-08: D 3359 -> 2367
PREPCSV,/mnt/beegfs/ysu34/hamlib/dia_e2e/O2c_20_5.txt,1048576,2367,spmv,didx,5252.149,68.990,2.741760,1941
# didx_sym skipped: non-symmetric or Dup>128
PREPCSV,/mnt/beegfs/ysu34/hamlib/dia_e2e/O2c_20_5.txt,1048576,2367,spmv,gopt,4298.097,194.011,2.064957,2175
CUDA prep_driver.cu:324 out of memory
# DIA_TRIM 1e-08: D 3359 -> 2367
CUDA spmspm_driver.cu:94 out of memory
# DIA_TRIM 1e-08: D 3359 -> 2367
CFILL,/mnt/beegfs/ysu34/hamlib/dia_e2e/O2c_20_5.txt,1048576,336441,221619031350,-1,OOM
# DIA_TRIM 1e-08: D 3359 -> 2367
E2EEVCSV,/mnt/beegfs/ysu34/hamlib/dia_e2e/O2c_20_5.txt,1048576,2367,1000,5,didx,10200.150,0.000,19317.381,-1.000,-1.000,-1.000e+00
E2EOPCSV,/mnt/beegfs/ysu34/hamlib/dia_e2e/O2c_20_5.txt,1048576,2367,2,336441,221619031350,-1,-1,-1
# opbuild wall: Unnz=366503875926 (int32 index limit)
E2EOPBUILDCSV,/mnt/beegfs/ysu34/hamlib/dia_e2e/O2c_20_5.txt,1048576,5,699051,366503875926,-1,-1,-1
# opbuild(sym) wall: Unnz=183252462251 (int32 index limit)
E2EOPBUILDCSV,/mnt/beegfs/ysu34/hamlib/dia_e2e/O2c_20_5.txt,1048576,5,349526,183252462251,-1,-1,-1
== [trim 2] qmaxcut_16_4 ==
PREPCSV,/mnt/beegfs/ysu34/hamlib/dia_e2e/qmaxcut_16_4.txt,65536,31,spmv,didx,3.396,0.500,0.006205,628
PREPCSV,/mnt/beegfs/ysu34/hamlib/dia_e2e/qmaxcut_16_4.txt,65536,31,spmv,didx_sym,1.686,0.559,0.006656,337
PREPCSV,/mnt/beegfs/ysu34/hamlib/dia_e2e/qmaxcut_16_4.txt,65536,31,spmv,gopt,3.306,0.438,0.008192,457
PREPCSV,/mnt/beegfs/ysu34/hamlib/dia_e2e/qmaxcut_16_4.txt,65536,31,spmspm,ours_flat,0.497,0.211,0.106598,7
PREPCSV,/mnt/beegfs/ysu34/hamlib/dia_e2e/qmaxcut_16_4.txt,65536,31,spmspm,ours_sym,0.145,1.390,-1.000000,-1
PREPCSV,/mnt/beegfs/ysu34/hamlib/dia_e2e/qmaxcut_16_4.txt,65536,31,spmspm,ours_sym,0.145,1.390,0.055296,28
SPMSPMCSV,/mnt/beegfs/ysu34/hamlib/dia_e2e/qmaxcut_16_4.txt,65536,31,481,15138746,ours_flat,0.107192,0.000e+00
SPMSPMCSV,/mnt/beegfs/ysu34/hamlib/dia_e2e/qmaxcut_16_4.txt,65536,31,481,15138746,ours_sym,0.055675,0.000e+00
CFILL,/mnt/beegfs/ysu34/hamlib/dia_e2e/qmaxcut_16_4.txt,65536,481,15138746,3997696,0.2641
E2EEVCSV,/mnt/beegfs/ysu34/hamlib/dia_e2e/qmaxcut_16_4.txt,65536,31,1000,4,didx,7.116,0.000,42.668,-1.000,-1.000,-1.000e+00
E2EOPCSV,/mnt/beegfs/ysu34/hamlib/dia_e2e/qmaxcut_16_4.txt,65536,31,2,481,15138746,0.340,0.107,-1
E2EOPCSV,/mnt/beegfs/ysu34/hamlib/dia_e2e/qmaxcut_16_4.txt,65536,31,3,3031,103776028,20.865,1.228,-1
E2EOPBUILDCSV,/mnt/beegfs/ysu34/hamlib/dia_e2e/qmaxcut_16_4.txt,65536,4,15507,499792596,676.268,907.800,1.342
E2EOPBUILDCSV,/mnt/beegfs/ysu34/hamlib/dia_e2e/qmaxcut_16_4.txt,65536,4,7754,249929066,46.410,-1,-1
== [trim 2] qmaxcut_18_4 ==
PREPCSV,/mnt/beegfs/ysu34/hamlib/dia_e2e/qmaxcut_18_4.txt,262144,35,spmv,didx,13.332,1.411,0.012554,1174
PREPCSV,/mnt/beegfs/ysu34/hamlib/dia_e2e/qmaxcut_18_4.txt,262144,35,spmv,didx_sym,7.598,2.204,0.012554,781
PREPCSV,/mnt/beegfs/ysu34/hamlib/dia_e2e/qmaxcut_18_4.txt,262144,35,spmv,gopt,11.453,1.645,0.010465,1252
PREPCSV,/mnt/beegfs/ysu34/hamlib/dia_e2e/qmaxcut_18_4.txt,262144,35,spmspm,ours_flat,1.531,0.390,0.537580,4
PREPCSV,/mnt/beegfs/ysu34/hamlib/dia_e2e/qmaxcut_18_4.txt,262144,35,spmspm,ours_sym,0.589,3.252,-1.000000,-1
PREPCSV,/mnt/beegfs/ysu34/hamlib/dia_e2e/qmaxcut_18_4.txt,262144,35,spmspm,ours_sym,0.589,3.252,0.270828,14
SPMSPMCSV,/mnt/beegfs/ysu34/hamlib/dia_e2e/qmaxcut_18_4.txt,262144,35,613,77332402,ours_flat,0.537098,0.000e+00
SPMSPMCSV,/mnt/beegfs/ysu34/hamlib/dia_e2e/qmaxcut_18_4.txt,262144,35,613,77332402,ours_sym,0.270940,0.000e+00
CFILL,/mnt/beegfs/ysu34/hamlib/dia_e2e/qmaxcut_18_4.txt,262144,613,77332402,20316160,0.2627
E2EEVCSV,/mnt/beegfs/ysu34/hamlib/dia_e2e/qmaxcut_18_4.txt,262144,35,1000,4,didx,25.424,0.000,78.628,-1.000,-1.000,-1.000e+00
E2EOPCSV,/mnt/beegfs/ysu34/hamlib/dia_e2e/qmaxcut_18_4.txt,262144,35,2,613,77332402,0.955,0.538,-1
E2EOPCSV,/mnt/beegfs/ysu34/hamlib/dia_e2e/qmaxcut_18_4.txt,262144,35,3,4455,608304862,43.210,7.338,-1
# opbuild wall: Unnz=3485530152 (int32 index limit)
E2EOPBUILDCSV,/mnt/beegfs/ysu34/hamlib/dia_e2e/qmaxcut_18_4.txt,262144,4,27051,3485530152,-1,-1,-1
E2EOPBUILDCSV,/mnt/beegfs/ysu34/hamlib/dia_e2e/qmaxcut_18_4.txt,262144,4,13526,1742896148,166.207,-1,-1
== [trim 2] qmaxcut_20_4 ==
PREPCSV,/mnt/beegfs/ysu34/hamlib/dia_e2e/qmaxcut_20_4.txt,1048576,39,spmv,didx,80.737,4.945,0.061215,1400
PREPCSV,/mnt/beegfs/ysu34/hamlib/dia_e2e/qmaxcut_20_4.txt,1048576,39,spmv,didx_sym,30.915,8.087,0.062833,621
PREPCSV,/mnt/beegfs/ysu34/hamlib/dia_e2e/qmaxcut_20_4.txt,1048576,39,spmv,gopt,53.944,5.081,0.054682,1079
PREPCSV,/mnt/beegfs/ysu34/hamlib/dia_e2e/qmaxcut_20_4.txt,1048576,39,spmspm,ours_flat,5.713,0.729,2.823455,2
PREPCSV,/mnt/beegfs/ysu34/hamlib/dia_e2e/qmaxcut_20_4.txt,1048576,39,spmspm,ours_sym,2.492,2.528,-1.000000,-1
PREPCSV,/mnt/beegfs/ysu34/hamlib/dia_e2e/qmaxcut_20_4.txt,1048576,39,spmspm,ours_sym,2.492,2.528,1.440727,3
SPMSPMCSV,/mnt/beegfs/ysu34/hamlib/dia_e2e/qmaxcut_20_4.txt,1048576,39,761,384827306,ours_flat,2.823240,0.000e+00
SPMSPMCSV,/mnt/beegfs/ysu34/hamlib/dia_e2e/qmaxcut_20_4.txt,1048576,39,761,384827306,ours_sym,1.438812,0.000e+00
CFILL,/mnt/beegfs/ysu34/hamlib/dia_e2e/qmaxcut_20_4.txt,1048576,761,384827306,100663296,0.2616
E2EEVCSV,/mnt/beegfs/ysu34/hamlib/dia_e2e/qmaxcut_20_4.txt,1048576,39,1000,4,didx,142.539,0.000,362.106,-1.000,-1.000,-1.000e+00
E2EOPCSV,/mnt/beegfs/ysu34/hamlib/dia_e2e/qmaxcut_20_4.txt,1048576,39,2,761,384827306,3.515,2.825,-1
E2EOPCSV,/mnt/beegfs/ysu34/hamlib/dia_e2e/qmaxcut_20_4.txt,1048576,39,3,6271,3415735960,102.563,44.748,-1
# opbuild wall: Unnz=22750164124 (int32 index limit)
E2EOPBUILDCSV,/mnt/beegfs/ysu34/hamlib/dia_e2e/qmaxcut_20_4.txt,1048576,4,44143,22750164124,-1,-1,-1
# opbuild(sym) wall: Unnz=11375606350 (int32 index limit)
E2EOPBUILDCSV,/mnt/beegfs/ysu34/hamlib/dia_e2e/qmaxcut_20_4.txt,1048576,4,22072,11375606350,-1,-1,-1
== [trim 2] qmaxcutC_18_4 ==
PREPCSV,/mnt/beegfs/ysu34/hamlib/dia_e2e/qmaxcutC_18_4.txt,262144,73,spmv,didx,56.667,2.437,0.026214,2255
PREPCSV,/mnt/beegfs/ysu34/hamlib/dia_e2e/qmaxcutC_18_4.txt,262144,73,spmv,didx_sym,19.719,5.767,0.026276,970
PREPCSV,/mnt/beegfs/ysu34/hamlib/dia_e2e/qmaxcutC_18_4.txt,262144,73,spmv,gopt,50.690,4.066,0.046141,1187
PREPCSV,/mnt/beegfs/ysu34/hamlib/dia_e2e/qmaxcutC_18_4.txt,262144,73,spmspm,ours_flat,6.894,0.754,5.425726,1
PREPCSV,/mnt/beegfs/ysu34/hamlib/dia_e2e/qmaxcutC_18_4.txt,262144,73,spmspm,ours_sym,2.005,4.013,-1.000000,-1
PREPCSV,/mnt/beegfs/ysu34/hamlib/dia_e2e/qmaxcutC_18_4.txt,262144,73,spmspm,ours_sym,2.005,4.013,2.575217,2
SPMSPMCSV,/mnt/beegfs/ysu34/hamlib/dia_e2e/qmaxcutC_18_4.txt,262144,73,1995,447316210,ours_flat,5.425173,0.000e+00
SPMSPMCSV,/mnt/beegfs/ysu34/hamlib/dia_e2e/qmaxcutC_18_4.txt,262144,73,1995,447316210,ours_sym,2.571295,0.000e+00
CFILL,/mnt/beegfs/ysu34/hamlib/dia_e2e/qmaxcutC_18_4.txt,262144,1995,447316210,42963040,0.0960
E2EEVCSV,/mnt/beegfs/ysu34/hamlib/dia_e2e/qmaxcutC_18_4.txt,262144,73,1000,4,didx,116.428,0.000,153.902,-1.000,-1.000,-1.000e+00
E2EOPCSV,/mnt/beegfs/ysu34/hamlib/dia_e2e/qmaxcutC_18_4.txt,262144,73,2,1995,447316210,6.104,5.427,-1
E2EOPCSV,/mnt/beegfs/ysu34/hamlib/dia_e2e/qmaxcutC_18_4.txt,262144,73,3,25185,5108188748,837.557,152.114,-1
# opbuild wall: Unnz=26670401436 (int32 index limit)
E2EOPBUILDCSV,/mnt/beegfs/ysu34/hamlib/dia_e2e/qmaxcutC_18_4.txt,262144,4,149585,26670401436,-1,-1,-1
# opbuild(sym) wall: Unnz=13335331790 (int32 index limit)
E2EOPBUILDCSV,/mnt/beegfs/ysu34/hamlib/dia_e2e/qmaxcutC_18_4.txt,262144,4,74793,13335331790,-1,-1,-1
== [trim 2] qmaxcutK_18_4 ==
PREPCSV,/mnt/beegfs/ysu34/hamlib/dia_e2e/qmaxcutK_18_4.txt,262144,19,spmv,didx,10.986,1.029,0.008847,1358
PREPCSV,/mnt/beegfs/ysu34/hamlib/dia_e2e/qmaxcutK_18_4.txt,262144,19,spmv,didx_sym,5.659,2.087,0.009830,788
PREPCSV,/mnt/beegfs/ysu34/hamlib/dia_e2e/qmaxcutK_18_4.txt,262144,19,spmv,gopt,13.754,1.818,0.011960,1302
PREPCSV,/mnt/beegfs/ysu34/hamlib/dia_e2e/qmaxcutK_18_4.txt,262144,19,spmspm,ours_flat,0.890,0.292,0.364319,3
PREPCSV,/mnt/beegfs/ysu34/hamlib/dia_e2e/qmaxcutK_18_4.txt,262144,19,spmspm,ours_sym,0.438,2.356,-1.000000,-1
PREPCSV,/mnt/beegfs/ysu34/hamlib/dia_e2e/qmaxcutK_18_4.txt,262144,19,spmspm,ours_sym,0.438,2.356,0.175350,16
SPMSPMCSV,/mnt/beegfs/ysu34/hamlib/dia_e2e/qmaxcutK_18_4.txt,262144,19,147,37034376,ours_flat,0.364575,0.000e+00
SPMSPMCSV,/mnt/beegfs/ysu34/hamlib/dia_e2e/qmaxcutK_18_4.txt,262144,19,147,37034376,ours_sym,0.175401,0.000e+00
CFILL,/mnt/beegfs/ysu34/hamlib/dia_e2e/qmaxcutK_18_4.txt,262144,147,37034376,3014656,0.0814
E2EEVCSV,/mnt/beegfs/ysu34/hamlib/dia_e2e/qmaxcutK_18_4.txt,262144,19,1000,4,didx,26.544,0.000,61.939,-1.000,-1.000,-1.000e+00
E2EOPCSV,/mnt/beegfs/ysu34/hamlib/dia_e2e/qmaxcutK_18_4.txt,262144,19,2,147,37034376,0.346,0.365,-1
E2EOPCSV,/mnt/beegfs/ysu34/hamlib/dia_e2e/qmaxcutK_18_4.txt,262144,19,3,629,155370334,2.768,3.189,-1
E2EOPBUILDCSV,/mnt/beegfs/ysu34/hamlib/dia_e2e/qmaxcutK_18_4.txt,262144,4,1875,453768152,57.004,167.016,2.930
E2EOPBUILDCSV,/mnt/beegfs/ysu34/hamlib/dia_e2e/qmaxcutK_18_4.txt,262144,4,938,227015148,22.045,-1,-1
== [trim 2] qmaxcutR_18_3 ==
PREPCSV,/mnt/beegfs/ysu34/hamlib/dia_e2e/qmaxcutR_18_3.txt,262144,9,spmv,didx,5.738,0.708,0.006922,931
PREPCSV,/mnt/beegfs/ysu34/hamlib/dia_e2e/qmaxcutR_18_3.txt,262144,9,spmv,didx_sym,3.186,1.030,0.007905,533
PREPCSV,/mnt/beegfs/ysu34/hamlib/dia_e2e/qmaxcutR_18_3.txt,262144,9,spmv,gopt,6.974,0.648,0.006861,1111
PREPCSV,/mnt/beegfs/ysu34/hamlib/dia_e2e/qmaxcutR_18_3.txt,262144,9,spmspm,ours_flat,0.604,0.210,0.082985,10
PREPCSV,/mnt/beegfs/ysu34/hamlib/dia_e2e/qmaxcutR_18_3.txt,262144,9,spmspm,ours_sym,0.331,0.436,-1.000000,-1
PREPCSV,/mnt/beegfs/ysu34/hamlib/dia_e2e/qmaxcutR_18_3.txt,262144,9,spmspm,ours_sym,0.331,0.436,0.039977,19
SPMSPMCSV,/mnt/beegfs/ysu34/hamlib/dia_e2e/qmaxcutR_18_3.txt,262144,9,35,9027634,ours_flat,0.082801,0.000e+00
SPMSPMCSV,/mnt/beegfs/ysu34/hamlib/dia_e2e/qmaxcutR_18_3.txt,262144,9,35,9027634,ours_sym,0.039936,0.000e+00
CFILL,/mnt/beegfs/ysu34/hamlib/dia_e2e/qmaxcutR_18_3.txt,262144,35,9027634,786432,0.0871
E2EEVCSV,/mnt/beegfs/ysu34/hamlib/dia_e2e/qmaxcutR_18_3.txt,262144,9,1000,3,didx,12.437,0.000,39.879,-1.000,-1.000,-1.000e+00
E2EOPCSV,/mnt/beegfs/ysu34/hamlib/dia_e2e/qmaxcutR_18_3.txt,262144,9,2,35,9027634,0.075,0.083,-1
E2EOPCSV,/mnt/beegfs/ysu34/hamlib/dia_e2e/qmaxcutR_18_3.txt,262144,9,3,75,19210410,0.196,0.340,-1
E2EOPBUILDCSV,/mnt/beegfs/ysu34/hamlib/dia_e2e/qmaxcutR_18_3.txt,262144,3,75,19210410,2.779,27.782,9.997
E2EOPBUILDCSV,/mnt/beegfs/ysu34/hamlib/dia_e2e/qmaxcutR_18_3.txt,262144,3,38,9736277,2.285,-1,-1
== [trim 2] tfim_16_4 ==
PREPCSV,/mnt/beegfs/ysu34/hamlib/dia_e2e/tfim_16_4.txt,65536,33,spmv,didx,6.245,0.714,0.007311,952
PREPCSV,/mnt/beegfs/ysu34/hamlib/dia_e2e/tfim_16_4.txt,65536,33,spmv,didx_sym,2.883,0.880,0.006779,555
PREPCSV,/mnt/beegfs/ysu34/hamlib/dia_e2e/tfim_16_4.txt,65536,33,spmv,gopt,6.396,0.819,0.012472,578
PREPCSV,/mnt/beegfs/ysu34/hamlib/dia_e2e/tfim_16_4.txt,65536,33,spmspm,ours_flat,0.658,0.232,0.229274,4
PREPCSV,/mnt/beegfs/ysu34/hamlib/dia_e2e/tfim_16_4.txt,65536,33,spmspm,ours_sym,0.182,2.430,-1.000000,-1
PREPCSV,/mnt/beegfs/ysu34/hamlib/dia_e2e/tfim_16_4.txt,65536,33,spmspm,ours_sym,0.182,2.430,0.114422,23
SPMSPMCSV,/mnt/beegfs/ysu34/hamlib/dia_e2e/tfim_16_4.txt,65536,33,455,26181618,ours_flat,0.228710,0.000e+00
SPMSPMCSV,/mnt/beegfs/ysu34/hamlib/dia_e2e/tfim_16_4.txt,65536,33,455,26181618,ours_sym,0.114586,0.000e+00
CFILL,/mnt/beegfs/ysu34/hamlib/dia_e2e/tfim_16_4.txt,65536,455,26181618,8950976,0.3419
E2EEVCSV,/mnt/beegfs/ysu34/hamlib/dia_e2e/tfim_16_4.txt,65536,33,1000,4,didx,14.337,0.000,46.103,-1.000,-1.000,-1.000e+00
E2EOPCSV,/mnt/beegfs/ysu34/hamlib/dia_e2e/tfim_16_4.txt,65536,33,2,455,26181618,0.604,0.230,-1
E2EOPCSV,/mnt/beegfs/ysu34/hamlib/dia_e2e/tfim_16_4.txt,65536,33,3,3447,182780016,27.720,3.338,-1
E2EOPBUILDCSV,/mnt/beegfs/ysu34/hamlib/dia_e2e/tfim_16_4.txt,65536,4,15727,759430272,911.336,1031.523,1.132
E2EOPBUILDCSV,/mnt/beegfs/ysu34/hamlib/dia_e2e/tfim_16_4.txt,65536,4,7864,379747904,65.902,-1,-1
== [trim 2] tfim_16_5 ==
PREPCSV,/mnt/beegfs/ysu34/hamlib/dia_e2e/tfim_16_5.txt,65536,33,spmv,didx,5.673,0.749,0.007332,876
PREPCSV,/mnt/beegfs/ysu34/hamlib/dia_e2e/tfim_16_5.txt,65536,33,spmv,didx_sym,2.926,0.913,0.006799,565
PREPCSV,/mnt/beegfs/ysu34/hamlib/dia_e2e/tfim_16_5.txt,65536,33,spmv,gopt,6.446,0.806,0.012390,585
PREPCSV,/mnt/beegfs/ysu34/hamlib/dia_e2e/tfim_16_5.txt,65536,33,spmspm,ours_flat,0.660,0.230,0.229130,4
PREPCSV,/mnt/beegfs/ysu34/hamlib/dia_e2e/tfim_16_5.txt,65536,33,spmspm,ours_sym,0.186,2.427,-1.000000,-1
PREPCSV,/mnt/beegfs/ysu34/hamlib/dia_e2e/tfim_16_5.txt,65536,33,spmspm,ours_sym,0.186,2.427,0.114504,23
SPMSPMCSV,/mnt/beegfs/ysu34/hamlib/dia_e2e/tfim_16_5.txt,65536,33,455,26181618,ours_flat,0.228649,0.000e+00
SPMSPMCSV,/mnt/beegfs/ysu34/hamlib/dia_e2e/tfim_16_5.txt,65536,33,455,26181618,ours_sym,0.114698,0.000e+00
CFILL,/mnt/beegfs/ysu34/hamlib/dia_e2e/tfim_16_5.txt,65536,455,26181618,8950976,0.3419
E2EEVCSV,/mnt/beegfs/ysu34/hamlib/dia_e2e/tfim_16_5.txt,65536,33,1000,5,didx,14.366,0.000,58.176,-1.000,-1.000,-1.000e+00
E2EOPCSV,/mnt/beegfs/ysu34/hamlib/dia_e2e/tfim_16_5.txt,65536,33,2,455,26181618,0.605,0.230,-1
E2EOPCSV,/mnt/beegfs/ysu34/hamlib/dia_e2e/tfim_16_5.txt,65536,33,3,3447,182780016,27.653,3.338,-1
E2EOPBUILDCSV,/mnt/beegfs/ysu34/hamlib/dia_e2e/tfim_16_5.txt,65536,5,45471,1968446464,11194.710,12251.932,1.094
E2EOPBUILDCSV,/mnt/beegfs/ysu34/hamlib/dia_e2e/tfim_16_5.txt,65536,5,22736,984256000,544.681,-1,-1
== [trim 2] tfim_18_4 ==
PREPCSV,/mnt/beegfs/ysu34/hamlib/dia_e2e/tfim_18_4.txt,262144,37,spmv,didx,43.437,2.490,0.021996,2088
PREPCSV,/mnt/beegfs/ysu34/hamlib/dia_e2e/tfim_18_4.txt,262144,37,spmv,didx_sym,13.175,3.474,0.015811,1053
PREPCSV,/mnt/beegfs/ysu34/hamlib/dia_e2e/tfim_18_4.txt,262144,37,spmv,gopt,25.018,2.707,0.025457,1089
PREPCSV,/mnt/beegfs/ysu34/hamlib/dia_e2e/tfim_18_4.txt,262144,37,spmspm,ours_flat,2.147,0.487,1.445949,2
PREPCSV,/mnt/beegfs/ysu34/hamlib/dia_e2e/tfim_18_4.txt,262144,37,spmspm,ours_sym,0.794,3.065,-1.000000,-1
PREPCSV,/mnt/beegfs/ysu34/hamlib/dia_e2e/tfim_18_4.txt,262144,37,spmspm,ours_sym,0.794,3.065,0.673690,6
SPMSPMCSV,/mnt/beegfs/ysu34/hamlib/dia_e2e/tfim_18_4.txt,262144,37,583,136183794,ours_flat,1.445683,0.000e+00
SPMSPMCSV,/mnt/beegfs/ysu34/hamlib/dia_e2e/tfim_18_4.txt,262144,37,583,136183794,ours_sym,0.672481,0.000e+00
CFILL,/mnt/beegfs/ysu34/hamlib/dia_e2e/tfim_18_4.txt,262144,583,136183794,44985808,0.3303
E2EEVCSV,/mnt/beegfs/ysu34/hamlib/dia_e2e/tfim_18_4.txt,262144,37,1000,4,didx,73.669,0.000,126.176,-1.000,-1.000,-1.000e+00
E2EOPCSV,/mnt/beegfs/ysu34/hamlib/dia_e2e/tfim_18_4.txt,262144,37,2,583,136183794,1.544,1.447,-1
E2EOPCSV,/mnt/beegfs/ysu34/hamlib/dia_e2e/tfim_18_4.txt,262144,37,3,5155,1121714288,59.976,23.398,-1
# opbuild wall: Unnz=5652348032 (int32 index limit)
E2EOPBUILDCSV,/mnt/beegfs/ysu34/hamlib/dia_e2e/tfim_18_4.txt,262144,4,28143,5652348032,-1,-1,-1
# opbuild(sym) wall: Unnz=2826305088 (int32 index limit)
E2EOPBUILDCSV,/mnt/beegfs/ysu34/hamlib/dia_e2e/tfim_18_4.txt,262144,4,14072,2826305088,-1,-1,-1
== [trim 2] tfim_18_5 ==
PREPCSV,/mnt/beegfs/ysu34/hamlib/dia_e2e/tfim_18_5.txt,262144,37,spmv,didx,43.671,2.476,0.021975,2100
PREPCSV,/mnt/beegfs/ysu34/hamlib/dia_e2e/tfim_18_5.txt,262144,37,spmv,didx_sym,13.399,3.480,0.015770,1070
PREPCSV,/mnt/beegfs/ysu34/hamlib/dia_e2e/tfim_18_5.txt,262144,37,spmv,gopt,25.320,2.744,0.025416,1104
PREPCSV,/mnt/beegfs/ysu34/hamlib/dia_e2e/tfim_18_5.txt,262144,37,spmspm,ours_flat,2.144,0.492,1.446052,2
PREPCSV,/mnt/beegfs/ysu34/hamlib/dia_e2e/tfim_18_5.txt,262144,37,spmspm,ours_sym,0.827,3.023,-1.000000,-1
PREPCSV,/mnt/beegfs/ysu34/hamlib/dia_e2e/tfim_18_5.txt,262144,37,spmspm,ours_sym,0.827,3.023,0.673813,6
SPMSPMCSV,/mnt/beegfs/ysu34/hamlib/dia_e2e/tfim_18_5.txt,262144,37,583,136183794,ours_flat,1.445601,0.000e+00
SPMSPMCSV,/mnt/beegfs/ysu34/hamlib/dia_e2e/tfim_18_5.txt,262144,37,583,136183794,ours_sym,0.672399,0.000e+00
CFILL,/mnt/beegfs/ysu34/hamlib/dia_e2e/tfim_18_5.txt,262144,583,136183794,44985808,0.3303
E2EEVCSV,/mnt/beegfs/ysu34/hamlib/dia_e2e/tfim_18_5.txt,262144,37,1000,5,didx,71.908,0.000,156.493,-1.000,-1.000,-1.000e+00
E2EOPCSV,/mnt/beegfs/ysu34/hamlib/dia_e2e/tfim_18_5.txt,262144,37,2,583,136183794,1.587,1.447,-1
E2EOPCSV,/mnt/beegfs/ysu34/hamlib/dia_e2e/tfim_18_5.txt,262144,37,3,5155,1121714288,60.111,23.396,-1
# opbuild wall: Unnz=18243132416 (int32 index limit)
E2EOPBUILDCSV,/mnt/beegfs/ysu34/hamlib/dia_e2e/tfim_18_5.txt,262144,5,99695,18243132416,-1,-1,-1
# opbuild(sym) wall: Unnz=9121697280 (int32 index limit)
E2EOPBUILDCSV,/mnt/beegfs/ysu34/hamlib/dia_e2e/tfim_18_5.txt,262144,5,49848,9121697280,-1,-1,-1
== [trim 2] tfim_20_5 ==
PREPCSV,/mnt/beegfs/ysu34/hamlib/dia_e2e/tfim_20_5.txt,1048576,41,spmv,didx,220.975,8.868,0.108196,2124
PREPCSV,/mnt/beegfs/ysu34/hamlib/dia_e2e/tfim_20_5.txt,1048576,41,spmv,didx_sym,75.220,13.578,0.076063,1167
PREPCSV,/mnt/beegfs/ysu34/hamlib/dia_e2e/tfim_20_5.txt,1048576,41,spmv,gopt,106.513,9.300,0.097628,1186
PREPCSV,/mnt/beegfs/ysu34/hamlib/dia_e2e/tfim_20_5.txt,1048576,41,spmspm,ours_flat,8.344,0.998,7.353897,1
PREPCSV,/mnt/beegfs/ysu34/hamlib/dia_e2e/tfim_20_5.txt,1048576,41,spmspm,ours_sym,3.755,4.388,-1.000000,-1
PREPCSV,/mnt/beegfs/ysu34/hamlib/dia_e2e/tfim_20_5.txt,1048576,41,spmspm,ours_sym,3.755,4.388,3.690865,2
SPMSPMCSV,/mnt/beegfs/ysu34/hamlib/dia_e2e/tfim_20_5.txt,1048576,41,727,687341554,ours_flat,7.351880,0.000e+00
SPMSPMCSV,/mnt/beegfs/ysu34/hamlib/dia_e2e/tfim_20_5.txt,1048576,41,727,687341554,ours_sym,3.686656,0.000e+00
CFILL,/mnt/beegfs/ysu34/hamlib/dia_e2e/tfim_20_5.txt,1048576,727,687341554,220860576,0.3213
E2EEVCSV,/mnt/beegfs/ysu34/hamlib/dia_e2e/tfim_20_5.txt,1048576,41,1000,5,didx,358.963,0.000,717.629,-1.000,-1.000,-1.000e+00
E2EOPCSV,/mnt/beegfs/ysu34/hamlib/dia_e2e/tfim_20_5.txt,1048576,41,2,727,687341554,6.124,7.368,-1
E2EOPCSV,/mnt/beegfs/ysu34/hamlib/dia_e2e/tfim_20_5.txt,1048576,41,3,7359,6535774320,154.177,152.707,-1
# opbuild wall: Unnz=151712177152 (int32 index limit)
E2EOPBUILDCSV,/mnt/beegfs/ysu34/hamlib/dia_e2e/tfim_20_5.txt,1048576,5,198479,151712177152,-1,-1,-1
# opbuild(sym) wall: Unnz=75856612864 (int32 index limit)
E2EOPBUILDCSV,/mnt/beegfs/ysu34/hamlib/dia_e2e/tfim_20_5.txt,1048576,5,99240,75856612864,-1,-1,-1
== [trim 2] tsp_18_4 ==
PREPCSV,/mnt/beegfs/ysu34/hamlib/dia_e2e/tsp_18_4.txt,262144,1,spmv,didx,1.811,0.439,0.004874,462
PREPCSV,/mnt/beegfs/ysu34/hamlib/dia_e2e/tsp_18_4.txt,262144,1,spmv,didx_sym,1.117,0.435,0.005018,309
PREPCSV,/mnt/beegfs/ysu34/hamlib/dia_e2e/tsp_18_4.txt,262144,1,spmv,gopt,0.823,0.230,0.004506,234
PREPCSV,/mnt/beegfs/ysu34/hamlib/dia_e2e/tsp_18_4.txt,262144,1,spmspm,ours_flat,0.494,0.107,0.005571,108
PREPCSV,/mnt/beegfs/ysu34/hamlib/dia_e2e/tsp_18_4.txt,262144,1,spmspm,ours_sym,0.272,0.113,-1.000000,-1
PREPCSV,/mnt/beegfs/ysu34/hamlib/dia_e2e/tsp_18_4.txt,262144,1,spmspm,ours_sym,0.272,0.113,0.005550,69
SPMSPMCSV,/mnt/beegfs/ysu34/hamlib/dia_e2e/tsp_18_4.txt,262144,1,1,262144,ours_flat,0.005550,0.000e+00
SPMSPMCSV,/mnt/beegfs/ysu34/hamlib/dia_e2e/tsp_18_4.txt,262144,1,1,262144,ours_sym,0.005560,0.000e+00
CFILL,/mnt/beegfs/ysu34/hamlib/dia_e2e/tsp_18_4.txt,262144,1,262144,262144,1.0000
E2EEVCSV,/mnt/beegfs/ysu34/hamlib/dia_e2e/tsp_18_4.txt,262144,1,1000,4,stream,1.374,0.000,40.869,-1.000,-1.000,-1.000e+00
E2EOPCSV,/mnt/beegfs/ysu34/hamlib/dia_e2e/tsp_18_4.txt,262144,1,2,1,262144,0.003,0.006,-1
E2EOPCSV,/mnt/beegfs/ysu34/hamlib/dia_e2e/tsp_18_4.txt,262144,1,3,1,262144,0.003,0.006,-1
E2EOPBUILDCSV,/mnt/beegfs/ysu34/hamlib/dia_e2e/tsp_18_4.txt,262144,4,1,262144,2.276,4.266,1.874
E2EOPBUILDCSV,/mnt/beegfs/ysu34/hamlib/dia_e2e/tsp_18_4.txt,262144,4,1,262144,1.487,-1,-1
== [trim 2] vibbf3_18_3 ==
PREPCSV,/mnt/beegfs/ysu34/hamlib/dia_e2e/vibbf3_18_3.txt,262144,12,spmv,didx,7.163,0.828,0.007188,1112
PREPCSV,/mnt/beegfs/ysu34/hamlib/dia_e2e/vibbf3_18_3.txt,262144,12,spmv,didx_sym,3.797,1.301,0.008028,635
PREPCSV,/mnt/beegfs/ysu34/hamlib/dia_e2e/vibbf3_18_3.txt,262144,12,spmv,gopt,7.861,0.938,0.007700,1143
PREPCSV,/mnt/beegfs/ysu34/hamlib/dia_e2e/vibbf3_18_3.txt,262144,12,spmspm,ours_flat,0.673,0.247,0.145531,6
PREPCSV,/mnt/beegfs/ysu34/hamlib/dia_e2e/vibbf3_18_3.txt,262144,12,spmspm,ours_sym,0.356,1.088,-1.000000,-1
PREPCSV,/mnt/beegfs/ysu34/hamlib/dia_e2e/vibbf3_18_3.txt,262144,12,spmspm,ours_sym,0.356,1.088,0.070615,20
SPMSPMCSV,/mnt/beegfs/ysu34/hamlib/dia_e2e/vibbf3_18_3.txt,262144,12,65,16457670,ours_flat,0.145316,0.000e+00
SPMSPMCSV,/mnt/beegfs/ysu34/hamlib/dia_e2e/vibbf3_18_3.txt,262144,12,65,16457670,ours_sym,0.070625,2.384e-07
CFILL,/mnt/beegfs/ysu34/hamlib/dia_e2e/vibbf3_18_3.txt,262144,65,16457670,1851392,0.1125
E2EEVCSV,/mnt/beegfs/ysu34/hamlib/dia_e2e/vibbf3_18_3.txt,262144,12,1000,3,didx,16.396,0.000,40.431,-1.000,-1.000,-1.000e+00
E2EOPCSV,/mnt/beegfs/ysu34/hamlib/dia_e2e/vibbf3_18_3.txt,262144,12,2,65,16457670,0.139,0.146,-1
E2EOPCSV,/mnt/beegfs/ysu34/hamlib/dia_e2e/vibbf3_18_3.txt,262144,12,3,177,43966330,0.540,0.868,-1
E2EOPBUILDCSV,/mnt/beegfs/ysu34/hamlib/dia_e2e/vibbf3_18_3.txt,262144,3,177,43966330,4.210,38.084,9.047
E2EOPBUILDCSV,/mnt/beegfs/ysu34/hamlib/dia_e2e/vibbf3_18_3.txt,262144,3,89,22114237,4.064,-1,-1
== [trim 2] atmosmodd ==
PREPCSV,/mnt/beegfs/ysu34/hamlib/dia_suitesparse/atmosmodd.txt,1270432,7,spmv,didx,35.546,4.346,0.047677,837
# didx_sym skipped: non-symmetric or Dup>128
PREPCSV,/mnt/beegfs/ysu34/hamlib/dia_suitesparse/atmosmodd.txt,1270432,7,spmv,gopt,28.023,2.952,0.036188,856
PREPCSV,/mnt/beegfs/ysu34/hamlib/dia_suitesparse/atmosmodd.txt,1270432,7,spmspm,ours_flat,2.723,0.413,0.300257,10
PREPCSV,/mnt/beegfs/ysu34/hamlib/dia_suitesparse/atmosmodd.txt,1270432,7,spmspm,ours_sym,1.567,0.249,-1.000000,-1
PREPCSV,/mnt/beegfs/ysu34/hamlib/dia_suitesparse/atmosmodd.txt,1270432,7,spmspm,ours_sym,1.567,0.249,0.156918,12
SPMSPMCSV,/mnt/beegfs/ysu34/hamlib/dia_suitesparse/atmosmodd.txt,1270432,7,25,31452658,ours_flat,0.300370,0.000e+00
SPMSPMCSV,/mnt/beegfs/ysu34/hamlib/dia_suitesparse/atmosmodd.txt,1270432,7,25,31452658,ours_sym,0.156836,3.760e+06
CFILL,/mnt/beegfs/ysu34/hamlib/dia_suitesparse/atmosmodd.txt,1270432,25,31452658,31215208,0.9925
== [trim 2] ecology2 ==
PREPCSV,/mnt/beegfs/ysu34/hamlib/dia_suitesparse/ecology2.txt,999999,7,spmv,didx,21.748,2.937,0.030147,819
PREPCSV,/mnt/beegfs/ysu34/hamlib/dia_suitesparse/ecology2.txt,999999,7,spmv,didx_sym,14.014,3.153,0.023122,742
PREPCSV,/mnt/beegfs/ysu34/hamlib/dia_suitesparse/ecology2.txt,999999,7,spmv,gopt,19.347,1.911,0.014971,1420
PREPCSV,/mnt/beegfs/ysu34/hamlib/dia_suitesparse/ecology2.txt,999999,7,spmspm,ours_flat,2.126,0.355,0.210227,12
PREPCSV,/mnt/beegfs/ysu34/hamlib/dia_suitesparse/ecology2.txt,999999,7,spmspm,ours_sym,1.233,0.228,-1.000000,-1
PREPCSV,/mnt/beegfs/ysu34/hamlib/dia_suitesparse/ecology2.txt,999999,7,spmspm,ours_sym,1.233,0.228,0.110100,13
SPMSPMCSV,/mnt/beegfs/ysu34/hamlib/dia_suitesparse/ecology2.txt,999999,7,19,18979985,ours_flat,0.210289,0.000e+00
SPMSPMCSV,/mnt/beegfs/ysu34/hamlib/dia_suitesparse/ecology2.txt,999999,7,19,18979985,ours_sym,0.109783,1.526e-05
CFILL,/mnt/beegfs/ysu34/hamlib/dia_suitesparse/ecology2.txt,999999,19,18979985,12979975,0.6839
== [trim 2] Lin ==
PREPCSV,/mnt/beegfs/ysu34/hamlib/dia_suitesparse/Lin.txt,256000,7,spmv,didx,7.079,1.084,0.008212,994
PREPCSV,/mnt/beegfs/ysu34/hamlib/dia_suitesparse/Lin.txt,256000,7,spmv,didx_sym,3.444,0.984,0.007967,556
PREPCSV,/mnt/beegfs/ysu34/hamlib/dia_suitesparse/Lin.txt,256000,7,spmv,gopt,4.524,0.769,0.007352,720
PREPCSV,/mnt/beegfs/ysu34/hamlib/dia_suitesparse/Lin.txt,256000,7,spmspm,ours_flat,0.597,0.236,0.050872,16
PREPCSV,/mnt/beegfs/ysu34/hamlib/dia_suitesparse/Lin.txt,256000,7,spmspm,ours_sym,0.310,0.200,-1.000000,-1
PREPCSV,/mnt/beegfs/ysu34/hamlib/dia_suitesparse/Lin.txt,256000,7,spmspm,ours_sym,0.310,0.200,0.025477,20
SPMSPMCSV,/mnt/beegfs/ysu34/hamlib/dia_suitesparse/Lin.txt,256000,7,25,6309594,ours_flat,0.051159,0.000e+00
SPMSPMCSV,/mnt/beegfs/ysu34/hamlib/dia_suitesparse/Lin.txt,256000,7,25,6309594,ours_sym,0.025487,6.250e-02
CFILL,/mnt/beegfs/ysu34/hamlib/dia_suitesparse/Lin.txt,256000,25,6309594,6221600,0.9861
== [trim 3] BH_20_7 ==
# DIA_TRIM 1e-08: D 127 -> 109
PREPCSV,/mnt/beegfs/ysu34/hamlib/dia_e2e/BH_20_7.txt,1048576,109,spmv,didx,246.850,5.182,0.065188,3866
PREPCSV,/mnt/beegfs/ysu34/hamlib/dia_e2e/BH_20_7.txt,1048576,109,spmv,didx_sym,115.874,31.282,0.073748,1995
PREPCSV,/mnt/beegfs/ysu34/hamlib/dia_e2e/BH_20_7.txt,1048576,109,spmv,gopt,240.095,16.646,0.166646,1541
PREPCSV,/mnt/beegfs/ysu34/hamlib/dia_e2e/BH_20_7.txt,1048576,109,spmspm,ours_flat,45.982,4.065,51.059505,1
PREPCSV,/mnt/beegfs/ysu34/hamlib/dia_e2e/BH_20_7.txt,1048576,109,spmspm,ours_sym,16.713,13.022,-1.000000,-1
PREPCSV,/mnt/beegfs/ysu34/hamlib/dia_e2e/BH_20_7.txt,1048576,109,spmspm,ours_sym,16.713,13.022,25.457336,1
# DIA_TRIM 1e-08: D 127 -> 109
SPMSPMCSV,/mnt/beegfs/ysu34/hamlib/dia_e2e/BH_20_7.txt,1048576,109,4193,3845136356,ours_flat,51.061691,0.000e+00
SPMSPMCSV,/mnt/beegfs/ysu34/hamlib/dia_e2e/BH_20_7.txt,1048576,109,4193,3845136356,ours_sym,25.441023,7.629e-06
# DIA_TRIM 1e-08: D 127 -> 109
CFILL,/mnt/beegfs/ysu34/hamlib/dia_e2e/BH_20_7.txt,1048576,4193,3845136356,67357840,0.0175
# DIA_TRIM 1e-08: D 127 -> 109
E2EEVCSV,/mnt/beegfs/ysu34/hamlib/dia_e2e/BH_20_7.txt,1048576,109,1000,7,didx,508.731,0.000,666.140,-1.000,-1.000,-1.000e+00
E2EOPCSV,/mnt/beegfs/ysu34/hamlib/dia_e2e/BH_20_7.txt,1048576,109,2,4193,3845136356,43.813,51.063,-1
E2EOPCSV,/mnt/beegfs/ysu34/hamlib/dia_e2e/BH_20_7.txt,1048576,109,3,69149,57210924982,-1,-1,-1
# opbuild wall: Unnz=1099483316224 (int32 index limit)
E2EOPBUILDCSV,/mnt/beegfs/ysu34/hamlib/dia_e2e/BH_20_7.txt,1048576,7,2096863,1099483316224,-1,-1,-1
# opbuild(sym) wall: Unnz=549742182400 (int32 index limit)
E2EOPBUILDCSV,/mnt/beegfs/ysu34/hamlib/dia_e2e/BH_20_7.txt,1048576,7,1048432,549742182400,-1,-1,-1
== [trim 3] bhc_16_7 ==
# DIA_TRIM 1e-08: D 99 -> 85
PREPCSV,/mnt/beegfs/ysu34/hamlib/dia_e2e/bhc_16_7.txt,65536,85,spmv,didx,8.912,0.554,0.006554,1444
PREPCSV,/mnt/beegfs/ysu34/hamlib/dia_e2e/bhc_16_7.txt,65536,85,spmv,didx_sym,5.031,1.772,0.006574,1035
PREPCSV,/mnt/beegfs/ysu34/hamlib/dia_e2e/bhc_16_7.txt,65536,85,spmv,gopt,12.163,1.441,0.021094,645
PREPCSV,/mnt/beegfs/ysu34/hamlib/dia_e2e/bhc_16_7.txt,65536,85,spmspm,ours_flat,5.288,0.460,1.574400,4
PREPCSV,/mnt/beegfs/ysu34/hamlib/dia_e2e/bhc_16_7.txt,65536,85,spmspm,ours_sym,0.723,3.375,-1.000000,-1
PREPCSV,/mnt/beegfs/ysu34/hamlib/dia_e2e/bhc_16_7.txt,65536,85,spmspm,ours_sym,0.723,3.375,0.687514,6
# DIA_TRIM 1e-08: D 99 -> 85
SPMSPMCSV,/mnt/beegfs/ysu34/hamlib/dia_e2e/bhc_16_7.txt,65536,85,2309,126547940,ours_flat,1.575230,0.000e+00
SPMSPMCSV,/mnt/beegfs/ysu34/hamlib/dia_e2e/bhc_16_7.txt,65536,85,2309,126547940,ours_sym,0.690586,7.629e-06
# DIA_TRIM 1e-08: D 99 -> 85
CFILL,/mnt/beegfs/ysu34/hamlib/dia_e2e/bhc_16_7.txt,65536,2309,126547940,2698476,0.0213
# DIA_TRIM 1e-08: D 99 -> 85
E2EEVCSV,/mnt/beegfs/ysu34/hamlib/dia_e2e/bhc_16_7.txt,65536,85,1000,7,didx,21.369,0.000,73.609,-1.000,-1.000,-1.000e+00
E2EOPCSV,/mnt/beegfs/ysu34/hamlib/dia_e2e/bhc_16_7.txt,65536,85,2,2309,126547940,4.788,1.578,-1
E2EOPCSV,/mnt/beegfs/ysu34/hamlib/dia_e2e/bhc_16_7.txt,65536,85,3,23145,1093998518,945.478,42.646,-1
# opbuild wall: Unnz=4294967296 (int32 index limit)
E2EOPBUILDCSV,/mnt/beegfs/ysu34/hamlib/dia_e2e/bhc_16_7.txt,65536,7,131071,4294967296,-1,-1,-1
# opbuild(sym) wall: Unnz=2147516416 (int32 index limit)
E2EOPBUILDCSV,/mnt/beegfs/ysu34/hamlib/dia_e2e/bhc_16_7.txt,65536,7,65536,2147516416,-1,-1,-1
== [trim 3] bhc_18_7 ==
# DIA_TRIM 1e-08: D 112 -> 97
PREPCSV,/mnt/beegfs/ysu34/hamlib/dia_e2e/bhc_18_7.txt,262144,97,spmv,didx,45.275,1.447,0.013578,3441
PREPCSV,/mnt/beegfs/ysu34/hamlib/dia_e2e/bhc_18_7.txt,262144,97,spmv,didx_sym,24.424,7.166,0.014848,2128
PREPCSV,/mnt/beegfs/ysu34/hamlib/dia_e2e/bhc_18_7.txt,262144,97,spmv,gopt,51.207,4.381,0.054415,1022
PREPCSV,/mnt/beegfs/ysu34/hamlib/dia_e2e/bhc_18_7.txt,262144,97,spmspm,ours_flat,13.510,0.964,9.486090,2
PREPCSV,/mnt/beegfs/ysu34/hamlib/dia_e2e/bhc_18_7.txt,262144,97,spmspm,ours_sym,3.234,4.923,-1.000000,-1
PREPCSV,/mnt/beegfs/ysu34/hamlib/dia_e2e/bhc_18_7.txt,262144,97,spmspm,ours_sym,3.234,4.923,4.566405,2
# DIA_TRIM 1e-08: D 112 -> 97
SPMSPMCSV,/mnt/beegfs/ysu34/hamlib/dia_e2e/bhc_18_7.txt,262144,97,3179,714866660,ours_flat,9.484287,0.000e+00
SPMSPMCSV,/mnt/beegfs/ysu34/hamlib/dia_e2e/bhc_18_7.txt,262144,97,3179,714866660,ours_sym,4.563159,7.629e-06
# DIA_TRIM 1e-08: D 112 -> 97
CFILL,/mnt/beegfs/ysu34/hamlib/dia_e2e/bhc_18_7.txt,262144,3179,714866660,13654928,0.0191
# DIA_TRIM 1e-08: D 112 -> 97
E2EEVCSV,/mnt/beegfs/ysu34/hamlib/dia_e2e/bhc_18_7.txt,262144,97,1000,7,didx,105.278,0.000,142.781,-1.000,-1.000,-1.000e+00
E2EOPCSV,/mnt/beegfs/ysu34/hamlib/dia_e2e/bhc_18_7.txt,262144,97,2,3179,714866660,12.382,9.485,-1
E2EOPCSV,/mnt/beegfs/ysu34/hamlib/dia_e2e/bhc_18_7.txt,262144,97,3,41827,8323076022,2705.091,331.140,-1
# opbuild wall: Unnz=68719476736 (int32 index limit)
E2EOPBUILDCSV,/mnt/beegfs/ysu34/hamlib/dia_e2e/bhc_18_7.txt,262144,7,524287,68719476736,-1,-1,-1
# opbuild(sym) wall: Unnz=34359869440 (int32 index limit)
E2EOPBUILDCSV,/mnt/beegfs/ysu34/hamlib/dia_e2e/bhc_18_7.txt,262144,7,262144,34359869440,-1,-1,-1
== [trim 3] bhD1_18_7 ==
# DIA_TRIM 1e-08: D 112 -> 97
PREPCSV,/mnt/beegfs/ysu34/hamlib/dia_e2e/bhD1_18_7.txt,262144,97,spmv,didx,45.193,1.449,0.013496,3456
PREPCSV,/mnt/beegfs/ysu34/hamlib/dia_e2e/bhD1_18_7.txt,262144,97,spmv,didx_sym,23.964,7.090,0.014828,2094
PREPCSV,/mnt/beegfs/ysu34/hamlib/dia_e2e/bhD1_18_7.txt,262144,97,spmv,gopt,64.356,4.511,0.055235,1247
PREPCSV,/mnt/beegfs/ysu34/hamlib/dia_e2e/bhD1_18_7.txt,262144,97,spmspm,ours_flat,13.432,0.976,9.486356,2
PREPCSV,/mnt/beegfs/ysu34/hamlib/dia_e2e/bhD1_18_7.txt,262144,97,spmspm,ours_sym,3.274,4.887,-1.000000,-1
PREPCSV,/mnt/beegfs/ysu34/hamlib/dia_e2e/bhD1_18_7.txt,262144,97,spmspm,ours_sym,3.274,4.887,4.566364,2
# DIA_TRIM 1e-08: D 112 -> 97
SPMSPMCSV,/mnt/beegfs/ysu34/hamlib/dia_e2e/bhD1_18_7.txt,262144,97,3179,714866660,ours_flat,9.485404,0.000e+00
SPMSPMCSV,/mnt/beegfs/ysu34/hamlib/dia_e2e/bhD1_18_7.txt,262144,97,3179,714866660,ours_sym,4.563323,7.629e-06
# DIA_TRIM 1e-08: D 112 -> 97
CFILL,/mnt/beegfs/ysu34/hamlib/dia_e2e/bhD1_18_7.txt,262144,3179,714866660,13654928,0.0191
# DIA_TRIM 1e-08: D 112 -> 97
E2EEVCSV,/mnt/beegfs/ysu34/hamlib/dia_e2e/bhD1_18_7.txt,262144,97,1000,7,didx,110.055,0.000,143.290,-1.000,-1.000,-1.000e+00
E2EOPCSV,/mnt/beegfs/ysu34/hamlib/dia_e2e/bhD1_18_7.txt,262144,97,2,3179,714866660,12.341,9.486,-1
E2EOPCSV,/mnt/beegfs/ysu34/hamlib/dia_e2e/bhD1_18_7.txt,262144,97,3,41827,8323076022,2696.801,331.132,-1
# opbuild wall: Unnz=68719476736 (int32 index limit)
E2EOPBUILDCSV,/mnt/beegfs/ysu34/hamlib/dia_e2e/bhD1_18_7.txt,262144,7,524287,68719476736,-1,-1,-1
# opbuild(sym) wall: Unnz=34359869440 (int32 index limit)
E2EOPBUILDCSV,/mnt/beegfs/ysu34/hamlib/dia_e2e/bhD1_18_7.txt,262144,7,262144,34359869440,-1,-1,-1
== [trim 3] C2c_18_4 ==
# DIA_TRIM 1e-08: D 9971 -> 7407
PREPCSV,/mnt/beegfs/ysu34/hamlib/dia_e2e/C2c_18_4.txt,262144,7407,spmv,didx,2437.128,10.826,1.147679,2133
# didx_sym skipped: non-symmetric or Dup>128
PREPCSV,/mnt/beegfs/ysu34/hamlib/dia_e2e/C2c_18_4.txt,262144,7407,spmv,gopt,2869.033,92.189,1.504297,1969
CUDA prep_driver.cu:324 out of memory
# DIA_TRIM 1e-08: D 9971 -> 7407
CUDA spmspm_driver.cu:94 out of memory
# DIA_TRIM 1e-08: D 9971 -> 7407
CFILL,/mnt/beegfs/ysu34/hamlib/dia_e2e/C2c_18_4.txt,262144,469211,64490628022,-1,OOM
# DIA_TRIM 1e-08: D 9971 -> 7407
E2EEVCSV,/mnt/beegfs/ysu34/hamlib/dia_e2e/C2c_18_4.txt,262144,7407,1000,4,gopt,2929.266,0.000,7351.064,-1.000,-1.000,-1.000e+00
E2EOPCSV,/mnt/beegfs/ysu34/hamlib/dia_e2e/C2c_18_4.txt,262144,7407,2,469211,64490628022,-1,-1,-1
# opbuild wall: Unnz=68719476736 (int32 index limit)
E2EOPBUILDCSV,/mnt/beegfs/ysu34/hamlib/dia_e2e/C2c_18_4.txt,262144,4,524287,68719476736,-1,-1,-1
# opbuild(sym) wall: Unnz=34359869440 (int32 index limit)
E2EOPBUILDCSV,/mnt/beegfs/ysu34/hamlib/dia_e2e/C2c_18_4.txt,262144,4,262144,34359869440,-1,-1,-1
== [trim 3] fermi_16_5 ==
PREPCSV,/mnt/beegfs/ysu34/hamlib/dia_e2e/fermi_16_5.txt,65536,29,spmv,didx,4.399,0.417,0.006042,797
PREPCSV,/mnt/beegfs/ysu34/hamlib/dia_e2e/fermi_16_5.txt,65536,29,spmv,didx_sym,2.218,0.688,0.006124,475
PREPCSV,/mnt/beegfs/ysu34/hamlib/dia_e2e/fermi_16_5.txt,65536,29,spmv,gopt,5.341,0.665,0.010097,595
PREPCSV,/mnt/beegfs/ysu34/hamlib/dia_e2e/fermi_16_5.txt,65536,29,spmspm,ours_flat,0.548,0.222,0.187290,4
PREPCSV,/mnt/beegfs/ysu34/hamlib/dia_e2e/fermi_16_5.txt,65536,29,spmspm,ours_sym,0.163,2.017,-1.000000,-1
PREPCSV,/mnt/beegfs/ysu34/hamlib/dia_e2e/fermi_16_5.txt,65536,29,spmspm,ours_sym,0.163,2.017,0.094269,23
SPMSPMCSV,/mnt/beegfs/ysu34/hamlib/dia_e2e/fermi_16_5.txt,65536,29,353,21513010,ours_flat,0.186552,0.000e+00
SPMSPMCSV,/mnt/beegfs/ysu34/hamlib/dia_e2e/fermi_16_5.txt,65536,29,353,21513010,ours_sym,0.093983,0.000e+00
CFILL,/mnt/beegfs/ysu34/hamlib/dia_e2e/fermi_16_5.txt,65536,353,21513010,2136996,0.0993
E2EEVCSV,/mnt/beegfs/ysu34/hamlib/dia_e2e/fermi_16_5.txt,65536,29,1000,5,didx,10.768,0.000,50.687,-1.000,-1.000,-1.000e+00
E2EOPCSV,/mnt/beegfs/ysu34/hamlib/dia_e2e/fermi_16_5.txt,65536,29,2,353,21513010,0.383,0.187,-1
E2EOPCSV,/mnt/beegfs/ysu34/hamlib/dia_e2e/fermi_16_5.txt,65536,29,3,2377,138741682,17.027,2.480,-1
E2EOPBUILDCSV,/mnt/beegfs/ysu34/hamlib/dia_e2e/fermi_16_5.txt,65536,5,27547,1419565488,5547.753,5872.180,1.058
E2EOPBUILDCSV,/mnt/beegfs/ysu34/hamlib/dia_e2e/fermi_16_5.txt,65536,5,13774,709815512,245.225,-1,-1
== [trim 3] fermi_18_5 ==
PREPCSV,/mnt/beegfs/ysu34/hamlib/dia_e2e/fermi_18_5.txt,262144,33,spmv,didx,16.378,1.296,0.012165,1453
PREPCSV,/mnt/beegfs/ysu34/hamlib/dia_e2e/fermi_18_5.txt,262144,33,spmv,didx_sym,9.485,3.090,0.011960,1051
PREPCSV,/mnt/beegfs/ysu34/hamlib/dia_e2e/fermi_18_5.txt,262144,33,spmv,gopt,20.786,2.152,0.013558,1692
PREPCSV,/mnt/beegfs/ysu34/hamlib/dia_e2e/fermi_18_5.txt,262144,33,spmspm,ours_flat,1.865,0.464,1.193820,2
PREPCSV,/mnt/beegfs/ysu34/hamlib/dia_e2e/fermi_18_5.txt,262144,33,spmspm,ours_sym,0.699,3.153,-1.000000,-1
PREPCSV,/mnt/beegfs/ysu34/hamlib/dia_e2e/fermi_18_5.txt,262144,33,spmspm,ours_sym,0.699,3.153,0.558039,7
SPMSPMCSV,/mnt/beegfs/ysu34/hamlib/dia_e2e/fermi_18_5.txt,262144,33,465,114362994,ours_flat,1.193810,0.000e+00
SPMSPMCSV,/mnt/beegfs/ysu34/hamlib/dia_e2e/fermi_18_5.txt,262144,33,465,114362994,ours_sym,0.557855,0.000e+00
CFILL,/mnt/beegfs/ysu34/hamlib/dia_e2e/fermi_18_5.txt,262144,465,114362994,11141120,0.0974
E2EEVCSV,/mnt/beegfs/ysu34/hamlib/dia_e2e/fermi_18_5.txt,262144,33,1000,5,didx,42.174,0.000,94.846,-1.000,-1.000,-1.000e+00
E2EOPCSV,/mnt/beegfs/ysu34/hamlib/dia_e2e/fermi_18_5.txt,262144,33,2,465,114362994,1.177,1.195,-1
E2EOPCSV,/mnt/beegfs/ysu34/hamlib/dia_e2e/fermi_18_5.txt,262144,33,3,3689,873993202,35.220,17.996,-1
# opbuild wall: Unnz=13140458992 (int32 index limit)
E2EOPBUILDCSV,/mnt/beegfs/ysu34/hamlib/dia_e2e/fermi_18_5.txt,262144,5,61463,13140458992,-1,-1,-1
# opbuild(sym) wall: Unnz=6570360568 (int32 index limit)
E2EOPBUILDCSV,/mnt/beegfs/ysu34/hamlib/dia_e2e/fermi_18_5.txt,262144,5,30732,6570360568,-1,-1,-1
== [trim 3] fermi_20_5 ==
PREPCSV,/mnt/beegfs/ysu34/hamlib/dia_e2e/fermi_20_5.txt,1048576,37,spmv,didx,130.469,4.890,0.056443,2398
PREPCSV,/mnt/beegfs/ysu34/hamlib/dia_e2e/fermi_20_5.txt,1048576,37,spmv,didx_sym,45.665,11.878,0.053289,1080
PREPCSV,/mnt/beegfs/ysu34/hamlib/dia_e2e/fermi_20_5.txt,1048576,37,spmv,gopt,106.975,7.306,0.078316,1459
PREPCSV,/mnt/beegfs/ysu34/hamlib/dia_e2e/fermi_20_5.txt,1048576,37,spmspm,ours_flat,7.487,0.904,6.223114,1
PREPCSV,/mnt/beegfs/ysu34/hamlib/dia_e2e/fermi_20_5.txt,1048576,37,spmspm,ours_sym,3.407,3.728,-1.000000,-1
PREPCSV,/mnt/beegfs/ysu34/hamlib/dia_e2e/fermi_20_5.txt,1048576,37,spmspm,ours_sym,3.407,3.728,3.132457,2
SPMSPMCSV,/mnt/beegfs/ysu34/hamlib/dia_e2e/fermi_20_5.txt,1048576,37,593,587472114,ours_flat,6.222991,0.000e+00
SPMSPMCSV,/mnt/beegfs/ysu34/hamlib/dia_e2e/fermi_20_5.txt,1048576,37,593,587472114,ours_sym,3.129026,0.000e+00
CFILL,/mnt/beegfs/ysu34/hamlib/dia_e2e/fermi_20_5.txt,1048576,593,587472114,53318432,0.0908
E2EEVCSV,/mnt/beegfs/ysu34/hamlib/dia_e2e/fermi_20_5.txt,1048576,37,1000,5,didx,237.299,0.000,421.739,-1.000,-1.000,-1.000e+00
E2EOPCSV,/mnt/beegfs/ysu34/hamlib/dia_e2e/fermi_20_5.txt,1048576,37,2,593,587472114,5.244,6.219,-1
E2EOPCSV,/mnt/beegfs/ysu34/hamlib/dia_e2e/fermi_20_5.txt,1048576,37,3,5433,5208293746,104.264,121.346,-1
# opbuild wall: Unnz=110337036656 (int32 index limit)
E2EOPBUILDCSV,/mnt/beegfs/ysu34/hamlib/dia_e2e/fermi_20_5.txt,1048576,5,125523,110337036656,-1,-1,-1
# opbuild(sym) wall: Unnz=55169042616 (int32 index limit)
E2EOPBUILDCSV,/mnt/beegfs/ysu34/hamlib/dia_e2e/fermi_20_5.txt,1048576,5,62762,55169042616,-1,-1,-1
== [trim 3] fermiFH_18_4 ==
PREPCSV,/mnt/beegfs/ysu34/hamlib/dia_e2e/fermiFH_18_4.txt,262144,64,spmv,didx,31.279,1.247,0.011715,2777
PREPCSV,/mnt/beegfs/ysu34/hamlib/dia_e2e/fermiFH_18_4.txt,262144,64,spmv,didx_sym,16.606,5.056,0.011633,1862
PREPCSV,/mnt/beegfs/ysu34/hamlib/dia_e2e/fermiFH_18_4.txt,262144,64,spmv,gopt,38.313,2.869,0.034202,1204
PREPCSV,/mnt/beegfs/ysu34/hamlib/dia_e2e/fermiFH_18_4.txt,262144,64,spmspm,ours_flat,5.447,0.682,4.394619,1
PREPCSV,/mnt/beegfs/ysu34/hamlib/dia_e2e/fermiFH_18_4.txt,262144,64,spmspm,ours_sym,1.709,4.294,-1.000000,-1
PREPCSV,/mnt/beegfs/ysu34/hamlib/dia_e2e/fermiFH_18_4.txt,262144,64,spmspm,ours_sym,1.709,4.294,2.086605,3
SPMSPMCSV,/mnt/beegfs/ysu34/hamlib/dia_e2e/fermiFH_18_4.txt,262144,64,1549,366904380,ours_flat,4.393738,0.000e+00
SPMSPMCSV,/mnt/beegfs/ysu34/hamlib/dia_e2e/fermiFH_18_4.txt,262144,64,1549,366904380,ours_sym,2.085704,0.000e+00
CFILL,/mnt/beegfs/ysu34/hamlib/dia_e2e/fermiFH_18_4.txt,262144,1549,366904380,9043964,0.0246
E2EEVCSV,/mnt/beegfs/ysu34/hamlib/dia_e2e/fermiFH_18_4.txt,262144,64,1000,4,didx,78.995,0.000,75.283,-1.000,-1.000,-1.000e+00
E2EOPCSV,/mnt/beegfs/ysu34/hamlib/dia_e2e/fermiFH_18_4.txt,262144,64,2,1549,366904380,4.772,4.395,-1
E2EOPCSV,/mnt/beegfs/ysu34/hamlib/dia_e2e/fermiFH_18_4.txt,262144,64,3,17353,3771787488,461.755,113.689,-1
# opbuild wall: Unnz=18912431872 (int32 index limit)
E2EOPBUILDCSV,/mnt/beegfs/ysu34/hamlib/dia_e2e/fermiFH_18_4.txt,262144,4,98163,18912431872,-1,-1,-1
# opbuild(sym) wall: Unnz=9456347008 (int32 index limit)
E2EOPBUILDCSV,/mnt/beegfs/ysu34/hamlib/dia_e2e/fermiFH_18_4.txt,262144,4,49082,9456347008,-1,-1,-1
== [trim 3] H8c_16_4 ==
# DIA_TRIM 1e-08: D 8887 -> 6921
PREPCSV,/mnt/beegfs/ysu34/hamlib/dia_e2e/H8c_16_4.txt,65536,6921,spmv,didx,520.662,4.589,0.518595,1013
# didx_sym skipped: non-symmetric or Dup>128
PREPCSV,/mnt/beegfs/ysu34/hamlib/dia_e2e/H8c_16_4.txt,65536,6921,spmv,gopt,602.191,33.501,1.410171,451
PREPCSV,/mnt/beegfs/ysu34/hamlib/dia_e2e/H8c_16_4.txt,65536,6921,spmspm,ours_flat,8427.552,98.597,8226.322266,1
PREPCSV,/mnt/beegfs/ysu34/hamlib/dia_e2e/H8c_16_4.txt,65536,6921,spmspm,ours_sym,749.624,53.535,-1.000000,-1
PREPCSV,/mnt/beegfs/ysu34/hamlib/dia_e2e/H8c_16_4.txt,65536,6921,spmspm,ours_sym,749.624,53.535,4176.564453,0
# DIA_TRIM 1e-08: D 8887 -> 6921
SPMSPMCSV,/mnt/beegfs/ysu34/hamlib/dia_e2e/H8c_16_4.txt,65536,6921,65535,2147483648,ours_flat,8227.327148,0.000e+00
SPMSPMCSV,/mnt/beegfs/ysu34/hamlib/dia_e2e/H8c_16_4.txt,65536,6921,65535,2147483648,ours_sym,4177.015137,6.104e-05
# DIA_TRIM 1e-08: D 8887 -> 6921
CFILL,/mnt/beegfs/ysu34/hamlib/dia_e2e/H8c_16_4.txt,65536,65535,2147483648,64527360,0.0300
# DIA_TRIM 1e-08: D 8887 -> 6921
E2EEVCSV,/mnt/beegfs/ysu34/hamlib/dia_e2e/H8c_16_4.txt,65536,6921,1000,4,gopt,700.581,0.000,7055.232,-1.000,-1.000,-1.000e+00
E2EOPCSV,/mnt/beegfs/ysu34/hamlib/dia_e2e/H8c_16_4.txt,65536,6921,2,65535,2147483648,7745.888,8226.210,-1
E2EOPCSV,/mnt/beegfs/ysu34/hamlib/dia_e2e/H8c_16_4.txt,65536,6921,3,65535,2147483648,62577.688,58302.012,-1
# opbuild wall: Unnz=2147483648 (int32 index limit)
E2EOPBUILDCSV,/mnt/beegfs/ysu34/hamlib/dia_e2e/H8c_16_4.txt,65536,4,65535,2147483648,-1,-1,-1
E2EOPBUILDCSV,/mnt/beegfs/ysu34/hamlib/dia_e2e/H8c_16_4.txt,65536,4,32768,1073774592,76867.945,-1,-1
== [trim 3] heis_16_5 ==
PREPCSV,/mnt/beegfs/ysu34/hamlib/dia_e2e/heis_16_5.txt,65536,31,spmv,didx,4.540,3.991,0.006042,1412
PREPCSV,/mnt/beegfs/ysu34/hamlib/dia_e2e/heis_16_5.txt,65536,31,spmv,didx_sym,2.274,7.159,0.006124,1540
PREPCSV,/mnt/beegfs/ysu34/hamlib/dia_e2e/heis_16_5.txt,65536,31,spmv,gopt,5.653,1.212,0.010691,642
PREPCSV,/mnt/beegfs/ysu34/hamlib/dia_e2e/heis_16_5.txt,65536,31,spmspm,ours_flat,0.585,0.218,0.212685,4
PREPCSV,/mnt/beegfs/ysu34/hamlib/dia_e2e/heis_16_5.txt,65536,31,spmspm,ours_sym,0.173,2.279,-1.000000,-1
PREPCSV,/mnt/beegfs/ysu34/hamlib/dia_e2e/heis_16_5.txt,65536,31,spmspm,ours_sym,0.173,2.279,0.106414,23
SPMSPMCSV,/mnt/beegfs/ysu34/hamlib/dia_e2e/heis_16_5.txt,65536,31,399,24395762,ours_flat,0.212797,0.000e+00
SPMSPMCSV,/mnt/beegfs/ysu34/hamlib/dia_e2e/heis_16_5.txt,65536,31,399,24395762,ours_sym,0.106578,0.000e+00
CFILL,/mnt/beegfs/ysu34/hamlib/dia_e2e/heis_16_5.txt,65536,399,24395762,2497616,0.1024
E2EEVCSV,/mnt/beegfs/ysu34/hamlib/dia_e2e/heis_16_5.txt,65536,31,1000,5,didx,11.604,0.000,51.233,-1.000,-1.000,-1.000e+00
E2EOPCSV,/mnt/beegfs/ysu34/hamlib/dia_e2e/heis_16_5.txt,65536,31,2,399,24395762,0.418,0.214,-1
E2EOPCSV,/mnt/beegfs/ysu34/hamlib/dia_e2e/heis_16_5.txt,65536,31,3,2791,163414130,18.968,3.002,-1
E2EOPBUILDCSV,/mnt/beegfs/ysu34/hamlib/dia_e2e/heis_16_5.txt,65536,5,32167,1651448944,6251.454,6594.625,1.055
E2EOPBUILDCSV,/mnt/beegfs/ysu34/hamlib/dia_e2e/heis_16_5.txt,65536,5,16084,825757240,327.940,-1,-1
== [trim 3] heis_18_5 ==
PREPCSV,/mnt/beegfs/ysu34/hamlib/dia_e2e/heis_18_5.txt,262144,35,spmv,didx,20.935,1.415,0.012370,1807
PREPCSV,/mnt/beegfs/ysu34/hamlib/dia_e2e/heis_18_5.txt,262144,35,spmv,didx_sym,10.023,3.236,0.012206,1086
PREPCSV,/mnt/beegfs/ysu34/hamlib/dia_e2e/heis_18_5.txt,262144,35,spmv,gopt,21.873,2.319,0.016138,1499
PREPCSV,/mnt/beegfs/ysu34/hamlib/dia_e2e/heis_18_5.txt,262144,35,spmspm,ours_flat,2.045,0.487,1.348280,2
PREPCSV,/mnt/beegfs/ysu34/hamlib/dia_e2e/heis_18_5.txt,262144,35,spmspm,ours_sym,0.749,3.105,-1.000000,-1
PREPCSV,/mnt/beegfs/ysu34/hamlib/dia_e2e/heis_18_5.txt,262144,35,spmspm,ours_sym,0.749,3.105,0.629494,6
SPMSPMCSV,/mnt/beegfs/ysu34/hamlib/dia_e2e/heis_18_5.txt,262144,35,519,127991794,ours_flat,1.348362,0.000e+00
SPMSPMCSV,/mnt/beegfs/ysu34/hamlib/dia_e2e/heis_18_5.txt,262144,35,519,127991794,ours_sym,0.629320,0.000e+00
CFILL,/mnt/beegfs/ysu34/hamlib/dia_e2e/heis_18_5.txt,262144,519,127991794,12417264,0.0970
E2EEVCSV,/mnt/beegfs/ysu34/hamlib/dia_e2e/heis_18_5.txt,262144,35,1000,5,didx,48.604,0.000,97.832,-1.000,-1.000,-1.000e+00
E2EOPCSV,/mnt/beegfs/ysu34/hamlib/dia_e2e/heis_18_5.txt,262144,35,2,519,127991794,1.333,1.349,-1
E2EOPCSV,/mnt/beegfs/ysu34/hamlib/dia_e2e/heis_18_5.txt,262144,35,3,4279,1016725618,44.856,21.395,-1
# opbuild wall: Unnz=15484329072 (int32 index limit)
E2EOPBUILDCSV,/mnt/beegfs/ysu34/hamlib/dia_e2e/heis_18_5.txt,262144,5,72483,15484329072,-1,-1,-1
# opbuild(sym) wall: Unnz=7742295608 (int32 index limit)
E2EOPBUILDCSV,/mnt/beegfs/ysu34/hamlib/dia_e2e/heis_18_5.txt,262144,5,36242,7742295608,-1,-1,-1
== [trim 3] heis_20_5 ==
PREPCSV,/mnt/beegfs/ysu34/hamlib/dia_e2e/heis_20_5.txt,1048576,39,spmv,didx,127.124,5.052,0.058368,2265
PREPCSV,/mnt/beegfs/ysu34/hamlib/dia_e2e/heis_20_5.txt,1048576,39,spmv,didx_sym,48.071,12.507,0.054825,1105
PREPCSV,/mnt/beegfs/ysu34/hamlib/dia_e2e/heis_20_5.txt,1048576,39,spmv,gopt,93.576,7.441,0.080220,1259
PREPCSV,/mnt/beegfs/ysu34/hamlib/dia_e2e/heis_20_5.txt,1048576,39,spmspm,ours_flat,7.994,0.933,6.927462,1
PREPCSV,/mnt/beegfs/ysu34/hamlib/dia_e2e/heis_20_5.txt,1048576,39,spmspm,ours_sym,3.685,4.501,-1.000000,-1
PREPCSV,/mnt/beegfs/ysu34/hamlib/dia_e2e/heis_20_5.txt,1048576,39,spmspm,ours_sym,3.685,4.501,3.479224,2
SPMSPMCSV,/mnt/beegfs/ysu34/hamlib/dia_e2e/heis_20_5.txt,1048576,39,655,650379250,ours_flat,6.930893,0.000e+00
SPMSPMCSV,/mnt/beegfs/ysu34/hamlib/dia_e2e/heis_20_5.txt,1048576,39,655,650379250,ours_sym,3.477473,0.000e+00
CFILL,/mnt/beegfs/ysu34/hamlib/dia_e2e/heis_20_5.txt,1048576,655,650379250,60424320,0.0929
E2EEVCSV,/mnt/beegfs/ysu34/hamlib/dia_e2e/heis_20_5.txt,1048576,39,1000,5,didx,229.687,0.000,432.915,-1.000,-1.000,-1.000e+00
E2EOPCSV,/mnt/beegfs/ysu34/hamlib/dia_e2e/heis_20_5.txt,1048576,39,2,655,650379250,5.799,6.927,-1
E2EOPCSV,/mnt/beegfs/ysu34/hamlib/dia_e2e/heis_20_5.txt,1048576,39,3,6231,5988941938,126.116,141.855,-1
# opbuild wall: Unnz=130519407728 (int32 index limit)
E2EOPBUILDCSV,/mnt/beegfs/ysu34/hamlib/dia_e2e/heis_20_5.txt,1048576,5,148383,130519407728,-1,-1,-1
# opbuild(sym) wall: Unnz=65260228152 (int32 index limit)
E2EOPBUILDCSV,/mnt/beegfs/ysu34/hamlib/dia_e2e/heis_20_5.txt,1048576,5,74192,65260228152,-1,-1,-1
== [trim 3] heis_20_6 ==
PREPCSV,/mnt/beegfs/ysu34/hamlib/dia_e2e/heis_20_6.txt,1048576,39,spmv,didx,126.273,5.058,0.058491,2245
PREPCSV,/mnt/beegfs/ysu34/hamlib/dia_e2e/heis_20_6.txt,1048576,39,spmv,didx_sym,48.774,12.474,0.054784,1118
PREPCSV,/mnt/beegfs/ysu34/hamlib/dia_e2e/heis_20_6.txt,1048576,39,spmv,gopt,102.781,7.401,0.080179,1374
PREPCSV,/mnt/beegfs/ysu34/hamlib/dia_e2e/heis_20_6.txt,1048576,39,spmspm,ours_flat,7.978,1.070,6.927278,1
PREPCSV,/mnt/beegfs/ysu34/hamlib/dia_e2e/heis_20_6.txt,1048576,39,spmspm,ours_sym,3.652,4.491,-1.000000,-1
PREPCSV,/mnt/beegfs/ysu34/hamlib/dia_e2e/heis_20_6.txt,1048576,39,spmspm,ours_sym,3.652,4.491,3.479102,2
SPMSPMCSV,/mnt/beegfs/ysu34/hamlib/dia_e2e/heis_20_6.txt,1048576,39,655,650379250,ours_flat,6.930893,0.000e+00
SPMSPMCSV,/mnt/beegfs/ysu34/hamlib/dia_e2e/heis_20_6.txt,1048576,39,655,650379250,ours_sym,3.477391,0.000e+00
CFILL,/mnt/beegfs/ysu34/hamlib/dia_e2e/heis_20_6.txt,1048576,655,650379250,60424320,0.0929
E2EEVCSV,/mnt/beegfs/ysu34/hamlib/dia_e2e/heis_20_6.txt,1048576,39,1000,6,didx,248.726,0.000,516.962,-1.000,-1.000,-1.000e+00
E2EOPCSV,/mnt/beegfs/ysu34/hamlib/dia_e2e/heis_20_6.txt,1048576,39,2,655,650379250,5.762,6.927,-1
E2EOPCSV,/mnt/beegfs/ysu34/hamlib/dia_e2e/heis_20_6.txt,1048576,39,3,6231,5988941938,125.004,141.855,-1
# opbuild wall: Unnz=337281752192 (int32 index limit)
E2EOPBUILDCSV,/mnt/beegfs/ysu34/hamlib/dia_e2e/heis_20_6.txt,1048576,6,409911,337281752192,-1,-1,-1
# opbuild(sym) wall: Unnz=168641400384 (int32 index limit)
E2EOPBUILDCSV,/mnt/beegfs/ysu34/hamlib/dia_e2e/heis_20_6.txt,1048576,6,204956,168641400384,-1,-1,-1
== [trim 3] maxcut_16_5 ==
PREPCSV,/mnt/beegfs/ysu34/hamlib/dia_e2e/maxcut_16_5.txt,65536,1,spmv,didx,0.375,0.089,0.003809,122
PREPCSV,/mnt/beegfs/ysu34/hamlib/dia_e2e/maxcut_16_5.txt,65536,1,spmv,didx_sym,0.373,0.107,0.003973,121
PREPCSV,/mnt/beegfs/ysu34/hamlib/dia_e2e/maxcut_16_5.txt,65536,1,spmv,gopt,0.144,0.072,0.003830,56
PREPCSV,/mnt/beegfs/ysu34/hamlib/dia_e2e/maxcut_16_5.txt,65536,1,spmspm,ours_flat,0.128,0.043,0.005100,34
PREPCSV,/mnt/beegfs/ysu34/hamlib/dia_e2e/maxcut_16_5.txt,65536,1,spmspm,ours_sym,0.068,0.041,-1.000000,-1
PREPCSV,/mnt/beegfs/ysu34/hamlib/dia_e2e/maxcut_16_5.txt,65536,1,spmspm,ours_sym,0.068,0.041,0.005059,22
SPMSPMCSV,/mnt/beegfs/ysu34/hamlib/dia_e2e/maxcut_16_5.txt,65536,1,1,65536,ours_flat,0.005140,0.000e+00
SPMSPMCSV,/mnt/beegfs/ysu34/hamlib/dia_e2e/maxcut_16_5.txt,65536,1,1,65536,ours_sym,0.005100,0.000e+00
CFILL,/mnt/beegfs/ysu34/hamlib/dia_e2e/maxcut_16_5.txt,65536,1,65536,34596,0.5279
E2EEVCSV,/mnt/beegfs/ysu34/hamlib/dia_e2e/maxcut_16_5.txt,65536,1,1000,5,stream,0.470,0.000,37.519,-1.000,-1.000,-1.000e+00
E2EOPCSV,/mnt/beegfs/ysu34/hamlib/dia_e2e/maxcut_16_5.txt,65536,1,2,1,65536,0.002,0.005,-1
E2EOPCSV,/mnt/beegfs/ysu34/hamlib/dia_e2e/maxcut_16_5.txt,65536,1,3,1,65536,0.001,0.005,-1
E2EOPBUILDCSV,/mnt/beegfs/ysu34/hamlib/dia_e2e/maxcut_16_5.txt,65536,5,1,65536,1.002,1.800,1.796
E2EOPBUILDCSV,/mnt/beegfs/ysu34/hamlib/dia_e2e/maxcut_16_5.txt,65536,5,1,65536,0.763,-1,-1
== [trim 3] maxcut_18_5 ==
PREPCSV,/mnt/beegfs/ysu34/hamlib/dia_e2e/maxcut_18_5.txt,262144,1,spmv,didx,1.799,0.433,0.004792,466
PREPCSV,/mnt/beegfs/ysu34/hamlib/dia_e2e/maxcut_18_5.txt,262144,1,spmv,didx_sym,1.133,0.435,0.004895,320
PREPCSV,/mnt/beegfs/ysu34/hamlib/dia_e2e/maxcut_18_5.txt,262144,1,spmv,gopt,0.836,0.227,0.004526,235
PREPCSV,/mnt/beegfs/ysu34/hamlib/dia_e2e/maxcut_18_5.txt,262144,1,spmspm,ours_flat,0.497,0.109,0.005612,108
PREPCSV,/mnt/beegfs/ysu34/hamlib/dia_e2e/maxcut_18_5.txt,262144,1,spmspm,ours_sym,0.275,0.111,-1.000000,-1
PREPCSV,/mnt/beegfs/ysu34/hamlib/dia_e2e/maxcut_18_5.txt,262144,1,spmspm,ours_sym,0.275,0.111,0.005612,69
SPMSPMCSV,/mnt/beegfs/ysu34/hamlib/dia_e2e/maxcut_18_5.txt,262144,1,1,262144,ours_flat,0.005489,0.000e+00
SPMSPMCSV,/mnt/beegfs/ysu34/hamlib/dia_e2e/maxcut_18_5.txt,262144,1,1,262144,ours_sym,0.005499,0.000e+00
CFILL,/mnt/beegfs/ysu34/hamlib/dia_e2e/maxcut_18_5.txt,262144,1,262144,262144,1.0000
E2EEVCSV,/mnt/beegfs/ysu34/hamlib/dia_e2e/maxcut_18_5.txt,262144,1,1000,5,stream,1.374,0.000,50.214,-1.000,-1.000,-1.000e+00
E2EOPCSV,/mnt/beegfs/ysu34/hamlib/dia_e2e/maxcut_18_5.txt,262144,1,2,1,262144,0.004,0.006,-1
E2EOPCSV,/mnt/beegfs/ysu34/hamlib/dia_e2e/maxcut_18_5.txt,262144,1,3,1,262144,0.003,0.006,-1
E2EOPBUILDCSV,/mnt/beegfs/ysu34/hamlib/dia_e2e/maxcut_18_5.txt,262144,5,1,262144,2.912,5.581,1.916
E2EOPBUILDCSV,/mnt/beegfs/ysu34/hamlib/dia_e2e/maxcut_18_5.txt,262144,5,1,262144,1.855,-1,-1
== [trim 3] maxcut_20_5 ==
PREPCSV,/mnt/beegfs/ysu34/hamlib/dia_e2e/maxcut_20_5.txt,1048576,1,spmv,didx,4.730,0.897,0.008397,670
PREPCSV,/mnt/beegfs/ysu34/hamlib/dia_e2e/maxcut_20_5.txt,1048576,1,spmv,didx_sym,5.265,0.987,0.008806,710
PREPCSV,/mnt/beegfs/ysu34/hamlib/dia_e2e/maxcut_20_5.txt,1048576,1,spmv,gopt,2.402,0.393,0.006431,435
PREPCSV,/mnt/beegfs/ysu34/hamlib/dia_e2e/maxcut_20_5.txt,1048576,1,spmspm,ours_flat,1.994,0.164,0.009032,239
PREPCSV,/mnt/beegfs/ysu34/hamlib/dia_e2e/maxcut_20_5.txt,1048576,1,spmspm,ours_sym,1.187,0.180,-1.000000,-1
PREPCSV,/mnt/beegfs/ysu34/hamlib/dia_e2e/maxcut_20_5.txt,1048576,1,spmspm,ours_sym,1.187,0.180,0.009032,151
SPMSPMCSV,/mnt/beegfs/ysu34/hamlib/dia_e2e/maxcut_20_5.txt,1048576,1,1,1048576,ours_flat,0.008960,0.000e+00
SPMSPMCSV,/mnt/beegfs/ysu34/hamlib/dia_e2e/maxcut_20_5.txt,1048576,1,1,1048576,ours_sym,0.008950,0.000e+00
CFILL,/mnt/beegfs/ysu34/hamlib/dia_e2e/maxcut_20_5.txt,1048576,1,1048576,595984,0.5684
E2EEVCSV,/mnt/beegfs/ysu34/hamlib/dia_e2e/maxcut_20_5.txt,1048576,1,1000,5,stream,4.194,0.000,117.132,-1.000,-1.000,-1.000e+00
E2EOPCSV,/mnt/beegfs/ysu34/hamlib/dia_e2e/maxcut_20_5.txt,1048576,1,2,1,1048576,0.011,0.009,-1
E2EOPCSV,/mnt/beegfs/ysu34/hamlib/dia_e2e/maxcut_20_5.txt,1048576,1,3,1,1048576,0.009,0.009,-1
E2EOPBUILDCSV,/mnt/beegfs/ysu34/hamlib/dia_e2e/maxcut_20_5.txt,1048576,5,1,1048576,10.348,20.903,2.020
E2EOPBUILDCSV,/mnt/beegfs/ysu34/hamlib/dia_e2e/maxcut_20_5.txt,1048576,5,1,1048576,5.344,-1,-1
== [trim 3] O2c_16_5 ==
# DIA_TRIM 1e-08: D 1243 -> 867
PREPCSV,/mnt/beegfs/ysu34/hamlib/dia_e2e/O2c_16_5.txt,65536,867,spmv,didx,87.922,2.185,0.067666,1332
# didx_sym skipped: non-symmetric or Dup>128
PREPCSV,/mnt/beegfs/ysu34/hamlib/dia_e2e/O2c_16_5.txt,65536,867,spmv,gopt,97.849,6.732,0.250982,417
PREPCSV,/mnt/beegfs/ysu34/hamlib/dia_e2e/O2c_16_5.txt,65536,867,spmspm,ours_flat,674.120,3.829,131.694458,5
PREPCSV,/mnt/beegfs/ysu34/hamlib/dia_e2e/O2c_16_5.txt,65536,867,spmspm,ours_sym,28.587,15.246,-1.000000,-1
PREPCSV,/mnt/beegfs/ysu34/hamlib/dia_e2e/O2c_16_5.txt,65536,867,spmspm,ours_sym,28.587,15.246,60.959869,1
# DIA_TRIM 1e-08: D 1243 -> 867
SPMSPMCSV,/mnt/beegfs/ysu34/hamlib/dia_e2e/O2c_16_5.txt,65536,867,35219,1308482828,ours_flat,131.695465,0.000e+00
SPMSPMCSV,/mnt/beegfs/ysu34/hamlib/dia_e2e/O2c_16_5.txt,65536,867,35219,1308482828,ours_sym,60.986992,1.221e-04
# DIA_TRIM 1e-08: D 1243 -> 867
CFILL,/mnt/beegfs/ysu34/hamlib/dia_e2e/O2c_16_5.txt,65536,35219,1308482828,30152672,0.0230
# DIA_TRIM 1e-08: D 1243 -> 867
E2EEVCSV,/mnt/beegfs/ysu34/hamlib/dia_e2e/O2c_16_5.txt,65536,867,1000,5,didx,215.981,0.000,463.032,-1.000,-1.000,-1.000e+00
E2EOPCSV,/mnt/beegfs/ysu34/hamlib/dia_e2e/O2c_16_5.txt,65536,867,2,35219,1308482828,629.658,131.700,-1
E2EOPCSV,/mnt/beegfs/ysu34/hamlib/dia_e2e/O2c_16_5.txt,65536,867,3,43691,1431655766,21611.629,5049.140,-1
E2EOPBUILDCSV,/mnt/beegfs/ysu34/hamlib/dia_e2e/O2c_16_5.txt,65536,5,43691,1431655766,85045.961,149248.734,1.755
E2EOPBUILDCSV,/mnt/beegfs/ysu34/hamlib/dia_e2e/O2c_16_5.txt,65536,5,21846,715860651,12128.595,-1,-1
== [trim 3] O2c_20_5 ==
# DIA_TRIM 1e-08: D 3359 -> 2367
PREPCSV,/mnt/beegfs/ysu34/hamlib/dia_e2e/O2c_20_5.txt,1048576,2367,spmv,didx,5239.116,67.132,2.741166,1936
# didx_sym skipped: non-symmetric or Dup>128
PREPCSV,/mnt/beegfs/ysu34/hamlib/dia_e2e/O2c_20_5.txt,1048576,2367,spmv,gopt,4528.732,188.869,2.068029,2281
CUDA prep_driver.cu:324 out of memory
# DIA_TRIM 1e-08: D 3359 -> 2367
CUDA spmspm_driver.cu:94 out of memory
# DIA_TRIM 1e-08: D 3359 -> 2367
CFILL,/mnt/beegfs/ysu34/hamlib/dia_e2e/O2c_20_5.txt,1048576,336441,221619031350,-1,OOM
# DIA_TRIM 1e-08: D 3359 -> 2367
E2EEVCSV,/mnt/beegfs/ysu34/hamlib/dia_e2e/O2c_20_5.txt,1048576,2367,1000,5,didx,10729.566,0.000,19308.246,-1.000,-1.000,-1.000e+00
E2EOPCSV,/mnt/beegfs/ysu34/hamlib/dia_e2e/O2c_20_5.txt,1048576,2367,2,336441,221619031350,-1,-1,-1
# opbuild wall: Unnz=366503875926 (int32 index limit)
E2EOPBUILDCSV,/mnt/beegfs/ysu34/hamlib/dia_e2e/O2c_20_5.txt,1048576,5,699051,366503875926,-1,-1,-1
# opbuild(sym) wall: Unnz=183252462251 (int32 index limit)
E2EOPBUILDCSV,/mnt/beegfs/ysu34/hamlib/dia_e2e/O2c_20_5.txt,1048576,5,349526,183252462251,-1,-1,-1
== [trim 3] qmaxcut_16_4 ==
PREPCSV,/mnt/beegfs/ysu34/hamlib/dia_e2e/qmaxcut_16_4.txt,65536,31,spmv,didx,3.387,0.417,0.006205,613
PREPCSV,/mnt/beegfs/ysu34/hamlib/dia_e2e/qmaxcut_16_4.txt,65536,31,spmv,didx_sym,1.431,0.528,0.006697,293
PREPCSV,/mnt/beegfs/ysu34/hamlib/dia_e2e/qmaxcut_16_4.txt,65536,31,spmv,gopt,2.853,0.447,0.008192,403
PREPCSV,/mnt/beegfs/ysu34/hamlib/dia_e2e/qmaxcut_16_4.txt,65536,31,spmspm,ours_flat,0.533,0.199,0.106803,7
PREPCSV,/mnt/beegfs/ysu34/hamlib/dia_e2e/qmaxcut_16_4.txt,65536,31,spmspm,ours_sym,0.144,1.390,-1.000000,-1
PREPCSV,/mnt/beegfs/ysu34/hamlib/dia_e2e/qmaxcut_16_4.txt,65536,31,spmspm,ours_sym,0.144,1.390,0.055296,28
SPMSPMCSV,/mnt/beegfs/ysu34/hamlib/dia_e2e/qmaxcut_16_4.txt,65536,31,481,15138746,ours_flat,0.107090,0.000e+00
SPMSPMCSV,/mnt/beegfs/ysu34/hamlib/dia_e2e/qmaxcut_16_4.txt,65536,31,481,15138746,ours_sym,0.055583,0.000e+00
CFILL,/mnt/beegfs/ysu34/hamlib/dia_e2e/qmaxcut_16_4.txt,65536,481,15138746,3997696,0.2641
E2EEVCSV,/mnt/beegfs/ysu34/hamlib/dia_e2e/qmaxcut_16_4.txt,65536,31,1000,4,didx,7.395,0.000,42.126,-1.000,-1.000,-1.000e+00
E2EOPCSV,/mnt/beegfs/ysu34/hamlib/dia_e2e/qmaxcut_16_4.txt,65536,31,2,481,15138746,0.344,0.107,-1
E2EOPCSV,/mnt/beegfs/ysu34/hamlib/dia_e2e/qmaxcut_16_4.txt,65536,31,3,3031,103776028,20.687,1.228,-1
E2EOPBUILDCSV,/mnt/beegfs/ysu34/hamlib/dia_e2e/qmaxcut_16_4.txt,65536,4,15507,499792596,676.193,906.188,1.340
E2EOPBUILDCSV,/mnt/beegfs/ysu34/hamlib/dia_e2e/qmaxcut_16_4.txt,65536,4,7754,249929066,46.398,-1,-1
== [trim 3] qmaxcut_18_4 ==
PREPCSV,/mnt/beegfs/ysu34/hamlib/dia_e2e/qmaxcut_18_4.txt,262144,35,spmv,didx,13.588,1.410,0.012575,1193
PREPCSV,/mnt/beegfs/ysu34/hamlib/dia_e2e/qmaxcut_18_4.txt,262144,35,spmv,didx_sym,6.402,2.184,0.012636,680
PREPCSV,/mnt/beegfs/ysu34/hamlib/dia_e2e/qmaxcut_18_4.txt,262144,35,spmv,gopt,11.405,1.902,0.010465,1271
PREPCSV,/mnt/beegfs/ysu34/hamlib/dia_e2e/qmaxcut_18_4.txt,262144,35,spmspm,ours_flat,1.569,0.358,0.537457,4
PREPCSV,/mnt/beegfs/ysu34/hamlib/dia_e2e/qmaxcut_18_4.txt,262144,35,spmspm,ours_sym,0.586,3.259,-1.000000,-1
PREPCSV,/mnt/beegfs/ysu34/hamlib/dia_e2e/qmaxcut_18_4.txt,262144,35,spmspm,ours_sym,0.586,3.259,0.270889,14
SPMSPMCSV,/mnt/beegfs/ysu34/hamlib/dia_e2e/qmaxcut_18_4.txt,262144,35,613,77332402,ours_flat,0.537098,0.000e+00
SPMSPMCSV,/mnt/beegfs/ysu34/hamlib/dia_e2e/qmaxcut_18_4.txt,262144,35,613,77332402,ours_sym,0.270848,0.000e+00
CFILL,/mnt/beegfs/ysu34/hamlib/dia_e2e/qmaxcut_18_4.txt,262144,613,77332402,20316160,0.2627
E2EEVCSV,/mnt/beegfs/ysu34/hamlib/dia_e2e/qmaxcut_18_4.txt,262144,35,1000,4,didx,27.161,0.000,78.521,-1.000,-1.000,-1.000e+00
E2EOPCSV,/mnt/beegfs/ysu34/hamlib/dia_e2e/qmaxcut_18_4.txt,262144,35,2,613,77332402,0.954,0.538,-1
E2EOPCSV,/mnt/beegfs/ysu34/hamlib/dia_e2e/qmaxcut_18_4.txt,262144,35,3,4455,608304862,43.258,7.337,-1
# opbuild wall: Unnz=3485530152 (int32 index limit)
E2EOPBUILDCSV,/mnt/beegfs/ysu34/hamlib/dia_e2e/qmaxcut_18_4.txt,262144,4,27051,3485530152,-1,-1,-1
E2EOPBUILDCSV,/mnt/beegfs/ysu34/hamlib/dia_e2e/qmaxcut_18_4.txt,262144,4,13526,1742896148,163.724,-1,-1
== [trim 3] qmaxcut_20_4 ==
PREPCSV,/mnt/beegfs/ysu34/hamlib/dia_e2e/qmaxcut_20_4.txt,1048576,39,spmv,didx,81.504,4.883,0.061583,1403
PREPCSV,/mnt/beegfs/ysu34/hamlib/dia_e2e/qmaxcut_20_4.txt,1048576,39,spmv,didx_sym,31.242,7.852,0.062956,621
PREPCSV,/mnt/beegfs/ysu34/hamlib/dia_e2e/qmaxcut_20_4.txt,1048576,39,spmv,gopt,67.701,5.003,0.054784,1327
PREPCSV,/mnt/beegfs/ysu34/hamlib/dia_e2e/qmaxcut_20_4.txt,1048576,39,spmspm,ours_flat,5.803,0.794,2.823721,2
PREPCSV,/mnt/beegfs/ysu34/hamlib/dia_e2e/qmaxcut_20_4.txt,1048576,39,spmspm,ours_sym,2.495,2.493,-1.000000,-1
PREPCSV,/mnt/beegfs/ysu34/hamlib/dia_e2e/qmaxcut_20_4.txt,1048576,39,spmspm,ours_sym,2.495,2.493,1.440952,3
SPMSPMCSV,/mnt/beegfs/ysu34/hamlib/dia_e2e/qmaxcut_20_4.txt,1048576,39,761,384827306,ours_flat,2.823260,0.000e+00
SPMSPMCSV,/mnt/beegfs/ysu34/hamlib/dia_e2e/qmaxcut_20_4.txt,1048576,39,761,384827306,ours_sym,1.438853,0.000e+00
CFILL,/mnt/beegfs/ysu34/hamlib/dia_e2e/qmaxcut_20_4.txt,1048576,761,384827306,100663296,0.2616
E2EEVCSV,/mnt/beegfs/ysu34/hamlib/dia_e2e/qmaxcut_20_4.txt,1048576,39,1000,4,didx,159.170,0.000,362.418,-1.000,-1.000,-1.000e+00
E2EOPCSV,/mnt/beegfs/ysu34/hamlib/dia_e2e/qmaxcut_20_4.txt,1048576,39,2,761,384827306,3.524,2.825,-1
E2EOPCSV,/mnt/beegfs/ysu34/hamlib/dia_e2e/qmaxcut_20_4.txt,1048576,39,3,6271,3415735960,103.684,44.749,-1
# opbuild wall: Unnz=22750164124 (int32 index limit)
E2EOPBUILDCSV,/mnt/beegfs/ysu34/hamlib/dia_e2e/qmaxcut_20_4.txt,1048576,4,44143,22750164124,-1,-1,-1
# opbuild(sym) wall: Unnz=11375606350 (int32 index limit)
E2EOPBUILDCSV,/mnt/beegfs/ysu34/hamlib/dia_e2e/qmaxcut_20_4.txt,1048576,4,22072,11375606350,-1,-1,-1
== [trim 3] qmaxcutC_18_4 ==
PREPCSV,/mnt/beegfs/ysu34/hamlib/dia_e2e/qmaxcutC_18_4.txt,262144,73,spmv,didx,56.687,2.405,0.026276,2249
PREPCSV,/mnt/beegfs/ysu34/hamlib/dia_e2e/qmaxcutC_18_4.txt,262144,73,spmv,didx_sym,20.361,5.760,0.026317,993
PREPCSV,/mnt/beegfs/ysu34/hamlib/dia_e2e/qmaxcutC_18_4.txt,262144,73,spmv,gopt,43.309,3.908,0.046408,1017
PREPCSV,/mnt/beegfs/ysu34/hamlib/dia_e2e/qmaxcutC_18_4.txt,262144,73,spmspm,ours_flat,6.894,0.760,5.425951,1
PREPCSV,/mnt/beegfs/ysu34/hamlib/dia_e2e/qmaxcutC_18_4.txt,262144,73,spmspm,ours_sym,2.009,4.005,-1.000000,-1
PREPCSV,/mnt/beegfs/ysu34/hamlib/dia_e2e/qmaxcutC_18_4.txt,262144,73,spmspm,ours_sym,2.009,4.005,2.575012,2
SPMSPMCSV,/mnt/beegfs/ysu34/hamlib/dia_e2e/qmaxcutC_18_4.txt,262144,73,1995,447316210,ours_flat,5.425807,0.000e+00
SPMSPMCSV,/mnt/beegfs/ysu34/hamlib/dia_e2e/qmaxcutC_18_4.txt,262144,73,1995,447316210,ours_sym,2.571325,0.000e+00
CFILL,/mnt/beegfs/ysu34/hamlib/dia_e2e/qmaxcutC_18_4.txt,262144,1995,447316210,42963040,0.0960
E2EEVCSV,/mnt/beegfs/ysu34/hamlib/dia_e2e/qmaxcutC_18_4.txt,262144,73,1000,4,didx,112.635,0.000,154.707,-1.000,-1.000,-1.000e+00
E2EOPCSV,/mnt/beegfs/ysu34/hamlib/dia_e2e/qmaxcutC_18_4.txt,262144,73,2,1995,447316210,6.105,5.427,-1
E2EOPCSV,/mnt/beegfs/ysu34/hamlib/dia_e2e/qmaxcutC_18_4.txt,262144,73,3,25185,5108188748,838.628,152.115,-1
# opbuild wall: Unnz=26670401436 (int32 index limit)
E2EOPBUILDCSV,/mnt/beegfs/ysu34/hamlib/dia_e2e/qmaxcutC_18_4.txt,262144,4,149585,26670401436,-1,-1,-1
# opbuild(sym) wall: Unnz=13335331790 (int32 index limit)
E2EOPBUILDCSV,/mnt/beegfs/ysu34/hamlib/dia_e2e/qmaxcutC_18_4.txt,262144,4,74793,13335331790,-1,-1,-1
== [trim 3] qmaxcutK_18_4 ==
PREPCSV,/mnt/beegfs/ysu34/hamlib/dia_e2e/qmaxcutK_18_4.txt,262144,19,spmv,didx,11.468,1.023,0.008745,1428
PREPCSV,/mnt/beegfs/ysu34/hamlib/dia_e2e/qmaxcutK_18_4.txt,262144,19,spmv,didx_sym,5.696,2.044,0.009728,796
PREPCSV,/mnt/beegfs/ysu34/hamlib/dia_e2e/qmaxcutK_18_4.txt,262144,19,spmv,gopt,14.901,1.776,0.011878,1404
PREPCSV,/mnt/beegfs/ysu34/hamlib/dia_e2e/qmaxcutK_18_4.txt,262144,19,spmspm,ours_flat,0.880,0.303,0.364257,3
PREPCSV,/mnt/beegfs/ysu34/hamlib/dia_e2e/qmaxcutK_18_4.txt,262144,19,spmspm,ours_sym,0.443,2.343,-1.000000,-1
PREPCSV,/mnt/beegfs/ysu34/hamlib/dia_e2e/qmaxcutK_18_4.txt,262144,19,spmspm,ours_sym,0.443,2.343,0.175350,16
SPMSPMCSV,/mnt/beegfs/ysu34/hamlib/dia_e2e/qmaxcutK_18_4.txt,262144,19,147,37034376,ours_flat,0.364657,0.000e+00
SPMSPMCSV,/mnt/beegfs/ysu34/hamlib/dia_e2e/qmaxcutK_18_4.txt,262144,19,147,37034376,ours_sym,0.175421,0.000e+00
CFILL,/mnt/beegfs/ysu34/hamlib/dia_e2e/qmaxcutK_18_4.txt,262144,147,37034376,3014656,0.0814
E2EEVCSV,/mnt/beegfs/ysu34/hamlib/dia_e2e/qmaxcutK_18_4.txt,262144,19,1000,4,didx,26.280,0.000,61.115,-1.000,-1.000,-1.000e+00
E2EOPCSV,/mnt/beegfs/ysu34/hamlib/dia_e2e/qmaxcutK_18_4.txt,262144,19,2,147,37034376,0.345,0.365,-1
E2EOPCSV,/mnt/beegfs/ysu34/hamlib/dia_e2e/qmaxcutK_18_4.txt,262144,19,3,629,155370334,2.766,3.190,-1
E2EOPBUILDCSV,/mnt/beegfs/ysu34/hamlib/dia_e2e/qmaxcutK_18_4.txt,262144,4,1875,453768152,57.026,167.489,2.937
E2EOPBUILDCSV,/mnt/beegfs/ysu34/hamlib/dia_e2e/qmaxcutK_18_4.txt,262144,4,938,227015148,22.045,-1,-1
== [trim 3] qmaxcutR_18_3 ==
PREPCSV,/mnt/beegfs/ysu34/hamlib/dia_e2e/qmaxcutR_18_3.txt,262144,9,spmv,didx,5.877,0.701,0.006984,942
PREPCSV,/mnt/beegfs/ysu34/hamlib/dia_e2e/qmaxcutR_18_3.txt,262144,9,spmv,didx_sym,2.976,1.019,0.007926,504
PREPCSV,/mnt/beegfs/ysu34/hamlib/dia_e2e/qmaxcutR_18_3.txt,262144,9,spmv,gopt,6.764,0.658,0.006881,1078
PREPCSV,/mnt/beegfs/ysu34/hamlib/dia_e2e/qmaxcutR_18_3.txt,262144,9,spmspm,ours_flat,0.601,0.207,0.083026,10
PREPCSV,/mnt/beegfs/ysu34/hamlib/dia_e2e/qmaxcutR_18_3.txt,262144,9,spmspm,ours_sym,0.329,0.436,-1.000000,-1
PREPCSV,/mnt/beegfs/ysu34/hamlib/dia_e2e/qmaxcutR_18_3.txt,262144,9,spmspm,ours_sym,0.329,0.436,0.040079,19
SPMSPMCSV,/mnt/beegfs/ysu34/hamlib/dia_e2e/qmaxcutR_18_3.txt,262144,9,35,9027634,ours_flat,0.083671,0.000e+00
SPMSPMCSV,/mnt/beegfs/ysu34/hamlib/dia_e2e/qmaxcutR_18_3.txt,262144,9,35,9027634,ours_sym,0.039813,0.000e+00
CFILL,/mnt/beegfs/ysu34/hamlib/dia_e2e/qmaxcutR_18_3.txt,262144,35,9027634,786432,0.0871
E2EEVCSV,/mnt/beegfs/ysu34/hamlib/dia_e2e/qmaxcutR_18_3.txt,262144,9,1000,3,didx,11.763,0.000,39.498,-1.000,-1.000,-1.000e+00
E2EOPCSV,/mnt/beegfs/ysu34/hamlib/dia_e2e/qmaxcutR_18_3.txt,262144,9,2,35,9027634,0.078,0.083,-1
E2EOPCSV,/mnt/beegfs/ysu34/hamlib/dia_e2e/qmaxcutR_18_3.txt,262144,9,3,75,19210410,0.194,0.340,-1
E2EOPBUILDCSV,/mnt/beegfs/ysu34/hamlib/dia_e2e/qmaxcutR_18_3.txt,262144,3,75,19210410,2.762,27.833,10.078
E2EOPBUILDCSV,/mnt/beegfs/ysu34/hamlib/dia_e2e/qmaxcutR_18_3.txt,262144,3,38,9736277,2.232,-1,-1
== [trim 3] tfim_16_4 ==
PREPCSV,/mnt/beegfs/ysu34/hamlib/dia_e2e/tfim_16_4.txt,65536,33,spmv,didx,6.119,0.714,0.007352,929
PREPCSV,/mnt/beegfs/ysu34/hamlib/dia_e2e/tfim_16_4.txt,65536,33,spmv,didx_sym,2.567,0.881,0.006902,500
PREPCSV,/mnt/beegfs/ysu34/hamlib/dia_e2e/tfim_16_4.txt,65536,33,spmv,gopt,5.443,0.838,0.012411,506
PREPCSV,/mnt/beegfs/ysu34/hamlib/dia_e2e/tfim_16_4.txt,65536,33,spmspm,ours_flat,0.657,0.231,0.229171,4
PREPCSV,/mnt/beegfs/ysu34/hamlib/dia_e2e/tfim_16_4.txt,65536,33,spmspm,ours_sym,0.182,2.430,-1.000000,-1
PREPCSV,/mnt/beegfs/ysu34/hamlib/dia_e2e/tfim_16_4.txt,65536,33,spmspm,ours_sym,0.182,2.430,0.114483,23
SPMSPMCSV,/mnt/beegfs/ysu34/hamlib/dia_e2e/tfim_16_4.txt,65536,33,455,26181618,ours_flat,0.228680,0.000e+00
SPMSPMCSV,/mnt/beegfs/ysu34/hamlib/dia_e2e/tfim_16_4.txt,65536,33,455,26181618,ours_sym,0.114555,0.000e+00
CFILL,/mnt/beegfs/ysu34/hamlib/dia_e2e/tfim_16_4.txt,65536,455,26181618,8950976,0.3419
E2EEVCSV,/mnt/beegfs/ysu34/hamlib/dia_e2e/tfim_16_4.txt,65536,33,1000,4,didx,14.390,0.000,46.943,-1.000,-1.000,-1.000e+00
E2EOPCSV,/mnt/beegfs/ysu34/hamlib/dia_e2e/tfim_16_4.txt,65536,33,2,455,26181618,0.623,0.230,-1
E2EOPCSV,/mnt/beegfs/ysu34/hamlib/dia_e2e/tfim_16_4.txt,65536,33,3,3447,182780016,27.776,3.338,-1
E2EOPBUILDCSV,/mnt/beegfs/ysu34/hamlib/dia_e2e/tfim_16_4.txt,65536,4,15727,759430272,910.908,1032.052,1.133
E2EOPBUILDCSV,/mnt/beegfs/ysu34/hamlib/dia_e2e/tfim_16_4.txt,65536,4,7864,379747904,65.895,-1,-1
== [trim 3] tfim_16_5 ==
PREPCSV,/mnt/beegfs/ysu34/hamlib/dia_e2e/tfim_16_5.txt,65536,33,spmv,didx,6.160,0.756,0.007270,951
PREPCSV,/mnt/beegfs/ysu34/hamlib/dia_e2e/tfim_16_5.txt,65536,33,spmv,didx_sym,2.852,0.914,0.006758,557
PREPCSV,/mnt/beegfs/ysu34/hamlib/dia_e2e/tfim_16_5.txt,65536,33,spmv,gopt,6.249,0.820,0.012370,571
PREPCSV,/mnt/beegfs/ysu34/hamlib/dia_e2e/tfim_16_5.txt,65536,33,spmspm,ours_flat,0.698,0.226,0.229212,4
PREPCSV,/mnt/beegfs/ysu34/hamlib/dia_e2e/tfim_16_5.txt,65536,33,spmspm,ours_sym,0.182,2.427,-1.000000,-1
PREPCSV,/mnt/beegfs/ysu34/hamlib/dia_e2e/tfim_16_5.txt,65536,33,spmspm,ours_sym,0.182,2.427,0.114319,23
SPMSPMCSV,/mnt/beegfs/ysu34/hamlib/dia_e2e/tfim_16_5.txt,65536,33,455,26181618,ours_flat,0.228782,0.000e+00
SPMSPMCSV,/mnt/beegfs/ysu34/hamlib/dia_e2e/tfim_16_5.txt,65536,33,455,26181618,ours_sym,0.114637,0.000e+00
CFILL,/mnt/beegfs/ysu34/hamlib/dia_e2e/tfim_16_5.txt,65536,455,26181618,8950976,0.3419
E2EEVCSV,/mnt/beegfs/ysu34/hamlib/dia_e2e/tfim_16_5.txt,65536,33,1000,5,didx,14.420,0.000,57.332,-1.000,-1.000,-1.000e+00
E2EOPCSV,/mnt/beegfs/ysu34/hamlib/dia_e2e/tfim_16_5.txt,65536,33,2,455,26181618,0.625,0.230,-1
E2EOPCSV,/mnt/beegfs/ysu34/hamlib/dia_e2e/tfim_16_5.txt,65536,33,3,3447,182780016,27.914,3.339,-1
E2EOPBUILDCSV,/mnt/beegfs/ysu34/hamlib/dia_e2e/tfim_16_5.txt,65536,5,45471,1968446464,11172.446,12257.028,1.097
E2EOPBUILDCSV,/mnt/beegfs/ysu34/hamlib/dia_e2e/tfim_16_5.txt,65536,5,22736,984256000,546.219,-1,-1
== [trim 3] tfim_18_4 ==
PREPCSV,/mnt/beegfs/ysu34/hamlib/dia_e2e/tfim_18_4.txt,262144,37,spmv,didx,44.326,2.483,0.022057,2122
PREPCSV,/mnt/beegfs/ysu34/hamlib/dia_e2e/tfim_18_4.txt,262144,37,spmv,didx_sym,11.491,3.463,0.015913,940
PREPCSV,/mnt/beegfs/ysu34/hamlib/dia_e2e/tfim_18_4.txt,262144,37,spmv,gopt,25.340,2.697,0.025457,1101
PREPCSV,/mnt/beegfs/ysu34/hamlib/dia_e2e/tfim_18_4.txt,262144,37,spmspm,ours_flat,2.147,0.483,1.446277,2
PREPCSV,/mnt/beegfs/ysu34/hamlib/dia_e2e/tfim_18_4.txt,262144,37,spmspm,ours_sym,0.831,3.028,-1.000000,-1
PREPCSV,/mnt/beegfs/ysu34/hamlib/dia_e2e/tfim_18_4.txt,262144,37,spmspm,ours_sym,0.831,3.028,0.673792,6
SPMSPMCSV,/mnt/beegfs/ysu34/hamlib/dia_e2e/tfim_18_4.txt,262144,37,583,136183794,ours_flat,1.445734,0.000e+00
SPMSPMCSV,/mnt/beegfs/ysu34/hamlib/dia_e2e/tfim_18_4.txt,262144,37,583,136183794,ours_sym,0.672451,0.000e+00
CFILL,/mnt/beegfs/ysu34/hamlib/dia_e2e/tfim_18_4.txt,262144,583,136183794,44985808,0.3303
E2EEVCSV,/mnt/beegfs/ysu34/hamlib/dia_e2e/tfim_18_4.txt,262144,37,1000,4,didx,70.393,0.000,125.161,-1.000,-1.000,-1.000e+00
E2EOPCSV,/mnt/beegfs/ysu34/hamlib/dia_e2e/tfim_18_4.txt,262144,37,2,583,136183794,1.551,1.447,-1
E2EOPCSV,/mnt/beegfs/ysu34/hamlib/dia_e2e/tfim_18_4.txt,262144,37,3,5155,1121714288,59.921,23.398,-1
# opbuild wall: Unnz=5652348032 (int32 index limit)
E2EOPBUILDCSV,/mnt/beegfs/ysu34/hamlib/dia_e2e/tfim_18_4.txt,262144,4,28143,5652348032,-1,-1,-1
# opbuild(sym) wall: Unnz=2826305088 (int32 index limit)
E2EOPBUILDCSV,/mnt/beegfs/ysu34/hamlib/dia_e2e/tfim_18_4.txt,262144,4,14072,2826305088,-1,-1,-1
== [trim 3] tfim_18_5 ==
PREPCSV,/mnt/beegfs/ysu34/hamlib/dia_e2e/tfim_18_5.txt,262144,37,spmv,didx,43.754,2.460,0.021934,2107
PREPCSV,/mnt/beegfs/ysu34/hamlib/dia_e2e/tfim_18_5.txt,262144,37,spmv,didx_sym,11.632,3.420,0.015770,954
PREPCSV,/mnt/beegfs/ysu34/hamlib/dia_e2e/tfim_18_5.txt,262144,37,spmv,gopt,25.051,2.674,0.025375,1093
PREPCSV,/mnt/beegfs/ysu34/hamlib/dia_e2e/tfim_18_5.txt,262144,37,spmspm,ours_flat,2.150,0.486,1.446236,2
PREPCSV,/mnt/beegfs/ysu34/hamlib/dia_e2e/tfim_18_5.txt,262144,37,spmspm,ours_sym,0.831,3.024,-1.000000,-1
PREPCSV,/mnt/beegfs/ysu34/hamlib/dia_e2e/tfim_18_5.txt,262144,37,spmspm,ours_sym,0.831,3.024,0.673874,6
SPMSPMCSV,/mnt/beegfs/ysu34/hamlib/dia_e2e/tfim_18_5.txt,262144,37,583,136183794,ours_flat,1.445570,0.000e+00
SPMSPMCSV,/mnt/beegfs/ysu34/hamlib/dia_e2e/tfim_18_5.txt,262144,37,583,136183794,ours_sym,0.672328,0.000e+00
CFILL,/mnt/beegfs/ysu34/hamlib/dia_e2e/tfim_18_5.txt,262144,583,136183794,44985808,0.3303
E2EEVCSV,/mnt/beegfs/ysu34/hamlib/dia_e2e/tfim_18_5.txt,262144,37,1000,5,didx,72.417,0.000,156.309,-1.000,-1.000,-1.000e+00
E2EOPCSV,/mnt/beegfs/ysu34/hamlib/dia_e2e/tfim_18_5.txt,262144,37,2,583,136183794,1.542,1.447,-1
E2EOPCSV,/mnt/beegfs/ysu34/hamlib/dia_e2e/tfim_18_5.txt,262144,37,3,5155,1121714288,59.949,23.400,-1
# opbuild wall: Unnz=18243132416 (int32 index limit)
E2EOPBUILDCSV,/mnt/beegfs/ysu34/hamlib/dia_e2e/tfim_18_5.txt,262144,5,99695,18243132416,-1,-1,-1
# opbuild(sym) wall: Unnz=9121697280 (int32 index limit)
E2EOPBUILDCSV,/mnt/beegfs/ysu34/hamlib/dia_e2e/tfim_18_5.txt,262144,5,49848,9121697280,-1,-1,-1
== [trim 3] tfim_20_5 ==
PREPCSV,/mnt/beegfs/ysu34/hamlib/dia_e2e/tfim_20_5.txt,1048576,41,spmv,didx,218.529,8.725,0.107991,2104
PREPCSV,/mnt/beegfs/ysu34/hamlib/dia_e2e/tfim_20_5.txt,1048576,41,spmv,didx_sym,74.531,13.759,0.076288,1157
PREPCSV,/mnt/beegfs/ysu34/hamlib/dia_e2e/tfim_20_5.txt,1048576,41,spmv,gopt,108.406,9.461,0.097833,1205
PREPCSV,/mnt/beegfs/ysu34/hamlib/dia_e2e/tfim_20_5.txt,1048576,41,spmspm,ours_flat,8.375,0.949,7.354102,1
PREPCSV,/mnt/beegfs/ysu34/hamlib/dia_e2e/tfim_20_5.txt,1048576,41,spmspm,ours_sym,3.744,4.458,-1.000000,-1
PREPCSV,/mnt/beegfs/ysu34/hamlib/dia_e2e/tfim_20_5.txt,1048576,41,spmspm,ours_sym,3.744,4.458,3.691356,2
SPMSPMCSV,/mnt/beegfs/ysu34/hamlib/dia_e2e/tfim_20_5.txt,1048576,41,727,687341554,ours_flat,7.351890,0.000e+00
SPMSPMCSV,/mnt/beegfs/ysu34/hamlib/dia_e2e/tfim_20_5.txt,1048576,41,727,687341554,ours_sym,3.686226,0.000e+00
CFILL,/mnt/beegfs/ysu34/hamlib/dia_e2e/tfim_20_5.txt,1048576,727,687341554,220860576,0.3213
E2EEVCSV,/mnt/beegfs/ysu34/hamlib/dia_e2e/tfim_20_5.txt,1048576,41,1000,5,didx,335.021,0.000,718.222,-1.000,-1.000,-1.000e+00
E2EOPCSV,/mnt/beegfs/ysu34/hamlib/dia_e2e/tfim_20_5.txt,1048576,41,2,727,687341554,6.124,7.370,-1
E2EOPCSV,/mnt/beegfs/ysu34/hamlib/dia_e2e/tfim_20_5.txt,1048576,41,3,7359,6535774320,153.808,152.710,-1
# opbuild wall: Unnz=151712177152 (int32 index limit)
E2EOPBUILDCSV,/mnt/beegfs/ysu34/hamlib/dia_e2e/tfim_20_5.txt,1048576,5,198479,151712177152,-1,-1,-1
# opbuild(sym) wall: Unnz=75856612864 (int32 index limit)
E2EOPBUILDCSV,/mnt/beegfs/ysu34/hamlib/dia_e2e/tfim_20_5.txt,1048576,5,99240,75856612864,-1,-1,-1
== [trim 3] tsp_18_4 ==
PREPCSV,/mnt/beegfs/ysu34/hamlib/dia_e2e/tsp_18_4.txt,262144,1,spmv,didx,1.826,0.440,0.004813,471
PREPCSV,/mnt/beegfs/ysu34/hamlib/dia_e2e/tsp_18_4.txt,262144,1,spmv,didx_sym,1.130,0.441,0.004977,316
PREPCSV,/mnt/beegfs/ysu34/hamlib/dia_e2e/tsp_18_4.txt,262144,1,spmv,gopt,0.831,0.227,0.004362,242
PREPCSV,/mnt/beegfs/ysu34/hamlib/dia_e2e/tsp_18_4.txt,262144,1,spmspm,ours_flat,0.497,0.110,0.005427,112
PREPCSV,/mnt/beegfs/ysu34/hamlib/dia_e2e/tsp_18_4.txt,262144,1,spmspm,ours_sym,0.281,0.111,-1.000000,-1
PREPCSV,/mnt/beegfs/ysu34/hamlib/dia_e2e/tsp_18_4.txt,262144,1,spmspm,ours_sym,0.281,0.111,0.005407,73
SPMSPMCSV,/mnt/beegfs/ysu34/hamlib/dia_e2e/tsp_18_4.txt,262144,1,1,262144,ours_flat,0.005478,0.000e+00
SPMSPMCSV,/mnt/beegfs/ysu34/hamlib/dia_e2e/tsp_18_4.txt,262144,1,1,262144,ours_sym,0.005499,0.000e+00
CFILL,/mnt/beegfs/ysu34/hamlib/dia_e2e/tsp_18_4.txt,262144,1,262144,262144,1.0000
E2EEVCSV,/mnt/beegfs/ysu34/hamlib/dia_e2e/tsp_18_4.txt,262144,1,1000,4,stream,1.355,0.000,41.561,-1.000,-1.000,-1.000e+00
E2EOPCSV,/mnt/beegfs/ysu34/hamlib/dia_e2e/tsp_18_4.txt,262144,1,2,1,262144,0.004,0.006,-1
E2EOPCSV,/mnt/beegfs/ysu34/hamlib/dia_e2e/tsp_18_4.txt,262144,1,3,1,262144,0.003,0.006,-1
E2EOPBUILDCSV,/mnt/beegfs/ysu34/hamlib/dia_e2e/tsp_18_4.txt,262144,4,1,262144,2.231,4.254,1.906
E2EOPBUILDCSV,/mnt/beegfs/ysu34/hamlib/dia_e2e/tsp_18_4.txt,262144,4,1,262144,1.477,-1,-1
== [trim 3] vibbf3_18_3 ==
PREPCSV,/mnt/beegfs/ysu34/hamlib/dia_e2e/vibbf3_18_3.txt,262144,12,spmv,didx,7.573,0.830,0.007066,1189
PREPCSV,/mnt/beegfs/ysu34/hamlib/dia_e2e/vibbf3_18_3.txt,262144,12,spmv,didx_sym,3.696,1.318,0.007967,629
PREPCSV,/mnt/beegfs/ysu34/hamlib/dia_e2e/vibbf3_18_3.txt,262144,12,spmv,gopt,7.430,0.958,0.007557,1110
PREPCSV,/mnt/beegfs/ysu34/hamlib/dia_e2e/vibbf3_18_3.txt,262144,12,spmspm,ours_flat,0.664,0.247,0.145408,6
PREPCSV,/mnt/beegfs/ysu34/hamlib/dia_e2e/vibbf3_18_3.txt,262144,12,spmspm,ours_sym,0.364,1.088,-1.000000,-1
PREPCSV,/mnt/beegfs/ysu34/hamlib/dia_e2e/vibbf3_18_3.txt,262144,12,spmspm,ours_sym,0.364,1.088,0.070554,21
SPMSPMCSV,/mnt/beegfs/ysu34/hamlib/dia_e2e/vibbf3_18_3.txt,262144,12,65,16457670,ours_flat,0.145316,0.000e+00
SPMSPMCSV,/mnt/beegfs/ysu34/hamlib/dia_e2e/vibbf3_18_3.txt,262144,12,65,16457670,ours_sym,0.070656,2.384e-07
CFILL,/mnt/beegfs/ysu34/hamlib/dia_e2e/vibbf3_18_3.txt,262144,65,16457670,1851392,0.1125
E2EEVCSV,/mnt/beegfs/ysu34/hamlib/dia_e2e/vibbf3_18_3.txt,262144,12,1000,3,didx,15.942,0.000,40.903,-1.000,-1.000,-1.000e+00
E2EOPCSV,/mnt/beegfs/ysu34/hamlib/dia_e2e/vibbf3_18_3.txt,262144,12,2,65,16457670,0.138,0.146,-1
E2EOPCSV,/mnt/beegfs/ysu34/hamlib/dia_e2e/vibbf3_18_3.txt,262144,12,3,177,43966330,0.540,0.869,-1
E2EOPBUILDCSV,/mnt/beegfs/ysu34/hamlib/dia_e2e/vibbf3_18_3.txt,262144,3,177,43966330,4.145,38.173,9.209
E2EOPBUILDCSV,/mnt/beegfs/ysu34/hamlib/dia_e2e/vibbf3_18_3.txt,262144,3,89,22114237,4.054,-1,-1
== [trim 3] atmosmodd ==
PREPCSV,/mnt/beegfs/ysu34/hamlib/dia_suitesparse/atmosmodd.txt,1270432,7,spmv,didx,35.620,4.336,0.047739,837
# didx_sym skipped: non-symmetric or Dup>128
PREPCSV,/mnt/beegfs/ysu34/hamlib/dia_suitesparse/atmosmodd.txt,1270432,7,spmv,gopt,28.584,2.933,0.036291,868
PREPCSV,/mnt/beegfs/ysu34/hamlib/dia_suitesparse/atmosmodd.txt,1270432,7,spmspm,ours_flat,2.776,0.389,0.300401,11
PREPCSV,/mnt/beegfs/ysu34/hamlib/dia_suitesparse/atmosmodd.txt,1270432,7,spmspm,ours_sym,1.565,0.240,-1.000000,-1
PREPCSV,/mnt/beegfs/ysu34/hamlib/dia_suitesparse/atmosmodd.txt,1270432,7,spmspm,ours_sym,1.565,0.240,0.157368,11
SPMSPMCSV,/mnt/beegfs/ysu34/hamlib/dia_suitesparse/atmosmodd.txt,1270432,7,25,31452658,ours_flat,0.300421,0.000e+00
SPMSPMCSV,/mnt/beegfs/ysu34/hamlib/dia_suitesparse/atmosmodd.txt,1270432,7,25,31452658,ours_sym,0.156836,3.760e+06
CFILL,/mnt/beegfs/ysu34/hamlib/dia_suitesparse/atmosmodd.txt,1270432,25,31452658,31215208,0.9925
== [trim 3] ecology2 ==
PREPCSV,/mnt/beegfs/ysu34/hamlib/dia_suitesparse/ecology2.txt,999999,7,spmv,didx,21.791,2.919,0.030188,819
PREPCSV,/mnt/beegfs/ysu34/hamlib/dia_suitesparse/ecology2.txt,999999,7,spmv,didx_sym,13.836,3.116,0.022999,737
PREPCSV,/mnt/beegfs/ysu34/hamlib/dia_suitesparse/ecology2.txt,999999,7,spmv,gopt,17.100,1.899,0.014848,1280
PREPCSV,/mnt/beegfs/ysu34/hamlib/dia_suitesparse/ecology2.txt,999999,7,spmspm,ours_flat,2.114,0.364,0.210186,12
PREPCSV,/mnt/beegfs/ysu34/hamlib/dia_suitesparse/ecology2.txt,999999,7,spmspm,ours_sym,1.192,0.218,-1.000000,-1
PREPCSV,/mnt/beegfs/ysu34/hamlib/dia_suitesparse/ecology2.txt,999999,7,spmspm,ours_sym,1.192,0.218,0.110019,13
SPMSPMCSV,/mnt/beegfs/ysu34/hamlib/dia_suitesparse/ecology2.txt,999999,7,19,18979985,ours_flat,0.210278,0.000e+00
SPMSPMCSV,/mnt/beegfs/ysu34/hamlib/dia_suitesparse/ecology2.txt,999999,7,19,18979985,ours_sym,0.109742,1.526e-05
CFILL,/mnt/beegfs/ysu34/hamlib/dia_suitesparse/ecology2.txt,999999,19,18979985,12979975,0.6839
== [trim 3] Lin ==
PREPCSV,/mnt/beegfs/ysu34/hamlib/dia_suitesparse/Lin.txt,256000,7,spmv,didx,7.115,1.088,0.008212,999
PREPCSV,/mnt/beegfs/ysu34/hamlib/dia_suitesparse/Lin.txt,256000,7,spmv,didx_sym,3.513,0.984,0.007967,564
PREPCSV,/mnt/beegfs/ysu34/hamlib/dia_suitesparse/Lin.txt,256000,7,spmv,gopt,4.972,0.813,0.007352,787
PREPCSV,/mnt/beegfs/ysu34/hamlib/dia_suitesparse/Lin.txt,256000,7,spmspm,ours_flat,0.562,0.208,0.050995,15
PREPCSV,/mnt/beegfs/ysu34/hamlib/dia_suitesparse/Lin.txt,256000,7,spmspm,ours_sym,0.309,0.189,-1.000000,-1
PREPCSV,/mnt/beegfs/ysu34/hamlib/dia_suitesparse/Lin.txt,256000,7,spmspm,ours_sym,0.309,0.189,0.025518,20
SPMSPMCSV,/mnt/beegfs/ysu34/hamlib/dia_suitesparse/Lin.txt,256000,7,25,6309594,ours_flat,0.051118,0.000e+00
SPMSPMCSV,/mnt/beegfs/ysu34/hamlib/dia_suitesparse/Lin.txt,256000,7,25,6309594,ours_sym,0.025416,6.250e-02
CFILL,/mnt/beegfs/ysu34/hamlib/dia_suitesparse/Lin.txt,256000,25,6309594,6221600,0.9861
== amortization (trim, ours-only) ==
# DIA_TRIM 1e-08: D 127 -> 109
AMORTCSV,/mnt/beegfs/ysu34/hamlib/dia_e2e/BH_20_7.txt,didx,1,248.807
AMORTCSV,/mnt/beegfs/ysu34/hamlib/dia_e2e/BH_20_7.txt,didx,10,249.528
AMORTCSV,/mnt/beegfs/ysu34/hamlib/dia_e2e/BH_20_7.txt,didx,100,255.505
AMORTCSV,/mnt/beegfs/ysu34/hamlib/dia_e2e/BH_20_7.txt,didx,1000,314.407
AMORTCSV,/mnt/beegfs/ysu34/hamlib/dia_e2e/BH_20_7.txt,didx,10000,899.332
AMORTCSV,/mnt/beegfs/ysu34/hamlib/dia_e2e/BH_20_7.txt,didx_sym,1,144.378
AMORTCSV,/mnt/beegfs/ysu34/hamlib/dia_e2e/BH_20_7.txt,didx_sym,10,144.010
AMORTCSV,/mnt/beegfs/ysu34/hamlib/dia_e2e/BH_20_7.txt,didx_sym,100,150.695
AMORTCSV,/mnt/beegfs/ysu34/hamlib/dia_e2e/BH_20_7.txt,didx_sym,1000,217.334
AMORTCSV,/mnt/beegfs/ysu34/hamlib/dia_e2e/BH_20_7.txt,didx_sym,10000,878.833
# DIA_TRIM 1e-08: D 127 -> 109
AMORTSPMSPM,/mnt/beegfs/ysu34/hamlib/dia_e2e/BH_20_7.txt,ours_flat,1,144.976
AMORTSPMSPM,/mnt/beegfs/ysu34/hamlib/dia_e2e/BH_20_7.txt,ours_flat,3,457.611
AMORTSPMSPM,/mnt/beegfs/ysu34/hamlib/dia_e2e/BH_20_7.txt,ours_flat,10,814.998
AMORTSPMSPM,/mnt/beegfs/ysu34/hamlib/dia_e2e/BH_20_7.txt,ours_flat,30,1837.281
AMORTSPMSPM,/mnt/beegfs/ysu34/hamlib/dia_e2e/BH_20_7.txt,ours_flat,100,5410.426
AMORTSPMSPM,/mnt/beegfs/ysu34/hamlib/dia_e2e/BH_20_7.txt,ours_sym,1,296.280
AMORTSPMSPM,/mnt/beegfs/ysu34/hamlib/dia_e2e/BH_20_7.txt,ours_sym,3,360.200
AMORTSPMSPM,/mnt/beegfs/ysu34/hamlib/dia_e2e/BH_20_7.txt,ours_sym,10,527.077
AMORTSPMSPM,/mnt/beegfs/ysu34/hamlib/dia_e2e/BH_20_7.txt,ours_sym,30,1120.951
AMORTSPMSPM,/mnt/beegfs/ysu34/hamlib/dia_e2e/BH_20_7.txt,ours_sym,100,3199.757
# DIA_TRIM 1e-08: D 99 -> 85
AMORTCSV,/mnt/beegfs/ysu34/hamlib/dia_e2e/bhc_16_7.txt,didx,1,10.336
AMORTCSV,/mnt/beegfs/ysu34/hamlib/dia_e2e/bhc_16_7.txt,didx,10,10.539
AMORTCSV,/mnt/beegfs/ysu34/hamlib/dia_e2e/bhc_16_7.txt,didx,100,11.018
AMORTCSV,/mnt/beegfs/ysu34/hamlib/dia_e2e/bhc_16_7.txt,didx,1000,16.737
AMORTCSV,/mnt/beegfs/ysu34/hamlib/dia_e2e/bhc_16_7.txt,didx,10000,74.595
AMORTCSV,/mnt/beegfs/ysu34/hamlib/dia_e2e/bhc_16_7.txt,didx_sym,1,6.728
AMORTCSV,/mnt/beegfs/ysu34/hamlib/dia_e2e/bhc_16_7.txt,didx_sym,10,6.669
AMORTCSV,/mnt/beegfs/ysu34/hamlib/dia_e2e/bhc_16_7.txt,didx_sym,100,7.272
AMORTCSV,/mnt/beegfs/ysu34/hamlib/dia_e2e/bhc_16_7.txt,didx_sym,1000,12.992
AMORTCSV,/mnt/beegfs/ysu34/hamlib/dia_e2e/bhc_16_7.txt,didx_sym,10000,70.602
# DIA_TRIM 1e-08: D 99 -> 85
AMORTSPMSPM,/mnt/beegfs/ysu34/hamlib/dia_e2e/bhc_16_7.txt,ours_flat,1,9.286
AMORTSPMSPM,/mnt/beegfs/ysu34/hamlib/dia_e2e/bhc_16_7.txt,ours_flat,3,19.663
AMORTSPMSPM,/mnt/beegfs/ysu34/hamlib/dia_e2e/bhc_16_7.txt,ours_flat,10,30.695
AMORTSPMSPM,/mnt/beegfs/ysu34/hamlib/dia_e2e/bhc_16_7.txt,ours_flat,30,62.241
AMORTSPMSPM,/mnt/beegfs/ysu34/hamlib/dia_e2e/bhc_16_7.txt,ours_flat,100,172.452
AMORTSPMSPM,/mnt/beegfs/ysu34/hamlib/dia_e2e/bhc_16_7.txt,ours_sym,1,13.609
AMORTSPMSPM,/mnt/beegfs/ysu34/hamlib/dia_e2e/bhc_16_7.txt,ours_sym,3,10.918
AMORTSPMSPM,/mnt/beegfs/ysu34/hamlib/dia_e2e/bhc_16_7.txt,ours_sym,10,16.764
AMORTSPMSPM,/mnt/beegfs/ysu34/hamlib/dia_e2e/bhc_16_7.txt,ours_sym,30,33.363
AMORTSPMSPM,/mnt/beegfs/ysu34/hamlib/dia_e2e/bhc_16_7.txt,ours_sym,100,91.474
# DIA_TRIM 1e-08: D 112 -> 97
AMORTCSV,/mnt/beegfs/ysu34/hamlib/dia_e2e/bhc_18_7.txt,didx,1,46.849
AMORTCSV,/mnt/beegfs/ysu34/hamlib/dia_e2e/bhc_18_7.txt,didx,10,47.301
AMORTCSV,/mnt/beegfs/ysu34/hamlib/dia_e2e/bhc_18_7.txt,didx,100,48.137
AMORTCSV,/mnt/beegfs/ysu34/hamlib/dia_e2e/bhc_18_7.txt,didx,1000,60.529
AMORTCSV,/mnt/beegfs/ysu34/hamlib/dia_e2e/bhc_18_7.txt,didx,10000,180.939
AMORTCSV,/mnt/beegfs/ysu34/hamlib/dia_e2e/bhc_18_7.txt,didx_sym,1,31.310
AMORTCSV,/mnt/beegfs/ysu34/hamlib/dia_e2e/bhc_18_7.txt,didx_sym,10,31.198
AMORTCSV,/mnt/beegfs/ysu34/hamlib/dia_e2e/bhc_18_7.txt,didx_sym,100,32.406
AMORTCSV,/mnt/beegfs/ysu34/hamlib/dia_e2e/bhc_18_7.txt,didx_sym,1000,44.991
AMORTCSV,/mnt/beegfs/ysu34/hamlib/dia_e2e/bhc_18_7.txt,didx_sym,10000,172.307
# DIA_TRIM 1e-08: D 112 -> 97
AMORTSPMSPM,/mnt/beegfs/ysu34/hamlib/dia_e2e/bhc_18_7.txt,ours_flat,1,33.991
AMORTSPMSPM,/mnt/beegfs/ysu34/hamlib/dia_e2e/bhc_18_7.txt,ours_flat,3,102.071
AMORTSPMSPM,/mnt/beegfs/ysu34/hamlib/dia_e2e/bhc_18_7.txt,ours_flat,10,168.407
AMORTSPMSPM,/mnt/beegfs/ysu34/hamlib/dia_e2e/bhc_18_7.txt,ours_flat,30,358.161
AMORTSPMSPM,/mnt/beegfs/ysu34/hamlib/dia_e2e/bhc_18_7.txt,ours_flat,100,1022.055
AMORTSPMSPM,/mnt/beegfs/ysu34/hamlib/dia_e2e/bhc_18_7.txt,ours_sym,1,67.856
AMORTSPMSPM,/mnt/beegfs/ysu34/hamlib/dia_e2e/bhc_18_7.txt,ours_sym,3,63.225
AMORTSPMSPM,/mnt/beegfs/ysu34/hamlib/dia_e2e/bhc_18_7.txt,ours_sym,10,97.801
AMORTSPMSPM,/mnt/beegfs/ysu34/hamlib/dia_e2e/bhc_18_7.txt,ours_sym,30,204.695
AMORTSPMSPM,/mnt/beegfs/ysu34/hamlib/dia_e2e/bhc_18_7.txt,ours_sym,100,578.511
# DIA_TRIM 1e-08: D 112 -> 97
AMORTCSV,/mnt/beegfs/ysu34/hamlib/dia_e2e/bhD1_18_7.txt,didx,1,46.554
AMORTCSV,/mnt/beegfs/ysu34/hamlib/dia_e2e/bhD1_18_7.txt,didx,10,46.417
AMORTCSV,/mnt/beegfs/ysu34/hamlib/dia_e2e/bhD1_18_7.txt,didx,100,48.072
AMORTCSV,/mnt/beegfs/ysu34/hamlib/dia_e2e/bhD1_18_7.txt,didx,1000,59.652
AMORTCSV,/mnt/beegfs/ysu34/hamlib/dia_e2e/bhD1_18_7.txt,didx,10000,180.807
AMORTCSV,/mnt/beegfs/ysu34/hamlib/dia_e2e/bhD1_18_7.txt,didx_sym,1,30.618
AMORTCSV,/mnt/beegfs/ysu34/hamlib/dia_e2e/bhD1_18_7.txt,didx_sym,10,30.889
AMORTCSV,/mnt/beegfs/ysu34/hamlib/dia_e2e/bhD1_18_7.txt,didx_sym,100,32.273
AMORTCSV,/mnt/beegfs/ysu34/hamlib/dia_e2e/bhD1_18_7.txt,didx_sym,1000,44.908
AMORTCSV,/mnt/beegfs/ysu34/hamlib/dia_e2e/bhD1_18_7.txt,didx_sym,10000,172.843
# DIA_TRIM 1e-08: D 112 -> 97
AMORTSPMSPM,/mnt/beegfs/ysu34/hamlib/dia_e2e/bhD1_18_7.txt,ours_flat,1,32.930
AMORTSPMSPM,/mnt/beegfs/ysu34/hamlib/dia_e2e/bhD1_18_7.txt,ours_flat,3,102.011
AMORTSPMSPM,/mnt/beegfs/ysu34/hamlib/dia_e2e/bhD1_18_7.txt,ours_flat,10,168.481
AMORTSPMSPM,/mnt/beegfs/ysu34/hamlib/dia_e2e/bhD1_18_7.txt,ours_flat,30,358.182
AMORTSPMSPM,/mnt/beegfs/ysu34/hamlib/dia_e2e/bhD1_18_7.txt,ours_flat,100,1022.007
AMORTSPMSPM,/mnt/beegfs/ysu34/hamlib/dia_e2e/bhD1_18_7.txt,ours_sym,1,67.783
AMORTSPMSPM,/mnt/beegfs/ysu34/hamlib/dia_e2e/bhD1_18_7.txt,ours_sym,3,63.266
AMORTSPMSPM,/mnt/beegfs/ysu34/hamlib/dia_e2e/bhD1_18_7.txt,ours_sym,10,97.845
AMORTSPMSPM,/mnt/beegfs/ysu34/hamlib/dia_e2e/bhD1_18_7.txt,ours_sym,30,204.646
AMORTSPMSPM,/mnt/beegfs/ysu34/hamlib/dia_e2e/bhD1_18_7.txt,ours_sym,100,578.625
# DIA_TRIM 1e-08: D 9971 -> 7407
AMORTCSV,/mnt/beegfs/ysu34/hamlib/dia_e2e/C2c_18_4.txt,didx,1,2690.360
AMORTCSV,/mnt/beegfs/ysu34/hamlib/dia_e2e/C2c_18_4.txt,didx,10,2698.275
AMORTCSV,/mnt/beegfs/ysu34/hamlib/dia_e2e/C2c_18_4.txt,didx,100,2800.930
AMORTCSV,/mnt/beegfs/ysu34/hamlib/dia_e2e/C2c_18_4.txt,didx,1000,3835.771
AMORTCSV,/mnt/beegfs/ysu34/hamlib/dia_e2e/C2c_18_4.txt,didx,10000,14170.082
# didx_sym arm skipped (non-symmetric or Dup>128)
# DIA_TRIM 1e-08: D 9971 -> 7407
AMORTSPMSPM,/mnt/beegfs/ysu34/hamlib/dia_e2e/C2c_18_4.txt,ours_flat,1,OOM
AMORTSPMSPM,/mnt/beegfs/ysu34/hamlib/dia_e2e/C2c_18_4.txt,ours_sym,1,OOM
AMORTCSV,/mnt/beegfs/ysu34/hamlib/dia_e2e/fermi_16_5.txt,didx,1,4.099
AMORTCSV,/mnt/beegfs/ysu34/hamlib/dia_e2e/fermi_16_5.txt,didx,10,4.125
AMORTCSV,/mnt/beegfs/ysu34/hamlib/dia_e2e/fermi_16_5.txt,didx,100,4.635
AMORTCSV,/mnt/beegfs/ysu34/hamlib/dia_e2e/fermi_16_5.txt,didx,1000,10.201
AMORTCSV,/mnt/beegfs/ysu34/hamlib/dia_e2e/fermi_16_5.txt,didx,10000,64.912
AMORTCSV,/mnt/beegfs/ysu34/hamlib/dia_e2e/fermi_16_5.txt,didx_sym,1,2.757
AMORTCSV,/mnt/beegfs/ysu34/hamlib/dia_e2e/fermi_16_5.txt,didx_sym,10,2.775
AMORTCSV,/mnt/beegfs/ysu34/hamlib/dia_e2e/fermi_16_5.txt,didx_sym,100,3.316
AMORTCSV,/mnt/beegfs/ysu34/hamlib/dia_e2e/fermi_16_5.txt,didx_sym,1000,8.771
AMORTCSV,/mnt/beegfs/ysu34/hamlib/dia_e2e/fermi_16_5.txt,didx_sym,10000,63.828
AMORTSPMSPM,/mnt/beegfs/ysu34/hamlib/dia_e2e/fermi_16_5.txt,ours_flat,1,2.000
AMORTSPMSPM,/mnt/beegfs/ysu34/hamlib/dia_e2e/fermi_16_5.txt,ours_flat,3,3.475
AMORTSPMSPM,/mnt/beegfs/ysu34/hamlib/dia_e2e/fermi_16_5.txt,ours_flat,10,4.793
AMORTSPMSPM,/mnt/beegfs/ysu34/hamlib/dia_e2e/fermi_16_5.txt,ours_flat,30,8.526
AMORTSPMSPM,/mnt/beegfs/ysu34/hamlib/dia_e2e/fermi_16_5.txt,ours_flat,100,21.606
AMORTSPMSPM,/mnt/beegfs/ysu34/hamlib/dia_e2e/fermi_16_5.txt,ours_sym,1,2.537
AMORTSPMSPM,/mnt/beegfs/ysu34/hamlib/dia_e2e/fermi_16_5.txt,ours_sym,3,2.201
AMORTSPMSPM,/mnt/beegfs/ysu34/hamlib/dia_e2e/fermi_16_5.txt,ours_sym,10,2.995
AMORTSPMSPM,/mnt/beegfs/ysu34/hamlib/dia_e2e/fermi_16_5.txt,ours_sym,30,5.464
AMORTSPMSPM,/mnt/beegfs/ysu34/hamlib/dia_e2e/fermi_16_5.txt,ours_sym,100,14.006
AMORTCSV,/mnt/beegfs/ysu34/hamlib/dia_e2e/fermi_18_5.txt,didx,1,18.747
AMORTCSV,/mnt/beegfs/ysu34/hamlib/dia_e2e/fermi_18_5.txt,didx,10,18.801
AMORTCSV,/mnt/beegfs/ysu34/hamlib/dia_e2e/fermi_18_5.txt,didx,100,19.826
AMORTCSV,/mnt/beegfs/ysu34/hamlib/dia_e2e/fermi_18_5.txt,didx,1000,30.741
AMORTCSV,/mnt/beegfs/ysu34/hamlib/dia_e2e/fermi_18_5.txt,didx,10000,138.749
AMORTCSV,/mnt/beegfs/ysu34/hamlib/dia_e2e/fermi_18_5.txt,didx_sym,1,12.175
AMORTCSV,/mnt/beegfs/ysu34/hamlib/dia_e2e/fermi_18_5.txt,didx_sym,10,12.292
AMORTCSV,/mnt/beegfs/ysu34/hamlib/dia_e2e/fermi_18_5.txt,didx_sym,100,13.437
AMORTCSV,/mnt/beegfs/ysu34/hamlib/dia_e2e/fermi_18_5.txt,didx_sym,1000,23.984
AMORTCSV,/mnt/beegfs/ysu34/hamlib/dia_e2e/fermi_18_5.txt,didx_sym,10000,130.252
AMORTSPMSPM,/mnt/beegfs/ysu34/hamlib/dia_e2e/fermi_18_5.txt,ours_flat,1,6.482
AMORTSPMSPM,/mnt/beegfs/ysu34/hamlib/dia_e2e/fermi_18_5.txt,ours_flat,3,18.256
AMORTSPMSPM,/mnt/beegfs/ysu34/hamlib/dia_e2e/fermi_18_5.txt,ours_flat,10,26.691
AMORTSPMSPM,/mnt/beegfs/ysu34/hamlib/dia_e2e/fermi_18_5.txt,ours_flat,30,50.699
AMORTSPMSPM,/mnt/beegfs/ysu34/hamlib/dia_e2e/fermi_18_5.txt,ours_flat,100,134.570
AMORTSPMSPM,/mnt/beegfs/ysu34/hamlib/dia_e2e/fermi_18_5.txt,ours_sym,1,12.797
AMORTSPMSPM,/mnt/beegfs/ysu34/hamlib/dia_e2e/fermi_18_5.txt,ours_sym,3,11.107
AMORTSPMSPM,/mnt/beegfs/ysu34/hamlib/dia_e2e/fermi_18_5.txt,ours_sym,10,15.885
AMORTSPMSPM,/mnt/beegfs/ysu34/hamlib/dia_e2e/fermi_18_5.txt,ours_sym,30,29.614
AMORTSPMSPM,/mnt/beegfs/ysu34/hamlib/dia_e2e/fermi_18_5.txt,ours_sym,100,77.472
AMORTCSV,/mnt/beegfs/ysu34/hamlib/dia_e2e/fermi_20_5.txt,didx,1,122.892
AMORTCSV,/mnt/beegfs/ysu34/hamlib/dia_e2e/fermi_20_5.txt,didx,10,124.319
AMORTCSV,/mnt/beegfs/ysu34/hamlib/dia_e2e/fermi_20_5.txt,didx,100,129.111
AMORTCSV,/mnt/beegfs/ysu34/hamlib/dia_e2e/fermi_20_5.txt,didx,1000,179.815
AMORTCSV,/mnt/beegfs/ysu34/hamlib/dia_e2e/fermi_20_5.txt,didx,10000,687.366
AMORTCSV,/mnt/beegfs/ysu34/hamlib/dia_e2e/fermi_20_5.txt,didx_sym,1,55.586
AMORTCSV,/mnt/beegfs/ysu34/hamlib/dia_e2e/fermi_20_5.txt,didx_sym,10,56.355
AMORTCSV,/mnt/beegfs/ysu34/hamlib/dia_e2e/fermi_20_5.txt,didx_sym,100,61.493
AMORTCSV,/mnt/beegfs/ysu34/hamlib/dia_e2e/fermi_20_5.txt,didx_sym,1000,109.644
AMORTCSV,/mnt/beegfs/ysu34/hamlib/dia_e2e/fermi_20_5.txt,didx_sym,10000,589.042
AMORTSPMSPM,/mnt/beegfs/ysu34/hamlib/dia_e2e/fermi_20_5.txt,ours_flat,1,28.384
AMORTSPMSPM,/mnt/beegfs/ysu34/hamlib/dia_e2e/fermi_20_5.txt,ours_flat,3,90.811
AMORTSPMSPM,/mnt/beegfs/ysu34/hamlib/dia_e2e/fermi_20_5.txt,ours_flat,10,134.473
AMORTSPMSPM,/mnt/beegfs/ysu34/hamlib/dia_e2e/fermi_20_5.txt,ours_flat,30,258.879
AMORTSPMSPM,/mnt/beegfs/ysu34/hamlib/dia_e2e/fermi_20_5.txt,ours_flat,100,694.589
AMORTSPMSPM,/mnt/beegfs/ysu34/hamlib/dia_e2e/fermi_20_5.txt,ours_sym,1,63.930
AMORTSPMSPM,/mnt/beegfs/ysu34/hamlib/dia_e2e/fermi_20_5.txt,ours_sym,3,54.587
AMORTSPMSPM,/mnt/beegfs/ysu34/hamlib/dia_e2e/fermi_20_5.txt,ours_sym,10,80.752
AMORTSPMSPM,/mnt/beegfs/ysu34/hamlib/dia_e2e/fermi_20_5.txt,ours_sym,30,156.319
AMORTSPMSPM,/mnt/beegfs/ysu34/hamlib/dia_e2e/fermi_20_5.txt,ours_sym,100,419.588
AMORTCSV,/mnt/beegfs/ysu34/hamlib/dia_e2e/fermiFH_18_4.txt,didx,1,31.377
AMORTCSV,/mnt/beegfs/ysu34/hamlib/dia_e2e/fermiFH_18_4.txt,didx,10,31.407
AMORTCSV,/mnt/beegfs/ysu34/hamlib/dia_e2e/fermiFH_18_4.txt,didx,100,32.454
AMORTCSV,/mnt/beegfs/ysu34/hamlib/dia_e2e/fermiFH_18_4.txt,didx,1000,42.770
AMORTCSV,/mnt/beegfs/ysu34/hamlib/dia_e2e/fermiFH_18_4.txt,didx,10000,147.355
AMORTCSV,/mnt/beegfs/ysu34/hamlib/dia_e2e/fermiFH_18_4.txt,didx_sym,1,21.477
AMORTCSV,/mnt/beegfs/ysu34/hamlib/dia_e2e/fermiFH_18_4.txt,didx_sym,10,21.496
AMORTCSV,/mnt/beegfs/ysu34/hamlib/dia_e2e/fermiFH_18_4.txt,didx_sym,100,22.162
AMORTCSV,/mnt/beegfs/ysu34/hamlib/dia_e2e/fermiFH_18_4.txt,didx_sym,1000,32.692
AMORTCSV,/mnt/beegfs/ysu34/hamlib/dia_e2e/fermiFH_18_4.txt,didx_sym,10000,136.904
AMORTSPMSPM,/mnt/beegfs/ysu34/hamlib/dia_e2e/fermiFH_18_4.txt,ours_flat,1,16.536
AMORTSPMSPM,/mnt/beegfs/ysu34/hamlib/dia_e2e/fermiFH_18_4.txt,ours_flat,3,55.458
AMORTSPMSPM,/mnt/beegfs/ysu34/hamlib/dia_e2e/fermiFH_18_4.txt,ours_flat,10,86.353
AMORTSPMSPM,/mnt/beegfs/ysu34/hamlib/dia_e2e/fermiFH_18_4.txt,ours_flat,30,174.244
AMORTSPMSPM,/mnt/beegfs/ysu34/hamlib/dia_e2e/fermiFH_18_4.txt,ours_flat,100,481.824
AMORTSPMSPM,/mnt/beegfs/ysu34/hamlib/dia_e2e/fermiFH_18_4.txt,ours_sym,1,39.715
AMORTSPMSPM,/mnt/beegfs/ysu34/hamlib/dia_e2e/fermiFH_18_4.txt,ours_sym,3,31.724
AMORTSPMSPM,/mnt/beegfs/ysu34/hamlib/dia_e2e/fermiFH_18_4.txt,ours_sym,10,49.048
AMORTSPMSPM,/mnt/beegfs/ysu34/hamlib/dia_e2e/fermiFH_18_4.txt,ours_sym,30,98.575
AMORTSPMSPM,/mnt/beegfs/ysu34/hamlib/dia_e2e/fermiFH_18_4.txt,ours_sym,100,271.593
# DIA_TRIM 1e-08: D 8887 -> 6921
AMORTCSV,/mnt/beegfs/ysu34/hamlib/dia_e2e/H8c_16_4.txt,didx,1,571.024
AMORTCSV,/mnt/beegfs/ysu34/hamlib/dia_e2e/H8c_16_4.txt,didx,10,576.935
AMORTCSV,/mnt/beegfs/ysu34/hamlib/dia_e2e/H8c_16_4.txt,didx,100,622.337
AMORTCSV,/mnt/beegfs/ysu34/hamlib/dia_e2e/H8c_16_4.txt,didx,1000,1087.472
AMORTCSV,/mnt/beegfs/ysu34/hamlib/dia_e2e/H8c_16_4.txt,didx,10000,5746.478
# didx_sym arm skipped (non-symmetric or Dup>128)
# DIA_TRIM 1e-08: D 8887 -> 6921
AMORTSPMSPM,/mnt/beegfs/ysu34/hamlib/dia_e2e/H8c_16_4.txt,ours_flat,1,16886.932
AMORTSPMSPM,/mnt/beegfs/ysu34/hamlib/dia_e2e/H8c_16_4.txt,ours_flat,3,33377.048
AMORTSPMSPM,/mnt/beegfs/ysu34/hamlib/dia_e2e/H8c_16_4.txt,ours_flat,10,90976.738
AMORTSPMSPM,/mnt/beegfs/ysu34/hamlib/dia_e2e/H8c_16_4.txt,ours_flat,30,255460.470
AMORTSPMSPM,/mnt/beegfs/ysu34/hamlib/dia_e2e/H8c_16_4.txt,ours_flat,100,831370.360
AMORTSPMSPM,/mnt/beegfs/ysu34/hamlib/dia_e2e/H8c_16_4.txt,ours_sym,1,5067.899
AMORTSPMSPM,/mnt/beegfs/ysu34/hamlib/dia_e2e/H8c_16_4.txt,ours_sym,3,13425.197
AMORTSPMSPM,/mnt/beegfs/ysu34/hamlib/dia_e2e/H8c_16_4.txt,ours_sym,10,42670.047
AMORTSPMSPM,/mnt/beegfs/ysu34/hamlib/dia_e2e/H8c_16_4.txt,ours_sym,30,126272.128
AMORTSPMSPM,/mnt/beegfs/ysu34/hamlib/dia_e2e/H8c_16_4.txt,ours_sym,100,418822.640
AMORTCSV,/mnt/beegfs/ysu34/hamlib/dia_e2e/heis_16_5.txt,didx,1,4.281
AMORTCSV,/mnt/beegfs/ysu34/hamlib/dia_e2e/heis_16_5.txt,didx,10,4.282
AMORTCSV,/mnt/beegfs/ysu34/hamlib/dia_e2e/heis_16_5.txt,didx,100,4.851
AMORTCSV,/mnt/beegfs/ysu34/hamlib/dia_e2e/heis_16_5.txt,didx,1000,10.324
AMORTCSV,/mnt/beegfs/ysu34/hamlib/dia_e2e/heis_16_5.txt,didx,10000,64.501
AMORTCSV,/mnt/beegfs/ysu34/hamlib/dia_e2e/heis_16_5.txt,didx_sym,1,2.958
AMORTCSV,/mnt/beegfs/ysu34/hamlib/dia_e2e/heis_16_5.txt,didx_sym,10,2.878
AMORTCSV,/mnt/beegfs/ysu34/hamlib/dia_e2e/heis_16_5.txt,didx_sym,100,3.394
AMORTCSV,/mnt/beegfs/ysu34/hamlib/dia_e2e/heis_16_5.txt,didx_sym,1000,8.878
AMORTCSV,/mnt/beegfs/ysu34/hamlib/dia_e2e/heis_16_5.txt,didx_sym,10000,64.642
AMORTSPMSPM,/mnt/beegfs/ysu34/hamlib/dia_e2e/heis_16_5.txt,ours_flat,1,2.183
AMORTSPMSPM,/mnt/beegfs/ysu34/hamlib/dia_e2e/heis_16_5.txt,ours_flat,3,3.924
AMORTSPMSPM,/mnt/beegfs/ysu34/hamlib/dia_e2e/heis_16_5.txt,ours_flat,10,5.349
AMORTSPMSPM,/mnt/beegfs/ysu34/hamlib/dia_e2e/heis_16_5.txt,ours_flat,30,9.644
AMORTSPMSPM,/mnt/beegfs/ysu34/hamlib/dia_e2e/heis_16_5.txt,ours_flat,100,24.555
AMORTSPMSPM,/mnt/beegfs/ysu34/hamlib/dia_e2e/heis_16_5.txt,ours_sym,1,2.792
AMORTSPMSPM,/mnt/beegfs/ysu34/hamlib/dia_e2e/heis_16_5.txt,ours_sym,3,2.450
AMORTSPMSPM,/mnt/beegfs/ysu34/hamlib/dia_e2e/heis_16_5.txt,ours_sym,10,3.401
AMORTSPMSPM,/mnt/beegfs/ysu34/hamlib/dia_e2e/heis_16_5.txt,ours_sym,30,6.140
AMORTSPMSPM,/mnt/beegfs/ysu34/hamlib/dia_e2e/heis_16_5.txt,ours_sym,100,15.786
AMORTCSV,/mnt/beegfs/ysu34/hamlib/dia_e2e/heis_18_5.txt,didx,1,20.817
AMORTCSV,/mnt/beegfs/ysu34/hamlib/dia_e2e/heis_18_5.txt,didx,10,20.922
AMORTCSV,/mnt/beegfs/ysu34/hamlib/dia_e2e/heis_18_5.txt,didx,100,22.120
AMORTCSV,/mnt/beegfs/ysu34/hamlib/dia_e2e/heis_18_5.txt,didx,1000,33.123
AMORTCSV,/mnt/beegfs/ysu34/hamlib/dia_e2e/heis_18_5.txt,didx,10000,144.292
AMORTCSV,/mnt/beegfs/ysu34/hamlib/dia_e2e/heis_18_5.txt,didx_sym,1,13.027
AMORTCSV,/mnt/beegfs/ysu34/hamlib/dia_e2e/heis_18_5.txt,didx_sym,10,13.082
AMORTCSV,/mnt/beegfs/ysu34/hamlib/dia_e2e/heis_18_5.txt,didx_sym,100,14.237
AMORTCSV,/mnt/beegfs/ysu34/hamlib/dia_e2e/heis_18_5.txt,didx_sym,1000,24.847
AMORTCSV,/mnt/beegfs/ysu34/hamlib/dia_e2e/heis_18_5.txt,didx_sym,10000,132.792
AMORTSPMSPM,/mnt/beegfs/ysu34/hamlib/dia_e2e/heis_18_5.txt,ours_flat,1,7.570
AMORTSPMSPM,/mnt/beegfs/ysu34/hamlib/dia_e2e/heis_18_5.txt,ours_flat,3,20.298
AMORTSPMSPM,/mnt/beegfs/ysu34/hamlib/dia_e2e/heis_18_5.txt,ours_flat,10,29.869
AMORTSPMSPM,/mnt/beegfs/ysu34/hamlib/dia_e2e/heis_18_5.txt,ours_flat,30,56.912
AMORTSPMSPM,/mnt/beegfs/ysu34/hamlib/dia_e2e/heis_18_5.txt,ours_flat,100,151.294
AMORTSPMSPM,/mnt/beegfs/ysu34/hamlib/dia_e2e/heis_18_5.txt,ours_sym,1,14.328
AMORTSPMSPM,/mnt/beegfs/ysu34/hamlib/dia_e2e/heis_18_5.txt,ours_sym,3,12.270
AMORTSPMSPM,/mnt/beegfs/ysu34/hamlib/dia_e2e/heis_18_5.txt,ours_sym,10,17.639
AMORTSPMSPM,/mnt/beegfs/ysu34/hamlib/dia_e2e/heis_18_5.txt,ours_sym,30,33.087
AMORTSPMSPM,/mnt/beegfs/ysu34/hamlib/dia_e2e/heis_18_5.txt,ours_sym,100,86.867
AMORTCSV,/mnt/beegfs/ysu34/hamlib/dia_e2e/heis_20_5.txt,didx,1,129.721
AMORTCSV,/mnt/beegfs/ysu34/hamlib/dia_e2e/heis_20_5.txt,didx,10,131.894
AMORTCSV,/mnt/beegfs/ysu34/hamlib/dia_e2e/heis_20_5.txt,didx,100,136.540
AMORTCSV,/mnt/beegfs/ysu34/hamlib/dia_e2e/heis_20_5.txt,didx,1000,190.104
AMORTCSV,/mnt/beegfs/ysu34/hamlib/dia_e2e/heis_20_5.txt,didx,10000,715.114
AMORTCSV,/mnt/beegfs/ysu34/hamlib/dia_e2e/heis_20_5.txt,didx_sym,1,59.260
AMORTCSV,/mnt/beegfs/ysu34/hamlib/dia_e2e/heis_20_5.txt,didx_sym,10,60.502
AMORTCSV,/mnt/beegfs/ysu34/hamlib/dia_e2e/heis_20_5.txt,didx_sym,100,64.496
AMORTCSV,/mnt/beegfs/ysu34/hamlib/dia_e2e/heis_20_5.txt,didx_sym,1000,114.457
AMORTCSV,/mnt/beegfs/ysu34/hamlib/dia_e2e/heis_20_5.txt,didx_sym,10000,613.569
AMORTSPMSPM,/mnt/beegfs/ysu34/hamlib/dia_e2e/heis_20_5.txt,ours_flat,1,30.623
AMORTSPMSPM,/mnt/beegfs/ysu34/hamlib/dia_e2e/heis_20_5.txt,ours_flat,3,99.789
AMORTSPMSPM,/mnt/beegfs/ysu34/hamlib/dia_e2e/heis_20_5.txt,ours_flat,10,148.392
AMORTSPMSPM,/mnt/beegfs/ysu34/hamlib/dia_e2e/heis_20_5.txt,ours_flat,30,287.042
AMORTSPMSPM,/mnt/beegfs/ysu34/hamlib/dia_e2e/heis_20_5.txt,ours_flat,100,772.126
AMORTSPMSPM,/mnt/beegfs/ysu34/hamlib/dia_e2e/heis_20_5.txt,ours_sym,1,70.672
AMORTSPMSPM,/mnt/beegfs/ysu34/hamlib/dia_e2e/heis_20_5.txt,ours_sym,3,59.619
AMORTSPMSPM,/mnt/beegfs/ysu34/hamlib/dia_e2e/heis_20_5.txt,ours_sym,10,88.894
AMORTSPMSPM,/mnt/beegfs/ysu34/hamlib/dia_e2e/heis_20_5.txt,ours_sym,30,172.823
AMORTSPMSPM,/mnt/beegfs/ysu34/hamlib/dia_e2e/heis_20_5.txt,ours_sym,100,465.693
AMORTCSV,/mnt/beegfs/ysu34/hamlib/dia_e2e/heis_20_6.txt,didx,1,128.713
AMORTCSV,/mnt/beegfs/ysu34/hamlib/dia_e2e/heis_20_6.txt,didx,10,131.674
AMORTCSV,/mnt/beegfs/ysu34/hamlib/dia_e2e/heis_20_6.txt,didx,100,136.533
AMORTCSV,/mnt/beegfs/ysu34/hamlib/dia_e2e/heis_20_6.txt,didx,1000,188.612
AMORTCSV,/mnt/beegfs/ysu34/hamlib/dia_e2e/heis_20_6.txt,didx,10000,713.619
AMORTCSV,/mnt/beegfs/ysu34/hamlib/dia_e2e/heis_20_6.txt,didx_sym,1,59.296
AMORTCSV,/mnt/beegfs/ysu34/hamlib/dia_e2e/heis_20_6.txt,didx_sym,10,60.693
AMORTCSV,/mnt/beegfs/ysu34/hamlib/dia_e2e/heis_20_6.txt,didx_sym,100,66.062
AMORTCSV,/mnt/beegfs/ysu34/hamlib/dia_e2e/heis_20_6.txt,didx_sym,1000,114.539
AMORTCSV,/mnt/beegfs/ysu34/hamlib/dia_e2e/heis_20_6.txt,didx_sym,10000,612.329
AMORTSPMSPM,/mnt/beegfs/ysu34/hamlib/dia_e2e/heis_20_6.txt,ours_flat,1,30.670
AMORTSPMSPM,/mnt/beegfs/ysu34/hamlib/dia_e2e/heis_20_6.txt,ours_flat,3,99.801
AMORTSPMSPM,/mnt/beegfs/ysu34/hamlib/dia_e2e/heis_20_6.txt,ours_flat,10,148.445
AMORTSPMSPM,/mnt/beegfs/ysu34/hamlib/dia_e2e/heis_20_6.txt,ours_flat,30,287.122
AMORTSPMSPM,/mnt/beegfs/ysu34/hamlib/dia_e2e/heis_20_6.txt,ours_flat,100,772.209
AMORTSPMSPM,/mnt/beegfs/ysu34/hamlib/dia_e2e/heis_20_6.txt,ours_sym,1,70.786
AMORTSPMSPM,/mnt/beegfs/ysu34/hamlib/dia_e2e/heis_20_6.txt,ours_sym,3,59.528
AMORTSPMSPM,/mnt/beegfs/ysu34/hamlib/dia_e2e/heis_20_6.txt,ours_sym,10,88.810
AMORTSPMSPM,/mnt/beegfs/ysu34/hamlib/dia_e2e/heis_20_6.txt,ours_sym,30,172.812
AMORTSPMSPM,/mnt/beegfs/ysu34/hamlib/dia_e2e/heis_20_6.txt,ours_sym,100,465.748
AMORTCSV,/mnt/beegfs/ysu34/hamlib/dia_e2e/maxcut_16_5.txt,didx,1,0.353
AMORTCSV,/mnt/beegfs/ysu34/hamlib/dia_e2e/maxcut_16_5.txt,didx,10,0.325
AMORTCSV,/mnt/beegfs/ysu34/hamlib/dia_e2e/maxcut_16_5.txt,didx,100,0.642
AMORTCSV,/mnt/beegfs/ysu34/hamlib/dia_e2e/maxcut_16_5.txt,didx,1000,3.980
AMORTCSV,/mnt/beegfs/ysu34/hamlib/dia_e2e/maxcut_16_5.txt,didx,10000,37.376
AMORTCSV,/mnt/beegfs/ysu34/hamlib/dia_e2e/maxcut_16_5.txt,didx_sym,1,0.306
AMORTCSV,/mnt/beegfs/ysu34/hamlib/dia_e2e/maxcut_16_5.txt,didx_sym,10,0.323
AMORTCSV,/mnt/beegfs/ysu34/hamlib/dia_e2e/maxcut_16_5.txt,didx_sym,100,0.667
AMORTCSV,/mnt/beegfs/ysu34/hamlib/dia_e2e/maxcut_16_5.txt,didx_sym,1000,4.141
AMORTCSV,/mnt/beegfs/ysu34/hamlib/dia_e2e/maxcut_16_5.txt,didx_sym,10000,38.731
AMORTSPMSPM,/mnt/beegfs/ysu34/hamlib/dia_e2e/maxcut_16_5.txt,ours_flat,1,0.571
AMORTSPMSPM,/mnt/beegfs/ysu34/hamlib/dia_e2e/maxcut_16_5.txt,ours_flat,3,0.393
AMORTSPMSPM,/mnt/beegfs/ysu34/hamlib/dia_e2e/maxcut_16_5.txt,ours_flat,10,0.381
AMORTSPMSPM,/mnt/beegfs/ysu34/hamlib/dia_e2e/maxcut_16_5.txt,ours_flat,30,0.472
AMORTSPMSPM,/mnt/beegfs/ysu34/hamlib/dia_e2e/maxcut_16_5.txt,ours_flat,100,0.833
AMORTSPMSPM,/mnt/beegfs/ysu34/hamlib/dia_e2e/maxcut_16_5.txt,ours_sym,1,0.344
AMORTSPMSPM,/mnt/beegfs/ysu34/hamlib/dia_e2e/maxcut_16_5.txt,ours_sym,3,0.226
AMORTSPMSPM,/mnt/beegfs/ysu34/hamlib/dia_e2e/maxcut_16_5.txt,ours_sym,10,0.275
AMORTSPMSPM,/mnt/beegfs/ysu34/hamlib/dia_e2e/maxcut_16_5.txt,ours_sym,30,0.435
AMORTSPMSPM,/mnt/beegfs/ysu34/hamlib/dia_e2e/maxcut_16_5.txt,ours_sym,100,0.977
AMORTCSV,/mnt/beegfs/ysu34/hamlib/dia_e2e/maxcut_18_5.txt,didx,1,1.315
AMORTCSV,/mnt/beegfs/ysu34/hamlib/dia_e2e/maxcut_18_5.txt,didx,10,1.291
AMORTCSV,/mnt/beegfs/ysu34/hamlib/dia_e2e/maxcut_18_5.txt,didx,100,1.703
AMORTCSV,/mnt/beegfs/ysu34/hamlib/dia_e2e/maxcut_18_5.txt,didx,1000,5.961
AMORTCSV,/mnt/beegfs/ysu34/hamlib/dia_e2e/maxcut_18_5.txt,didx,10000,48.925
AMORTCSV,/mnt/beegfs/ysu34/hamlib/dia_e2e/maxcut_18_5.txt,didx_sym,1,1.172
AMORTCSV,/mnt/beegfs/ysu34/hamlib/dia_e2e/maxcut_18_5.txt,didx_sym,10,1.198
AMORTCSV,/mnt/beegfs/ysu34/hamlib/dia_e2e/maxcut_18_5.txt,didx_sym,100,1.629
AMORTCSV,/mnt/beegfs/ysu34/hamlib/dia_e2e/maxcut_18_5.txt,didx_sym,1000,5.947
AMORTCSV,/mnt/beegfs/ysu34/hamlib/dia_e2e/maxcut_18_5.txt,didx_sym,10000,49.103
AMORTSPMSPM,/mnt/beegfs/ysu34/hamlib/dia_e2e/maxcut_18_5.txt,ours_flat,1,1.307
AMORTSPMSPM,/mnt/beegfs/ysu34/hamlib/dia_e2e/maxcut_18_5.txt,ours_flat,3,1.154
AMORTSPMSPM,/mnt/beegfs/ysu34/hamlib/dia_e2e/maxcut_18_5.txt,ours_flat,10,1.033
AMORTSPMSPM,/mnt/beegfs/ysu34/hamlib/dia_e2e/maxcut_18_5.txt,ours_flat,30,1.142
AMORTSPMSPM,/mnt/beegfs/ysu34/hamlib/dia_e2e/maxcut_18_5.txt,ours_flat,100,1.534
AMORTSPMSPM,/mnt/beegfs/ysu34/hamlib/dia_e2e/maxcut_18_5.txt,ours_sym,1,0.822
AMORTSPMSPM,/mnt/beegfs/ysu34/hamlib/dia_e2e/maxcut_18_5.txt,ours_sym,3,0.461
AMORTSPMSPM,/mnt/beegfs/ysu34/hamlib/dia_e2e/maxcut_18_5.txt,ours_sym,10,0.525
AMORTSPMSPM,/mnt/beegfs/ysu34/hamlib/dia_e2e/maxcut_18_5.txt,ours_sym,30,0.708
AMORTSPMSPM,/mnt/beegfs/ysu34/hamlib/dia_e2e/maxcut_18_5.txt,ours_sym,100,1.298
AMORTCSV,/mnt/beegfs/ysu34/hamlib/dia_e2e/maxcut_20_5.txt,didx,1,4.223
AMORTCSV,/mnt/beegfs/ysu34/hamlib/dia_e2e/maxcut_20_5.txt,didx,10,4.178
AMORTCSV,/mnt/beegfs/ysu34/hamlib/dia_e2e/maxcut_20_5.txt,didx,100,4.973
AMORTCSV,/mnt/beegfs/ysu34/hamlib/dia_e2e/maxcut_20_5.txt,didx,1000,12.392
AMORTCSV,/mnt/beegfs/ysu34/hamlib/dia_e2e/maxcut_20_5.txt,didx,10000,86.838
AMORTCSV,/mnt/beegfs/ysu34/hamlib/dia_e2e/maxcut_20_5.txt,didx_sym,1,4.533
AMORTCSV,/mnt/beegfs/ysu34/hamlib/dia_e2e/maxcut_20_5.txt,didx_sym,10,4.184
AMORTCSV,/mnt/beegfs/ysu34/hamlib/dia_e2e/maxcut_20_5.txt,didx_sym,100,4.916
AMORTCSV,/mnt/beegfs/ysu34/hamlib/dia_e2e/maxcut_20_5.txt,didx_sym,1000,12.565
AMORTCSV,/mnt/beegfs/ysu34/hamlib/dia_e2e/maxcut_20_5.txt,didx_sym,10000,89.057
AMORTSPMSPM,/mnt/beegfs/ysu34/hamlib/dia_e2e/maxcut_20_5.txt,ours_flat,1,4.171
AMORTSPMSPM,/mnt/beegfs/ysu34/hamlib/dia_e2e/maxcut_20_5.txt,ours_flat,3,3.441
AMORTSPMSPM,/mnt/beegfs/ysu34/hamlib/dia_e2e/maxcut_20_5.txt,ours_flat,10,3.321
AMORTSPMSPM,/mnt/beegfs/ysu34/hamlib/dia_e2e/maxcut_20_5.txt,ours_flat,30,3.498
AMORTSPMSPM,/mnt/beegfs/ysu34/hamlib/dia_e2e/maxcut_20_5.txt,ours_flat,100,4.196
AMORTSPMSPM,/mnt/beegfs/ysu34/hamlib/dia_e2e/maxcut_20_5.txt,ours_sym,1,2.754
AMORTSPMSPM,/mnt/beegfs/ysu34/hamlib/dia_e2e/maxcut_20_5.txt,ours_sym,3,1.434
AMORTSPMSPM,/mnt/beegfs/ysu34/hamlib/dia_e2e/maxcut_20_5.txt,ours_sym,10,1.485
AMORTSPMSPM,/mnt/beegfs/ysu34/hamlib/dia_e2e/maxcut_20_5.txt,ours_sym,30,1.698
AMORTSPMSPM,/mnt/beegfs/ysu34/hamlib/dia_e2e/maxcut_20_5.txt,ours_sym,100,2.673
# DIA_TRIM 1e-08: D 1243 -> 867
AMORTCSV,/mnt/beegfs/ysu34/hamlib/dia_e2e/O2c_16_5.txt,didx,1,95.265
AMORTCSV,/mnt/beegfs/ysu34/hamlib/dia_e2e/O2c_16_5.txt,didx,10,96.128
AMORTCSV,/mnt/beegfs/ysu34/hamlib/dia_e2e/O2c_16_5.txt,didx,100,102.255
AMORTCSV,/mnt/beegfs/ysu34/hamlib/dia_e2e/O2c_16_5.txt,didx,1000,162.822
AMORTCSV,/mnt/beegfs/ysu34/hamlib/dia_e2e/O2c_16_5.txt,didx,10000,768.938
# didx_sym arm skipped (non-symmetric or Dup>128)
# DIA_TRIM 1e-08: D 1243 -> 867
AMORTSPMSPM,/mnt/beegfs/ysu34/hamlib/dia_e2e/O2c_16_5.txt,ours_flat,1,829.269
AMORTSPMSPM,/mnt/beegfs/ysu34/hamlib/dia_e2e/O2c_16_5.txt,ours_flat,3,1090.880
AMORTSPMSPM,/mnt/beegfs/ysu34/hamlib/dia_e2e/O2c_16_5.txt,ours_flat,10,2013.355
AMORTSPMSPM,/mnt/beegfs/ysu34/hamlib/dia_e2e/O2c_16_5.txt,ours_flat,30,4646.275
AMORTSPMSPM,/mnt/beegfs/ysu34/hamlib/dia_e2e/O2c_16_5.txt,ours_flat,100,13870.166
AMORTSPMSPM,/mnt/beegfs/ysu34/hamlib/dia_e2e/O2c_16_5.txt,ours_sym,1,195.265
AMORTSPMSPM,/mnt/beegfs/ysu34/hamlib/dia_e2e/O2c_16_5.txt,ours_sym,3,271.060
AMORTSPMSPM,/mnt/beegfs/ysu34/hamlib/dia_e2e/O2c_16_5.txt,ours_sym,10,707.784
AMORTSPMSPM,/mnt/beegfs/ysu34/hamlib/dia_e2e/O2c_16_5.txt,ours_sym,30,1959.047
AMORTSPMSPM,/mnt/beegfs/ysu34/hamlib/dia_e2e/O2c_16_5.txt,ours_sym,100,6342.005
# DIA_TRIM 1e-08: D 3359 -> 2367
AMORTCSV,/mnt/beegfs/ysu34/hamlib/dia_e2e/O2c_20_5.txt,didx,1,5609.457
AMORTCSV,/mnt/beegfs/ysu34/hamlib/dia_e2e/O2c_20_5.txt,didx,10,5677.678
AMORTCSV,/mnt/beegfs/ysu34/hamlib/dia_e2e/O2c_20_5.txt,didx,100,5920.422
AMORTCSV,/mnt/beegfs/ysu34/hamlib/dia_e2e/O2c_20_5.txt,didx,1000,8396.906
AMORTCSV,/mnt/beegfs/ysu34/hamlib/dia_e2e/O2c_20_5.txt,didx,10000,33306.609
# didx_sym arm skipped (non-symmetric or Dup>128)
# DIA_TRIM 1e-08: D 3359 -> 2367
AMORTSPMSPM,/mnt/beegfs/ysu34/hamlib/dia_e2e/O2c_20_5.txt,ours_flat,1,OOM
AMORTSPMSPM,/mnt/beegfs/ysu34/hamlib/dia_e2e/O2c_20_5.txt,ours_sym,1,OOM
AMORTCSV,/mnt/beegfs/ysu34/hamlib/dia_e2e/qmaxcut_16_4.txt,didx,1,6.043
AMORTCSV,/mnt/beegfs/ysu34/hamlib/dia_e2e/qmaxcut_16_4.txt,didx,10,6.457
AMORTCSV,/mnt/beegfs/ysu34/hamlib/dia_e2e/qmaxcut_16_4.txt,didx,100,6.974
AMORTCSV,/mnt/beegfs/ysu34/hamlib/dia_e2e/qmaxcut_16_4.txt,didx,1000,13.055
AMORTCSV,/mnt/beegfs/ysu34/hamlib/dia_e2e/qmaxcut_16_4.txt,didx,10000,65.915
AMORTCSV,/mnt/beegfs/ysu34/hamlib/dia_e2e/qmaxcut_16_4.txt,didx_sym,1,1.864
AMORTCSV,/mnt/beegfs/ysu34/hamlib/dia_e2e/qmaxcut_16_4.txt,didx_sym,10,1.922
AMORTCSV,/mnt/beegfs/ysu34/hamlib/dia_e2e/qmaxcut_16_4.txt,didx_sym,100,2.517
AMORTCSV,/mnt/beegfs/ysu34/hamlib/dia_e2e/qmaxcut_16_4.txt,didx_sym,1000,8.489
AMORTCSV,/mnt/beegfs/ysu34/hamlib/dia_e2e/qmaxcut_16_4.txt,didx_sym,10000,68.963
AMORTSPMSPM,/mnt/beegfs/ysu34/hamlib/dia_e2e/qmaxcut_16_4.txt,ours_flat,1,1.596
AMORTSPMSPM,/mnt/beegfs/ysu34/hamlib/dia_e2e/qmaxcut_16_4.txt,ours_flat,3,2.371
AMORTSPMSPM,/mnt/beegfs/ysu34/hamlib/dia_e2e/qmaxcut_16_4.txt,ours_flat,10,3.110
AMORTSPMSPM,/mnt/beegfs/ysu34/hamlib/dia_e2e/qmaxcut_16_4.txt,ours_flat,30,5.274
AMORTSPMSPM,/mnt/beegfs/ysu34/hamlib/dia_e2e/qmaxcut_16_4.txt,ours_flat,100,12.791
AMORTSPMSPM,/mnt/beegfs/ysu34/hamlib/dia_e2e/qmaxcut_16_4.txt,ours_sym,1,1.812
AMORTSPMSPM,/mnt/beegfs/ysu34/hamlib/dia_e2e/qmaxcut_16_4.txt,ours_sym,3,1.578
AMORTSPMSPM,/mnt/beegfs/ysu34/hamlib/dia_e2e/qmaxcut_16_4.txt,ours_sym,10,2.082
AMORTSPMSPM,/mnt/beegfs/ysu34/hamlib/dia_e2e/qmaxcut_16_4.txt,ours_sym,30,3.536
AMORTSPMSPM,/mnt/beegfs/ysu34/hamlib/dia_e2e/qmaxcut_16_4.txt,ours_sym,100,8.663
AMORTCSV,/mnt/beegfs/ysu34/hamlib/dia_e2e/qmaxcut_18_4.txt,didx,1,13.292
AMORTCSV,/mnt/beegfs/ysu34/hamlib/dia_e2e/qmaxcut_18_4.txt,didx,10,13.238
AMORTCSV,/mnt/beegfs/ysu34/hamlib/dia_e2e/qmaxcut_18_4.txt,didx,100,14.367
AMORTCSV,/mnt/beegfs/ysu34/hamlib/dia_e2e/qmaxcut_18_4.txt,didx,1000,25.617
AMORTCSV,/mnt/beegfs/ysu34/hamlib/dia_e2e/qmaxcut_18_4.txt,didx,10000,138.094
AMORTCSV,/mnt/beegfs/ysu34/hamlib/dia_e2e/qmaxcut_18_4.txt,didx_sym,1,8.358
AMORTCSV,/mnt/beegfs/ysu34/hamlib/dia_e2e/qmaxcut_18_4.txt,didx_sym,10,8.348
AMORTCSV,/mnt/beegfs/ysu34/hamlib/dia_e2e/qmaxcut_18_4.txt,didx_sym,100,9.442
AMORTCSV,/mnt/beegfs/ysu34/hamlib/dia_e2e/qmaxcut_18_4.txt,didx_sym,1000,20.898
AMORTCSV,/mnt/beegfs/ysu34/hamlib/dia_e2e/qmaxcut_18_4.txt,didx_sym,10000,133.916
AMORTSPMSPM,/mnt/beegfs/ysu34/hamlib/dia_e2e/qmaxcut_18_4.txt,ours_flat,1,5.047
AMORTSPMSPM,/mnt/beegfs/ysu34/hamlib/dia_e2e/qmaxcut_18_4.txt,ours_flat,3,11.279
AMORTSPMSPM,/mnt/beegfs/ysu34/hamlib/dia_e2e/qmaxcut_18_4.txt,ours_flat,10,15.065
AMORTSPMSPM,/mnt/beegfs/ysu34/hamlib/dia_e2e/qmaxcut_18_4.txt,ours_flat,30,25.861
AMORTSPMSPM,/mnt/beegfs/ysu34/hamlib/dia_e2e/qmaxcut_18_4.txt,ours_flat,100,63.531
AMORTSPMSPM,/mnt/beegfs/ysu34/hamlib/dia_e2e/qmaxcut_18_4.txt,ours_sym,1,8.570
AMORTSPMSPM,/mnt/beegfs/ysu34/hamlib/dia_e2e/qmaxcut_18_4.txt,ours_sym,3,6.891
AMORTSPMSPM,/mnt/beegfs/ysu34/hamlib/dia_e2e/qmaxcut_18_4.txt,ours_sym,10,9.370
AMORTSPMSPM,/mnt/beegfs/ysu34/hamlib/dia_e2e/qmaxcut_18_4.txt,ours_sym,30,16.499
AMORTSPMSPM,/mnt/beegfs/ysu34/hamlib/dia_e2e/qmaxcut_18_4.txt,ours_sym,100,41.570
AMORTCSV,/mnt/beegfs/ysu34/hamlib/dia_e2e/qmaxcut_20_4.txt,didx,1,84.425
AMORTCSV,/mnt/beegfs/ysu34/hamlib/dia_e2e/qmaxcut_20_4.txt,didx,10,85.219
AMORTCSV,/mnt/beegfs/ysu34/hamlib/dia_e2e/qmaxcut_20_4.txt,didx,100,90.469
AMORTCSV,/mnt/beegfs/ysu34/hamlib/dia_e2e/qmaxcut_20_4.txt,didx,1000,145.655
AMORTCSV,/mnt/beegfs/ysu34/hamlib/dia_e2e/qmaxcut_20_4.txt,didx,10000,695.046
AMORTCSV,/mnt/beegfs/ysu34/hamlib/dia_e2e/qmaxcut_20_4.txt,didx_sym,1,36.600
AMORTCSV,/mnt/beegfs/ysu34/hamlib/dia_e2e/qmaxcut_20_4.txt,didx_sym,10,37.298
AMORTCSV,/mnt/beegfs/ysu34/hamlib/dia_e2e/qmaxcut_20_4.txt,didx_sym,100,43.394
AMORTCSV,/mnt/beegfs/ysu34/hamlib/dia_e2e/qmaxcut_20_4.txt,didx_sym,1000,100.025
AMORTCSV,/mnt/beegfs/ysu34/hamlib/dia_e2e/qmaxcut_20_4.txt,didx_sym,10000,670.158
AMORTSPMSPM,/mnt/beegfs/ysu34/hamlib/dia_e2e/qmaxcut_20_4.txt,ours_flat,1,18.423
AMORTSPMSPM,/mnt/beegfs/ysu34/hamlib/dia_e2e/qmaxcut_20_4.txt,ours_flat,3,54.685
AMORTSPMSPM,/mnt/beegfs/ysu34/hamlib/dia_e2e/qmaxcut_20_4.txt,ours_flat,10,74.726
AMORTSPMSPM,/mnt/beegfs/ysu34/hamlib/dia_e2e/qmaxcut_20_4.txt,ours_flat,30,131.200
AMORTSPMSPM,/mnt/beegfs/ysu34/hamlib/dia_e2e/qmaxcut_20_4.txt,ours_flat,100,328.901
AMORTSPMSPM,/mnt/beegfs/ysu34/hamlib/dia_e2e/qmaxcut_20_4.txt,ours_sym,1,41.417
AMORTSPMSPM,/mnt/beegfs/ysu34/hamlib/dia_e2e/qmaxcut_20_4.txt,ours_sym,3,32.823
AMORTSPMSPM,/mnt/beegfs/ysu34/hamlib/dia_e2e/qmaxcut_20_4.txt,ours_sym,10,45.735
AMORTSPMSPM,/mnt/beegfs/ysu34/hamlib/dia_e2e/qmaxcut_20_4.txt,ours_sym,30,82.837
AMORTSPMSPM,/mnt/beegfs/ysu34/hamlib/dia_e2e/qmaxcut_20_4.txt,ours_sym,100,211.911
AMORTCSV,/mnt/beegfs/ysu34/hamlib/dia_e2e/qmaxcutC_18_4.txt,didx,1,58.349
AMORTCSV,/mnt/beegfs/ysu34/hamlib/dia_e2e/qmaxcutC_18_4.txt,didx,10,58.261
AMORTCSV,/mnt/beegfs/ysu34/hamlib/dia_e2e/qmaxcutC_18_4.txt,didx,100,60.805
AMORTCSV,/mnt/beegfs/ysu34/hamlib/dia_e2e/qmaxcutC_18_4.txt,didx,1000,84.219
AMORTCSV,/mnt/beegfs/ysu34/hamlib/dia_e2e/qmaxcutC_18_4.txt,didx,10000,318.488
AMORTCSV,/mnt/beegfs/ysu34/hamlib/dia_e2e/qmaxcutC_18_4.txt,didx_sym,1,25.874
AMORTCSV,/mnt/beegfs/ysu34/hamlib/dia_e2e/qmaxcutC_18_4.txt,didx_sym,10,26.027
AMORTCSV,/mnt/beegfs/ysu34/hamlib/dia_e2e/qmaxcutC_18_4.txt,didx_sym,100,28.579
AMORTCSV,/mnt/beegfs/ysu34/hamlib/dia_e2e/qmaxcutC_18_4.txt,didx_sym,1000,51.515
AMORTCSV,/mnt/beegfs/ysu34/hamlib/dia_e2e/qmaxcutC_18_4.txt,didx_sym,10000,281.996
AMORTSPMSPM,/mnt/beegfs/ysu34/hamlib/dia_e2e/qmaxcutC_18_4.txt,ours_flat,1,20.419
AMORTSPMSPM,/mnt/beegfs/ysu34/hamlib/dia_e2e/qmaxcutC_18_4.txt,ours_flat,3,67.248
AMORTSPMSPM,/mnt/beegfs/ysu34/hamlib/dia_e2e/qmaxcutC_18_4.txt,ours_flat,10,105.422
AMORTSPMSPM,/mnt/beegfs/ysu34/hamlib/dia_e2e/qmaxcutC_18_4.txt,ours_flat,30,213.844
AMORTSPMSPM,/mnt/beegfs/ysu34/hamlib/dia_e2e/qmaxcutC_18_4.txt,ours_flat,100,593.693
AMORTSPMSPM,/mnt/beegfs/ysu34/hamlib/dia_e2e/qmaxcutC_18_4.txt,ours_sym,1,47.496
AMORTSPMSPM,/mnt/beegfs/ysu34/hamlib/dia_e2e/qmaxcutC_18_4.txt,ours_sym,3,38.113
AMORTSPMSPM,/mnt/beegfs/ysu34/hamlib/dia_e2e/qmaxcutC_18_4.txt,ours_sym,10,59.372
AMORTSPMSPM,/mnt/beegfs/ysu34/hamlib/dia_e2e/qmaxcutC_18_4.txt,ours_sym,30,120.319
AMORTSPMSPM,/mnt/beegfs/ysu34/hamlib/dia_e2e/qmaxcutC_18_4.txt,ours_sym,100,333.308
AMORTCSV,/mnt/beegfs/ysu34/hamlib/dia_e2e/qmaxcutK_18_4.txt,didx,1,11.052
AMORTCSV,/mnt/beegfs/ysu34/hamlib/dia_e2e/qmaxcutK_18_4.txt,didx,10,11.050
AMORTCSV,/mnt/beegfs/ysu34/hamlib/dia_e2e/qmaxcutK_18_4.txt,didx,100,12.014
AMORTCSV,/mnt/beegfs/ysu34/hamlib/dia_e2e/qmaxcutK_18_4.txt,didx,1000,19.803
AMORTCSV,/mnt/beegfs/ysu34/hamlib/dia_e2e/qmaxcutK_18_4.txt,didx,10000,98.361
AMORTCSV,/mnt/beegfs/ysu34/hamlib/dia_e2e/qmaxcutK_18_4.txt,didx_sym,1,7.534
AMORTCSV,/mnt/beegfs/ysu34/hamlib/dia_e2e/qmaxcutK_18_4.txt,didx_sym,10,7.553
AMORTCSV,/mnt/beegfs/ysu34/hamlib/dia_e2e/qmaxcutK_18_4.txt,didx_sym,100,8.426
AMORTCSV,/mnt/beegfs/ysu34/hamlib/dia_e2e/qmaxcutK_18_4.txt,didx_sym,1000,17.017
AMORTCSV,/mnt/beegfs/ysu34/hamlib/dia_e2e/qmaxcutK_18_4.txt,didx_sym,10000,104.881
AMORTSPMSPM,/mnt/beegfs/ysu34/hamlib/dia_e2e/qmaxcutK_18_4.txt,ours_flat,1,3.924
AMORTSPMSPM,/mnt/beegfs/ysu34/hamlib/dia_e2e/qmaxcutK_18_4.txt,ours_flat,3,6.746
AMORTSPMSPM,/mnt/beegfs/ysu34/hamlib/dia_e2e/qmaxcutK_18_4.txt,ours_flat,10,9.304
AMORTSPMSPM,/mnt/beegfs/ysu34/hamlib/dia_e2e/qmaxcutK_18_4.txt,ours_flat,30,16.636
AMORTSPMSPM,/mnt/beegfs/ysu34/hamlib/dia_e2e/qmaxcutK_18_4.txt,ours_flat,100,42.175
AMORTSPMSPM,/mnt/beegfs/ysu34/hamlib/dia_e2e/qmaxcutK_18_4.txt,ours_sym,1,4.445
AMORTSPMSPM,/mnt/beegfs/ysu34/hamlib/dia_e2e/qmaxcutK_18_4.txt,ours_sym,3,4.530
AMORTSPMSPM,/mnt/beegfs/ysu34/hamlib/dia_e2e/qmaxcutK_18_4.txt,ours_sym,10,6.028
AMORTSPMSPM,/mnt/beegfs/ysu34/hamlib/dia_e2e/qmaxcutK_18_4.txt,ours_sym,30,10.428
AMORTSPMSPM,/mnt/beegfs/ysu34/hamlib/dia_e2e/qmaxcutK_18_4.txt,ours_sym,100,25.776
AMORTCSV,/mnt/beegfs/ysu34/hamlib/dia_e2e/qmaxcutR_18_3.txt,didx,1,5.269
AMORTCSV,/mnt/beegfs/ysu34/hamlib/dia_e2e/qmaxcutR_18_3.txt,didx,10,5.277
AMORTCSV,/mnt/beegfs/ysu34/hamlib/dia_e2e/qmaxcutR_18_3.txt,didx,100,5.790
AMORTCSV,/mnt/beegfs/ysu34/hamlib/dia_e2e/qmaxcutR_18_3.txt,didx,1000,11.885
AMORTCSV,/mnt/beegfs/ysu34/hamlib/dia_e2e/qmaxcutR_18_3.txt,didx,10000,72.529
AMORTCSV,/mnt/beegfs/ysu34/hamlib/dia_e2e/qmaxcutR_18_3.txt,didx_sym,1,3.641
AMORTCSV,/mnt/beegfs/ysu34/hamlib/dia_e2e/qmaxcutR_18_3.txt,didx_sym,10,3.648
AMORTCSV,/mnt/beegfs/ysu34/hamlib/dia_e2e/qmaxcutR_18_3.txt,didx_sym,100,4.197
AMORTCSV,/mnt/beegfs/ysu34/hamlib/dia_e2e/qmaxcutR_18_3.txt,didx_sym,1000,11.214
AMORTCSV,/mnt/beegfs/ysu34/hamlib/dia_e2e/qmaxcutR_18_3.txt,didx_sym,10000,80.880
AMORTSPMSPM,/mnt/beegfs/ysu34/hamlib/dia_e2e/qmaxcutR_18_3.txt,ours_flat,1,2.226
AMORTSPMSPM,/mnt/beegfs/ysu34/hamlib/dia_e2e/qmaxcutR_18_3.txt,ours_flat,3,2.190
AMORTSPMSPM,/mnt/beegfs/ysu34/hamlib/dia_e2e/qmaxcutR_18_3.txt,ours_flat,10,2.645
AMORTSPMSPM,/mnt/beegfs/ysu34/hamlib/dia_e2e/qmaxcutR_18_3.txt,ours_flat,30,4.314
AMORTSPMSPM,/mnt/beegfs/ysu34/hamlib/dia_e2e/qmaxcutR_18_3.txt,ours_flat,100,10.082
AMORTSPMSPM,/mnt/beegfs/ysu34/hamlib/dia_e2e/qmaxcutR_18_3.txt,ours_sym,1,1.491
AMORTSPMSPM,/mnt/beegfs/ysu34/hamlib/dia_e2e/qmaxcutR_18_3.txt,ours_sym,3,1.574
AMORTSPMSPM,/mnt/beegfs/ysu34/hamlib/dia_e2e/qmaxcutR_18_3.txt,ours_sym,10,1.922
AMORTSPMSPM,/mnt/beegfs/ysu34/hamlib/dia_e2e/qmaxcutR_18_3.txt,ours_sym,30,2.918
AMORTSPMSPM,/mnt/beegfs/ysu34/hamlib/dia_e2e/qmaxcutR_18_3.txt,ours_sym,100,6.388
AMORTCSV,/mnt/beegfs/ysu34/hamlib/dia_e2e/tfim_16_4.txt,didx,1,6.408
AMORTCSV,/mnt/beegfs/ysu34/hamlib/dia_e2e/tfim_16_4.txt,didx,10,5.847
AMORTCSV,/mnt/beegfs/ysu34/hamlib/dia_e2e/tfim_16_4.txt,didx,100,6.638
AMORTCSV,/mnt/beegfs/ysu34/hamlib/dia_e2e/tfim_16_4.txt,didx,1000,12.996
AMORTCSV,/mnt/beegfs/ysu34/hamlib/dia_e2e/tfim_16_4.txt,didx,10000,78.078
AMORTCSV,/mnt/beegfs/ysu34/hamlib/dia_e2e/tfim_16_4.txt,didx_sym,1,3.341
AMORTCSV,/mnt/beegfs/ysu34/hamlib/dia_e2e/tfim_16_4.txt,didx_sym,10,3.298
AMORTCSV,/mnt/beegfs/ysu34/hamlib/dia_e2e/tfim_16_4.txt,didx_sym,100,3.954
AMORTCSV,/mnt/beegfs/ysu34/hamlib/dia_e2e/tfim_16_4.txt,didx_sym,1000,10.004
AMORTCSV,/mnt/beegfs/ysu34/hamlib/dia_e2e/tfim_16_4.txt,didx_sym,10000,71.196
AMORTSPMSPM,/mnt/beegfs/ysu34/hamlib/dia_e2e/tfim_16_4.txt,ours_flat,1,2.247
AMORTSPMSPM,/mnt/beegfs/ysu34/hamlib/dia_e2e/tfim_16_4.txt,ours_flat,3,4.084
AMORTSPMSPM,/mnt/beegfs/ysu34/hamlib/dia_e2e/tfim_16_4.txt,ours_flat,10,5.665
AMORTSPMSPM,/mnt/beegfs/ysu34/hamlib/dia_e2e/tfim_16_4.txt,ours_flat,30,10.303
AMORTSPMSPM,/mnt/beegfs/ysu34/hamlib/dia_e2e/tfim_16_4.txt,ours_flat,100,26.296
AMORTSPMSPM,/mnt/beegfs/ysu34/hamlib/dia_e2e/tfim_16_4.txt,ours_sym,1,2.928
AMORTSPMSPM,/mnt/beegfs/ysu34/hamlib/dia_e2e/tfim_16_4.txt,ours_sym,3,2.580
AMORTSPMSPM,/mnt/beegfs/ysu34/hamlib/dia_e2e/tfim_16_4.txt,ours_sym,10,3.612
AMORTSPMSPM,/mnt/beegfs/ysu34/hamlib/dia_e2e/tfim_16_4.txt,ours_sym,30,6.541
AMORTSPMSPM,/mnt/beegfs/ysu34/hamlib/dia_e2e/tfim_16_4.txt,ours_sym,100,16.903
AMORTCSV,/mnt/beegfs/ysu34/hamlib/dia_e2e/tfim_16_5.txt,didx,1,6.374
AMORTCSV,/mnt/beegfs/ysu34/hamlib/dia_e2e/tfim_16_5.txt,didx,10,5.853
AMORTCSV,/mnt/beegfs/ysu34/hamlib/dia_e2e/tfim_16_5.txt,didx,100,6.568
AMORTCSV,/mnt/beegfs/ysu34/hamlib/dia_e2e/tfim_16_5.txt,didx,1000,12.979
AMORTCSV,/mnt/beegfs/ysu34/hamlib/dia_e2e/tfim_16_5.txt,didx,10000,78.365
AMORTCSV,/mnt/beegfs/ysu34/hamlib/dia_e2e/tfim_16_5.txt,didx_sym,1,3.230
AMORTCSV,/mnt/beegfs/ysu34/hamlib/dia_e2e/tfim_16_5.txt,didx_sym,10,3.235
AMORTCSV,/mnt/beegfs/ysu34/hamlib/dia_e2e/tfim_16_5.txt,didx_sym,100,3.847
AMORTCSV,/mnt/beegfs/ysu34/hamlib/dia_e2e/tfim_16_5.txt,didx_sym,1000,9.939
AMORTCSV,/mnt/beegfs/ysu34/hamlib/dia_e2e/tfim_16_5.txt,didx_sym,10000,70.746
AMORTSPMSPM,/mnt/beegfs/ysu34/hamlib/dia_e2e/tfim_16_5.txt,ours_flat,1,2.283
AMORTSPMSPM,/mnt/beegfs/ysu34/hamlib/dia_e2e/tfim_16_5.txt,ours_flat,3,4.120
AMORTSPMSPM,/mnt/beegfs/ysu34/hamlib/dia_e2e/tfim_16_5.txt,ours_flat,10,5.682
AMORTSPMSPM,/mnt/beegfs/ysu34/hamlib/dia_e2e/tfim_16_5.txt,ours_flat,30,10.292
AMORTSPMSPM,/mnt/beegfs/ysu34/hamlib/dia_e2e/tfim_16_5.txt,ours_flat,100,26.313
AMORTSPMSPM,/mnt/beegfs/ysu34/hamlib/dia_e2e/tfim_16_5.txt,ours_sym,1,2.923
AMORTSPMSPM,/mnt/beegfs/ysu34/hamlib/dia_e2e/tfim_16_5.txt,ours_sym,3,2.589
AMORTSPMSPM,/mnt/beegfs/ysu34/hamlib/dia_e2e/tfim_16_5.txt,ours_sym,10,3.591
AMORTSPMSPM,/mnt/beegfs/ysu34/hamlib/dia_e2e/tfim_16_5.txt,ours_sym,30,6.554
AMORTSPMSPM,/mnt/beegfs/ysu34/hamlib/dia_e2e/tfim_16_5.txt,ours_sym,100,16.920
AMORTCSV,/mnt/beegfs/ysu34/hamlib/dia_e2e/tfim_18_4.txt,didx,1,47.408
AMORTCSV,/mnt/beegfs/ysu34/hamlib/dia_e2e/tfim_18_4.txt,didx,10,46.434
AMORTCSV,/mnt/beegfs/ysu34/hamlib/dia_e2e/tfim_18_4.txt,didx,100,48.622
AMORTCSV,/mnt/beegfs/ysu34/hamlib/dia_e2e/tfim_18_4.txt,didx,1000,68.344
AMORTCSV,/mnt/beegfs/ysu34/hamlib/dia_e2e/tfim_18_4.txt,didx,10000,266.541
AMORTCSV,/mnt/beegfs/ysu34/hamlib/dia_e2e/tfim_18_4.txt,didx_sym,1,15.209
AMORTCSV,/mnt/beegfs/ysu34/hamlib/dia_e2e/tfim_18_4.txt,didx_sym,10,14.926
AMORTCSV,/mnt/beegfs/ysu34/hamlib/dia_e2e/tfim_18_4.txt,didx_sym,100,16.425
AMORTCSV,/mnt/beegfs/ysu34/hamlib/dia_e2e/tfim_18_4.txt,didx_sym,1000,30.479
AMORTCSV,/mnt/beegfs/ysu34/hamlib/dia_e2e/tfim_18_4.txt,didx_sym,10000,170.068
AMORTSPMSPM,/mnt/beegfs/ysu34/hamlib/dia_e2e/tfim_18_4.txt,ours_flat,1,7.411
AMORTSPMSPM,/mnt/beegfs/ysu34/hamlib/dia_e2e/tfim_18_4.txt,ours_flat,3,21.369
AMORTSPMSPM,/mnt/beegfs/ysu34/hamlib/dia_e2e/tfim_18_4.txt,ours_flat,10,31.594
AMORTSPMSPM,/mnt/beegfs/ysu34/hamlib/dia_e2e/tfim_18_4.txt,ours_flat,30,60.615
AMORTSPMSPM,/mnt/beegfs/ysu34/hamlib/dia_e2e/tfim_18_4.txt,ours_flat,100,161.857
AMORTSPMSPM,/mnt/beegfs/ysu34/hamlib/dia_e2e/tfim_18_4.txt,ours_sym,1,15.072
AMORTSPMSPM,/mnt/beegfs/ysu34/hamlib/dia_e2e/tfim_18_4.txt,ours_sym,3,12.891
AMORTSPMSPM,/mnt/beegfs/ysu34/hamlib/dia_e2e/tfim_18_4.txt,ours_sym,10,18.621
AMORTSPMSPM,/mnt/beegfs/ysu34/hamlib/dia_e2e/tfim_18_4.txt,ours_sym,30,35.129
AMORTSPMSPM,/mnt/beegfs/ysu34/hamlib/dia_e2e/tfim_18_4.txt,ours_sym,100,92.605
AMORTCSV,/mnt/beegfs/ysu34/hamlib/dia_e2e/tfim_18_5.txt,didx,1,47.653
AMORTCSV,/mnt/beegfs/ysu34/hamlib/dia_e2e/tfim_18_5.txt,didx,10,46.567
AMORTCSV,/mnt/beegfs/ysu34/hamlib/dia_e2e/tfim_18_5.txt,didx,100,48.771
AMORTCSV,/mnt/beegfs/ysu34/hamlib/dia_e2e/tfim_18_5.txt,didx,1000,68.755
AMORTCSV,/mnt/beegfs/ysu34/hamlib/dia_e2e/tfim_18_5.txt,didx,10000,267.151
AMORTCSV,/mnt/beegfs/ysu34/hamlib/dia_e2e/tfim_18_5.txt,didx_sym,1,14.872
AMORTCSV,/mnt/beegfs/ysu34/hamlib/dia_e2e/tfim_18_5.txt,didx_sym,10,14.970
AMORTCSV,/mnt/beegfs/ysu34/hamlib/dia_e2e/tfim_18_5.txt,didx_sym,100,16.336
AMORTCSV,/mnt/beegfs/ysu34/hamlib/dia_e2e/tfim_18_5.txt,didx_sym,1000,30.361
AMORTCSV,/mnt/beegfs/ysu34/hamlib/dia_e2e/tfim_18_5.txt,didx_sym,10000,170.134
AMORTSPMSPM,/mnt/beegfs/ysu34/hamlib/dia_e2e/tfim_18_5.txt,ours_flat,1,7.364
AMORTSPMSPM,/mnt/beegfs/ysu34/hamlib/dia_e2e/tfim_18_5.txt,ours_flat,3,21.410
AMORTSPMSPM,/mnt/beegfs/ysu34/hamlib/dia_e2e/tfim_18_5.txt,ours_flat,10,31.654
AMORTSPMSPM,/mnt/beegfs/ysu34/hamlib/dia_e2e/tfim_18_5.txt,ours_flat,30,60.642
AMORTSPMSPM,/mnt/beegfs/ysu34/hamlib/dia_e2e/tfim_18_5.txt,ours_flat,100,161.870
AMORTSPMSPM,/mnt/beegfs/ysu34/hamlib/dia_e2e/tfim_18_5.txt,ours_sym,1,15.164
AMORTSPMSPM,/mnt/beegfs/ysu34/hamlib/dia_e2e/tfim_18_5.txt,ours_sym,3,12.960
AMORTSPMSPM,/mnt/beegfs/ysu34/hamlib/dia_e2e/tfim_18_5.txt,ours_sym,10,18.722
AMORTSPMSPM,/mnt/beegfs/ysu34/hamlib/dia_e2e/tfim_18_5.txt,ours_sym,30,35.224
AMORTSPMSPM,/mnt/beegfs/ysu34/hamlib/dia_e2e/tfim_18_5.txt,ours_sym,100,92.633
AMORTCSV,/mnt/beegfs/ysu34/hamlib/dia_e2e/tfim_20_5.txt,didx,1,228.936
AMORTCSV,/mnt/beegfs/ysu34/hamlib/dia_e2e/tfim_20_5.txt,didx,10,228.025
AMORTCSV,/mnt/beegfs/ysu34/hamlib/dia_e2e/tfim_20_5.txt,didx,100,238.342
AMORTCSV,/mnt/beegfs/ysu34/hamlib/dia_e2e/tfim_20_5.txt,didx,1000,333.738
AMORTCSV,/mnt/beegfs/ysu34/hamlib/dia_e2e/tfim_20_5.txt,didx,10000,1293.185
AMORTCSV,/mnt/beegfs/ysu34/hamlib/dia_e2e/tfim_20_5.txt,didx_sym,1,80.462
AMORTCSV,/mnt/beegfs/ysu34/hamlib/dia_e2e/tfim_20_5.txt,didx_sym,10,79.960
AMORTCSV,/mnt/beegfs/ysu34/hamlib/dia_e2e/tfim_20_5.txt,didx_sym,100,86.282
AMORTCSV,/mnt/beegfs/ysu34/hamlib/dia_e2e/tfim_20_5.txt,didx_sym,1000,154.982
AMORTCSV,/mnt/beegfs/ysu34/hamlib/dia_e2e/tfim_20_5.txt,didx_sym,10000,844.275
AMORTSPMSPM,/mnt/beegfs/ysu34/hamlib/dia_e2e/tfim_20_5.txt,ours_flat,1,31.859
AMORTSPMSPM,/mnt/beegfs/ysu34/hamlib/dia_e2e/tfim_20_5.txt,ours_flat,3,105.233
AMORTSPMSPM,/mnt/beegfs/ysu34/hamlib/dia_e2e/tfim_20_5.txt,ours_flat,10,156.861
AMORTSPMSPM,/mnt/beegfs/ysu34/hamlib/dia_e2e/tfim_20_5.txt,ours_flat,30,303.798
AMORTSPMSPM,/mnt/beegfs/ysu34/hamlib/dia_e2e/tfim_20_5.txt,ours_flat,100,818.593
AMORTSPMSPM,/mnt/beegfs/ysu34/hamlib/dia_e2e/tfim_20_5.txt,ours_sym,1,75.070
AMORTSPMSPM,/mnt/beegfs/ysu34/hamlib/dia_e2e/tfim_20_5.txt,ours_sym,3,62.893
AMORTSPMSPM,/mnt/beegfs/ysu34/hamlib/dia_e2e/tfim_20_5.txt,ours_sym,10,93.718
AMORTSPMSPM,/mnt/beegfs/ysu34/hamlib/dia_e2e/tfim_20_5.txt,ours_sym,30,182.824
AMORTSPMSPM,/mnt/beegfs/ysu34/hamlib/dia_e2e/tfim_20_5.txt,ours_sym,100,493.298
AMORTCSV,/mnt/beegfs/ysu34/hamlib/dia_e2e/tsp_18_4.txt,didx,1,1.304
AMORTCSV,/mnt/beegfs/ysu34/hamlib/dia_e2e/tsp_18_4.txt,didx,10,1.297
AMORTCSV,/mnt/beegfs/ysu34/hamlib/dia_e2e/tsp_18_4.txt,didx,100,1.723
AMORTCSV,/mnt/beegfs/ysu34/hamlib/dia_e2e/tsp_18_4.txt,didx,1000,5.871
AMORTCSV,/mnt/beegfs/ysu34/hamlib/dia_e2e/tsp_18_4.txt,didx,10000,47.635
AMORTCSV,/mnt/beegfs/ysu34/hamlib/dia_e2e/tsp_18_4.txt,didx_sym,1,1.181
AMORTCSV,/mnt/beegfs/ysu34/hamlib/dia_e2e/tsp_18_4.txt,didx_sym,10,1.245
AMORTCSV,/mnt/beegfs/ysu34/hamlib/dia_e2e/tsp_18_4.txt,didx_sym,100,1.638
AMORTCSV,/mnt/beegfs/ysu34/hamlib/dia_e2e/tsp_18_4.txt,didx_sym,1000,5.914
AMORTCSV,/mnt/beegfs/ysu34/hamlib/dia_e2e/tsp_18_4.txt,didx_sym,10000,48.405
AMORTSPMSPM,/mnt/beegfs/ysu34/hamlib/dia_e2e/tsp_18_4.txt,ours_flat,1,1.298
AMORTSPMSPM,/mnt/beegfs/ysu34/hamlib/dia_e2e/tsp_18_4.txt,ours_flat,3,1.151
AMORTSPMSPM,/mnt/beegfs/ysu34/hamlib/dia_e2e/tsp_18_4.txt,ours_flat,10,1.040
AMORTSPMSPM,/mnt/beegfs/ysu34/hamlib/dia_e2e/tsp_18_4.txt,ours_flat,30,1.150
AMORTSPMSPM,/mnt/beegfs/ysu34/hamlib/dia_e2e/tsp_18_4.txt,ours_flat,100,1.519
AMORTSPMSPM,/mnt/beegfs/ysu34/hamlib/dia_e2e/tsp_18_4.txt,ours_sym,1,0.830
AMORTSPMSPM,/mnt/beegfs/ysu34/hamlib/dia_e2e/tsp_18_4.txt,ours_sym,3,0.472
AMORTSPMSPM,/mnt/beegfs/ysu34/hamlib/dia_e2e/tsp_18_4.txt,ours_sym,10,0.518
AMORTSPMSPM,/mnt/beegfs/ysu34/hamlib/dia_e2e/tsp_18_4.txt,ours_sym,30,0.688
AMORTSPMSPM,/mnt/beegfs/ysu34/hamlib/dia_e2e/tsp_18_4.txt,ours_sym,100,1.280
AMORTCSV,/mnt/beegfs/ysu34/hamlib/dia_e2e/vibbf3_18_3.txt,didx,1,7.103
AMORTCSV,/mnt/beegfs/ysu34/hamlib/dia_e2e/vibbf3_18_3.txt,didx,10,7.225
AMORTCSV,/mnt/beegfs/ysu34/hamlib/dia_e2e/vibbf3_18_3.txt,didx,100,7.782
AMORTCSV,/mnt/beegfs/ysu34/hamlib/dia_e2e/vibbf3_18_3.txt,didx,1000,14.220
AMORTCSV,/mnt/beegfs/ysu34/hamlib/dia_e2e/vibbf3_18_3.txt,didx,10000,77.762
AMORTCSV,/mnt/beegfs/ysu34/hamlib/dia_e2e/vibbf3_18_3.txt,didx_sym,1,4.621
AMORTCSV,/mnt/beegfs/ysu34/hamlib/dia_e2e/vibbf3_18_3.txt,didx_sym,10,4.524
AMORTCSV,/mnt/beegfs/ysu34/hamlib/dia_e2e/vibbf3_18_3.txt,didx_sym,100,5.243
AMORTCSV,/mnt/beegfs/ysu34/hamlib/dia_e2e/vibbf3_18_3.txt,didx_sym,1000,12.345
AMORTCSV,/mnt/beegfs/ysu34/hamlib/dia_e2e/vibbf3_18_3.txt,didx_sym,10000,83.830
AMORTSPMSPM,/mnt/beegfs/ysu34/hamlib/dia_e2e/vibbf3_18_3.txt,ours_flat,1,2.651
AMORTSPMSPM,/mnt/beegfs/ysu34/hamlib/dia_e2e/vibbf3_18_3.txt,ours_flat,3,3.434
AMORTSPMSPM,/mnt/beegfs/ysu34/hamlib/dia_e2e/vibbf3_18_3.txt,ours_flat,10,4.313
AMORTSPMSPM,/mnt/beegfs/ysu34/hamlib/dia_e2e/vibbf3_18_3.txt,ours_flat,30,7.212
AMORTSPMSPM,/mnt/beegfs/ysu34/hamlib/dia_e2e/vibbf3_18_3.txt,ours_flat,100,17.379
AMORTSPMSPM,/mnt/beegfs/ysu34/hamlib/dia_e2e/vibbf3_18_3.txt,ours_sym,1,2.090
AMORTSPMSPM,/mnt/beegfs/ysu34/hamlib/dia_e2e/vibbf3_18_3.txt,ours_sym,3,2.291
AMORTSPMSPM,/mnt/beegfs/ysu34/hamlib/dia_e2e/vibbf3_18_3.txt,ours_sym,10,2.932
AMORTSPMSPM,/mnt/beegfs/ysu34/hamlib/dia_e2e/vibbf3_18_3.txt,ours_sym,30,4.778
AMORTSPMSPM,/mnt/beegfs/ysu34/hamlib/dia_e2e/vibbf3_18_3.txt,ours_sym,100,11.240
AMORTCSV,/mnt/beegfs/ysu34/hamlib/dia_suitesparse/atmosmodd.txt,didx,1,38.409
AMORTCSV,/mnt/beegfs/ysu34/hamlib/dia_suitesparse/atmosmodd.txt,didx,10,38.857
AMORTCSV,/mnt/beegfs/ysu34/hamlib/dia_suitesparse/atmosmodd.txt,didx,100,43.175
AMORTCSV,/mnt/beegfs/ysu34/hamlib/dia_suitesparse/atmosmodd.txt,didx,1000,85.842
AMORTCSV,/mnt/beegfs/ysu34/hamlib/dia_suitesparse/atmosmodd.txt,didx,10000,513.337
# didx_sym arm skipped (non-symmetric or Dup>128)
AMORTSPMSPM,/mnt/beegfs/ysu34/hamlib/dia_suitesparse/atmosmodd.txt,ours_flat,1,7.976
AMORTSPMSPM,/mnt/beegfs/ysu34/hamlib/dia_suitesparse/atmosmodd.txt,ours_flat,3,7.897
AMORTSPMSPM,/mnt/beegfs/ysu34/hamlib/dia_suitesparse/atmosmodd.txt,ours_flat,10,9.999
AMORTSPMSPM,/mnt/beegfs/ysu34/hamlib/dia_suitesparse/atmosmodd.txt,ours_flat,30,16.007
AMORTSPMSPM,/mnt/beegfs/ysu34/hamlib/dia_suitesparse/atmosmodd.txt,ours_flat,100,37.000
# ours_sym skipped: not numerically symmetric
AMORTCSV,/mnt/beegfs/ysu34/hamlib/dia_suitesparse/ecology2.txt,didx,1,22.277
AMORTCSV,/mnt/beegfs/ysu34/hamlib/dia_suitesparse/ecology2.txt,didx,10,22.693
AMORTCSV,/mnt/beegfs/ysu34/hamlib/dia_suitesparse/ecology2.txt,didx,100,25.467
AMORTCSV,/mnt/beegfs/ysu34/hamlib/dia_suitesparse/ecology2.txt,didx,1000,53.101
AMORTCSV,/mnt/beegfs/ysu34/hamlib/dia_suitesparse/ecology2.txt,didx,10000,327.995
AMORTCSV,/mnt/beegfs/ysu34/hamlib/dia_suitesparse/ecology2.txt,didx_sym,1,14.546
AMORTCSV,/mnt/beegfs/ysu34/hamlib/dia_suitesparse/ecology2.txt,didx_sym,10,14.650
AMORTCSV,/mnt/beegfs/ysu34/hamlib/dia_suitesparse/ecology2.txt,didx_sym,100,16.914
AMORTCSV,/mnt/beegfs/ysu34/hamlib/dia_suitesparse/ecology2.txt,didx_sym,1000,37.504
AMORTCSV,/mnt/beegfs/ysu34/hamlib/dia_suitesparse/ecology2.txt,didx_sym,10000,245.872
AMORTSPMSPM,/mnt/beegfs/ysu34/hamlib/dia_suitesparse/ecology2.txt,ours_flat,1,5.821
AMORTSPMSPM,/mnt/beegfs/ysu34/hamlib/dia_suitesparse/ecology2.txt,ours_flat,3,5.861
AMORTSPMSPM,/mnt/beegfs/ysu34/hamlib/dia_suitesparse/ecology2.txt,ours_flat,10,7.306
AMORTSPMSPM,/mnt/beegfs/ysu34/hamlib/dia_suitesparse/ecology2.txt,ours_flat,30,11.513
AMORTSPMSPM,/mnt/beegfs/ysu34/hamlib/dia_suitesparse/ecology2.txt,ours_flat,100,26.279
AMORTSPMSPM,/mnt/beegfs/ysu34/hamlib/dia_suitesparse/ecology2.txt,ours_sym,1,4.298
AMORTSPMSPM,/mnt/beegfs/ysu34/hamlib/dia_suitesparse/ecology2.txt,ours_sym,3,4.595
AMORTSPMSPM,/mnt/beegfs/ysu34/hamlib/dia_suitesparse/ecology2.txt,ours_sym,10,5.547
AMORTSPMSPM,/mnt/beegfs/ysu34/hamlib/dia_suitesparse/ecology2.txt,ours_sym,30,8.261
AMORTSPMSPM,/mnt/beegfs/ysu34/hamlib/dia_suitesparse/ecology2.txt,ours_sym,100,17.730
AMORTCSV,/mnt/beegfs/ysu34/hamlib/dia_suitesparse/Lin.txt,didx,1,6.164
AMORTCSV,/mnt/beegfs/ysu34/hamlib/dia_suitesparse/Lin.txt,didx,10,6.200
AMORTCSV,/mnt/beegfs/ysu34/hamlib/dia_suitesparse/Lin.txt,didx,100,6.927
AMORTCSV,/mnt/beegfs/ysu34/hamlib/dia_suitesparse/Lin.txt,didx,1000,14.168
AMORTCSV,/mnt/beegfs/ysu34/hamlib/dia_suitesparse/Lin.txt,didx,10000,87.474
AMORTCSV,/mnt/beegfs/ysu34/hamlib/dia_suitesparse/Lin.txt,didx_sym,1,4.046
AMORTCSV,/mnt/beegfs/ysu34/hamlib/dia_suitesparse/Lin.txt,didx_sym,10,4.016
AMORTCSV,/mnt/beegfs/ysu34/hamlib/dia_suitesparse/Lin.txt,didx_sym,100,4.626
AMORTCSV,/mnt/beegfs/ysu34/hamlib/dia_suitesparse/Lin.txt,didx_sym,1000,11.621
AMORTCSV,/mnt/beegfs/ysu34/hamlib/dia_suitesparse/Lin.txt,didx_sym,10000,82.200
AMORTSPMSPM,/mnt/beegfs/ysu34/hamlib/dia_suitesparse/Lin.txt,ours_flat,1,1.929
AMORTSPMSPM,/mnt/beegfs/ysu34/hamlib/dia_suitesparse/Lin.txt,ours_flat,3,1.720
AMORTSPMSPM,/mnt/beegfs/ysu34/hamlib/dia_suitesparse/Lin.txt,ours_flat,10,1.966
AMORTSPMSPM,/mnt/beegfs/ysu34/hamlib/dia_suitesparse/Lin.txt,ours_flat,30,2.975
AMORTSPMSPM,/mnt/beegfs/ysu34/hamlib/dia_suitesparse/Lin.txt,ours_flat,100,6.561
AMORTSPMSPM,/mnt/beegfs/ysu34/hamlib/dia_suitesparse/Lin.txt,ours_sym,1,1.282
AMORTSPMSPM,/mnt/beegfs/ysu34/hamlib/dia_suitesparse/Lin.txt,ours_sym,3,1.214
AMORTSPMSPM,/mnt/beegfs/ysu34/hamlib/dia_suitesparse/Lin.txt,ours_sym,10,1.458
AMORTSPMSPM,/mnt/beegfs/ysu34/hamlib/dia_suitesparse/Lin.txt,ours_sym,30,2.123
AMORTSPMSPM,/mnt/beegfs/ysu34/hamlib/dia_suitesparse/Lin.txt,ours_sym,100,4.453
== energy (trim, ours-only) ==
== energy BH_20_7 ==
# DIA_TRIM 1e-08: D 127 -> 109
ENERGYRAW,1.424865e-02,294.0,75.5,92056
PREPCSV,/mnt/beegfs/ysu34/hamlib/dia_e2e/BH_20_7.txt,1048576,109,spmv,didx,238.838,5.102,0.065178,3743
ENERGYRAW,1.622010e-02,293.9,75.5,81323
PREPCSV,/mnt/beegfs/ysu34/hamlib/dia_e2e/BH_20_7.txt,1048576,109,spmv,didx_sym,114.711,30.532,0.073779,1969
ENERGYRAW,2.945067e-02,252.2,75.5,35117
PREPCSV,/mnt/beegfs/ysu34/hamlib/dia_e2e/BH_20_7.txt,1048576,109,spmv,gopt,251.180,16.229,0.170854,1565
ENERGYRAW,1.091398e+01,289.2,75.5,117
PREPCSV,/mnt/beegfs/ysu34/hamlib/dia_e2e/BH_20_7.txt,1048576,109,spmspm,ours_flat,45.709,3.840,51.051418,1
PREPCSV,/mnt/beegfs/ysu34/hamlib/dia_e2e/BH_20_7.txt,1048576,109,spmspm,ours_sym,16.620,12.095,-1.000000,-1
ENERGYRAW,5.522575e+00,292.5,75.5,235
PREPCSV,/mnt/beegfs/ysu34/hamlib/dia_e2e/BH_20_7.txt,1048576,109,spmspm,ours_sym,16.620,12.095,25.493914,1
# DIA_TRIM 1e-08: D 127 -> 109
ENERGYRAW,1.023498e+01,283.5,83.1,117
SPMSPMCSV,/mnt/beegfs/ysu34/hamlib/dia_e2e/BH_20_7.txt,1048576,109,4193,3845136356,ours_flat,51.057255,0.000e+00
ENERGYRAW,5.265083e+00,290.0,83.1,235
SPMSPMCSV,/mnt/beegfs/ysu34/hamlib/dia_e2e/BH_20_7.txt,1048576,109,4193,3845136356,ours_sym,25.441536,7.629e-06
== energy bhc_16_7 ==
# DIA_TRIM 1e-08: D 99 -> 85
ENERGYRAW,4.203408e-04,145.7,81.0,894561
PREPCSV,/mnt/beegfs/ysu34/hamlib/dia_e2e/bhc_16_7.txt,65536,85,spmv,didx,9.426,0.555,0.006707,1488
ENERGYRAW,5.409970e-04,164.0,81.0,901442
PREPCSV,/mnt/beegfs/ysu34/hamlib/dia_e2e/bhc_16_7.txt,65536,85,spmv,didx_sym,4.954,1.820,0.006656,1018
ENERGYRAW,9.959482e-04,128.4,81.0,283061
PREPCSV,/mnt/beegfs/ysu34/hamlib/dia_e2e/bhc_16_7.txt,65536,85,spmv,gopt,11.414,1.417,0.021197,605
ENERGYRAW,3.140947e-01,280.5,81.0,3809
PREPCSV,/mnt/beegfs/ysu34/hamlib/dia_e2e/bhc_16_7.txt,65536,85,spmspm,ours_flat,5.207,0.442,1.575014,4
PREPCSV,/mnt/beegfs/ysu34/hamlib/dia_e2e/bhc_16_7.txt,65536,85,spmspm,ours_sym,0.704,3.389,-1.000000,-1
ENERGYRAW,1.502756e-01,299.3,81.0,8716
PREPCSV,/mnt/beegfs/ysu34/hamlib/dia_e2e/bhc_16_7.txt,65536,85,spmspm,ours_sym,0.704,3.389,0.688333,6
# DIA_TRIM 1e-08: D 99 -> 85
ENERGYRAW,3.011687e-01,278.5,87.2,3807
SPMSPMCSV,/mnt/beegfs/ysu34/hamlib/dia_e2e/bhc_16_7.txt,65536,85,2309,126547940,ours_flat,1.575834,0.000e+00
ENERGYRAW,1.456058e-01,297.6,87.2,8679
SPMSPMCSV,/mnt/beegfs/ysu34/hamlib/dia_e2e/bhc_16_7.txt,65536,85,2309,126547940,ours_sym,0.691302,7.629e-06
== energy bhc_18_7 ==
# DIA_TRIM 1e-08: D 112 -> 97
ENERGYRAW,1.817785e-03,217.5,81.4,440554
PREPCSV,/mnt/beegfs/ysu34/hamlib/dia_e2e/bhc_18_7.txt,262144,97,spmv,didx,46.838,1.459,0.013619,3546
ENERGYRAW,2.429644e-03,246.6,81.4,401327
PREPCSV,/mnt/beegfs/ysu34/hamlib/dia_e2e/bhc_18_7.txt,262144,97,spmv,didx_sym,23.812,7.221,0.014950,2076
ENERGYRAW,7.083532e-03,213.1,81.4,111500
PREPCSV,/mnt/beegfs/ysu34/hamlib/dia_e2e/bhc_18_7.txt,262144,97,spmv,gopt,56.660,4.411,0.053811,1135
ENERGYRAW,1.932704e+00,285.2,81.4,632
PREPCSV,/mnt/beegfs/ysu34/hamlib/dia_e2e/bhc_18_7.txt,262144,97,spmspm,ours_flat,13.510,0.953,9.485209,2
PREPCSV,/mnt/beegfs/ysu34/hamlib/dia_e2e/bhc_18_7.txt,262144,97,spmspm,ours_sym,3.220,4.934,-1.000000,-1
ENERGYRAW,9.440540e-01,288.3,81.4,1312
PREPCSV,/mnt/beegfs/ysu34/hamlib/dia_e2e/bhc_18_7.txt,262144,97,spmspm,ours_sym,3.220,4.934,4.570624,2
# DIA_TRIM 1e-08: D 112 -> 97
ENERGYRAW,1.864282e+00,281.0,84.5,632
SPMSPMCSV,/mnt/beegfs/ysu34/hamlib/dia_e2e/bhc_18_7.txt,262144,97,3179,714866660,ours_flat,9.483520,0.000e+00
ENERGYRAW,9.334643e-01,289.0,84.5,1314
SPMSPMCSV,/mnt/beegfs/ysu34/hamlib/dia_e2e/bhc_18_7.txt,262144,97,3179,714866660,ours_sym,4.563354,7.629e-06
== energy bhD1_18_7 ==
# DIA_TRIM 1e-08: D 112 -> 97
ENERGYRAW,1.805288e-03,217.2,82.4,437266
PREPCSV,/mnt/beegfs/ysu34/hamlib/dia_e2e/bhD1_18_7.txt,262144,97,spmv,didx,44.780,1.444,0.013722,3369
ENERGYRAW,2.492093e-03,252.0,82.4,402706
PREPCSV,/mnt/beegfs/ysu34/hamlib/dia_e2e/bhD1_18_7.txt,262144,97,spmv,didx_sym,24.537,7.211,0.014899,2131
ENERGYRAW,7.264880e-03,217.4,82.4,110973
PREPCSV,/mnt/beegfs/ysu34/hamlib/dia_e2e/bhD1_18_7.txt,262144,97,spmv,gopt,56.016,4.379,0.054067,1117
ENERGYRAW,1.975185e+00,290.7,82.4,632
PREPCSV,/mnt/beegfs/ysu34/hamlib/dia_e2e/bhD1_18_7.txt,262144,97,spmspm,ours_flat,13.468,0.967,9.484697,2
PREPCSV,/mnt/beegfs/ysu34/hamlib/dia_e2e/bhD1_18_7.txt,262144,97,spmspm,ours_sym,3.263,4.889,-1.000000,-1
ENERGYRAW,9.667426e-01,294.3,82.4,1312
PREPCSV,/mnt/beegfs/ysu34/hamlib/dia_e2e/bhD1_18_7.txt,262144,97,spmspm,ours_sym,3.263,4.889,4.569856,2
# DIA_TRIM 1e-08: D 112 -> 97
ENERGYRAW,1.777912e+00,283.9,96.5,632
SPMSPMCSV,/mnt/beegfs/ysu34/hamlib/dia_e2e/bhD1_18_7.txt,262144,97,3179,714866660,ours_flat,9.483469,0.000e+00
ENERGYRAW,9.021470e-01,294.2,96.5,1314
SPMSPMCSV,/mnt/beegfs/ysu34/hamlib/dia_e2e/bhD1_18_7.txt,262144,97,3179,714866660,ours_sym,4.562739,7.629e-06
== energy C2c_18_4 ==
# DIA_TRIM 1e-08: D 9971 -> 7407
ENERGYRAW,1.195659e-01,179.8,75.5,5239
PREPCSV,/mnt/beegfs/ysu34/hamlib/dia_e2e/C2c_18_4.txt,262144,7407,spmv,didx,2437.043,11.107,1.145190,2138
# didx_sym skipped: non-symmetric or Dup>128
ENERGYRAW,2.039911e-01,211.2,75.5,3989
PREPCSV,/mnt/beegfs/ysu34/hamlib/dia_e2e/C2c_18_4.txt,262144,7407,spmv,gopt,2833.327,94.598,1.503846,1947
CUDA prep_driver.cu:324 out of memory
# DIA_TRIM 1e-08: D 9971 -> 7407
CUDA spmspm_driver.cu:94 out of memory
== energy fermi_16_5 ==
ENERGYRAW,3.688876e-04,129.7,70.1,937499
PREPCSV,/mnt/beegfs/ysu34/hamlib/dia_e2e/fermi_16_5.txt,65536,29,spmv,didx,4.457,0.410,0.006400,761
ENERGYRAW,4.713550e-04,145.7,70.1,930059
PREPCSV,/mnt/beegfs/ysu34/hamlib/dia_e2e/fermi_16_5.txt,65536,29,spmv,didx_sym,2.189,0.748,0.006451,455
ENERGYRAW,4.430025e-04,113.0,70.1,571646
PREPCSV,/mnt/beegfs/ysu34/hamlib/dia_e2e/fermi_16_5.txt,65536,29,spmv,gopt,5.449,0.670,0.010496,583
ENERGYRAW,3.881166e-02,278.7,70.1,32159
PREPCSV,/mnt/beegfs/ysu34/hamlib/dia_e2e/fermi_16_5.txt,65536,29,spmspm,ours_flat,0.548,0.223,0.186573,4
PREPCSV,/mnt/beegfs/ysu34/hamlib/dia_e2e/fermi_16_5.txt,65536,29,spmspm,ours_sym,0.171,2.001,-1.000000,-1
ENERGYRAW,2.041046e-02,287.2,70.1,63654
PREPCSV,/mnt/beegfs/ysu34/hamlib/dia_e2e/fermi_16_5.txt,65536,29,spmspm,ours_sym,0.171,2.001,0.094259,23
ENERGYRAW,3.894505e-02,285.8,76.8,32114
SPMSPMCSV,/mnt/beegfs/ysu34/hamlib/dia_e2e/fermi_16_5.txt,65536,29,353,21513010,ours_flat,0.186829,0.000e+00
ENERGYRAW,2.027765e-02,292.8,76.8,63688
SPMSPMCSV,/mnt/beegfs/ysu34/hamlib/dia_e2e/fermi_16_5.txt,65536,29,353,21513010,ours_sym,0.094208,0.000e+00
== energy fermi_18_5 ==
ENERGYRAW,1.591085e-03,211.7,78.9,492384
PREPCSV,/mnt/beegfs/ysu34/hamlib/dia_e2e/fermi_18_5.txt,262144,33,spmv,didx,16.760,1.299,0.012186,1482
ENERGYRAW,1.969913e-03,245.6,78.9,498670
PREPCSV,/mnt/beegfs/ysu34/hamlib/dia_e2e/fermi_18_5.txt,262144,33,spmv,didx_sym,9.634,3.176,0.012032,1065
ENERGYRAW,1.494774e-03,190.4,78.9,440554
PREPCSV,/mnt/beegfs/ysu34/hamlib/dia_e2e/fermi_18_5.txt,262144,33,spmv,gopt,20.708,2.195,0.013619,1682
ENERGYRAW,2.420285e-01,281.7,78.9,5025
PREPCSV,/mnt/beegfs/ysu34/hamlib/dia_e2e/fermi_18_5.txt,262144,33,spmspm,ours_flat,1.754,0.443,1.193882,2
PREPCSV,/mnt/beegfs/ysu34/hamlib/dia_e2e/fermi_18_5.txt,262144,33,spmspm,ours_sym,0.722,2.759,-1.000000,-1
ENERGYRAW,1.149518e-01,285.1,78.9,10735
PREPCSV,/mnt/beegfs/ysu34/hamlib/dia_e2e/fermi_18_5.txt,262144,33,spmspm,ours_sym,0.722,2.759,0.558899,6
ENERGYRAW,2.375148e-01,281.1,82.1,5024
SPMSPMCSV,/mnt/beegfs/ysu34/hamlib/dia_e2e/fermi_18_5.txt,262144,33,465,114362994,ours_flat,1.194240,0.000e+00
ENERGYRAW,1.151673e-01,288.7,82.1,10747
SPMSPMCSV,/mnt/beegfs/ysu34/hamlib/dia_e2e/fermi_18_5.txt,262144,33,465,114362994,ours_sym,0.558285,0.000e+00
== energy fermi_20_5 ==
ENERGYRAW,1.171861e-02,288.6,80.9,107511
PREPCSV,/mnt/beegfs/ysu34/hamlib/dia_e2e/fermi_20_5.txt,1048576,37,spmv,didx,116.455,4.864,0.055808,2174
ENERGYRAW,1.177358e-02,298.1,80.9,112356
PREPCSV,/mnt/beegfs/ysu34/hamlib/dia_e2e/fermi_20_5.txt,1048576,37,spmv,didx_sym,45.185,11.853,0.053402,1068
ENERGYRAW,1.340851e-02,252.5,80.9,76945
PREPCSV,/mnt/beegfs/ysu34/hamlib/dia_e2e/fermi_20_5.txt,1048576,37,spmv,gopt,89.067,7.293,0.077978,1236
ENERGYRAW,1.354847e+00,298.6,80.9,964
PREPCSV,/mnt/beegfs/ysu34/hamlib/dia_e2e/fermi_20_5.txt,1048576,37,spmspm,ours_flat,7.491,0.891,6.222541,1
PREPCSV,/mnt/beegfs/ysu34/hamlib/dia_e2e/fermi_20_5.txt,1048576,37,spmspm,ours_sym,3.489,3.624,-1.000000,-1
ENERGYRAW,6.834567e-01,299.3,80.9,1912
PREPCSV,/mnt/beegfs/ysu34/hamlib/dia_e2e/fermi_20_5.txt,1048576,37,spmspm,ours_sym,3.489,3.624,3.137280,2
ENERGYRAW,1.307338e+00,294.8,84.6,964
SPMSPMCSV,/mnt/beegfs/ysu34/hamlib/dia_e2e/fermi_20_5.txt,1048576,37,593,587472114,ours_flat,6.221568,0.000e+00
ENERGYRAW,6.658270e-01,297.5,84.6,1917
SPMSPMCSV,/mnt/beegfs/ysu34/hamlib/dia_e2e/fermi_20_5.txt,1048576,37,593,587472114,ours_sym,3.128627,0.000e+00
== energy fermiFH_18_4 ==
ENERGYRAW,1.504324e-03,212.4,84.1,502950
PREPCSV,/mnt/beegfs/ysu34/hamlib/dia_e2e/fermiFH_18_4.txt,262144,64,spmv,didx,32.395,1.245,0.011930,2820
ENERGYRAW,2.010687e-03,256.1,84.1,507305
PREPCSV,/mnt/beegfs/ysu34/hamlib/dia_e2e/fermiFH_18_4.txt,262144,64,spmv,didx_sym,16.407,5.319,0.011827,1837
ENERGYRAW,4.179726e-03,208.6,84.1,174127
PREPCSV,/mnt/beegfs/ysu34/hamlib/dia_e2e/fermiFH_18_4.txt,262144,64,spmv,gopt,44.644,3.085,0.034458,1385
ENERGYRAW,8.966064e-01,288.2,84.1,1365
PREPCSV,/mnt/beegfs/ysu34/hamlib/dia_e2e/fermiFH_18_4.txt,262144,64,spmspm,ours_flat,5.476,0.707,4.394342,1
PREPCSV,/mnt/beegfs/ysu34/hamlib/dia_e2e/fermiFH_18_4.txt,262144,64,spmspm,ours_sym,1.759,4.234,-1.000000,-1
ENERGYRAW,4.339546e-01,292.3,84.1,2872
PREPCSV,/mnt/beegfs/ysu34/hamlib/dia_e2e/fermiFH_18_4.txt,262144,64,spmspm,ours_sym,1.759,4.234,2.089114,3
ENERGYRAW,8.279606e-01,285.8,97.3,1365
SPMSPMCSV,/mnt/beegfs/ysu34/hamlib/dia_e2e/fermiFH_18_4.txt,262144,64,1549,366904380,ours_flat,4.393370,0.000e+00
ENERGYRAW,4.109337e-01,294.4,97.3,2876
SPMSPMCSV,/mnt/beegfs/ysu34/hamlib/dia_e2e/fermiFH_18_4.txt,262144,64,1549,366904380,ours_sym,2.085939,0.000e+00
== energy H8c_16_4 ==
# DIA_TRIM 1e-08: D 8887 -> 6921
ENERGYRAW,4.136350e-02,160.0,80.1,11586
PREPCSV,/mnt/beegfs/ysu34/hamlib/dia_e2e/H8c_16_4.txt,65536,6921,spmv,didx,518.439,4.670,0.517837,1010
# didx_sym skipped: non-symmetric or Dup>128
ENERGYRAW,8.129881e-02,137.8,80.1,4251
PREPCSV,/mnt/beegfs/ysu34/hamlib/dia_e2e/H8c_16_4.txt,65536,6921,spmv,gopt,668.262,33.479,1.411379,497
ENERGYRAW,1.736893e+03,291.3,80.1,32
PREPCSV,/mnt/beegfs/ysu34/hamlib/dia_e2e/H8c_16_4.txt,65536,6921,spmspm,ours_flat,8424.955,98.262,8226.431641,1
PREPCSV,/mnt/beegfs/ysu34/hamlib/dia_e2e/H8c_16_4.txt,65536,6921,spmspm,ours_sym,747.767,53.378,-1.000000,-1
ENERGYRAW,8.875025e+02,292.6,80.1,32
PREPCSV,/mnt/beegfs/ysu34/hamlib/dia_e2e/H8c_16_4.txt,65536,6921,spmspm,ours_sym,747.767,53.378,4176.567383,0
# DIA_TRIM 1e-08: D 8887 -> 6921
ENERGYRAW,1.687771e+03,292.0,86.9,32
SPMSPMCSV,/mnt/beegfs/ysu34/hamlib/dia_e2e/H8c_16_4.txt,65536,6921,65535,2147483648,ours_flat,8227.320312,0.000e+00
ENERGYRAW,8.658649e+02,294.1,86.9,32
SPMSPMCSV,/mnt/beegfs/ysu34/hamlib/dia_e2e/H8c_16_4.txt,65536,6921,65535,2147483648,ours_sym,4177.106934,6.104e-05
== energy heis_16_5 ==
ENERGYRAW,3.939883e-04,153.9,86.8,984768
PREPCSV,/mnt/beegfs/ysu34/hamlib/dia_e2e/heis_16_5.txt,65536,31,spmv,didx,5.245,0.456,0.006093,936
ENERGYRAW,4.782122e-04,165.6,86.8,952743
PREPCSV,/mnt/beegfs/ysu34/hamlib/dia_e2e/heis_16_5.txt,65536,31,spmv,didx_sym,2.227,0.781,0.006298,478
ENERGYRAW,4.109799e-04,125.7,86.8,555390
PREPCSV,/mnt/beegfs/ysu34/hamlib/dia_e2e/heis_16_5.txt,65536,31,spmv,gopt,5.642,0.702,0.010803,587
ENERGYRAW,4.376388e-02,292.4,86.8,28129
PREPCSV,/mnt/beegfs/ysu34/hamlib/dia_e2e/heis_16_5.txt,65536,31,spmspm,ours_flat,0.606,0.258,0.213299,4
PREPCSV,/mnt/beegfs/ysu34/hamlib/dia_e2e/heis_16_5.txt,65536,31,spmspm,ours_sym,0.175,2.270,-1.000000,-1
ENERGYRAW,2.267078e-02,300.0,86.8,56367
PREPCSV,/mnt/beegfs/ysu34/hamlib/dia_e2e/heis_16_5.txt,65536,31,spmspm,ours_sym,0.175,2.270,0.106445,23
ENERGYRAW,4.391829e-02,289.9,83.2,28149
SPMSPMCSV,/mnt/beegfs/ysu34/hamlib/dia_e2e/heis_16_5.txt,65536,31,399,24395762,ours_flat,0.213146,0.000e+00
ENERGYRAW,2.300001e-02,299.4,83.2,56205
SPMSPMCSV,/mnt/beegfs/ysu34/hamlib/dia_e2e/heis_16_5.txt,65536,31,399,24395762,ours_sym,0.106752,0.000e+00
== energy heis_18_5 ==
ENERGYRAW,1.665073e-03,219.4,83.6,482253
PREPCSV,/mnt/beegfs/ysu34/hamlib/dia_e2e/heis_18_5.txt,262144,35,spmv,didx,20.683,1.409,0.012442,1776
ENERGYRAW,2.084137e-03,256.7,83.6,492384
PREPCSV,/mnt/beegfs/ysu34/hamlib/dia_e2e/heis_18_5.txt,262144,35,spmv,didx_sym,10.061,3.351,0.012186,1101
ENERGYRAW,1.622110e-03,187.4,83.6,368514
PREPCSV,/mnt/beegfs/ysu34/hamlib/dia_e2e/heis_18_5.txt,262144,35,spmv,gopt,22.552,2.381,0.016282,1531
ENERGYRAW,2.691692e-01,283.3,83.6,4449
PREPCSV,/mnt/beegfs/ysu34/hamlib/dia_e2e/heis_18_5.txt,262144,35,spmspm,ours_flat,1.992,0.487,1.348403,2
PREPCSV,/mnt/beegfs/ysu34/hamlib/dia_e2e/heis_18_5.txt,262144,35,spmspm,ours_sym,0.780,3.057,-1.000000,-1
ENERGYRAW,1.281409e-01,287.3,83.6,9516
PREPCSV,/mnt/beegfs/ysu34/hamlib/dia_e2e/heis_18_5.txt,262144,35,spmspm,ours_sym,0.780,3.057,0.630477,6
ENERGYRAW,2.633304e-01,278.7,83.4,4448
SPMSPMCSV,/mnt/beegfs/ysu34/hamlib/dia_e2e/heis_18_5.txt,262144,35,519,127991794,ours_flat,1.348864,0.000e+00
ENERGYRAW,1.272225e-01,285.6,83.4,9525
SPMSPMCSV,/mnt/beegfs/ysu34/hamlib/dia_e2e/heis_18_5.txt,262144,35,519,127991794,ours_sym,0.629914,0.000e+00
== energy heis_20_5 ==
ENERGYRAW,1.227545e-02,293.1,83.0,103431
PREPCSV,/mnt/beegfs/ysu34/hamlib/dia_e2e/heis_20_5.txt,1048576,39,spmv,didx,123.367,5.020,0.058010,2213
ENERGYRAW,1.200290e-02,297.8,83.0,109113
PREPCSV,/mnt/beegfs/ysu34/hamlib/dia_e2e/heis_20_5.txt,1048576,39,spmv,didx_sym,47.956,12.528,0.054989,1100
ENERGYRAW,1.322675e-02,247.8,83.0,74880
PREPCSV,/mnt/beegfs/ysu34/hamlib/dia_e2e/heis_20_5.txt,1048576,39,spmv,gopt,96.942,7.403,0.080128,1302
ENERGYRAW,1.443904e+00,291.4,83.0,865
PREPCSV,/mnt/beegfs/ysu34/hamlib/dia_e2e/heis_20_5.txt,1048576,39,spmspm,ours_flat,8.019,0.918,6.928538,1
PREPCSV,/mnt/beegfs/ysu34/hamlib/dia_e2e/heis_20_5.txt,1048576,39,spmspm,ours_sym,3.841,4.335,-1.000000,-1
ENERGYRAW,7.454480e-01,297.5,83.0,1721
PREPCSV,/mnt/beegfs/ysu34/hamlib/dia_e2e/heis_20_5.txt,1048576,39,spmspm,ours_sym,3.841,4.335,3.484570,2
ENERGYRAW,1.367447e+00,286.7,89.4,865
SPMSPMCSV,/mnt/beegfs/ysu34/hamlib/dia_e2e/heis_20_5.txt,1048576,39,655,650379250,ours_flat,6.930995,0.000e+00
ENERGYRAW,7.015129e-01,291.1,89.4,1725
SPMSPMCSV,/mnt/beegfs/ysu34/hamlib/dia_e2e/heis_20_5.txt,1048576,39,655,650379250,ours_sym,3.478170,0.000e+00
== energy heis_20_6 ==
ENERGYRAW,1.225705e-02,293.6,83.7,103797
PREPCSV,/mnt/beegfs/ysu34/hamlib/dia_e2e/heis_20_6.txt,1048576,39,spmv,didx,125.880,4.993,0.057805,2264
ENERGYRAW,1.182853e-02,295.3,83.7,108910
PREPCSV,/mnt/beegfs/ysu34/hamlib/dia_e2e/heis_20_6.txt,1048576,39,spmv,didx_sym,47.868,12.225,0.055091,1091
ENERGYRAW,1.342221e-02,251.0,83.7,74641
PREPCSV,/mnt/beegfs/ysu34/hamlib/dia_e2e/heis_20_6.txt,1048576,39,spmv,gopt,95.486,7.217,0.080384,1278
ENERGYRAW,1.476249e+00,296.8,83.7,866
PREPCSV,/mnt/beegfs/ysu34/hamlib/dia_e2e/heis_20_6.txt,1048576,39,spmspm,ours_flat,8.010,0.911,6.927718,1
PREPCSV,/mnt/beegfs/ysu34/hamlib/dia_e2e/heis_20_6.txt,1048576,39,spmspm,ours_sym,3.763,4.420,-1.000000,-1
ENERGYRAW,7.439975e-01,297.7,83.7,1721
PREPCSV,/mnt/beegfs/ysu34/hamlib/dia_e2e/heis_20_6.txt,1048576,39,spmspm,ours_sym,3.763,4.420,3.484467,2
ENERGYRAW,1.331784e+00,290.3,98.2,865
SPMSPMCSV,/mnt/beegfs/ysu34/hamlib/dia_e2e/heis_20_6.txt,1048576,39,655,650379250,ours_flat,6.931456,0.000e+00
ENERGYRAW,6.911621e-01,296.9,98.2,1725
SPMSPMCSV,/mnt/beegfs/ysu34/hamlib/dia_e2e/heis_20_6.txt,1048576,39,655,650379250,ours_sym,3.478170,0.000e+00
== energy maxcut_16_5 ==
ENERGYRAW,9.511975e-05,112.2,85.6,1562499
PREPCSV,/mnt/beegfs/ysu34/hamlib/dia_e2e/maxcut_16_5.txt,65536,1,spmv,didx,0.381,0.088,0.003840,122
ENERGYRAW,9.222832e-05,111.3,85.6,1562499
PREPCSV,/mnt/beegfs/ysu34/hamlib/dia_e2e/maxcut_16_5.txt,65536,1,spmv,didx_sym,0.396,0.131,0.003840,137
ENERGYRAW,6.117309e-05,102.7,85.6,1521915
PREPCSV,/mnt/beegfs/ysu34/hamlib/dia_e2e/maxcut_16_5.txt,65536,1,spmv,gopt,0.179,0.081,0.003942,66
ENERGYRAW,7.894484e-05,101.7,85.6,1126802
PREPCSV,/mnt/beegfs/ysu34/hamlib/dia_e2e/maxcut_16_5.txt,65536,1,spmspm,ours_flat,0.256,0.077,0.005325,62
PREPCSV,/mnt/beegfs/ysu34/hamlib/dia_e2e/maxcut_16_5.txt,65536,1,spmspm,ours_sym,0.120,0.057,-1.000000,-1
ENERGYRAW,7.587375e-05,101.1,85.6,1171875
PREPCSV,/mnt/beegfs/ysu34/hamlib/dia_e2e/maxcut_16_5.txt,65536,1,spmspm,ours_sym,0.120,0.057,0.005120,35
ENERGYRAW,1.052155e-04,99.2,78.9,1126802
SPMSPMCSV,/mnt/beegfs/ysu34/hamlib/dia_e2e/maxcut_16_5.txt,65536,1,1,65536,ours_flat,0.005325,0.000e+00
ENERGYRAW,1.054065e-04,99.3,78.9,1137742
SPMSPMCSV,/mnt/beegfs/ysu34/hamlib/dia_e2e/maxcut_16_5.txt,65536,1,1,65536,ours_sym,0.005274,0.000e+00
== energy maxcut_18_5 ==
ENERGYRAW,3.419143e-04,152.8,78.2,1260080
PREPCSV,/mnt/beegfs/ysu34/hamlib/dia_e2e/maxcut_18_5.txt,262144,1,spmv,didx,1.850,0.436,0.004762,480
ENERGYRAW,3.600638e-04,155.2,78.2,1208118
PREPCSV,/mnt/beegfs/ysu34/hamlib/dia_e2e/maxcut_18_5.txt,262144,1,spmv,didx_sym,1.282,0.494,0.004966,358
ENERGYRAW,2.019673e-04,125.2,78.2,1346982
PREPCSV,/mnt/beegfs/ysu34/hamlib/dia_e2e/maxcut_18_5.txt,262144,1,spmv,gopt,0.622,0.250,0.004454,196
ENERGYRAW,2.636048e-04,127.0,78.2,1075114
PREPCSV,/mnt/beegfs/ysu34/hamlib/dia_e2e/maxcut_18_5.txt,262144,1,spmspm,ours_flat,0.498,0.110,0.005581,109
PREPCSV,/mnt/beegfs/ysu34/hamlib/dia_e2e/maxcut_18_5.txt,262144,1,spmspm,ours_sym,0.283,0.136,-1.000000,-1
ENERGYRAW,2.618804e-04,127.0,78.2,1075114
PREPCSV,/mnt/beegfs/ysu34/hamlib/dia_e2e/maxcut_18_5.txt,262144,1,spmspm,ours_sym,0.283,0.136,0.005581,75
ENERGYRAW,2.548105e-04,125.5,78.5,1055743
SPMSPMCSV,/mnt/beegfs/ysu34/hamlib/dia_e2e/maxcut_18_5.txt,262144,1,1,262144,ours_flat,0.005683,0.000e+00
ENERGYRAW,2.596686e-04,126.2,78.5,1055743
SPMSPMCSV,/mnt/beegfs/ysu34/hamlib/dia_e2e/maxcut_18_5.txt,262144,1,1,262144,ours_sym,0.005683,0.000e+00
== energy maxcut_20_5 ==
ENERGYRAW,1.117077e-03,212.3,77.3,705948
PREPCSV,/mnt/beegfs/ysu34/hamlib/dia_e2e/maxcut_20_5.txt,1048576,1,spmv,didx,4.820,0.915,0.008499,675
ENERGYRAW,1.195676e-03,214.6,77.3,673491
PREPCSV,/mnt/beegfs/ysu34/hamlib/dia_e2e/maxcut_20_5.txt,1048576,1,spmv,didx_sym,5.167,1.022,0.008909,695
ENERGYRAW,6.101306e-04,173.1,77.3,915527
PREPCSV,/mnt/beegfs/ysu34/hamlib/dia_e2e/maxcut_20_5.txt,1048576,1,spmv,gopt,2.434,0.494,0.006554,447
ENERGYRAW,9.266114e-04,180.5,77.3,654678
PREPCSV,/mnt/beegfs/ysu34/hamlib/dia_e2e/maxcut_20_5.txt,1048576,1,spmspm,ours_flat,2.086,0.179,0.009165,247
PREPCSV,/mnt/beegfs/ysu34/hamlib/dia_e2e/maxcut_20_5.txt,1048576,1,spmspm,ours_sym,1.148,0.183,-1.000000,-1
ENERGYRAW,9.283781e-04,180.8,77.3,658356
PREPCSV,/mnt/beegfs/ysu34/hamlib/dia_e2e/maxcut_20_5.txt,1048576,1,spmspm,ours_sym,1.148,0.183,0.009114,146
ENERGYRAW,8.771777e-04,176.0,79.0,651041
SPMSPMCSV,/mnt/beegfs/ysu34/hamlib/dia_e2e/maxcut_20_5.txt,1048576,1,1,1048576,ours_flat,0.009216,0.000e+00
ENERGYRAW,9.019166e-04,178.8,79.0,647444
SPMSPMCSV,/mnt/beegfs/ysu34/hamlib/dia_e2e/maxcut_20_5.txt,1048576,1,1,1048576,ours_sym,0.009267,0.000e+00
== energy O2c_16_5 ==
# DIA_TRIM 1e-08: D 1243 -> 867
ENERGYRAW,7.486043e-03,188.7,77.8,88711
PREPCSV,/mnt/beegfs/ysu34/hamlib/dia_e2e/O2c_16_5.txt,65536,867,spmv,didx,88.806,2.224,0.067635,1346
# didx_sym skipped: non-symmetric or Dup>128
ENERGYRAW,1.515114e-02,138.2,77.8,23833
PREPCSV,/mnt/beegfs/ysu34/hamlib/dia_e2e/O2c_16_5.txt,65536,867,spmv,gopt,97.512,6.855,0.251750,415
ENERGYRAW,2.837351e+01,293.3,77.8,45
PREPCSV,/mnt/beegfs/ysu34/hamlib/dia_e2e/O2c_16_5.txt,65536,867,spmspm,ours_flat,671.802,3.828,131.698181,5
PREPCSV,/mnt/beegfs/ysu34/hamlib/dia_e2e/O2c_16_5.txt,65536,867,spmspm,ours_sym,28.845,16.068,-1.000000,-1
ENERGYRAW,1.350168e+01,299.3,77.8,98
PREPCSV,/mnt/beegfs/ysu34/hamlib/dia_e2e/O2c_16_5.txt,65536,867,spmspm,ours_sym,28.845,16.068,60.961079,1
# DIA_TRIM 1e-08: D 1243 -> 867
ENERGYRAW,2.718973e+01,290.5,84.0,45
SPMSPMCSV,/mnt/beegfs/ysu34/hamlib/dia_e2e/O2c_16_5.txt,65536,867,35219,1308482828,ours_flat,131.696594,0.000e+00
ENERGYRAW,1.315944e+01,299.9,84.0,98
SPMSPMCSV,/mnt/beegfs/ysu34/hamlib/dia_e2e/O2c_16_5.txt,65536,867,35219,1308482828,ours_sym,60.954468,1.221e-04
== energy O2c_20_5 ==
# DIA_TRIM 1e-08: D 3359 -> 2367
ENERGYRAW,6.106298e-01,295.5,74.9,2188
PREPCSV,/mnt/beegfs/ysu34/hamlib/dia_e2e/O2c_20_5.txt,1048576,2367,spmv,didx,5218.562,69.121,2.741453,1929
# didx_sym skipped: non-symmetric or Dup>128
ENERGYRAW,4.230442e-01,279.8,74.9,2908
PREPCSV,/mnt/beegfs/ysu34/hamlib/dia_e2e/O2c_20_5.txt,1048576,2367,spmv,gopt,4638.043,194.207,2.062950,2342
CUDA prep_driver.cu:324 out of memory
# DIA_TRIM 1e-08: D 3359 -> 2367
CUDA spmspm_driver.cu:94 out of memory
== energy qmaxcut_16_4 ==
ENERGYRAW,3.879626e-04,134.0,70.4,960553
PREPCSV,/mnt/beegfs/ysu34/hamlib/dia_e2e/qmaxcut_16_4.txt,65536,31,spmv,didx,3.418,0.502,0.006246,627
ENERGYRAW,5.144340e-04,149.7,70.4,901442
PREPCSV,/mnt/beegfs/ysu34/hamlib/dia_e2e/qmaxcut_16_4.txt,65536,31,spmv,didx_sym,1.497,0.605,0.006656,316
ENERGYRAW,3.305055e-04,113.5,70.4,760957
PREPCSV,/mnt/beegfs/ysu34/hamlib/dia_e2e/qmaxcut_16_4.txt,65536,31,spmv,gopt,2.948,0.436,0.007885,429
ENERGYRAW,2.195836e-02,275.9,70.4,56097
PREPCSV,/mnt/beegfs/ysu34/hamlib/dia_e2e/qmaxcut_16_4.txt,65536,31,spmspm,ours_flat,0.541,0.215,0.106957,7
PREPCSV,/mnt/beegfs/ysu34/hamlib/dia_e2e/qmaxcut_16_4.txt,65536,31,spmspm,ours_sym,0.148,1.371,-1.000000,-1
ENERGYRAW,1.149100e-02,277.8,70.4,107610
PREPCSV,/mnt/beegfs/ysu34/hamlib/dia_e2e/qmaxcut_16_4.txt,65536,31,spmspm,ours_sym,0.148,1.371,0.055757,27
ENERGYRAW,2.159024e-02,279.7,77.9,55990
SPMSPMCSV,/mnt/beegfs/ysu34/hamlib/dia_e2e/qmaxcut_16_4.txt,65536,31,481,15138746,ours_flat,0.107162,0.000e+00
ENERGYRAW,1.116300e-02,278.8,77.9,107610
SPMSPMCSV,/mnt/beegfs/ysu34/hamlib/dia_e2e/qmaxcut_16_4.txt,65536,31,481,15138746,ours_sym,0.055757,0.000e+00
== energy qmaxcut_18_4 ==
ENERGYRAW,1.694102e-03,216.5,79.4,480276
PREPCSV,/mnt/beegfs/ysu34/hamlib/dia_e2e/qmaxcut_18_4.txt,262144,35,spmv,didx,13.533,1.399,0.012493,1195
ENERGYRAW,2.179155e-03,254.2,79.4,474443
PREPCSV,/mnt/beegfs/ysu34/hamlib/dia_e2e/qmaxcut_18_4.txt,262144,35,spmv,didx_sym,6.481,2.210,0.012646,687
ENERGYRAW,1.087935e-03,184.8,79.4,568871
PREPCSV,/mnt/beegfs/ysu34/hamlib/dia_e2e/qmaxcut_18_4.txt,262144,35,spmv,gopt,12.245,1.656,0.010547,1318
ENERGYRAW,1.156519e-01,294.8,79.4,11159
PREPCSV,/mnt/beegfs/ysu34/hamlib/dia_e2e/qmaxcut_18_4.txt,262144,35,spmspm,ours_flat,1.525,0.367,0.537651,4
PREPCSV,/mnt/beegfs/ysu34/hamlib/dia_e2e/qmaxcut_18_4.txt,262144,35,spmspm,ours_sym,0.603,3.107,-1.000000,-1
ENERGYRAW,5.909710e-02,297.9,79.4,22140
PREPCSV,/mnt/beegfs/ysu34/hamlib/dia_e2e/qmaxcut_18_4.txt,262144,35,spmspm,ours_sym,0.603,3.107,0.271002,14
ENERGYRAW,1.104921e-01,293.4,87.6,11160
SPMSPMCSV,/mnt/beegfs/ysu34/hamlib/dia_e2e/qmaxcut_18_4.txt,262144,35,613,77332402,ours_flat,0.537600,0.000e+00
ENERGYRAW,5.649996e-02,296.2,87.6,22135
SPMSPMCSV,/mnt/beegfs/ysu34/hamlib/dia_e2e/qmaxcut_18_4.txt,262144,35,613,77332402,ours_sym,0.271053,0.000e+00
== energy qmaxcut_20_4 ==
ENERGYRAW,1.267788e-02,288.6,81.7,97493
PREPCSV,/mnt/beegfs/ysu34/hamlib/dia_e2e/qmaxcut_20_4.txt,1048576,39,spmv,didx,79.992,4.902,0.061542,1379
ENERGYRAW,1.386613e-02,298.8,81.7,95819
PREPCSV,/mnt/beegfs/ysu34/hamlib/dia_e2e/qmaxcut_20_4.txt,1048576,39,spmv,didx_sym,30.146,7.766,0.062618,605
ENERGYRAW,9.279604e-03,251.7,81.7,109623
PREPCSV,/mnt/beegfs/ysu34/hamlib/dia_e2e/qmaxcut_20_4.txt,1048576,39,spmv,gopt,53.839,5.054,0.054733,1076
ENERGYRAW,6.066840e-01,295.1,81.7,2125
PREPCSV,/mnt/beegfs/ysu34/hamlib/dia_e2e/qmaxcut_20_4.txt,1048576,39,spmspm,ours_flat,5.728,0.710,2.823270,2
PREPCSV,/mnt/beegfs/ysu34/hamlib/dia_e2e/qmaxcut_20_4.txt,1048576,39,spmspm,ours_sym,2.495,2.523,-1.000000,-1
ENERGYRAW,3.105105e-01,295.8,81.7,4118
PREPCSV,/mnt/beegfs/ysu34/hamlib/dia_e2e/qmaxcut_20_4.txt,1048576,39,spmspm,ours_sym,2.495,2.523,1.456845,3
ENERGYRAW,5.964471e-01,296.0,86.0,2124
SPMSPMCSV,/mnt/beegfs/ysu34/hamlib/dia_e2e/qmaxcut_20_4.txt,1048576,39,761,384827306,ours_flat,2.823629,0.000e+00
ENERGYRAW,3.002025e-01,293.1,86.0,4168
SPMSPMCSV,/mnt/beegfs/ysu34/hamlib/dia_e2e/qmaxcut_20_4.txt,1048576,39,761,384827306,ours_sym,1.439488,0.000e+00
== energy qmaxcutC_18_4 ==
ENERGYRAW,4.063694e-03,239.6,84.1,228881
PREPCSV,/mnt/beegfs/ysu34/hamlib/dia_e2e/qmaxcutC_18_4.txt,262144,73,spmv,didx,55.907,2.381,0.026214,2224
ENERGYRAW,5.306606e-03,285.3,84.1,226230
PREPCSV,/mnt/beegfs/ysu34/hamlib/dia_e2e/qmaxcutC_18_4.txt,262144,73,spmv,didx_sym,19.735,5.956,0.026522,969
ENERGYRAW,6.335198e-03,221.3,84.1,129775
PREPCSV,/mnt/beegfs/ysu34/hamlib/dia_e2e/qmaxcutC_18_4.txt,262144,73,spmv,gopt,43.139,3.874,0.046234,1017
ENERGYRAW,1.148550e+00,295.8,84.1,1106
PREPCSV,/mnt/beegfs/ysu34/hamlib/dia_e2e/qmaxcutC_18_4.txt,262144,73,spmspm,ours_flat,6.864,0.769,5.424589,1
PREPCSV,/mnt/beegfs/ysu34/hamlib/dia_e2e/qmaxcutC_18_4.txt,262144,73,spmspm,ours_sym,2.097,3.899,-1.000000,-1
ENERGYRAW,5.483846e-01,297.2,84.1,2327
PREPCSV,/mnt/beegfs/ysu34/hamlib/dia_e2e/qmaxcutC_18_4.txt,262144,73,spmspm,ours_sym,2.097,3.899,2.578278,2
ENERGYRAW,1.129318e+00,294.0,85.8,1106
SPMSPMCSV,/mnt/beegfs/ysu34/hamlib/dia_e2e/qmaxcutC_18_4.txt,262144,73,1995,447316210,ours_flat,5.424896,0.000e+00
ENERGYRAW,5.442429e-01,297.5,85.8,2333
SPMSPMCSV,/mnt/beegfs/ysu34/hamlib/dia_e2e/qmaxcutC_18_4.txt,262144,73,1995,447316210,ours_sym,2.571418,0.000e+00
== energy qmaxcutK_18_4 ==
ENERGYRAW,1.056551e-03,206.7,85.2,669642
PREPCSV,/mnt/beegfs/ysu34/hamlib/dia_e2e/qmaxcutK_18_4.txt,262144,19,spmv,didx,10.940,1.018,0.008960,1335
ENERGYRAW,1.442010e-03,234.4,85.2,607189
PREPCSV,/mnt/beegfs/ysu34/hamlib/dia_e2e/qmaxcutK_18_4.txt,262144,19,spmv,didx_sym,6.260,2.050,0.009882,841
ENERGYRAW,1.146248e-03,182.2,85.2,498670
PREPCSV,/mnt/beegfs/ysu34/hamlib/dia_e2e/qmaxcutK_18_4.txt,262144,19,spmv,gopt,13.629,1.756,0.012032,1279
ENERGYRAW,7.545670e-02,292.6,85.2,16468
PREPCSV,/mnt/beegfs/ysu34/hamlib/dia_e2e/qmaxcutK_18_4.txt,262144,19,spmspm,ours_flat,0.918,0.311,0.364339,3
PREPCSV,/mnt/beegfs/ysu34/hamlib/dia_e2e/qmaxcutK_18_4.txt,262144,19,spmspm,ours_sym,0.473,2.927,-1.000000,-1
ENERGYRAW,3.758896e-02,298.6,85.2,34215
PREPCSV,/mnt/beegfs/ysu34/hamlib/dia_e2e/qmaxcutK_18_4.txt,262144,19,spmspm,ours_sym,0.473,2.927,0.175360,19
ENERGYRAW,7.640897e-02,293.8,84.1,16463
SPMSPMCSV,/mnt/beegfs/ysu34/hamlib/dia_e2e/qmaxcutK_18_4.txt,262144,19,147,37034376,ours_flat,0.364442,0.000e+00
ENERGYRAW,3.703344e-02,293.9,84.1,34175
SPMSPMCSV,/mnt/beegfs/ysu34/hamlib/dia_e2e/qmaxcutK_18_4.txt,262144,19,147,37034376,ours_sym,0.175565,0.000e+00
== energy qmaxcutR_18_3 ==
ENERGYRAW,7.114857e-04,190.1,86.1,861672
PREPCSV,/mnt/beegfs/ysu34/hamlib/dia_e2e/qmaxcutR_18_3.txt,262144,9,spmv,didx,5.712,0.702,0.006963,921
ENERGYRAW,9.495295e-04,207.1,86.1,756048
PREPCSV,/mnt/beegfs/ysu34/hamlib/dia_e2e/qmaxcutR_18_3.txt,262144,9,spmv,didx_sym,3.024,1.083,0.007936,518
ENERGYRAW,4.779253e-04,157.2,86.1,868055
PREPCSV,/mnt/beegfs/ysu34/hamlib/dia_e2e/qmaxcutR_18_3.txt,262144,9,spmv,gopt,5.846,0.654,0.006912,940
ENERGYRAW,1.672106e-02,287.8,86.1,72159
PREPCSV,/mnt/beegfs/ysu34/hamlib/dia_e2e/qmaxcutR_18_3.txt,262144,9,spmspm,ours_flat,0.601,0.235,0.083149,10
PREPCSV,/mnt/beegfs/ysu34/hamlib/dia_e2e/qmaxcutR_18_3.txt,262144,9,spmspm,ours_sym,0.648,0.280,-1.000000,-1
ENERGYRAW,8.152056e-03,293.7,86.1,153587
PREPCSV,/mnt/beegfs/ysu34/hamlib/dia_e2e/qmaxcutR_18_3.txt,262144,9,spmspm,ours_sym,0.648,0.280,0.039066,24
ENERGYRAW,1.718754e-02,291.0,83.1,69465
SPMSPMCSV,/mnt/beegfs/ysu34/hamlib/dia_e2e/qmaxcutR_18_3.txt,262144,9,35,9027634,ours_flat,0.086374,0.000e+00
ENERGYRAW,8.434126e-03,293.4,83.1,150433
SPMSPMCSV,/mnt/beegfs/ysu34/hamlib/dia_e2e/qmaxcutR_18_3.txt,262144,9,35,9027634,ours_sym,0.039885,0.000e+00
== energy tfim_16_4 ==
ENERGYRAW,6.090882e-04,168.5,83.8,808189
PREPCSV,/mnt/beegfs/ysu34/hamlib/dia_e2e/tfim_16_4.txt,65536,33,spmv,didx,6.251,0.716,0.007424,939
ENERGYRAW,6.522815e-04,180.6,83.8,874533
PREPCSV,/mnt/beegfs/ysu34/hamlib/dia_e2e/tfim_16_4.txt,65536,33,spmv,didx_sym,2.665,0.926,0.006861,523
ENERGYRAW,5.294301e-04,127.0,83.8,478316
PREPCSV,/mnt/beegfs/ysu34/hamlib/dia_e2e/tfim_16_4.txt,65536,33,spmv,gopt,6.487,0.807,0.012544,582
ENERGYRAW,4.840954e-02,295.4,83.8,26181
PREPCSV,/mnt/beegfs/ysu34/hamlib/dia_e2e/tfim_16_4.txt,65536,33,spmspm,ours_flat,0.699,0.269,0.229171,4
PREPCSV,/mnt/beegfs/ysu34/hamlib/dia_e2e/tfim_16_4.txt,65536,33,spmspm,ours_sym,0.203,2.395,-1.000000,-1
ENERGYRAW,2.430300e-02,294.7,83.8,52432
PREPCSV,/mnt/beegfs/ysu34/hamlib/dia_e2e/tfim_16_4.txt,65536,33,spmspm,ours_sym,0.203,2.395,0.114432,23
ENERGYRAW,4.777917e-02,295.0,86.4,26210
SPMSPMCSV,/mnt/beegfs/ysu34/hamlib/dia_e2e/tfim_16_4.txt,65536,33,455,26181618,ours_flat,0.228915,0.000e+00
ENERGYRAW,2.385248e-02,292.9,86.4,52269
SPMSPMCSV,/mnt/beegfs/ysu34/hamlib/dia_e2e/tfim_16_4.txt,65536,33,455,26181618,ours_sym,0.114790,0.000e+00
== energy tfim_16_5 ==
ENERGYRAW,6.148173e-04,168.1,83.4,802654
PREPCSV,/mnt/beegfs/ysu34/hamlib/dia_e2e/tfim_16_5.txt,65536,33,spmv,didx,6.146,0.753,0.007475,923
ENERGYRAW,6.478747e-04,179.5,83.4,861672
PREPCSV,/mnt/beegfs/ysu34/hamlib/dia_e2e/tfim_16_5.txt,65536,33,spmv,didx_sym,2.654,0.953,0.006963,518
ENERGYRAW,5.194265e-04,125.5,83.4,476371
PREPCSV,/mnt/beegfs/ysu34/hamlib/dia_e2e/tfim_16_5.txt,65536,33,spmv,gopt,6.408,0.813,0.012595,573
ENERGYRAW,4.860622e-02,295.7,83.4,26152
PREPCSV,/mnt/beegfs/ysu34/hamlib/dia_e2e/tfim_16_5.txt,65536,33,spmspm,ours_flat,0.679,0.244,0.229427,4
PREPCSV,/mnt/beegfs/ysu34/hamlib/dia_e2e/tfim_16_5.txt,65536,33,spmspm,ours_sym,0.184,2.454,-1.000000,-1
ENERGYRAW,2.439211e-02,295.0,83.4,51898
PREPCSV,/mnt/beegfs/ysu34/hamlib/dia_e2e/tfim_16_5.txt,65536,33,spmspm,ours_sym,0.184,2.454,0.115610,23
ENERGYRAW,4.740976e-02,294.8,87.7,26210
SPMSPMCSV,/mnt/beegfs/ysu34/hamlib/dia_e2e/tfim_16_5.txt,65536,33,455,26181618,ours_flat,0.228915,0.000e+00
ENERGYRAW,2.371776e-02,293.1,87.7,52362
SPMSPMCSV,/mnt/beegfs/ysu34/hamlib/dia_e2e/tfim_16_5.txt,65536,33,455,26181618,ours_sym,0.114586,0.000e+00
== energy tfim_18_4 ==
ENERGYRAW,3.686399e-03,251.9,83.5,270640
PREPCSV,/mnt/beegfs/ysu34/hamlib/dia_e2e/tfim_18_4.txt,262144,37,spmv,didx,43.318,2.514,0.022170,2067
ENERGYRAW,3.179656e-03,286.2,83.5,375600
PREPCSV,/mnt/beegfs/ysu34/hamlib/dia_e2e/tfim_18_4.txt,262144,37,spmv,didx_sym,11.562,3.620,0.015974,950
ENERGYRAW,3.247064e-03,214.5,83.5,233907
PREPCSV,/mnt/beegfs/ysu34/hamlib/dia_e2e/tfim_18_4.txt,262144,37,spmv,gopt,25.178,2.822,0.025651,1092
ENERGYRAW,3.031551e-01,293.2,83.5,4148
PREPCSV,/mnt/beegfs/ysu34/hamlib/dia_e2e/tfim_18_4.txt,262144,37,spmspm,ours_flat,2.135,0.480,1.446400,2
PREPCSV,/mnt/beegfs/ysu34/hamlib/dia_e2e/tfim_18_4.txt,262144,37,spmspm,ours_sym,0.849,2.991,-1.000000,-1
ENERGYRAW,1.451074e-01,299.0,83.5,8887
PREPCSV,/mnt/beegfs/ysu34/hamlib/dia_e2e/tfim_18_4.txt,262144,37,spmspm,ours_sym,0.849,2.991,0.675123,6
ENERGYRAW,2.870574e-01,288.3,89.7,4148
SPMSPMCSV,/mnt/beegfs/ysu34/hamlib/dia_e2e/tfim_18_4.txt,262144,37,583,136183794,ours_flat,1.446298,0.000e+00
ENERGYRAW,1.402638e-01,298.3,89.7,8919
SPMSPMCSV,/mnt/beegfs/ysu34/hamlib/dia_e2e/tfim_18_4.txt,262144,37,583,136183794,ours_sym,0.672666,0.000e+00
== energy tfim_18_5 ==
ENERGYRAW,3.782584e-03,256.8,84.7,270017
PREPCSV,/mnt/beegfs/ysu34/hamlib/dia_e2e/tfim_18_5.txt,262144,37,spmv,didx,43.703,2.478,0.022221,2078
ENERGYRAW,3.156346e-03,284.2,84.7,375600
PREPCSV,/mnt/beegfs/ysu34/hamlib/dia_e2e/tfim_18_5.txt,262144,37,spmv,didx_sym,11.546,3.609,0.015974,949
ENERGYRAW,3.209876e-03,213.4,84.7,232977
PREPCSV,/mnt/beegfs/ysu34/hamlib/dia_e2e/tfim_18_5.txt,262144,37,spmv,gopt,31.043,2.801,0.025754,1314
ENERGYRAW,3.037968e-01,294.8,84.7,4148
PREPCSV,/mnt/beegfs/ysu34/hamlib/dia_e2e/tfim_18_5.txt,262144,37,spmspm,ours_flat,2.137,0.492,1.446298,2
PREPCSV,/mnt/beegfs/ysu34/hamlib/dia_e2e/tfim_18_5.txt,262144,37,spmspm,ours_sym,0.802,3.048,-1.000000,-1
ENERGYRAW,1.424019e-01,296.0,84.7,8889
PREPCSV,/mnt/beegfs/ysu34/hamlib/dia_e2e/tfim_18_5.txt,262144,37,spmspm,ours_sym,0.802,3.048,0.674918,6
ENERGYRAW,2.971166e-01,292.6,87.0,4148
SPMSPMCSV,/mnt/beegfs/ysu34/hamlib/dia_e2e/tfim_18_5.txt,262144,37,583,136183794,ours_flat,1.446246,0.000e+00
ENERGYRAW,1.399445e-01,295.1,87.0,8921
SPMSPMCSV,/mnt/beegfs/ysu34/hamlib/dia_e2e/tfim_18_5.txt,262144,37,583,136183794,ours_sym,0.672563,0.000e+00
== energy tfim_20_5 ==
ENERGYRAW,2.237703e-02,294.9,86.1,56340
PREPCSV,/mnt/beegfs/ysu34/hamlib/dia_e2e/tfim_20_5.txt,1048576,41,spmv,didx,217.689,8.591,0.106496,2125
ENERGYRAW,1.623554e-02,296.7,86.1,78072
PREPCSV,/mnt/beegfs/ysu34/hamlib/dia_e2e/tfim_20_5.txt,1048576,41,spmv,didx_sym,67.674,13.662,0.076851,1058
ENERGYRAW,1.739844e-02,264.3,86.1,61451
PREPCSV,/mnt/beegfs/ysu34/hamlib/dia_e2e/tfim_20_5.txt,1048576,41,spmv,gopt,116.537,9.286,0.097638,1289
ENERGYRAW,1.566868e+00,298.6,86.1,816
PREPCSV,/mnt/beegfs/ysu34/hamlib/dia_e2e/tfim_20_5.txt,1048576,41,spmspm,ours_flat,8.421,0.946,7.352832,1
PREPCSV,/mnt/beegfs/ysu34/hamlib/dia_e2e/tfim_20_5.txt,1048576,41,spmspm,ours_sym,3.771,4.402,-1.000000,-1
ENERGYRAW,7.838623e-01,298.0,86.1,1623
PREPCSV,/mnt/beegfs/ysu34/hamlib/dia_e2e/tfim_20_5.txt,1048576,41,spmspm,ours_sym,3.771,4.402,3.695872,2
ENERGYRAW,1.509941e+00,295.1,90.0,816
SPMSPMCSV,/mnt/beegfs/ysu34/hamlib/dia_e2e/tfim_20_5.txt,1048576,41,727,687341554,ours_flat,7.350630,0.000e+00
ENERGYRAW,7.611333e-01,295.9,90.0,1627
SPMSPMCSV,/mnt/beegfs/ysu34/hamlib/dia_e2e/tfim_20_5.txt,1048576,41,727,687341554,ours_sym,3.685939,0.000e+00
== energy tsp_18_4 ==
ENERGYRAW,3.406885e-04,161.8,86.9,1273777
PREPCSV,/mnt/beegfs/ysu34/hamlib/dia_e2e/tsp_18_4.txt,262144,1,spmv,didx,1.893,0.435,0.004710,494
ENERGYRAW,3.578433e-04,162.4,86.9,1208118
PREPCSV,/mnt/beegfs/ysu34/hamlib/dia_e2e/tsp_18_4.txt,262144,1,spmv,didx_sym,1.370,0.494,0.004966,375
ENERGYRAW,1.851428e-04,129.9,86.9,1346982
PREPCSV,/mnt/beegfs/ysu34/hamlib/dia_e2e/tsp_18_4.txt,262144,1,spmv,gopt,0.593,0.238,0.004454,186
ENERGYRAW,2.387830e-04,131.0,86.9,1075114
PREPCSV,/mnt/beegfs/ysu34/hamlib/dia_e2e/tsp_18_4.txt,262144,1,spmspm,ours_flat,0.546,0.108,0.005581,117
PREPCSV,/mnt/beegfs/ysu34/hamlib/dia_e2e/tsp_18_4.txt,262144,1,spmspm,ours_sym,0.310,0.147,-1.000000,-1
ENERGYRAW,2.294695e-04,129.4,86.9,1075114
PREPCSV,/mnt/beegfs/ysu34/hamlib/dia_e2e/tsp_18_4.txt,262144,1,spmspm,ours_sym,0.310,0.147,0.005581,82
ENERGYRAW,2.627821e-04,126.9,80.3,1037057
SPMSPMCSV,/mnt/beegfs/ysu34/hamlib/dia_e2e/tsp_18_4.txt,262144,1,1,262144,ours_flat,0.005786,0.000e+00
ENERGYRAW,2.651799e-04,127.3,80.3,1027960
SPMSPMCSV,/mnt/beegfs/ysu34/hamlib/dia_e2e/tsp_18_4.txt,262144,1,1,262144,ours_sym,0.005837,0.000e+00
== energy vibbf3_18_3 ==
ENERGYRAW,7.820258e-04,189.1,77.9,825264
PREPCSV,/mnt/beegfs/ysu34/hamlib/dia_e2e/vibbf3_18_3.txt,262144,12,spmv,didx,7.116,0.819,0.007270,1091
ENERGYRAW,9.788474e-04,200.3,77.9,727872
PREPCSV,/mnt/beegfs/ysu34/hamlib/dia_e2e/vibbf3_18_3.txt,262144,12,spmv,didx_sym,3.696,1.331,0.008243,610
ENERGYRAW,6.661908e-04,166.0,77.9,776076
PREPCSV,/mnt/beegfs/ysu34/hamlib/dia_e2e/vibbf3_18_3.txt,262144,12,spmv,gopt,7.949,0.973,0.007731,1154
ENERGYRAW,3.124679e-02,292.3,77.9,41046
PREPCSV,/mnt/beegfs/ysu34/hamlib/dia_e2e/vibbf3_18_3.txt,262144,12,spmspm,ours_flat,0.709,0.266,0.146176,7
PREPCSV,/mnt/beegfs/ysu34/hamlib/dia_e2e/vibbf3_18_3.txt,262144,12,spmspm,ours_sym,0.417,0.977,-1.000000,-1
ENERGYRAW,1.576021e-02,297.7,77.9,84125
PREPCSV,/mnt/beegfs/ysu34/hamlib/dia_e2e/vibbf3_18_3.txt,262144,12,spmspm,ours_sym,0.417,0.977,0.071322,20
ENERGYRAW,3.088303e-02,294.1,81.3,41234
SPMSPMCSV,/mnt/beegfs/ysu34/hamlib/dia_e2e/vibbf3_18_3.txt,262144,12,65,16457670,ours_flat,0.145510,0.000e+00
ENERGYRAW,1.548048e-02,298.6,81.3,84611
SPMSPMCSV,/mnt/beegfs/ysu34/hamlib/dia_e2e/vibbf3_18_3.txt,262144,12,65,16457670,ours_sym,0.070912,2.384e-07
== energy atmosmodd ==
ENERGYRAW,9.757108e-03,286.1,81.8,126008
PREPCSV,/mnt/beegfs/ysu34/hamlib/dia_suitesparse/atmosmodd.txt,1270432,7,spmv,didx,35.603,4.349,0.047616,839
# didx_sym skipped: non-symmetric or Dup>128
ENERGYRAW,6.006544e-03,248.4,81.8,165519
PREPCSV,/mnt/beegfs/ysu34/hamlib/dia_suitesparse/atmosmodd.txt,1270432,7,spmv,gopt,33.628,3.103,0.036250,1013
ENERGYRAW,6.426681e-02,294.8,81.8,19970
PREPCSV,/mnt/beegfs/ysu34/hamlib/dia_suitesparse/atmosmodd.txt,1270432,7,spmspm,ours_flat,2.728,0.382,0.300442,10
PREPCSV,/mnt/beegfs/ysu34/hamlib/dia_suitesparse/atmosmodd.txt,1270432,7,spmspm,ours_sym,1.558,0.273,-1.000000,-1
ENERGYRAW,3.415815e-02,299.1,81.8,37912
PREPCSV,/mnt/beegfs/ysu34/hamlib/dia_suitesparse/atmosmodd.txt,1270432,7,spmspm,ours_sym,1.558,0.273,0.158259,12
ENERGYRAW,6.337390e-02,294.4,84.5,19960
SPMSPMCSV,/mnt/beegfs/ysu34/hamlib/dia_suitesparse/atmosmodd.txt,1270432,7,25,31452658,ours_flat,0.300595,0.000e+00
ENERGYRAW,3.337339e-02,296.7,84.5,38184
SPMSPMCSV,/mnt/beegfs/ysu34/hamlib/dia_suitesparse/atmosmodd.txt,1270432,7,25,31452658,ours_sym,0.157133,3.760e+06
== energy ecology2 ==
ENERGYRAW,5.348943e-03,263.3,85.0,202047
PREPCSV,/mnt/beegfs/ysu34/hamlib/dia_suitesparse/ecology2.txt,999999,7,spmv,didx,22.770,2.914,0.029696,865
ENERGYRAW,4.926434e-03,298.0,85.0,256427
PREPCSV,/mnt/beegfs/ysu34/hamlib/dia_suitesparse/ecology2.txt,999999,7,spmv,didx_sym,12.640,3.311,0.023398,682
ENERGYRAW,2.221296e-03,234.7,85.0,390624
PREPCSV,/mnt/beegfs/ysu34/hamlib/dia_suitesparse/ecology2.txt,999999,7,spmv,gopt,16.439,1.955,0.015360,1198
ENERGYRAW,4.445726e-02,296.4,85.0,28519
PREPCSV,/mnt/beegfs/ysu34/hamlib/dia_suitesparse/ecology2.txt,999999,7,spmspm,ours_flat,2.144,0.348,0.210381,12
PREPCSV,/mnt/beegfs/ysu34/hamlib/dia_suitesparse/ecology2.txt,999999,7,spmspm,ours_sym,1.470,0.238,-1.000000,-1
ENERGYRAW,2.302762e-02,294.4,85.0,53953
PREPCSV,/mnt/beegfs/ysu34/hamlib/dia_suitesparse/ecology2.txt,999999,7,spmspm,ours_sym,1.470,0.238,0.111206,15
ENERGYRAW,4.369291e-02,294.6,86.7,28533
SPMSPMCSV,/mnt/beegfs/ysu34/hamlib/dia_suitesparse/ecology2.txt,999999,7,19,18979985,ours_flat,0.210278,0.000e+00
ENERGYRAW,2.313426e-02,298.1,86.7,54658
SPMSPMCSV,/mnt/beegfs/ysu34/hamlib/dia_suitesparse/ecology2.txt,999999,7,19,18979985,ours_sym,0.109773,1.526e-05
== energy Lin ==
ENERGYRAW,9.806891e-04,207.7,86.5,723379
PREPCSV,/mnt/beegfs/ysu34/hamlib/dia_suitesparse/Lin.txt,256000,7,spmv,didx,6.619,1.091,0.008294,929
ENERGYRAW,1.146148e-03,233.2,86.5,746417
PREPCSV,/mnt/beegfs/ysu34/hamlib/dia_suitesparse/Lin.txt,256000,7,spmv,didx_sym,3.461,1.008,0.008038,556
ENERGYRAW,6.025295e-04,169.9,86.5,808189
PREPCSV,/mnt/beegfs/ysu34/hamlib/dia_suitesparse/Lin.txt,256000,7,spmv,gopt,4.396,0.760,0.007424,695
ENERGYRAW,1.064865e-02,294.2,86.5,117304
PREPCSV,/mnt/beegfs/ysu34/hamlib/dia_suitesparse/Lin.txt,256000,7,spmspm,ours_flat,0.561,0.213,0.051149,15
PREPCSV,/mnt/beegfs/ysu34/hamlib/dia_suitesparse/Lin.txt,256000,7,spmspm,ours_sym,0.323,0.220,-1.000000,-1
ENERGYRAW,5.365381e-03,296.7,86.5,232054
PREPCSV,/mnt/beegfs/ysu34/hamlib/dia_suitesparse/Lin.txt,256000,7,spmspm,ours_sym,0.323,0.220,0.025856,21
ENERGYRAW,1.078395e-02,294.2,84.5,117070
SPMSPMCSV,/mnt/beegfs/ysu34/hamlib/dia_suitesparse/Lin.txt,256000,7,25,6309594,ours_flat,0.051251,0.000e+00
ENERGYRAW,5.384435e-03,294.7,84.5,232054
SPMSPMCSV,/mnt/beegfs/ysu34/hamlib/dia_suitesparse/Lin.txt,256000,7,25,6309594,ours_sym,0.025856,6.250e-02
== A100 TRIM SET DONE 2026-08-03T05:50:18-04:00
