host=c29 2026-08-01T05:48:20-04:00 reps=3
== [1] BH_20_7 ==
PREPCSV,/mnt/beegfs/ysu34/hamlib/dia_e2e/BH_20_7.txt,1048576,127,spmv,didx,207.682,4.043,0.086999,2434
# didx_sym skipped: non-symmetric or Dup>128
PREPCSV,/mnt/beegfs/ysu34/hamlib/dia_e2e/BH_20_7.txt,1048576,127,spmv,gopt,175.802,9.598,0.129393,1433
PREPCSV,/mnt/beegfs/ysu34/hamlib/dia_e2e/BH_20_7.txt,1048576,127,spmv,cusparse_csr,335.473,7.127,0.129761,2640
PREPCSV,/mnt/beegfs/ysu34/hamlib/dia_e2e/BH_20_7.txt,1048576,127,spmspm,ours_flat,32.471,1.888,44.524899,1
# hm_atomic skipped: C nnz 5108440242 exceeds HM int32 layout
PREPCSV,/mnt/beegfs/ysu34/hamlib/dia_e2e/BH_20_7.txt,1048576,127,spmspm,ours_sym,12.208,12.259,-1.000000,-1
PREPCSV,/mnt/beegfs/ysu34/hamlib/dia_e2e/BH_20_7.txt,1048576,127,spmspm,ours_sym,12.208,12.259,22.272959,1
SPMSPMCSV,/mnt/beegfs/ysu34/hamlib/dia_e2e/BH_20_7.txt,1048576,127,5555,5108440242,ours_flat,45.058239,0.000e+00
SPMSPMCSV,/mnt/beegfs/ysu34/hamlib/dia_e2e/BH_20_7.txt,1048576,127,5555,5108440242,ours_sym,22.334984,7.629e-06
# hm_atomic skipped: C nnz 5108440242 exceeds HM int32 layout
# diaq_fp32 skipped: C nnz 5108440242 exceeds diaq u32 layout
SPMSPMCSV,/mnt/beegfs/ysu34/hamlib/dia_e2e/BH_20_7.txt,1048576,127,5555,5108440242,cusparse_spgemm,96.923691,-1.000e+00
CSRNNZ,/mnt/beegfs/ysu34/hamlib/dia_e2e/BH_20_7.txt,125829148,25824385,0.2052
PREPCSV,/mnt/beegfs/ysu34/hamlib/dia_e2e/BH_20_7.txt,1048576,127,spmv,cusparse_csr,318.269,319.627,0.129795,-1
CFILL,/mnt/beegfs/ysu34/hamlib/dia_e2e/BH_20_7.txt,1048576,5555,5108440242,343364854,0.0672
E2EEVCSV,/mnt/beegfs/ysu34/hamlib/dia_e2e/BH_20_7.txt,1048576,127,1000,7,didx,396.335,347.831,922.621,2115.127,2.293,7.550e-07
E2EEVDIAQCSV,/mnt/beegfs/ysu34/hamlib/dia_e2e/BH_20_7.txt,1048576,127,1000,7,14.385,3117.450,3.379,7.391e-07
E2EOPCSV,/mnt/beegfs/ysu34/hamlib/dia_e2e/BH_20_7.txt,1048576,127,2,5555,5108440242,32.805,44.372,-1
E2EOPCSV,/mnt/beegfs/ysu34/hamlib/dia_e2e/BH_20_7.txt,1048576,127,3,98989,82073030294,-1,-1,-1
# opbuild wall: Unnz=1099511627776 (int32 index limit)
E2EOPBUILDCSV,/mnt/beegfs/ysu34/hamlib/dia_e2e/BH_20_7.txt,1048576,7,2097151,1099511627776,-1,-1,-1
# opbuild(sym) wall: Unnz=549756338176 (int32 index limit)
E2EOPBUILDCSV,/mnt/beegfs/ysu34/hamlib/dia_e2e/BH_20_7.txt,1048576,7,1048576,549756338176,-1,-1,-1
== [1] fermi_16_5 ==
PREPCSV,/mnt/beegfs/ysu34/hamlib/dia_e2e/fermi_16_5.txt,65536,29,spmv,didx,2.200,0.172,0.004689,506
PREPCSV,/mnt/beegfs/ysu34/hamlib/dia_e2e/fermi_16_5.txt,65536,29,spmv,didx_sym,0.925,0.280,0.004676,258
PREPCSV,/mnt/beegfs/ysu34/hamlib/dia_e2e/fermi_16_5.txt,65536,29,spmv,gopt,2.873,0.202,0.010752,286
PREPCSV,/mnt/beegfs/ysu34/hamlib/dia_e2e/fermi_16_5.txt,65536,29,spmv,cusparse_csr,5.874,0.537,0.015228,421
PREPCSV,/mnt/beegfs/ysu34/hamlib/dia_e2e/fermi_16_5.txt,65536,29,spmspm,ours_flat,0.243,0.118,0.129615,3
PREPCSV,/mnt/beegfs/ysu34/hamlib/dia_e2e/fermi_16_5.txt,65536,29,spmspm,hm_atomic,4.880,0.551,0.174814,31
PREPCSV,/mnt/beegfs/ysu34/hamlib/dia_e2e/fermi_16_5.txt,65536,29,spmspm,ours_sym,0.080,0.141,-1.000000,-1
PREPCSV,/mnt/beegfs/ysu34/hamlib/dia_e2e/fermi_16_5.txt,65536,29,spmspm,ours_sym,0.080,0.141,0.068733,3
SPMSPMCSV,/mnt/beegfs/ysu34/hamlib/dia_e2e/fermi_16_5.txt,65536,29,353,21513010,ours_flat,0.129792,0.000e+00
SPMSPMCSV,/mnt/beegfs/ysu34/hamlib/dia_e2e/fermi_16_5.txt,65536,29,353,21513010,ours_sym,0.068587,0.000e+00
SPMSPMCSV,/mnt/beegfs/ysu34/hamlib/dia_e2e/fermi_16_5.txt,65536,29,353,21513010,hm_atomic,0.174388,0.000e+00
SPMSPMCSV,/mnt/beegfs/ysu34/hamlib/dia_e2e/fermi_16_5.txt,65536,29,353,21513010,diaq_fp32,4.729208,0.000e+00
SPMSPMCSV,/mnt/beegfs/ysu34/hamlib/dia_e2e/fermi_16_5.txt,65536,29,353,21513010,cusparse_spgemm,2.079236,-1.000e+00
CSRNNZ,/mnt/beegfs/ysu34/hamlib/dia_e2e/fermi_16_5.txt,1835266,503876,0.2746
PREPCSV,/mnt/beegfs/ysu34/hamlib/dia_e2e/fermi_16_5.txt,65536,29,spmv,cusparse_csr,5.694,213.506,0.015286,-1
CFILL,/mnt/beegfs/ysu34/hamlib/dia_e2e/fermi_16_5.txt,65536,353,21513010,2136996,0.0993
E2EEVCSV,/mnt/beegfs/ysu34/hamlib/dia_e2e/fermi_16_5.txt,65536,29,1000,5,didx,5.290,6.570,36.974,160.829,4.350,2.193e-07
E2EEVDIAQCSV,/mnt/beegfs/ysu34/hamlib/dia_e2e/fermi_16_5.txt,65536,29,1000,5,0.295,80.271,2.171,8.135e-08
E2EOPCSV,/mnt/beegfs/ysu34/hamlib/dia_e2e/fermi_16_5.txt,65536,29,2,353,21513010,0.188,0.130,-1
E2EOPCSV,/mnt/beegfs/ysu34/hamlib/dia_e2e/fermi_16_5.txt,65536,29,3,2377,138741682,5.177,1.352,-1
E2EOPBUILDCSV,/mnt/beegfs/ysu34/hamlib/dia_e2e/fermi_16_5.txt,65536,5,27547,1419565488,1322.403,1480.346,1.119
E2EOPBUILDCSV,/mnt/beegfs/ysu34/hamlib/dia_e2e/fermi_16_5.txt,65536,5,13774,709815512,122.036,-1,-1
== [1] heis_16_5 ==
PREPCSV,/mnt/beegfs/ysu34/hamlib/dia_e2e/heis_16_5.txt,65536,31,spmv,didx,2.344,0.183,0.004796,527
PREPCSV,/mnt/beegfs/ysu34/hamlib/dia_e2e/heis_16_5.txt,65536,31,spmv,didx_sym,0.920,0.288,0.005025,240
PREPCSV,/mnt/beegfs/ysu34/hamlib/dia_e2e/heis_16_5.txt,65536,31,spmv,gopt,2.989,0.214,0.011593,276
PREPCSV,/mnt/beegfs/ysu34/hamlib/dia_e2e/heis_16_5.txt,65536,31,spmv,cusparse_csr,6.247,0.534,0.015661,433
PREPCSV,/mnt/beegfs/ysu34/hamlib/dia_e2e/heis_16_5.txt,65536,31,spmspm,ours_flat,0.279,0.137,0.147292,3
PREPCSV,/mnt/beegfs/ysu34/hamlib/dia_e2e/heis_16_5.txt,65536,31,spmspm,hm_atomic,5.832,0.543,0.203679,31
PREPCSV,/mnt/beegfs/ysu34/hamlib/dia_e2e/heis_16_5.txt,65536,31,spmspm,ours_sym,0.085,0.148,-1.000000,-1
PREPCSV,/mnt/beegfs/ysu34/hamlib/dia_e2e/heis_16_5.txt,65536,31,spmspm,ours_sym,0.085,0.148,0.077481,3
SPMSPMCSV,/mnt/beegfs/ysu34/hamlib/dia_e2e/heis_16_5.txt,65536,31,399,24395762,ours_flat,0.147727,0.000e+00
SPMSPMCSV,/mnt/beegfs/ysu34/hamlib/dia_e2e/heis_16_5.txt,65536,31,399,24395762,ours_sym,0.077579,0.000e+00
SPMSPMCSV,/mnt/beegfs/ysu34/hamlib/dia_e2e/heis_16_5.txt,65536,31,399,24395762,hm_atomic,0.203468,0.000e+00
SPMSPMCSV,/mnt/beegfs/ysu34/hamlib/dia_e2e/heis_16_5.txt,65536,31,399,24395762,diaq_fp32,5.082301,0.000e+00
SPMSPMCSV,/mnt/beegfs/ysu34/hamlib/dia_e2e/heis_16_5.txt,65536,31,399,24395762,cusparse_spgemm,2.074956,-1.000e+00
CSRNNZ,/mnt/beegfs/ysu34/hamlib/dia_e2e/heis_16_5.txt,1966082,557056,0.2833
PREPCSV,/mnt/beegfs/ysu34/hamlib/dia_e2e/heis_16_5.txt,65536,31,spmv,cusparse_csr,6.170,221.800,0.015365,-1
CFILL,/mnt/beegfs/ysu34/hamlib/dia_e2e/heis_16_5.txt,65536,399,24395762,2497616,0.1024
E2EEVCSV,/mnt/beegfs/ysu34/hamlib/dia_e2e/heis_16_5.txt,65536,31,1000,5,didx,5.489,7.168,39.135,170.934,4.368,2.946e-07
E2EEVDIAQCSV,/mnt/beegfs/ysu34/hamlib/dia_e2e/heis_16_5.txt,65536,31,1000,5,0.317,84.376,2.156,2.728e-07
E2EOPCSV,/mnt/beegfs/ysu34/hamlib/dia_e2e/heis_16_5.txt,65536,31,2,399,24395762,0.218,0.148,-1
E2EOPCSV,/mnt/beegfs/ysu34/hamlib/dia_e2e/heis_16_5.txt,65536,31,3,2791,163414130,5.816,1.632,-1
E2EOPBUILDCSV,/mnt/beegfs/ysu34/hamlib/dia_e2e/heis_16_5.txt,65536,5,32167,1651448944,1457.634,1654.477,1.135
E2EOPBUILDCSV,/mnt/beegfs/ysu34/hamlib/dia_e2e/heis_16_5.txt,65536,5,16084,825757240,160.119,-1,-1
== [1] heis_18_5 ==
PREPCSV,/mnt/beegfs/ysu34/hamlib/dia_e2e/heis_18_5.txt,262144,35,spmv,didx,9.013,0.609,0.008772,1097
PREPCSV,/mnt/beegfs/ysu34/hamlib/dia_e2e/heis_18_5.txt,262144,35,spmv,didx_sym,4.844,1.326,0.008324,741
PREPCSV,/mnt/beegfs/ysu34/hamlib/dia_e2e/heis_18_5.txt,262144,35,spmv,gopt,10.896,0.998,0.011860,1003
PREPCSV,/mnt/beegfs/ysu34/hamlib/dia_e2e/heis_18_5.txt,262144,35,spmv,cusparse_csr,26.093,1.220,0.025278,1081
PREPCSV,/mnt/beegfs/ysu34/hamlib/dia_e2e/heis_18_5.txt,262144,35,spmspm,ours_flat,0.908,0.200,0.825045,1
PREPCSV,/mnt/beegfs/ysu34/hamlib/dia_e2e/heis_18_5.txt,262144,35,spmspm,hm_atomic,32.972,1.736,1.406644,25
PREPCSV,/mnt/beegfs/ysu34/hamlib/dia_e2e/heis_18_5.txt,262144,35,spmspm,ours_sym,0.365,0.243,-1.000000,-1
PREPCSV,/mnt/beegfs/ysu34/hamlib/dia_e2e/heis_18_5.txt,262144,35,spmspm,ours_sym,0.365,0.243,0.398686,2
SPMSPMCSV,/mnt/beegfs/ysu34/hamlib/dia_e2e/heis_18_5.txt,262144,35,519,127991794,ours_flat,0.828278,0.000e+00
SPMSPMCSV,/mnt/beegfs/ysu34/hamlib/dia_e2e/heis_18_5.txt,262144,35,519,127991794,ours_sym,0.390098,0.000e+00
SPMSPMCSV,/mnt/beegfs/ysu34/hamlib/dia_e2e/heis_18_5.txt,262144,35,519,127991794,hm_atomic,1.406856,0.000e+00
SPMSPMCSV,/mnt/beegfs/ysu34/hamlib/dia_e2e/heis_18_5.txt,262144,35,519,127991794,diaq_fp32,29.170576,0.000e+00
SPMSPMCSV,/mnt/beegfs/ysu34/hamlib/dia_e2e/heis_18_5.txt,262144,35,519,127991794,cusparse_spgemm,2.889469,-1.000e+00
CSRNNZ,/mnt/beegfs/ysu34/hamlib/dia_e2e/heis_18_5.txt,8912898,2490368,0.2794
PREPCSV,/mnt/beegfs/ysu34/hamlib/dia_e2e/heis_18_5.txt,262144,35,spmv,cusparse_csr,25.637,229.060,0.025225,-1
CFILL,/mnt/beegfs/ysu34/hamlib/dia_e2e/heis_18_5.txt,262144,519,127991794,12417264,0.0970
E2EEVCSV,/mnt/beegfs/ysu34/hamlib/dia_e2e/heis_18_5.txt,262144,35,1000,5,didx,21.299,27.423,65.016,291.262,4.480,3.099e-07
E2EEVDIAQCSV,/mnt/beegfs/ysu34/hamlib/dia_e2e/heis_18_5.txt,262144,35,1000,5,1.125,180.240,2.772,2.886e-07
E2EOPCSV,/mnt/beegfs/ysu34/hamlib/dia_e2e/heis_18_5.txt,262144,35,2,519,127991794,0.719,0.842,-1
E2EOPCSV,/mnt/beegfs/ysu34/hamlib/dia_e2e/heis_18_5.txt,262144,35,3,4279,1016725618,13.361,12.062,-1
# opbuild wall: Unnz=15484329072 (int32 index limit)
E2EOPBUILDCSV,/mnt/beegfs/ysu34/hamlib/dia_e2e/heis_18_5.txt,262144,5,72483,15484329072,-1,-1,-1
# opbuild(sym) wall: Unnz=7742295608 (int32 index limit)
E2EOPBUILDCSV,/mnt/beegfs/ysu34/hamlib/dia_e2e/heis_18_5.txt,262144,5,36242,7742295608,-1,-1,-1
== [1] heis_20_5 ==
PREPCSV,/mnt/beegfs/ysu34/hamlib/dia_e2e/heis_20_5.txt,1048576,39,spmv,didx,55.795,2.092,0.032145,1801
PREPCSV,/mnt/beegfs/ysu34/hamlib/dia_e2e/heis_20_5.txt,1048576,39,spmv,didx_sym,20.795,5.196,0.031639,821
PREPCSV,/mnt/beegfs/ysu34/hamlib/dia_e2e/heis_20_5.txt,1048576,39,spmv,gopt,48.454,3.293,0.044702,1158
PREPCSV,/mnt/beegfs/ysu34/hamlib/dia_e2e/heis_20_5.txt,1048576,39,spmv,cusparse_csr,116.323,3.459,0.059571,2011
PREPCSV,/mnt/beegfs/ysu34/hamlib/dia_e2e/heis_20_5.txt,1048576,39,spmspm,ours_flat,3.694,0.421,4.393620,1
PREPCSV,/mnt/beegfs/ysu34/hamlib/dia_e2e/heis_20_5.txt,1048576,39,spmspm,hm_atomic,166.851,5.886,7.309240,24
PREPCSV,/mnt/beegfs/ysu34/hamlib/dia_e2e/heis_20_5.txt,1048576,39,spmspm,ours_sym,1.709,1.860,-1.000000,-1
PREPCSV,/mnt/beegfs/ysu34/hamlib/dia_e2e/heis_20_5.txt,1048576,39,spmspm,ours_sym,1.709,1.860,2.167974,2
SPMSPMCSV,/mnt/beegfs/ysu34/hamlib/dia_e2e/heis_20_5.txt,1048576,39,655,650379250,ours_flat,4.403182,0.000e+00
SPMSPMCSV,/mnt/beegfs/ysu34/hamlib/dia_e2e/heis_20_5.txt,1048576,39,655,650379250,ours_sym,2.165780,0.000e+00
SPMSPMCSV,/mnt/beegfs/ysu34/hamlib/dia_e2e/heis_20_5.txt,1048576,39,655,650379250,hm_atomic,7.316452,0.000e+00
SPMSPMCSV,/mnt/beegfs/ysu34/hamlib/dia_e2e/heis_20_5.txt,1048576,39,655,650379250,diaq_fp32,145.478012,0.000e+00
SPMSPMCSV,/mnt/beegfs/ysu34/hamlib/dia_e2e/heis_20_5.txt,1048576,39,655,650379250,cusparse_spgemm,8.587507,-1.000e+00
CSRNNZ,/mnt/beegfs/ysu34/hamlib/dia_e2e/heis_20_5.txt,39845890,11010048,0.2763
PREPCSV,/mnt/beegfs/ysu34/hamlib/dia_e2e/heis_20_5.txt,1048576,39,spmv,cusparse_csr,106.288,227.825,0.059034,-1
CFILL,/mnt/beegfs/ysu34/hamlib/dia_e2e/heis_20_5.txt,1048576,655,650379250,60424320,0.0929
E2EEVCSV,/mnt/beegfs/ysu34/hamlib/dia_e2e/heis_20_5.txt,1048576,39,1000,5,didx,109.965,115.422,240.536,671.390,2.791,3.252e-07
E2EEVDIAQCSV,/mnt/beegfs/ysu34/hamlib/dia_e2e/heis_20_5.txt,1048576,39,1000,5,4.634,768.304,3.194,3.042e-07
E2EOPCSV,/mnt/beegfs/ysu34/hamlib/dia_e2e/heis_20_5.txt,1048576,39,2,655,650379250,3.545,4.552,-1
E2EOPCSV,/mnt/beegfs/ysu34/hamlib/dia_e2e/heis_20_5.txt,1048576,39,3,6231,5988941938,46.690,81.964,-1
# opbuild wall: Unnz=130519407728 (int32 index limit)
E2EOPBUILDCSV,/mnt/beegfs/ysu34/hamlib/dia_e2e/heis_20_5.txt,1048576,5,148383,130519407728,-1,-1,-1
# opbuild(sym) wall: Unnz=65260228152 (int32 index limit)
E2EOPBUILDCSV,/mnt/beegfs/ysu34/hamlib/dia_e2e/heis_20_5.txt,1048576,5,74192,65260228152,-1,-1,-1
== [1] heis_20_6 ==
PREPCSV,/mnt/beegfs/ysu34/hamlib/dia_e2e/heis_20_6.txt,1048576,39,spmv,didx,54.674,2.058,0.031924,1777
PREPCSV,/mnt/beegfs/ysu34/hamlib/dia_e2e/heis_20_6.txt,1048576,39,spmv,didx_sym,21.792,5.249,0.031601,856
PREPCSV,/mnt/beegfs/ysu34/hamlib/dia_e2e/heis_20_6.txt,1048576,39,spmv,gopt,48.513,3.258,0.044548,1162
PREPCSV,/mnt/beegfs/ysu34/hamlib/dia_e2e/heis_20_6.txt,1048576,39,spmv,cusparse_csr,112.500,3.507,0.059180,1960
PREPCSV,/mnt/beegfs/ysu34/hamlib/dia_e2e/heis_20_6.txt,1048576,39,spmspm,ours_flat,3.701,0.446,4.403414,1
PREPCSV,/mnt/beegfs/ysu34/hamlib/dia_e2e/heis_20_6.txt,1048576,39,spmspm,hm_atomic,166.339,5.907,7.313086,24
PREPCSV,/mnt/beegfs/ysu34/hamlib/dia_e2e/heis_20_6.txt,1048576,39,spmspm,ours_sym,1.713,0.755,-1.000000,-1
PREPCSV,/mnt/beegfs/ysu34/hamlib/dia_e2e/heis_20_6.txt,1048576,39,spmspm,ours_sym,1.713,0.755,2.186515,1
SPMSPMCSV,/mnt/beegfs/ysu34/hamlib/dia_e2e/heis_20_6.txt,1048576,39,655,650379250,ours_flat,4.420788,0.000e+00
SPMSPMCSV,/mnt/beegfs/ysu34/hamlib/dia_e2e/heis_20_6.txt,1048576,39,655,650379250,ours_sym,2.169510,0.000e+00
SPMSPMCSV,/mnt/beegfs/ysu34/hamlib/dia_e2e/heis_20_6.txt,1048576,39,655,650379250,hm_atomic,7.321859,0.000e+00
SPMSPMCSV,/mnt/beegfs/ysu34/hamlib/dia_e2e/heis_20_6.txt,1048576,39,655,650379250,diaq_fp32,145.379547,0.000e+00
SPMSPMCSV,/mnt/beegfs/ysu34/hamlib/dia_e2e/heis_20_6.txt,1048576,39,655,650379250,cusparse_spgemm,8.567524,-1.000e+00
CSRNNZ,/mnt/beegfs/ysu34/hamlib/dia_e2e/heis_20_6.txt,39845890,11010048,0.2763
PREPCSV,/mnt/beegfs/ysu34/hamlib/dia_e2e/heis_20_6.txt,1048576,39,spmv,cusparse_csr,106.329,231.197,0.059354,-1
CFILL,/mnt/beegfs/ysu34/hamlib/dia_e2e/heis_20_6.txt,1048576,655,650379250,60424320,0.0929
E2EEVCSV,/mnt/beegfs/ysu34/hamlib/dia_e2e/heis_20_6.txt,1048576,39,1000,6,didx,107.551,116.079,289.814,815.875,2.815,3.251e-07
E2EEVDIAQCSV,/mnt/beegfs/ysu34/hamlib/dia_e2e/heis_20_6.txt,1048576,39,1000,6,4.658,923.434,3.186,3.040e-07
E2EOPCSV,/mnt/beegfs/ysu34/hamlib/dia_e2e/heis_20_6.txt,1048576,39,2,655,650379250,3.655,4.526,-1
E2EOPCSV,/mnt/beegfs/ysu34/hamlib/dia_e2e/heis_20_6.txt,1048576,39,3,6231,5988941938,46.572,82.234,-1
# opbuild wall: Unnz=337281752192 (int32 index limit)
E2EOPBUILDCSV,/mnt/beegfs/ysu34/hamlib/dia_e2e/heis_20_6.txt,1048576,6,409911,337281752192,-1,-1,-1
# opbuild(sym) wall: Unnz=168641400384 (int32 index limit)
E2EOPBUILDCSV,/mnt/beegfs/ysu34/hamlib/dia_e2e/heis_20_6.txt,1048576,6,204956,168641400384,-1,-1,-1
== [1] maxcut_16_5 ==
PREPCSV,/mnt/beegfs/ysu34/hamlib/dia_e2e/maxcut_16_5.txt,65536,1,spmv,didx,0.229,0.054,0.003081,92
PREPCSV,/mnt/beegfs/ysu34/hamlib/dia_e2e/maxcut_16_5.txt,65536,1,spmv,didx_sym,0.123,0.055,0.003039,59
PREPCSV,/mnt/beegfs/ysu34/hamlib/dia_e2e/maxcut_16_5.txt,65536,1,spmv,gopt,0.077,0.038,0.003055,37
PREPCSV,/mnt/beegfs/ysu34/hamlib/dia_e2e/maxcut_16_5.txt,65536,1,spmv,cusparse_csr,0.215,0.401,0.018560,33
PREPCSV,/mnt/beegfs/ysu34/hamlib/dia_e2e/maxcut_16_5.txt,65536,1,spmspm,ours_flat,0.040,0.028,0.004486,15
PREPCSV,/mnt/beegfs/ysu34/hamlib/dia_e2e/maxcut_16_5.txt,65536,1,spmspm,hm_atomic,0.175,0.077,0.005468,46
PREPCSV,/mnt/beegfs/ysu34/hamlib/dia_e2e/maxcut_16_5.txt,65536,1,spmspm,ours_sym,0.026,0.027,-1.000000,-1
PREPCSV,/mnt/beegfs/ysu34/hamlib/dia_e2e/maxcut_16_5.txt,65536,1,spmspm,ours_sym,0.026,0.027,0.004376,12
SPMSPMCSV,/mnt/beegfs/ysu34/hamlib/dia_e2e/maxcut_16_5.txt,65536,1,1,65536,ours_flat,0.004470,0.000e+00
SPMSPMCSV,/mnt/beegfs/ysu34/hamlib/dia_e2e/maxcut_16_5.txt,65536,1,1,65536,ours_sym,0.004395,0.000e+00
SPMSPMCSV,/mnt/beegfs/ysu34/hamlib/dia_e2e/maxcut_16_5.txt,65536,1,1,65536,hm_atomic,0.005436,0.000e+00
SPMSPMCSV,/mnt/beegfs/ysu34/hamlib/dia_e2e/maxcut_16_5.txt,65536,1,1,65536,diaq_fp32,0.091173,0.000e+00
SPMSPMCSV,/mnt/beegfs/ysu34/hamlib/dia_e2e/maxcut_16_5.txt,65536,1,1,65536,cusparse_spgemm,1.874538,-1.000e+00
CSRNNZ,/mnt/beegfs/ysu34/hamlib/dia_e2e/maxcut_16_5.txt,65536,34596,0.5279
PREPCSV,/mnt/beegfs/ysu34/hamlib/dia_e2e/maxcut_16_5.txt,65536,1,spmv,cusparse_csr,0.351,222.259,0.018591,-1
CFILL,/mnt/beegfs/ysu34/hamlib/dia_e2e/maxcut_16_5.txt,65536,1,65536,34596,0.5279
E2EEVCSV,/mnt/beegfs/ysu34/hamlib/dia_e2e/maxcut_16_5.txt,65536,1,1000,5,stream,0.258,0.649,28.352,200.219,7.062,0.000e+00
E2EEVDIAQCSV,/mnt/beegfs/ysu34/hamlib/dia_e2e/maxcut_16_5.txt,65536,1,1000,5,0.048,28.328,0.999,0.000e+00
E2EOPCSV,/mnt/beegfs/ysu34/hamlib/dia_e2e/maxcut_16_5.txt,65536,1,2,1,65536,0.002,0.005,-1
E2EOPCSV,/mnt/beegfs/ysu34/hamlib/dia_e2e/maxcut_16_5.txt,65536,1,3,1,65536,0.001,0.005,-1
E2EOPBUILDCSV,/mnt/beegfs/ysu34/hamlib/dia_e2e/maxcut_16_5.txt,65536,5,1,65536,0.517,1.433,2.773
E2EOPBUILDCSV,/mnt/beegfs/ysu34/hamlib/dia_e2e/maxcut_16_5.txt,65536,5,1,65536,0.422,-1,-1
== [1] maxcut_18_5 ==
PREPCSV,/mnt/beegfs/ysu34/hamlib/dia_e2e/maxcut_18_5.txt,262144,1,spmv,didx,1.082,0.207,0.003702,348
PREPCSV,/mnt/beegfs/ysu34/hamlib/dia_e2e/maxcut_18_5.txt,262144,1,spmv,didx_sym,0.314,0.212,0.003654,144
PREPCSV,/mnt/beegfs/ysu34/hamlib/dia_e2e/maxcut_18_5.txt,262144,1,spmv,gopt,0.454,0.108,0.003313,170
PREPCSV,/mnt/beegfs/ysu34/hamlib/dia_e2e/maxcut_18_5.txt,262144,1,spmv,cusparse_csr,1.093,0.515,0.017191,94
PREPCSV,/mnt/beegfs/ysu34/hamlib/dia_e2e/maxcut_18_5.txt,262144,1,spmspm,ours_flat,0.152,0.063,0.004758,45
PREPCSV,/mnt/beegfs/ysu34/hamlib/dia_e2e/maxcut_18_5.txt,262144,1,spmspm,hm_atomic,0.507,0.194,0.006242,112
PREPCSV,/mnt/beegfs/ysu34/hamlib/dia_e2e/maxcut_18_5.txt,262144,1,spmspm,ours_sym,0.096,0.065,-1.000000,-1
PREPCSV,/mnt/beegfs/ysu34/hamlib/dia_e2e/maxcut_18_5.txt,262144,1,spmspm,ours_sym,0.096,0.065,0.004732,34
SPMSPMCSV,/mnt/beegfs/ysu34/hamlib/dia_e2e/maxcut_18_5.txt,262144,1,1,262144,ours_flat,0.004739,0.000e+00
SPMSPMCSV,/mnt/beegfs/ysu34/hamlib/dia_e2e/maxcut_18_5.txt,262144,1,1,262144,ours_sym,0.004737,0.000e+00
SPMSPMCSV,/mnt/beegfs/ysu34/hamlib/dia_e2e/maxcut_18_5.txt,262144,1,1,262144,hm_atomic,0.006119,0.000e+00
SPMSPMCSV,/mnt/beegfs/ysu34/hamlib/dia_e2e/maxcut_18_5.txt,262144,1,1,262144,diaq_fp32,0.343739,0.000e+00
SPMSPMCSV,/mnt/beegfs/ysu34/hamlib/dia_e2e/maxcut_18_5.txt,262144,1,1,262144,cusparse_spgemm,1.844019,-1.000e+00
CSRNNZ,/mnt/beegfs/ysu34/hamlib/dia_e2e/maxcut_18_5.txt,262144,262144,1.0000
PREPCSV,/mnt/beegfs/ysu34/hamlib/dia_e2e/maxcut_18_5.txt,262144,1,spmv,cusparse_csr,1.216,208.527,0.016572,-1
CFILL,/mnt/beegfs/ysu34/hamlib/dia_e2e/maxcut_18_5.txt,262144,1,262144,262144,1.0000
E2EEVCSV,/mnt/beegfs/ysu34/hamlib/dia_e2e/maxcut_18_5.txt,262144,1,1000,5,stream,0.799,1.611,35.372,184.275,5.210,0.000e+00
E2EEVDIAQCSV,/mnt/beegfs/ysu34/hamlib/dia_e2e/maxcut_18_5.txt,262144,1,1000,5,0.111,34.768,0.983,0.000e+00
E2EOPCSV,/mnt/beegfs/ysu34/hamlib/dia_e2e/maxcut_18_5.txt,262144,1,2,1,262144,0.002,0.005,-1
E2EOPCSV,/mnt/beegfs/ysu34/hamlib/dia_e2e/maxcut_18_5.txt,262144,1,3,1,262144,0.001,0.005,-1
E2EOPBUILDCSV,/mnt/beegfs/ysu34/hamlib/dia_e2e/maxcut_18_5.txt,262144,5,1,262144,1.353,3.405,2.516
E2EOPBUILDCSV,/mnt/beegfs/ysu34/hamlib/dia_e2e/maxcut_18_5.txt,262144,5,1,262144,0.893,-1,-1
== [1] maxcut_20_5 ==
PREPCSV,/mnt/beegfs/ysu34/hamlib/dia_e2e/maxcut_20_5.txt,1048576,1,spmv,didx,2.873,0.370,0.006567,494
PREPCSV,/mnt/beegfs/ysu34/hamlib/dia_e2e/maxcut_20_5.txt,1048576,1,spmv,didx_sym,1.462,0.368,0.006660,275
PREPCSV,/mnt/beegfs/ysu34/hamlib/dia_e2e/maxcut_20_5.txt,1048576,1,spmv,gopt,1.259,0.169,0.004932,290
PREPCSV,/mnt/beegfs/ysu34/hamlib/dia_e2e/maxcut_20_5.txt,1048576,1,spmv,cusparse_csr,2.915,0.782,0.029736,124
PREPCSV,/mnt/beegfs/ysu34/hamlib/dia_e2e/maxcut_20_5.txt,1048576,1,spmspm,ours_flat,0.597,0.098,0.007290,95
PREPCSV,/mnt/beegfs/ysu34/hamlib/dia_e2e/maxcut_20_5.txt,1048576,1,spmspm,hm_atomic,2.735,0.467,0.010528,304
PREPCSV,/mnt/beegfs/ysu34/hamlib/dia_e2e/maxcut_20_5.txt,1048576,1,spmspm,ours_sym,0.376,0.093,-1.000000,-1
PREPCSV,/mnt/beegfs/ysu34/hamlib/dia_e2e/maxcut_20_5.txt,1048576,1,spmspm,ours_sym,0.376,0.093,0.007260,64
SPMSPMCSV,/mnt/beegfs/ysu34/hamlib/dia_e2e/maxcut_20_5.txt,1048576,1,1,1048576,ours_flat,0.007160,0.000e+00
SPMSPMCSV,/mnt/beegfs/ysu34/hamlib/dia_e2e/maxcut_20_5.txt,1048576,1,1,1048576,ours_sym,0.007149,0.000e+00
SPMSPMCSV,/mnt/beegfs/ysu34/hamlib/dia_e2e/maxcut_20_5.txt,1048576,1,1,1048576,hm_atomic,0.010178,0.000e+00
SPMSPMCSV,/mnt/beegfs/ysu34/hamlib/dia_e2e/maxcut_20_5.txt,1048576,1,1,1048576,diaq_fp32,1.357089,0.000e+00
SPMSPMCSV,/mnt/beegfs/ysu34/hamlib/dia_e2e/maxcut_20_5.txt,1048576,1,1,1048576,cusparse_spgemm,2.028054,-1.000e+00
CSRNNZ,/mnt/beegfs/ysu34/hamlib/dia_e2e/maxcut_20_5.txt,1048576,595984,0.5684
PREPCSV,/mnt/beegfs/ysu34/hamlib/dia_e2e/maxcut_20_5.txt,1048576,1,spmv,cusparse_csr,4.804,222.138,0.029112,-1
CFILL,/mnt/beegfs/ysu34/hamlib/dia_e2e/maxcut_20_5.txt,1048576,1,1048576,595984,0.5684
E2EEVCSV,/mnt/beegfs/ysu34/hamlib/dia_e2e/maxcut_20_5.txt,1048576,1,1000,5,stream,2.553,4.119,65.606,350.050,5.336,0.000e+00
E2EEVDIAQCSV,/mnt/beegfs/ysu34/hamlib/dia_e2e/maxcut_20_5.txt,1048576,1,1000,5,0.227,70.269,1.071,0.000e+00
E2EOPCSV,/mnt/beegfs/ysu34/hamlib/dia_e2e/maxcut_20_5.txt,1048576,1,2,1,1048576,0.007,0.007,-1
E2EOPCSV,/mnt/beegfs/ysu34/hamlib/dia_e2e/maxcut_20_5.txt,1048576,1,3,1,1048576,0.005,0.008,-1
E2EOPBUILDCSV,/mnt/beegfs/ysu34/hamlib/dia_e2e/maxcut_20_5.txt,1048576,5,1,1048576,4.640,11.648,2.510
E2EOPBUILDCSV,/mnt/beegfs/ysu34/hamlib/dia_e2e/maxcut_20_5.txt,1048576,5,1,1048576,2.698,-1,-1
== [1] O2_16_5 ==
PREPCSV,/mnt/beegfs/ysu34/hamlib/dia_e2e/O2_16_5.txt,65536,1243,spmv,didx,56.345,1.123,0.035041,1640
# didx_sym skipped: non-symmetric or Dup>128
PREPCSV,/mnt/beegfs/ysu34/hamlib/dia_e2e/O2_16_5.txt,65536,1243,spmv,gopt,66.615,3.871,0.312915,225
PREPCSV,/mnt/beegfs/ysu34/hamlib/dia_e2e/O2_16_5.txt,65536,1243,spmv,cusparse_csr,247.295,1.778,0.033371,7464
PREPCSV,/mnt/beegfs/ysu34/hamlib/dia_e2e/O2_16_5.txt,65536,1243,spmspm,ours_flat,1210.437,3.310,154.909058,8
# hm_atomic skipped: C nnz 3840684748 exceeds HM int32 layout
PREPCSV,/mnt/beegfs/ysu34/hamlib/dia_e2e/O2_16_5.txt,65536,1243,spmspm,ours_sym,54.155,4.954,-1.000000,-1
PREPCSV,/mnt/beegfs/ysu34/hamlib/dia_e2e/O2_16_5.txt,65536,1243,spmspm,ours_sym,54.155,4.954,73.505089,1
SPMSPMCSV,/mnt/beegfs/ysu34/hamlib/dia_e2e/O2_16_5.txt,65536,1243,100975,3840684748,ours_flat,156.019470,0.000e+00
SPMSPMCSV,/mnt/beegfs/ysu34/hamlib/dia_e2e/O2_16_5.txt,65536,1243,100975,3840684748,ours_sym,73.646545,7.324e-04
# hm_atomic skipped: C nnz 3840684748 exceeds HM int32 layout
SPMSPMCSV,/mnt/beegfs/ysu34/hamlib/dia_e2e/O2_16_5.txt,65536,1243,100975,3840684748,diaq_fp32,801.530518,2.441e-04
SPMSPMCSV,/mnt/beegfs/ysu34/hamlib/dia_e2e/O2_16_5.txt,65536,1243,100975,3840684748,cusparse_spgemm,24.712215,-1.000e+00
CSRNNZ,/mnt/beegfs/ysu34/hamlib/dia_e2e/O2_16_5.txt,64894972,4828093,0.0744
PREPCSV,/mnt/beegfs/ysu34/hamlib/dia_e2e/O2_16_5.txt,65536,1243,spmv,cusparse_csr,229.076,227.199,0.033681,-1
CFILL,/mnt/beegfs/ysu34/hamlib/dia_e2e/O2_16_5.txt,65536,100975,3840684748,80123930,0.0209
E2EEVCSV,/mnt/beegfs/ysu34/hamlib/dia_e2e/O2_16_5.txt,65536,1243,1000,5,didx,134.922,249.884,245.734,376.712,1.533,6.118e-07
E2EEVDIAQCSV,/mnt/beegfs/ysu34/hamlib/dia_e2e/O2_16_5.txt,65536,1243,1000,5,7.653,3399.990,13.836,5.440e-07
E2EOPCSV,/mnt/beegfs/ysu34/hamlib/dia_e2e/O2_16_5.txt,65536,1243,2,100975,3840684748,1111.402,156.068,-1
E2EOPCSV,/mnt/beegfs/ysu34/hamlib/dia_e2e/O2_16_5.txt,65536,1243,3,131071,4294967296,63601.263,11704.793,-1
# opbuild wall: Unnz=4294967296 (int32 index limit)
E2EOPBUILDCSV,/mnt/beegfs/ysu34/hamlib/dia_e2e/O2_16_5.txt,65536,5,131071,4294967296,-1,-1,-1
# opbuild(sym) wall: Unnz=2147516416 (int32 index limit)
E2EOPBUILDCSV,/mnt/beegfs/ysu34/hamlib/dia_e2e/O2_16_5.txt,65536,5,65536,2147516416,-1,-1,-1
== [1] O2_16_7 ==
PREPCSV,/mnt/beegfs/ysu34/hamlib/dia_e2e/O2_16_7.txt,65536,1243,spmv,didx,56.028,1.079,0.034902,1636
# didx_sym skipped: non-symmetric or Dup>128
PREPCSV,/mnt/beegfs/ysu34/hamlib/dia_e2e/O2_16_7.txt,65536,1243,spmv,gopt,66.475,3.863,0.312843,225
PREPCSV,/mnt/beegfs/ysu34/hamlib/dia_e2e/O2_16_7.txt,65536,1243,spmv,cusparse_csr,247.227,1.776,0.033762,7375
PREPCSV,/mnt/beegfs/ysu34/hamlib/dia_e2e/O2_16_7.txt,65536,1243,spmspm,ours_flat,1215.075,3.199,155.198471,8
# hm_atomic skipped: C nnz 3840684748 exceeds HM int32 layout
PREPCSV,/mnt/beegfs/ysu34/hamlib/dia_e2e/O2_16_7.txt,65536,1243,spmspm,ours_sym,54.632,4.811,-1.000000,-1
PREPCSV,/mnt/beegfs/ysu34/hamlib/dia_e2e/O2_16_7.txt,65536,1243,spmspm,ours_sym,54.632,4.811,73.672729,1
SPMSPMCSV,/mnt/beegfs/ysu34/hamlib/dia_e2e/O2_16_7.txt,65536,1243,100975,3840684748,ours_flat,156.102280,0.000e+00
SPMSPMCSV,/mnt/beegfs/ysu34/hamlib/dia_e2e/O2_16_7.txt,65536,1243,100975,3840684748,ours_sym,73.667320,7.324e-04
# hm_atomic skipped: C nnz 3840684748 exceeds HM int32 layout
SPMSPMCSV,/mnt/beegfs/ysu34/hamlib/dia_e2e/O2_16_7.txt,65536,1243,100975,3840684748,diaq_fp32,801.257507,2.441e-04
SPMSPMCSV,/mnt/beegfs/ysu34/hamlib/dia_e2e/O2_16_7.txt,65536,1243,100975,3840684748,cusparse_spgemm,24.687420,-1.000e+00
CSRNNZ,/mnt/beegfs/ysu34/hamlib/dia_e2e/O2_16_7.txt,64894972,4828093,0.0744
PREPCSV,/mnt/beegfs/ysu34/hamlib/dia_e2e/O2_16_7.txt,65536,1243,spmv,cusparse_csr,228.632,226.101,0.034263,-1
CFILL,/mnt/beegfs/ysu34/hamlib/dia_e2e/O2_16_7.txt,65536,100975,3840684748,80123930,0.0209
E2EEVCSV,/mnt/beegfs/ysu34/hamlib/dia_e2e/O2_16_7.txt,65536,1243,1000,7,didx,134.286,250.864,350.366,526.963,1.504,6.094e-07
E2EEVDIAQCSV,/mnt/beegfs/ysu34/hamlib/dia_e2e/O2_16_7.txt,65536,1243,1000,7,7.691,4755.121,13.572,5.491e-07
E2EOPCSV,/mnt/beegfs/ysu34/hamlib/dia_e2e/O2_16_7.txt,65536,1243,2,100975,3840684748,1124.486,155.816,-1
E2EOPCSV,/mnt/beegfs/ysu34/hamlib/dia_e2e/O2_16_7.txt,65536,1243,3,131071,4294967296,63847.541,11709.475,-1
# opbuild wall: Unnz=4294967296 (int32 index limit)
E2EOPBUILDCSV,/mnt/beegfs/ysu34/hamlib/dia_e2e/O2_16_7.txt,65536,7,131071,4294967296,-1,-1,-1
# opbuild(sym) wall: Unnz=2147516416 (int32 index limit)
E2EOPBUILDCSV,/mnt/beegfs/ysu34/hamlib/dia_e2e/O2_16_7.txt,65536,7,65536,2147516416,-1,-1,-1
== [1] O2_20_5 ==
PREPCSV,/mnt/beegfs/ysu34/hamlib/dia_e2e/O2_20_5.txt,1048576,3359,spmv,didx,2815.681,34.987,2.247038,1269
# didx_sym skipped: non-symmetric or Dup>128
PREPCSV,/mnt/beegfs/ysu34/hamlib/dia_e2e/O2_20_5.txt,1048576,3359,spmv,gopt,2810.261,109.518,1.784101,1637
# cusparse_csr(32I) impossible (H nnz 2885206540); running 64I
PREPCSV,/mnt/beegfs/ysu34/hamlib/dia_e2e/O2_20_5.txt,1048576,3359,spmv,cusparse_csr_64i,10817.844,70.732,1.160885,9380
CUDA prep_driver.cu:315 out of memory
CUDA spmspm_driver.cu:94 out of memory
CSRNNZ,/mnt/beegfs/ysu34/hamlib/dia_e2e/O2_20_5.txt,2885206540,206249372,0.0715
PREPCSV,/mnt/beegfs/ysu34/hamlib/dia_e2e/O2_20_5.txt,1048576,3359,spmv,cusparse_csr,10097.888,355.707,0.930612,-1
CFILL,/mnt/beegfs/ysu34/hamlib/dia_e2e/O2_20_5.txt,1048576,937217,625833635896,-1,OOM
# cusparse arm skipped: H nnz 2885206540 > INT32_MAX
E2EEVCSV,/mnt/beegfs/ysu34/hamlib/dia_e2e/O2_20_5.txt,1048576,3359,1000,5,gopt,3257.926,0.000,10918.944,-1.000,-1.000,-1.000e+00
E2EEVDIAQCSV,/mnt/beegfs/ysu34/hamlib/dia_e2e/O2_20_5.txt,1048576,3359,1000,5,325.645,49926.102,4.572,9.188e-07
E2EOPCSV,/mnt/beegfs/ysu34/hamlib/dia_e2e/O2_20_5.txt,1048576,3359,2,937217,625833635896,-1,-1,-1
# opbuild wall: Unnz=1099511627776 (int32 index limit)
E2EOPBUILDCSV,/mnt/beegfs/ysu34/hamlib/dia_e2e/O2_20_5.txt,1048576,5,2097151,1099511627776,-1,-1,-1
# opbuild(sym) wall: Unnz=549756338176 (int32 index limit)
E2EOPBUILDCSV,/mnt/beegfs/ysu34/hamlib/dia_e2e/O2_20_5.txt,1048576,5,1048576,549756338176,-1,-1,-1
== [1] O2_20_8 ==
PREPCSV,/mnt/beegfs/ysu34/hamlib/dia_e2e/O2_20_8.txt,1048576,3359,spmv,didx,2812.625,35.342,2.259144,1261
# didx_sym skipped: non-symmetric or Dup>128
PREPCSV,/mnt/beegfs/ysu34/hamlib/dia_e2e/O2_20_8.txt,1048576,3359,spmv,gopt,2799.168,110.925,1.789928,1626
# cusparse_csr(32I) impossible (H nnz 2885206540); running 64I
PREPCSV,/mnt/beegfs/ysu34/hamlib/dia_e2e/O2_20_8.txt,1048576,3359,spmv,cusparse_csr_64i,10939.900,71.177,1.166246,9441
CUDA prep_driver.cu:315 out of memory
CUDA spmspm_driver.cu:94 out of memory
CSRNNZ,/mnt/beegfs/ysu34/hamlib/dia_e2e/O2_20_8.txt,2885206540,206249372,0.0715
PREPCSV,/mnt/beegfs/ysu34/hamlib/dia_e2e/O2_20_8.txt,1048576,3359,spmv,cusparse_csr,10197.626,350.392,0.942744,-1
CFILL,/mnt/beegfs/ysu34/hamlib/dia_e2e/O2_20_8.txt,1048576,937217,625833635896,-1,OOM
# cusparse arm skipped: H nnz 2885206540 > INT32_MAX
E2EEVCSV,/mnt/beegfs/ysu34/hamlib/dia_e2e/O2_20_8.txt,1048576,3359,1000,8,gopt,3256.806,0.000,17525.387,-1.000,-1.000,-1.000e+00
E2EEVDIAQCSV,/mnt/beegfs/ysu34/hamlib/dia_e2e/O2_20_8.txt,1048576,3359,1000,8,328.374,80434.734,4.590,9.185e-07
E2EOPCSV,/mnt/beegfs/ysu34/hamlib/dia_e2e/O2_20_8.txt,1048576,3359,2,937217,625833635896,-1,-1,-1
# opbuild wall: Unnz=1099511627776 (int32 index limit)
E2EOPBUILDCSV,/mnt/beegfs/ysu34/hamlib/dia_e2e/O2_20_8.txt,1048576,8,2097151,1099511627776,-1,-1,-1
== [1] qmaxcut_16_4 ==
PREPCSV,/mnt/beegfs/ysu34/hamlib/dia_e2e/qmaxcut_16_4.txt,65536,31,spmv,didx,1.792,0.185,0.004637,426
PREPCSV,/mnt/beegfs/ysu34/hamlib/dia_e2e/qmaxcut_16_4.txt,65536,31,spmv,didx_sym,0.653,0.227,0.004933,178
PREPCSV,/mnt/beegfs/ysu34/hamlib/dia_e2e/qmaxcut_16_4.txt,65536,31,spmv,gopt,2.010,0.171,0.008033,272
PREPCSV,/mnt/beegfs/ysu34/hamlib/dia_e2e/qmaxcut_16_4.txt,65536,31,spmv,cusparse_csr,5.397,0.561,0.015640,381
PREPCSV,/mnt/beegfs/ysu34/hamlib/dia_e2e/qmaxcut_16_4.txt,65536,31,spmspm,ours_flat,0.246,0.113,0.074078,5
PREPCSV,/mnt/beegfs/ysu34/hamlib/dia_e2e/qmaxcut_16_4.txt,65536,31,spmspm,hm_atomic,3.863,0.447,0.093670,46
PREPCSV,/mnt/beegfs/ysu34/hamlib/dia_e2e/qmaxcut_16_4.txt,65536,31,spmspm,ours_sym,0.072,0.136,-1.000000,-1
PREPCSV,/mnt/beegfs/ysu34/hamlib/dia_e2e/qmaxcut_16_4.txt,65536,31,spmspm,ours_sym,0.072,0.136,0.039405,5
SPMSPMCSV,/mnt/beegfs/ysu34/hamlib/dia_e2e/qmaxcut_16_4.txt,65536,31,481,15138746,ours_flat,0.074002,0.000e+00
SPMSPMCSV,/mnt/beegfs/ysu34/hamlib/dia_e2e/qmaxcut_16_4.txt,65536,31,481,15138746,ours_sym,0.039223,0.000e+00
SPMSPMCSV,/mnt/beegfs/ysu34/hamlib/dia_e2e/qmaxcut_16_4.txt,65536,31,481,15138746,hm_atomic,0.093282,0.000e+00
SPMSPMCSV,/mnt/beegfs/ysu34/hamlib/dia_e2e/qmaxcut_16_4.txt,65536,31,481,15138746,diaq_fp32,3.422607,0.000e+00
SPMSPMCSV,/mnt/beegfs/ysu34/hamlib/dia_e2e/qmaxcut_16_4.txt,65536,31,481,15138746,cusparse_spgemm,1.900336,-1.000e+00
CSRNNZ,/mnt/beegfs/ysu34/hamlib/dia_e2e/qmaxcut_16_4.txt,1114110,557056,0.5000
PREPCSV,/mnt/beegfs/ysu34/hamlib/dia_e2e/qmaxcut_16_4.txt,65536,31,spmv,cusparse_csr,4.740,210.360,0.015401,-1
CFILL,/mnt/beegfs/ysu34/hamlib/dia_e2e/qmaxcut_16_4.txt,65536,481,15138746,3997696,0.2641
E2EEVCSV,/mnt/beegfs/ysu34/hamlib/dia_e2e/qmaxcut_16_4.txt,65536,31,1000,4,didx,3.646,5.988,30.602,137.810,4.503,1.000e-07
E2EEVDIAQCSV,/mnt/beegfs/ysu34/hamlib/dia_e2e/qmaxcut_16_4.txt,65536,31,1000,4,0.225,66.783,2.182,5.704e-08
E2EOPCSV,/mnt/beegfs/ysu34/hamlib/dia_e2e/qmaxcut_16_4.txt,65536,31,2,481,15138746,0.185,0.074,-1
E2EOPCSV,/mnt/beegfs/ysu34/hamlib/dia_e2e/qmaxcut_16_4.txt,65536,31,3,3031,103776028,6.404,0.737,-1
E2EOPBUILDCSV,/mnt/beegfs/ysu34/hamlib/dia_e2e/qmaxcut_16_4.txt,65536,4,15507,499792596,181.222,241.232,1.331
E2EOPBUILDCSV,/mnt/beegfs/ysu34/hamlib/dia_e2e/qmaxcut_16_4.txt,65536,4,7754,249929066,22.724,-1,-1
== [1] qmaxcut_18_4 ==
PREPCSV,/mnt/beegfs/ysu34/hamlib/dia_e2e/qmaxcut_18_4.txt,262144,35,spmv,didx,6.248,0.585,0.008830,774
PREPCSV,/mnt/beegfs/ysu34/hamlib/dia_e2e/qmaxcut_18_4.txt,262144,35,spmv,didx_sym,2.969,0.758,0.008948,417
PREPCSV,/mnt/beegfs/ysu34/hamlib/dia_e2e/qmaxcut_18_4.txt,262144,35,spmv,gopt,6.277,0.644,0.009032,766
PREPCSV,/mnt/beegfs/ysu34/hamlib/dia_e2e/qmaxcut_18_4.txt,262144,35,spmv,cusparse_csr,23.318,1.201,0.026189,936
PREPCSV,/mnt/beegfs/ysu34/hamlib/dia_e2e/qmaxcut_18_4.txt,262144,35,spmspm,ours_flat,0.814,0.180,0.357964,3
PREPCSV,/mnt/beegfs/ysu34/hamlib/dia_e2e/qmaxcut_18_4.txt,262144,35,spmspm,hm_atomic,18.608,1.158,0.435561,45
PREPCSV,/mnt/beegfs/ysu34/hamlib/dia_e2e/qmaxcut_18_4.txt,262144,35,spmspm,ours_sym,0.277,0.230,-1.000000,-1
PREPCSV,/mnt/beegfs/ysu34/hamlib/dia_e2e/qmaxcut_18_4.txt,262144,35,spmspm,ours_sym,0.277,0.230,0.183316,3
SPMSPMCSV,/mnt/beegfs/ysu34/hamlib/dia_e2e/qmaxcut_18_4.txt,262144,35,613,77332402,ours_flat,0.357868,0.000e+00
SPMSPMCSV,/mnt/beegfs/ysu34/hamlib/dia_e2e/qmaxcut_18_4.txt,262144,35,613,77332402,ours_sym,0.183317,0.000e+00
SPMSPMCSV,/mnt/beegfs/ysu34/hamlib/dia_e2e/qmaxcut_18_4.txt,262144,35,613,77332402,hm_atomic,0.434938,0.000e+00
SPMSPMCSV,/mnt/beegfs/ysu34/hamlib/dia_e2e/qmaxcut_18_4.txt,262144,35,613,77332402,diaq_fp32,17.155313,0.000e+00
SPMSPMCSV,/mnt/beegfs/ysu34/hamlib/dia_e2e/qmaxcut_18_4.txt,262144,35,613,77332402,cusparse_spgemm,2.893844,-1.000e+00
CSRNNZ,/mnt/beegfs/ysu34/hamlib/dia_e2e/qmaxcut_18_4.txt,4980734,2490368,0.5000
PREPCSV,/mnt/beegfs/ysu34/hamlib/dia_e2e/qmaxcut_18_4.txt,262144,35,spmv,cusparse_csr,20.498,223.385,0.025577,-1
CFILL,/mnt/beegfs/ysu34/hamlib/dia_e2e/qmaxcut_18_4.txt,262144,613,77332402,20316160,0.2627
E2EEVCSV,/mnt/beegfs/ysu34/hamlib/dia_e2e/qmaxcut_18_4.txt,262144,35,1000,4,didx,13.665,22.751,52.583,235.944,4.487,1.063e-07
E2EEVDIAQCSV,/mnt/beegfs/ysu34/hamlib/dia_e2e/qmaxcut_18_4.txt,262144,35,1000,4,0.714,98.009,1.864,6.257e-08
E2EOPCSV,/mnt/beegfs/ysu34/hamlib/dia_e2e/qmaxcut_18_4.txt,262144,35,2,613,77332402,0.505,0.357,-1
E2EOPCSV,/mnt/beegfs/ysu34/hamlib/dia_e2e/qmaxcut_18_4.txt,262144,35,3,4455,608304862,14.227,4.487,-1
# opbuild wall: Unnz=3485530152 (int32 index limit)
E2EOPBUILDCSV,/mnt/beegfs/ysu34/hamlib/dia_e2e/qmaxcut_18_4.txt,262144,4,27051,3485530152,-1,-1,-1
E2EOPBUILDCSV,/mnt/beegfs/ysu34/hamlib/dia_e2e/qmaxcut_18_4.txt,262144,4,13526,1742896148,81.687,-1,-1
== [1] qmaxcut_20_4 ==
PREPCSV,/mnt/beegfs/ysu34/hamlib/dia_e2e/qmaxcut_20_4.txt,1048576,39,spmv,didx,31.998,2.080,0.032604,1045
PREPCSV,/mnt/beegfs/ysu34/hamlib/dia_e2e/qmaxcut_20_4.txt,1048576,39,spmv,didx_sym,12.799,3.046,0.030689,516
PREPCSV,/mnt/beegfs/ysu34/hamlib/dia_e2e/qmaxcut_20_4.txt,1048576,39,spmv,gopt,26.149,2.200,0.030558,928
PREPCSV,/mnt/beegfs/ysu34/hamlib/dia_e2e/qmaxcut_20_4.txt,1048576,39,spmv,cusparse_csr,96.816,3.391,0.060086,1668
PREPCSV,/mnt/beegfs/ysu34/hamlib/dia_e2e/qmaxcut_20_4.txt,1048576,39,spmspm,ours_flat,2.548,0.296,1.903452,1
PREPCSV,/mnt/beegfs/ysu34/hamlib/dia_e2e/qmaxcut_20_4.txt,1048576,39,spmspm,hm_atomic,98.435,3.580,2.512959,41
PREPCSV,/mnt/beegfs/ysu34/hamlib/dia_e2e/qmaxcut_20_4.txt,1048576,39,spmspm,ours_sym,1.166,0.232,-1.000000,-1
PREPCSV,/mnt/beegfs/ysu34/hamlib/dia_e2e/qmaxcut_20_4.txt,1048576,39,spmspm,ours_sym,1.166,0.232,0.981402,1
SPMSPMCSV,/mnt/beegfs/ysu34/hamlib/dia_e2e/qmaxcut_20_4.txt,1048576,39,761,384827306,ours_flat,1.911924,0.000e+00
SPMSPMCSV,/mnt/beegfs/ysu34/hamlib/dia_e2e/qmaxcut_20_4.txt,1048576,39,761,384827306,ours_sym,0.959442,0.000e+00
SPMSPMCSV,/mnt/beegfs/ysu34/hamlib/dia_e2e/qmaxcut_20_4.txt,1048576,39,761,384827306,hm_atomic,2.516578,0.000e+00
SPMSPMCSV,/mnt/beegfs/ysu34/hamlib/dia_e2e/qmaxcut_20_4.txt,1048576,39,761,384827306,diaq_fp32,83.868645,0.000e+00
SPMSPMCSV,/mnt/beegfs/ysu34/hamlib/dia_e2e/qmaxcut_20_4.txt,1048576,39,761,384827306,cusparse_spgemm,7.195635,-1.000e+00
CSRNNZ,/mnt/beegfs/ysu34/hamlib/dia_e2e/qmaxcut_20_4.txt,22020094,11010048,0.5000
PREPCSV,/mnt/beegfs/ysu34/hamlib/dia_e2e/qmaxcut_20_4.txt,1048576,39,spmv,cusparse_csr,86.204,226.233,0.060065,-1
CFILL,/mnt/beegfs/ysu34/hamlib/dia_e2e/qmaxcut_20_4.txt,1048576,761,384827306,100663296,0.2616
E2EEVCSV,/mnt/beegfs/ysu34/hamlib/dia_e2e/qmaxcut_20_4.txt,1048576,39,1000,4,didx,64.426,101.313,195.615,545.925,2.791,1.115e-07
E2EEVDIAQCSV,/mnt/beegfs/ysu34/hamlib/dia_e2e/qmaxcut_20_4.txt,1048576,39,1000,4,2.642,425.702,2.176,6.784e-08
E2EOPCSV,/mnt/beegfs/ysu34/hamlib/dia_e2e/qmaxcut_20_4.txt,1048576,39,2,761,384827306,1.909,2.137,-1
E2EOPCSV,/mnt/beegfs/ysu34/hamlib/dia_e2e/qmaxcut_20_4.txt,1048576,39,3,6271,3415735960,35.635,28.735,-1
# opbuild wall: Unnz=22750164124 (int32 index limit)
E2EOPBUILDCSV,/mnt/beegfs/ysu34/hamlib/dia_e2e/qmaxcut_20_4.txt,1048576,4,44143,22750164124,-1,-1,-1
# opbuild(sym) wall: Unnz=11375606350 (int32 index limit)
E2EOPBUILDCSV,/mnt/beegfs/ysu34/hamlib/dia_e2e/qmaxcut_20_4.txt,1048576,4,22072,11375606350,-1,-1,-1
== [1] tfim_16_4 ==
PREPCSV,/mnt/beegfs/ysu34/hamlib/dia_e2e/tfim_16_4.txt,65536,33,spmv,didx,2.994,0.265,0.004925,662
PREPCSV,/mnt/beegfs/ysu34/hamlib/dia_e2e/tfim_16_4.txt,65536,33,spmv,didx_sym,1.238,0.353,0.004767,334
PREPCSV,/mnt/beegfs/ysu34/hamlib/dia_e2e/tfim_16_4.txt,65536,33,spmv,gopt,3.319,0.239,0.012772,279
PREPCSV,/mnt/beegfs/ysu34/hamlib/dia_e2e/tfim_16_4.txt,65536,33,spmv,cusparse_csr,7.774,0.658,0.020057,420
PREPCSV,/mnt/beegfs/ysu34/hamlib/dia_e2e/tfim_16_4.txt,65536,33,spmspm,ours_flat,0.343,0.127,0.157688,3
PREPCSV,/mnt/beegfs/ysu34/hamlib/dia_e2e/tfim_16_4.txt,65536,33,spmspm,hm_atomic,6.558,0.658,0.219628,33
PREPCSV,/mnt/beegfs/ysu34/hamlib/dia_e2e/tfim_16_4.txt,65536,33,spmspm,ours_sym,0.092,0.151,-1.000000,-1
PREPCSV,/mnt/beegfs/ysu34/hamlib/dia_e2e/tfim_16_4.txt,65536,33,spmspm,ours_sym,0.092,0.151,0.082740,3
SPMSPMCSV,/mnt/beegfs/ysu34/hamlib/dia_e2e/tfim_16_4.txt,65536,33,455,26181618,ours_flat,0.157493,0.000e+00
SPMSPMCSV,/mnt/beegfs/ysu34/hamlib/dia_e2e/tfim_16_4.txt,65536,33,455,26181618,ours_sym,0.082721,0.000e+00
SPMSPMCSV,/mnt/beegfs/ysu34/hamlib/dia_e2e/tfim_16_4.txt,65536,33,455,26181618,hm_atomic,0.219634,0.000e+00
SPMSPMCSV,/mnt/beegfs/ysu34/hamlib/dia_e2e/tfim_16_4.txt,65536,33,455,26181618,diaq_fp32,5.355717,0.000e+00
SPMSPMCSV,/mnt/beegfs/ysu34/hamlib/dia_e2e/tfim_16_4.txt,65536,33,455,26181618,cusparse_spgemm,4.600099,-1.000e+00
CSRNNZ,/mnt/beegfs/ysu34/hamlib/dia_e2e/tfim_16_4.txt,2031618,1114112,0.5484
PREPCSV,/mnt/beegfs/ysu34/hamlib/dia_e2e/tfim_16_4.txt,65536,33,spmv,cusparse_csr,7.431,220.030,0.019733,-1
CFILL,/mnt/beegfs/ysu34/hamlib/dia_e2e/tfim_16_4.txt,65536,455,26181618,8950976,0.3419
E2EEVCSV,/mnt/beegfs/ysu34/hamlib/dia_e2e/tfim_16_4.txt,65536,33,1000,4,didx,7.644,8.483,31.238,167.428,5.360,2.446e-07
E2EEVDIAQCSV,/mnt/beegfs/ysu34/hamlib/dia_e2e/tfim_16_4.txt,65536,33,1000,4,0.302,68.325,2.187,2.204e-07
E2EOPCSV,/mnt/beegfs/ysu34/hamlib/dia_e2e/tfim_16_4.txt,65536,33,2,455,26181618,0.275,0.158,-1
E2EOPCSV,/mnt/beegfs/ysu34/hamlib/dia_e2e/tfim_16_4.txt,65536,33,3,3447,182780016,7.761,1.815,-1
E2EOPBUILDCSV,/mnt/beegfs/ysu34/hamlib/dia_e2e/tfim_16_4.txt,65536,4,15727,759430272,217.312,279.201,1.285
E2EOPBUILDCSV,/mnt/beegfs/ysu34/hamlib/dia_e2e/tfim_16_4.txt,65536,4,7864,379747904,34.267,-1,-1
== [1] tfim_16_5 ==
PREPCSV,/mnt/beegfs/ysu34/hamlib/dia_e2e/tfim_16_5.txt,65536,33,spmv,didx,2.959,0.273,0.004947,653
PREPCSV,/mnt/beegfs/ysu34/hamlib/dia_e2e/tfim_16_5.txt,65536,33,spmv,didx_sym,1.176,0.349,0.004804,317
PREPCSV,/mnt/beegfs/ysu34/hamlib/dia_e2e/tfim_16_5.txt,65536,33,spmv,gopt,3.282,0.240,0.012755,276
PREPCSV,/mnt/beegfs/ysu34/hamlib/dia_e2e/tfim_16_5.txt,65536,33,spmv,cusparse_csr,7.754,0.639,0.020036,419
PREPCSV,/mnt/beegfs/ysu34/hamlib/dia_e2e/tfim_16_5.txt,65536,33,spmspm,ours_flat,0.315,0.126,0.157613,3
PREPCSV,/mnt/beegfs/ysu34/hamlib/dia_e2e/tfim_16_5.txt,65536,33,spmspm,hm_atomic,6.271,0.655,0.219535,32
PREPCSV,/mnt/beegfs/ysu34/hamlib/dia_e2e/tfim_16_5.txt,65536,33,spmspm,ours_sym,0.093,0.147,-1.000000,-1
PREPCSV,/mnt/beegfs/ysu34/hamlib/dia_e2e/tfim_16_5.txt,65536,33,spmspm,ours_sym,0.093,0.147,0.082728,3
SPMSPMCSV,/mnt/beegfs/ysu34/hamlib/dia_e2e/tfim_16_5.txt,65536,33,455,26181618,ours_flat,0.157361,0.000e+00
SPMSPMCSV,/mnt/beegfs/ysu34/hamlib/dia_e2e/tfim_16_5.txt,65536,33,455,26181618,ours_sym,0.082485,0.000e+00
SPMSPMCSV,/mnt/beegfs/ysu34/hamlib/dia_e2e/tfim_16_5.txt,65536,33,455,26181618,hm_atomic,0.219238,0.000e+00
SPMSPMCSV,/mnt/beegfs/ysu34/hamlib/dia_e2e/tfim_16_5.txt,65536,33,455,26181618,diaq_fp32,5.357465,0.000e+00
SPMSPMCSV,/mnt/beegfs/ysu34/hamlib/dia_e2e/tfim_16_5.txt,65536,33,455,26181618,cusparse_spgemm,4.579376,-1.000e+00
CSRNNZ,/mnt/beegfs/ysu34/hamlib/dia_e2e/tfim_16_5.txt,2031618,1114112,0.5484
PREPCSV,/mnt/beegfs/ysu34/hamlib/dia_e2e/tfim_16_5.txt,65536,33,spmv,cusparse_csr,7.312,222.386,0.019729,-1
CFILL,/mnt/beegfs/ysu34/hamlib/dia_e2e/tfim_16_5.txt,65536,455,26181618,8950976,0.3419
E2EEVCSV,/mnt/beegfs/ysu34/hamlib/dia_e2e/tfim_16_5.txt,65536,33,1000,5,didx,7.581,8.551,39.116,210.028,5.369,2.436e-07
E2EEVDIAQCSV,/mnt/beegfs/ysu34/hamlib/dia_e2e/tfim_16_5.txt,65536,33,1000,5,0.293,85.754,2.192,2.202e-07
E2EOPCSV,/mnt/beegfs/ysu34/hamlib/dia_e2e/tfim_16_5.txt,65536,33,2,455,26181618,0.270,0.158,-1
E2EOPCSV,/mnt/beegfs/ysu34/hamlib/dia_e2e/tfim_16_5.txt,65536,33,3,3447,182780016,7.579,1.815,-1
E2EOPBUILDCSV,/mnt/beegfs/ysu34/hamlib/dia_e2e/tfim_16_5.txt,65536,5,45471,1968446464,2560.817,2906.971,1.135
E2EOPBUILDCSV,/mnt/beegfs/ysu34/hamlib/dia_e2e/tfim_16_5.txt,65536,5,22736,984256000,267.605,-1,-1
== [1] tfim_18_4 ==
PREPCSV,/mnt/beegfs/ysu34/hamlib/dia_e2e/tfim_18_4.txt,262144,37,spmv,didx,10.950,0.885,0.011784,1004
PREPCSV,/mnt/beegfs/ysu34/hamlib/dia_e2e/tfim_18_4.txt,262144,37,spmv,didx_sym,5.224,1.491,0.009699,692
PREPCSV,/mnt/beegfs/ysu34/hamlib/dia_e2e/tfim_18_4.txt,262144,37,spmv,gopt,12.727,1.147,0.013114,1058
PREPCSV,/mnt/beegfs/ysu34/hamlib/dia_e2e/tfim_18_4.txt,262144,37,spmv,cusparse_csr,33.677,1.781,0.037023,958
PREPCSV,/mnt/beegfs/ysu34/hamlib/dia_e2e/tfim_18_4.txt,262144,37,spmspm,ours_flat,1.103,0.203,0.883968,1
PREPCSV,/mnt/beegfs/ysu34/hamlib/dia_e2e/tfim_18_4.txt,262144,37,spmspm,hm_atomic,35.139,1.703,1.481506,25
PREPCSV,/mnt/beegfs/ysu34/hamlib/dia_e2e/tfim_18_4.txt,262144,37,spmspm,ours_sym,0.387,0.206,-1.000000,-1
PREPCSV,/mnt/beegfs/ysu34/hamlib/dia_e2e/tfim_18_4.txt,262144,37,spmspm,ours_sym,0.387,0.206,0.440883,1
SPMSPMCSV,/mnt/beegfs/ysu34/hamlib/dia_e2e/tfim_18_4.txt,262144,37,583,136183794,ours_flat,0.889183,0.000e+00
SPMSPMCSV,/mnt/beegfs/ysu34/hamlib/dia_e2e/tfim_18_4.txt,262144,37,583,136183794,ours_sym,0.415925,0.000e+00
SPMSPMCSV,/mnt/beegfs/ysu34/hamlib/dia_e2e/tfim_18_4.txt,262144,37,583,136183794,hm_atomic,1.484787,0.000e+00
SPMSPMCSV,/mnt/beegfs/ysu34/hamlib/dia_e2e/tfim_18_4.txt,262144,37,583,136183794,diaq_fp32,30.367556,0.000e+00
SPMSPMCSV,/mnt/beegfs/ysu34/hamlib/dia_e2e/tfim_18_4.txt,262144,37,583,136183794,cusparse_spgemm,15.321225,-1.000e+00
CSRNNZ,/mnt/beegfs/ysu34/hamlib/dia_e2e/tfim_18_4.txt,9175042,4980736,0.5429
PREPCSV,/mnt/beegfs/ysu34/hamlib/dia_e2e/tfim_18_4.txt,262144,37,spmv,cusparse_csr,30.637,223.050,0.036573,-1
CFILL,/mnt/beegfs/ysu34/hamlib/dia_e2e/tfim_18_4.txt,262144,583,136183794,44985808,0.3303
E2EEVCSV,/mnt/beegfs/ysu34/hamlib/dia_e2e/tfim_18_4.txt,262144,37,1000,4,didx,26.051,34.699,67.574,317.804,4.703,2.569e-07
E2EEVDIAQCSV,/mnt/beegfs/ysu34/hamlib/dia_e2e/tfim_18_4.txt,262144,37,1000,4,1.200,149.908,2.218,2.346e-07
E2EOPCSV,/mnt/beegfs/ysu34/hamlib/dia_e2e/tfim_18_4.txt,262144,37,2,583,136183794,0.817,0.915,-1
E2EOPCSV,/mnt/beegfs/ysu34/hamlib/dia_e2e/tfim_18_4.txt,262144,37,3,5155,1121714288,17.564,13.271,-1
# opbuild wall: Unnz=5652348032 (int32 index limit)
E2EOPBUILDCSV,/mnt/beegfs/ysu34/hamlib/dia_e2e/tfim_18_4.txt,262144,4,28143,5652348032,-1,-1,-1
# opbuild(sym) wall: Unnz=2826305088 (int32 index limit)
E2EOPBUILDCSV,/mnt/beegfs/ysu34/hamlib/dia_e2e/tfim_18_4.txt,262144,4,14072,2826305088,-1,-1,-1
== [1] tfim_18_5 ==
PREPCSV,/mnt/beegfs/ysu34/hamlib/dia_e2e/tfim_18_5.txt,262144,37,spmv,didx,10.371,0.879,0.011919,944
PREPCSV,/mnt/beegfs/ysu34/hamlib/dia_e2e/tfim_18_5.txt,262144,37,spmv,didx_sym,5.399,1.478,0.009874,696
PREPCSV,/mnt/beegfs/ysu34/hamlib/dia_e2e/tfim_18_5.txt,262144,37,spmv,gopt,12.832,1.152,0.013213,1058
PREPCSV,/mnt/beegfs/ysu34/hamlib/dia_e2e/tfim_18_5.txt,262144,37,spmv,cusparse_csr,33.692,1.766,0.037398,948
PREPCSV,/mnt/beegfs/ysu34/hamlib/dia_e2e/tfim_18_5.txt,262144,37,spmspm,ours_flat,0.991,0.202,0.883882,1
PREPCSV,/mnt/beegfs/ysu34/hamlib/dia_e2e/tfim_18_5.txt,262144,37,spmspm,hm_atomic,35.551,1.716,1.481956,25
PREPCSV,/mnt/beegfs/ysu34/hamlib/dia_e2e/tfim_18_5.txt,262144,37,spmspm,ours_sym,0.440,0.281,-1.000000,-1
PREPCSV,/mnt/beegfs/ysu34/hamlib/dia_e2e/tfim_18_5.txt,262144,37,spmspm,ours_sym,0.440,0.281,0.433434,2
SPMSPMCSV,/mnt/beegfs/ysu34/hamlib/dia_e2e/tfim_18_5.txt,262144,37,583,136183794,ours_flat,0.890324,0.000e+00
SPMSPMCSV,/mnt/beegfs/ysu34/hamlib/dia_e2e/tfim_18_5.txt,262144,37,583,136183794,ours_sym,0.415400,0.000e+00
SPMSPMCSV,/mnt/beegfs/ysu34/hamlib/dia_e2e/tfim_18_5.txt,262144,37,583,136183794,hm_atomic,1.484625,0.000e+00
SPMSPMCSV,/mnt/beegfs/ysu34/hamlib/dia_e2e/tfim_18_5.txt,262144,37,583,136183794,diaq_fp32,30.334097,0.000e+00
SPMSPMCSV,/mnt/beegfs/ysu34/hamlib/dia_e2e/tfim_18_5.txt,262144,37,583,136183794,cusparse_spgemm,15.292714,-1.000e+00
CSRNNZ,/mnt/beegfs/ysu34/hamlib/dia_e2e/tfim_18_5.txt,9175042,4980736,0.5429
PREPCSV,/mnt/beegfs/ysu34/hamlib/dia_e2e/tfim_18_5.txt,262144,37,spmv,cusparse_csr,30.851,228.722,0.036948,-1
CFILL,/mnt/beegfs/ysu34/hamlib/dia_e2e/tfim_18_5.txt,262144,583,136183794,44985808,0.3303
E2EEVCSV,/mnt/beegfs/ysu34/hamlib/dia_e2e/tfim_18_5.txt,262144,37,1000,5,didx,25.731,35.286,84.712,396.260,4.678,2.569e-07
E2EEVDIAQCSV,/mnt/beegfs/ysu34/hamlib/dia_e2e/tfim_18_5.txt,262144,37,1000,5,1.208,186.566,2.202,2.343e-07
E2EOPCSV,/mnt/beegfs/ysu34/hamlib/dia_e2e/tfim_18_5.txt,262144,37,2,583,136183794,0.838,0.932,-1
E2EOPCSV,/mnt/beegfs/ysu34/hamlib/dia_e2e/tfim_18_5.txt,262144,37,3,5155,1121714288,17.926,13.378,-1
# opbuild wall: Unnz=18243132416 (int32 index limit)
E2EOPBUILDCSV,/mnt/beegfs/ysu34/hamlib/dia_e2e/tfim_18_5.txt,262144,5,99695,18243132416,-1,-1,-1
# opbuild(sym) wall: Unnz=9121697280 (int32 index limit)
E2EOPBUILDCSV,/mnt/beegfs/ysu34/hamlib/dia_e2e/tfim_18_5.txt,262144,5,49848,9121697280,-1,-1,-1
== [1] tfim_20_5 ==
PREPCSV,/mnt/beegfs/ysu34/hamlib/dia_e2e/tfim_20_5.txt,1048576,41,spmv,didx,99.971,3.555,0.058408,1772
PREPCSV,/mnt/beegfs/ysu34/hamlib/dia_e2e/tfim_20_5.txt,1048576,41,spmv,didx_sym,25.009,5.628,0.041082,746
PREPCSV,/mnt/beegfs/ysu34/hamlib/dia_e2e/tfim_20_5.txt,1048576,41,spmv,gopt,53.119,4.158,0.055013,1041
PREPCSV,/mnt/beegfs/ysu34/hamlib/dia_e2e/tfim_20_5.txt,1048576,41,spmv,cusparse_csr,143.603,5.864,0.109508,1365
PREPCSV,/mnt/beegfs/ysu34/hamlib/dia_e2e/tfim_20_5.txt,1048576,41,spmspm,ours_flat,4.103,0.408,4.722571,1
PREPCSV,/mnt/beegfs/ysu34/hamlib/dia_e2e/tfim_20_5.txt,1048576,41,spmspm,hm_atomic,176.344,6.048,7.705377,24
PREPCSV,/mnt/beegfs/ysu34/hamlib/dia_e2e/tfim_20_5.txt,1048576,41,spmspm,ours_sym,1.806,1.653,-1.000000,-1
PREPCSV,/mnt/beegfs/ysu34/hamlib/dia_e2e/tfim_20_5.txt,1048576,41,spmspm,ours_sym,1.806,1.653,2.329104,1
SPMSPMCSV,/mnt/beegfs/ysu34/hamlib/dia_e2e/tfim_20_5.txt,1048576,41,727,687341554,ours_flat,4.729532,0.000e+00
SPMSPMCSV,/mnt/beegfs/ysu34/hamlib/dia_e2e/tfim_20_5.txt,1048576,41,727,687341554,ours_sym,2.335001,0.000e+00
SPMSPMCSV,/mnt/beegfs/ysu34/hamlib/dia_e2e/tfim_20_5.txt,1048576,41,727,687341554,hm_atomic,7.740864,0.000e+00
SPMSPMCSV,/mnt/beegfs/ysu34/hamlib/dia_e2e/tfim_20_5.txt,1048576,41,727,687341554,diaq_fp32,146.394577,0.000e+00
SPMSPMCSV,/mnt/beegfs/ysu34/hamlib/dia_e2e/tfim_20_5.txt,1048576,41,727,687341554,cusparse_spgemm,68.765915,-1.000e+00
CSRNNZ,/mnt/beegfs/ysu34/hamlib/dia_e2e/tfim_20_5.txt,40894466,22020096,0.5385
PREPCSV,/mnt/beegfs/ysu34/hamlib/dia_e2e/tfim_20_5.txt,1048576,41,spmv,cusparse_csr,135.026,230.223,0.109684,-1
CFILL,/mnt/beegfs/ysu34/hamlib/dia_e2e/tfim_20_5.txt,1048576,727,687341554,220860576,0.3213
E2EEVCSV,/mnt/beegfs/ysu34/hamlib/dia_e2e/tfim_20_5.txt,1048576,41,1000,5,didx,161.425,146.424,415.892,1242.248,2.987,2.691e-07
E2EEVDIAQCSV,/mnt/beegfs/ysu34/hamlib/dia_e2e/tfim_20_5.txt,1048576,41,1000,5,4.770,816.426,1.963,2.462e-07
E2EOPCSV,/mnt/beegfs/ysu34/hamlib/dia_e2e/tfim_20_5.txt,1048576,41,2,727,687341554,3.868,4.755,-1
E2EOPCSV,/mnt/beegfs/ysu34/hamlib/dia_e2e/tfim_20_5.txt,1048576,41,3,7359,6535774320,54.064,90.033,-1
# opbuild wall: Unnz=151712177152 (int32 index limit)
E2EOPBUILDCSV,/mnt/beegfs/ysu34/hamlib/dia_e2e/tfim_20_5.txt,1048576,5,198479,151712177152,-1,-1,-1
# opbuild(sym) wall: Unnz=75856612864 (int32 index limit)
E2EOPBUILDCSV,/mnt/beegfs/ysu34/hamlib/dia_e2e/tfim_20_5.txt,1048576,5,99240,75856612864,-1,-1,-1
== [1] tsp_18_4 ==
PREPCSV,/mnt/beegfs/ysu34/hamlib/dia_e2e/tsp_18_4.txt,262144,1,spmv,didx,0.972,0.206,0.003568,330
PREPCSV,/mnt/beegfs/ysu34/hamlib/dia_e2e/tsp_18_4.txt,262144,1,spmv,didx_sym,0.319,0.210,0.003537,150
PREPCSV,/mnt/beegfs/ysu34/hamlib/dia_e2e/tsp_18_4.txt,262144,1,spmv,gopt,0.442,0.108,0.003191,173
PREPCSV,/mnt/beegfs/ysu34/hamlib/dia_e2e/tsp_18_4.txt,262144,1,spmv,cusparse_csr,1.057,0.520,0.016694,94
PREPCSV,/mnt/beegfs/ysu34/hamlib/dia_e2e/tsp_18_4.txt,262144,1,spmspm,ours_flat,0.156,0.064,0.004616,48
PREPCSV,/mnt/beegfs/ysu34/hamlib/dia_e2e/tsp_18_4.txt,262144,1,spmspm,hm_atomic,0.505,0.194,0.005897,119
PREPCSV,/mnt/beegfs/ysu34/hamlib/dia_e2e/tsp_18_4.txt,262144,1,spmspm,ours_sym,0.097,0.064,-1.000000,-1
PREPCSV,/mnt/beegfs/ysu34/hamlib/dia_e2e/tsp_18_4.txt,262144,1,spmspm,ours_sym,0.097,0.064,0.004557,35
SPMSPMCSV,/mnt/beegfs/ysu34/hamlib/dia_e2e/tsp_18_4.txt,262144,1,1,262144,ours_flat,0.004604,0.000e+00
SPMSPMCSV,/mnt/beegfs/ysu34/hamlib/dia_e2e/tsp_18_4.txt,262144,1,1,262144,ours_sym,0.004619,0.000e+00
SPMSPMCSV,/mnt/beegfs/ysu34/hamlib/dia_e2e/tsp_18_4.txt,262144,1,1,262144,hm_atomic,0.005879,0.000e+00
SPMSPMCSV,/mnt/beegfs/ysu34/hamlib/dia_e2e/tsp_18_4.txt,262144,1,1,262144,diaq_fp32,0.343272,0.000e+00
SPMSPMCSV,/mnt/beegfs/ysu34/hamlib/dia_e2e/tsp_18_4.txt,262144,1,1,262144,cusparse_spgemm,1.837459,-1.000e+00
CSRNNZ,/mnt/beegfs/ysu34/hamlib/dia_e2e/tsp_18_4.txt,262144,262144,1.0000
PREPCSV,/mnt/beegfs/ysu34/hamlib/dia_e2e/tsp_18_4.txt,262144,1,spmv,cusparse_csr,1.216,196.451,0.016840,-1
CFILL,/mnt/beegfs/ysu34/hamlib/dia_e2e/tsp_18_4.txt,262144,1,262144,262144,1.0000
E2EEVCSV,/mnt/beegfs/ysu34/hamlib/dia_e2e/tsp_18_4.txt,262144,1,1000,4,stream,0.791,1.859,28.782,147.883,5.138,0.000e+00
E2EEVDIAQCSV,/mnt/beegfs/ysu34/hamlib/dia_e2e/tsp_18_4.txt,262144,1,1000,4,0.111,28.376,0.986,0.000e+00
E2EOPCSV,/mnt/beegfs/ysu34/hamlib/dia_e2e/tsp_18_4.txt,262144,1,2,1,262144,0.002,0.005,-1
E2EOPCSV,/mnt/beegfs/ysu34/hamlib/dia_e2e/tsp_18_4.txt,262144,1,3,1,262144,0.001,0.005,-1
E2EOPBUILDCSV,/mnt/beegfs/ysu34/hamlib/dia_e2e/tsp_18_4.txt,262144,4,1,262144,1.041,2.583,2.481
E2EOPBUILDCSV,/mnt/beegfs/ysu34/hamlib/dia_e2e/tsp_18_4.txt,262144,4,1,262144,0.695,-1,-1
== [1] ecology2 ==
PREPCSV,/mnt/beegfs/ysu34/hamlib/dia_suitesparse/ecology2.txt,999999,7,spmv,didx,10.614,1.078,0.010979,1065
PREPCSV,/mnt/beegfs/ysu34/hamlib/dia_suitesparse/ecology2.txt,999999,7,spmv,didx_sym,5.078,1.299,0.011961,533
PREPCSV,/mnt/beegfs/ysu34/hamlib/dia_suitesparse/ecology2.txt,999999,7,spmv,gopt,8.025,0.706,0.009851,886
PREPCSV,/mnt/beegfs/ysu34/hamlib/dia_suitesparse/ecology2.txt,999999,7,spmv,cusparse_csr,11.032,1.996,0.037881,344
PREPCSV,/mnt/beegfs/ysu34/hamlib/dia_suitesparse/ecology2.txt,999999,7,spmspm,ours_flat,0.672,0.118,0.122788,6
PREPCSV,/mnt/beegfs/ysu34/hamlib/dia_suitesparse/ecology2.txt,999999,7,spmspm,hm_atomic,7.766,1.526,0.212836,44
PREPCSV,/mnt/beegfs/ysu34/hamlib/dia_suitesparse/ecology2.txt,999999,7,spmspm,ours_sym,0.441,0.148,-1.000000,-1
PREPCSV,/mnt/beegfs/ysu34/hamlib/dia_suitesparse/ecology2.txt,999999,7,spmspm,ours_sym,0.441,0.148,0.066943,9
SPMSPMCSV,/mnt/beegfs/ysu34/hamlib/dia_suitesparse/ecology2.txt,999999,7,19,18979985,ours_flat,0.123005,0.000e+00
SPMSPMCSV,/mnt/beegfs/ysu34/hamlib/dia_suitesparse/ecology2.txt,999999,7,19,18979985,ours_sym,0.066950,1.526e-05
SPMSPMCSV,/mnt/beegfs/ysu34/hamlib/dia_suitesparse/ecology2.txt,999999,7,19,18979985,hm_atomic,0.210110,7.629e-06
SPMSPMCSV,/mnt/beegfs/ysu34/hamlib/dia_suitesparse/ecology2.txt,999999,7,19,18979985,diaq_fp32,25.759602,7.629e-06
SPMSPMCSV,/mnt/beegfs/ysu34/hamlib/dia_suitesparse/ecology2.txt,999999,7,19,18979985,cusparse_spgemm,2.784791,-1.000e+00
CSRNNZ,/mnt/beegfs/ysu34/hamlib/dia_suitesparse/ecology2.txt,6995993,4995991,0.7141
PREPCSV,/mnt/beegfs/ysu34/hamlib/dia_suitesparse/ecology2.txt,999999,7,spmv,cusparse_csr,10.965,228.998,0.037812,-1
CFILL,/mnt/beegfs/ysu34/hamlib/dia_suitesparse/ecology2.txt,999999,19,18979985,12979975,0.6839
== [1] atmosmodd ==
PREPCSV,/mnt/beegfs/ysu34/hamlib/dia_suitesparse/atmosmodd.txt,1270432,7,spmv,didx,20.480,1.834,0.025889,862
# didx_sym skipped: non-symmetric or Dup>128
PREPCSV,/mnt/beegfs/ysu34/hamlib/dia_suitesparse/atmosmodd.txt,1270432,7,spmv,gopt,16.260,1.399,0.015667,1127
PREPCSV,/mnt/beegfs/ysu34/hamlib/dia_suitesparse/atmosmodd.txt,1270432,7,spmv,cusparse_csr,16.855,3.045,0.051994,383
PREPCSV,/mnt/beegfs/ysu34/hamlib/dia_suitesparse/atmosmodd.txt,1270432,7,spmspm,ours_flat,0.875,0.146,0.186892,5
PREPCSV,/mnt/beegfs/ysu34/hamlib/dia_suitesparse/atmosmodd.txt,1270432,7,spmspm,hm_atomic,12.546,1.786,0.302984,47
PREPCSV,/mnt/beegfs/ysu34/hamlib/dia_suitesparse/atmosmodd.txt,1270432,7,spmspm,ours_sym,0.542,0.195,-1.000000,-1
PREPCSV,/mnt/beegfs/ysu34/hamlib/dia_suitesparse/atmosmodd.txt,1270432,7,spmspm,ours_sym,0.542,0.195,0.097162,8
SPMSPMCSV,/mnt/beegfs/ysu34/hamlib/dia_suitesparse/atmosmodd.txt,1270432,7,25,31452658,ours_flat,0.186694,0.000e+00
SPMSPMCSV,/mnt/beegfs/ysu34/hamlib/dia_suitesparse/atmosmodd.txt,1270432,7,25,31452658,ours_sym,0.097048,3.760e+06
SPMSPMCSV,/mnt/beegfs/ysu34/hamlib/dia_suitesparse/atmosmodd.txt,1270432,7,25,31452658,hm_atomic,0.303547,1.024e+03
SPMSPMCSV,/mnt/beegfs/ysu34/hamlib/dia_suitesparse/atmosmodd.txt,1270432,7,25,31452658,diaq_fp32,30.614178,1.024e+03
SPMSPMCSV,/mnt/beegfs/ysu34/hamlib/dia_suitesparse/atmosmodd.txt,1270432,7,25,31452658,cusparse_spgemm,4.249017,-1.000e+00
CSRNNZ,/mnt/beegfs/ysu34/hamlib/dia_suitesparse/atmosmodd.txt,8848918,8814880,0.9962
PREPCSV,/mnt/beegfs/ysu34/hamlib/dia_suitesparse/atmosmodd.txt,1270432,7,spmv,cusparse_csr,17.116,228.997,0.051545,-1
CFILL,/mnt/beegfs/ysu34/hamlib/dia_suitesparse/atmosmodd.txt,1270432,25,31452658,31215208,0.9925
== [1] Lin ==
PREPCSV,/mnt/beegfs/ysu34/hamlib/dia_suitesparse/Lin.txt,256000,7,spmv,didx,3.317,0.389,0.005665,654
PREPCSV,/mnt/beegfs/ysu34/hamlib/dia_suitesparse/Lin.txt,256000,7,spmv,didx_sym,1.509,0.391,0.005545,343
PREPCSV,/mnt/beegfs/ysu34/hamlib/dia_suitesparse/Lin.txt,256000,7,spmv,gopt,2.536,0.236,0.005566,498
PREPCSV,/mnt/beegfs/ysu34/hamlib/dia_suitesparse/Lin.txt,256000,7,spmv,cusparse_csr,3.267,0.831,0.021880,187
PREPCSV,/mnt/beegfs/ysu34/hamlib/dia_suitesparse/Lin.txt,256000,7,spmspm,ours_flat,0.290,0.122,0.035645,12
PREPCSV,/mnt/beegfs/ysu34/hamlib/dia_suitesparse/Lin.txt,256000,7,spmspm,hm_atomic,1.775,0.532,0.046280,50
PREPCSV,/mnt/beegfs/ysu34/hamlib/dia_suitesparse/Lin.txt,256000,7,spmspm,ours_sym,0.111,0.116,-1.000000,-1
PREPCSV,/mnt/beegfs/ysu34/hamlib/dia_suitesparse/Lin.txt,256000,7,spmspm,ours_sym,0.111,0.116,0.021046,11
SPMSPMCSV,/mnt/beegfs/ysu34/hamlib/dia_suitesparse/Lin.txt,256000,7,25,6309594,ours_flat,0.035878,0.000e+00
SPMSPMCSV,/mnt/beegfs/ysu34/hamlib/dia_suitesparse/Lin.txt,256000,7,25,6309594,ours_sym,0.021024,6.250e-02
SPMSPMCSV,/mnt/beegfs/ysu34/hamlib/dia_suitesparse/Lin.txt,256000,7,25,6309594,hm_atomic,0.046019,3.125e-02
SPMSPMCSV,/mnt/beegfs/ysu34/hamlib/dia_suitesparse/Lin.txt,256000,7,25,6309594,diaq_fp32,5.007746,3.125e-02
SPMSPMCSV,/mnt/beegfs/ysu34/hamlib/dia_suitesparse/Lin.txt,256000,7,25,6309594,cusparse_spgemm,2.123280,-1.000e+00
CSRNNZ,/mnt/beegfs/ysu34/hamlib/dia_suitesparse/Lin.txt,1779038,1766400,0.9929
PREPCSV,/mnt/beegfs/ysu34/hamlib/dia_suitesparse/Lin.txt,256000,7,spmv,cusparse_csr,2.972,228.052,0.021916,-1
CFILL,/mnt/beegfs/ysu34/hamlib/dia_suitesparse/Lin.txt,256000,25,6309594,6221600,0.9861
== [2] BH_20_7 ==
PREPCSV,/mnt/beegfs/ysu34/hamlib/dia_e2e/BH_20_7.txt,1048576,127,spmv,didx,206.747,4.079,0.088694,2377
# didx_sym skipped: non-symmetric or Dup>128
PREPCSV,/mnt/beegfs/ysu34/hamlib/dia_e2e/BH_20_7.txt,1048576,127,spmv,gopt,175.711,9.487,0.129487,1430
PREPCSV,/mnt/beegfs/ysu34/hamlib/dia_e2e/BH_20_7.txt,1048576,127,spmv,cusparse_csr,342.465,6.961,0.129115,2706
PREPCSV,/mnt/beegfs/ysu34/hamlib/dia_e2e/BH_20_7.txt,1048576,127,spmspm,ours_flat,32.311,2.009,45.691551,1
# hm_atomic skipped: C nnz 5108440242 exceeds HM int32 layout
PREPCSV,/mnt/beegfs/ysu34/hamlib/dia_e2e/BH_20_7.txt,1048576,127,spmspm,ours_sym,12.404,12.049,-1.000000,-1
PREPCSV,/mnt/beegfs/ysu34/hamlib/dia_e2e/BH_20_7.txt,1048576,127,spmspm,ours_sym,12.404,12.049,22.953136,1
SPMSPMCSV,/mnt/beegfs/ysu34/hamlib/dia_e2e/BH_20_7.txt,1048576,127,5555,5108440242,ours_flat,46.211990,0.000e+00
SPMSPMCSV,/mnt/beegfs/ysu34/hamlib/dia_e2e/BH_20_7.txt,1048576,127,5555,5108440242,ours_sym,22.671249,7.629e-06
# hm_atomic skipped: C nnz 5108440242 exceeds HM int32 layout
# diaq_fp32 skipped: C nnz 5108440242 exceeds diaq u32 layout
SPMSPMCSV,/mnt/beegfs/ysu34/hamlib/dia_e2e/BH_20_7.txt,1048576,127,5555,5108440242,cusparse_spgemm,97.363426,-1.000e+00
CSRNNZ,/mnt/beegfs/ysu34/hamlib/dia_e2e/BH_20_7.txt,125829148,25824385,0.2052
PREPCSV,/mnt/beegfs/ysu34/hamlib/dia_e2e/BH_20_7.txt,1048576,127,spmv,cusparse_csr,315.195,317.275,0.129788,-1
CFILL,/mnt/beegfs/ysu34/hamlib/dia_e2e/BH_20_7.txt,1048576,5555,5108440242,343364854,0.0672
E2EEVCSV,/mnt/beegfs/ysu34/hamlib/dia_e2e/BH_20_7.txt,1048576,127,1000,7,didx,398.251,345.949,931.267,2149.551,2.308,7.550e-07
E2EEVDIAQCSV,/mnt/beegfs/ysu34/hamlib/dia_e2e/BH_20_7.txt,1048576,127,1000,7,14.417,3168.421,3.402,7.391e-07
E2EOPCSV,/mnt/beegfs/ysu34/hamlib/dia_e2e/BH_20_7.txt,1048576,127,2,5555,5108440242,32.336,45.570,-1
E2EOPCSV,/mnt/beegfs/ysu34/hamlib/dia_e2e/BH_20_7.txt,1048576,127,3,98989,82073030294,-1,-1,-1
# opbuild wall: Unnz=1099511627776 (int32 index limit)
E2EOPBUILDCSV,/mnt/beegfs/ysu34/hamlib/dia_e2e/BH_20_7.txt,1048576,7,2097151,1099511627776,-1,-1,-1
# opbuild(sym) wall: Unnz=549756338176 (int32 index limit)
E2EOPBUILDCSV,/mnt/beegfs/ysu34/hamlib/dia_e2e/BH_20_7.txt,1048576,7,1048576,549756338176,-1,-1,-1
== [2] fermi_16_5 ==
PREPCSV,/mnt/beegfs/ysu34/hamlib/dia_e2e/fermi_16_5.txt,65536,29,spmv,didx,2.117,0.175,0.004683,490
PREPCSV,/mnt/beegfs/ysu34/hamlib/dia_e2e/fermi_16_5.txt,65536,29,spmv,didx_sym,0.878,0.280,0.004714,246
PREPCSV,/mnt/beegfs/ysu34/hamlib/dia_e2e/fermi_16_5.txt,65536,29,spmv,gopt,2.854,0.206,0.010674,287
PREPCSV,/mnt/beegfs/ysu34/hamlib/dia_e2e/fermi_16_5.txt,65536,29,spmv,cusparse_csr,6.006,0.567,0.015196,433
PREPCSV,/mnt/beegfs/ysu34/hamlib/dia_e2e/fermi_16_5.txt,65536,29,spmspm,ours_flat,0.242,0.135,0.129492,3
PREPCSV,/mnt/beegfs/ysu34/hamlib/dia_e2e/fermi_16_5.txt,65536,29,spmspm,hm_atomic,5.072,0.542,0.174605,32
PREPCSV,/mnt/beegfs/ysu34/hamlib/dia_e2e/fermi_16_5.txt,65536,29,spmspm,ours_sym,0.080,0.139,-1.000000,-1
PREPCSV,/mnt/beegfs/ysu34/hamlib/dia_e2e/fermi_16_5.txt,65536,29,spmspm,ours_sym,0.080,0.139,0.068473,3
SPMSPMCSV,/mnt/beegfs/ysu34/hamlib/dia_e2e/fermi_16_5.txt,65536,29,353,21513010,ours_flat,0.129610,0.000e+00
SPMSPMCSV,/mnt/beegfs/ysu34/hamlib/dia_e2e/fermi_16_5.txt,65536,29,353,21513010,ours_sym,0.068542,0.000e+00
SPMSPMCSV,/mnt/beegfs/ysu34/hamlib/dia_e2e/fermi_16_5.txt,65536,29,353,21513010,hm_atomic,0.174537,0.000e+00
SPMSPMCSV,/mnt/beegfs/ysu34/hamlib/dia_e2e/fermi_16_5.txt,65536,29,353,21513010,diaq_fp32,4.713590,0.000e+00
SPMSPMCSV,/mnt/beegfs/ysu34/hamlib/dia_e2e/fermi_16_5.txt,65536,29,353,21513010,cusparse_spgemm,2.064301,-1.000e+00
CSRNNZ,/mnt/beegfs/ysu34/hamlib/dia_e2e/fermi_16_5.txt,1835266,503876,0.2746
PREPCSV,/mnt/beegfs/ysu34/hamlib/dia_e2e/fermi_16_5.txt,65536,29,spmv,cusparse_csr,5.598,224.260,0.015384,-1
CFILL,/mnt/beegfs/ysu34/hamlib/dia_e2e/fermi_16_5.txt,65536,353,21513010,2136996,0.0993
E2EEVCSV,/mnt/beegfs/ysu34/hamlib/dia_e2e/fermi_16_5.txt,65536,29,1000,5,didx,5.273,6.534,37.049,161.738,4.366,2.193e-07
E2EEVDIAQCSV,/mnt/beegfs/ysu34/hamlib/dia_e2e/fermi_16_5.txt,65536,29,1000,5,0.286,80.070,2.161,8.135e-08
E2EOPCSV,/mnt/beegfs/ysu34/hamlib/dia_e2e/fermi_16_5.txt,65536,29,2,353,21513010,0.188,0.130,-1
E2EOPCSV,/mnt/beegfs/ysu34/hamlib/dia_e2e/fermi_16_5.txt,65536,29,3,2377,138741682,5.155,1.347,-1
E2EOPBUILDCSV,/mnt/beegfs/ysu34/hamlib/dia_e2e/fermi_16_5.txt,65536,5,27547,1419565488,1321.555,1477.596,1.118
E2EOPBUILDCSV,/mnt/beegfs/ysu34/hamlib/dia_e2e/fermi_16_5.txt,65536,5,13774,709815512,120.041,-1,-1
== [2] heis_16_5 ==
PREPCSV,/mnt/beegfs/ysu34/hamlib/dia_e2e/heis_16_5.txt,65536,31,spmv,didx,2.264,0.188,0.004658,526
PREPCSV,/mnt/beegfs/ysu34/hamlib/dia_e2e/heis_16_5.txt,65536,31,spmv,didx_sym,1.067,0.291,0.004886,278
PREPCSV,/mnt/beegfs/ysu34/hamlib/dia_e2e/heis_16_5.txt,65536,31,spmv,gopt,3.019,0.216,0.011501,281
PREPCSV,/mnt/beegfs/ysu34/hamlib/dia_e2e/heis_16_5.txt,65536,31,spmv,cusparse_csr,6.321,0.537,0.015265,449
PREPCSV,/mnt/beegfs/ysu34/hamlib/dia_e2e/heis_16_5.txt,65536,31,spmspm,ours_flat,0.280,0.136,0.147165,3
PREPCSV,/mnt/beegfs/ysu34/hamlib/dia_e2e/heis_16_5.txt,65536,31,spmspm,hm_atomic,5.853,0.545,0.203752,31
PREPCSV,/mnt/beegfs/ysu34/hamlib/dia_e2e/heis_16_5.txt,65536,31,spmspm,ours_sym,0.098,0.158,-1.000000,-1
PREPCSV,/mnt/beegfs/ysu34/hamlib/dia_e2e/heis_16_5.txt,65536,31,spmspm,ours_sym,0.098,0.158,0.077197,3
SPMSPMCSV,/mnt/beegfs/ysu34/hamlib/dia_e2e/heis_16_5.txt,65536,31,399,24395762,ours_flat,0.147283,0.000e+00
SPMSPMCSV,/mnt/beegfs/ysu34/hamlib/dia_e2e/heis_16_5.txt,65536,31,399,24395762,ours_sym,0.077270,0.000e+00
SPMSPMCSV,/mnt/beegfs/ysu34/hamlib/dia_e2e/heis_16_5.txt,65536,31,399,24395762,hm_atomic,0.203723,0.000e+00
SPMSPMCSV,/mnt/beegfs/ysu34/hamlib/dia_e2e/heis_16_5.txt,65536,31,399,24395762,diaq_fp32,5.076163,0.000e+00
SPMSPMCSV,/mnt/beegfs/ysu34/hamlib/dia_e2e/heis_16_5.txt,65536,31,399,24395762,cusparse_spgemm,2.047309,-1.000e+00
CSRNNZ,/mnt/beegfs/ysu34/hamlib/dia_e2e/heis_16_5.txt,1966082,557056,0.2833
PREPCSV,/mnt/beegfs/ysu34/hamlib/dia_e2e/heis_16_5.txt,65536,31,spmv,cusparse_csr,6.121,222.490,0.015368,-1
CFILL,/mnt/beegfs/ysu34/hamlib/dia_e2e/heis_16_5.txt,65536,399,24395762,2497616,0.1024
E2EEVCSV,/mnt/beegfs/ysu34/hamlib/dia_e2e/heis_16_5.txt,65536,31,1000,5,didx,5.441,7.061,38.921,170.527,4.381,2.946e-07
E2EEVDIAQCSV,/mnt/beegfs/ysu34/hamlib/dia_e2e/heis_16_5.txt,65536,31,1000,5,0.307,83.779,2.153,2.728e-07
E2EOPCSV,/mnt/beegfs/ysu34/hamlib/dia_e2e/heis_16_5.txt,65536,31,2,399,24395762,0.220,0.148,-1
E2EOPCSV,/mnt/beegfs/ysu34/hamlib/dia_e2e/heis_16_5.txt,65536,31,3,2791,163414130,5.845,1.626,-1
E2EOPBUILDCSV,/mnt/beegfs/ysu34/hamlib/dia_e2e/heis_16_5.txt,65536,5,32167,1651448944,1469.991,1659.032,1.129
E2EOPBUILDCSV,/mnt/beegfs/ysu34/hamlib/dia_e2e/heis_16_5.txt,65536,5,16084,825757240,156.140,-1,-1
== [2] heis_18_5 ==
PREPCSV,/mnt/beegfs/ysu34/hamlib/dia_e2e/heis_18_5.txt,262144,35,spmv,didx,9.858,0.611,0.008847,1183
PREPCSV,/mnt/beegfs/ysu34/hamlib/dia_e2e/heis_18_5.txt,262144,35,spmv,didx_sym,4.142,1.270,0.008464,639
PREPCSV,/mnt/beegfs/ysu34/hamlib/dia_e2e/heis_18_5.txt,262144,35,spmv,gopt,11.128,0.961,0.011942,1012
PREPCSV,/mnt/beegfs/ysu34/hamlib/dia_e2e/heis_18_5.txt,262144,35,spmv,cusparse_csr,27.248,1.213,0.025585,1112
PREPCSV,/mnt/beegfs/ysu34/hamlib/dia_e2e/heis_18_5.txt,262144,35,spmspm,ours_flat,0.910,0.192,0.824281,1
PREPCSV,/mnt/beegfs/ysu34/hamlib/dia_e2e/heis_18_5.txt,262144,35,spmspm,hm_atomic,33.060,1.749,1.406447,25
PREPCSV,/mnt/beegfs/ysu34/hamlib/dia_e2e/heis_18_5.txt,262144,35,spmspm,ours_sym,0.418,0.180,-1.000000,-1
PREPCSV,/mnt/beegfs/ysu34/hamlib/dia_e2e/heis_18_5.txt,262144,35,spmspm,ours_sym,0.418,0.180,0.396173,2
SPMSPMCSV,/mnt/beegfs/ysu34/hamlib/dia_e2e/heis_18_5.txt,262144,35,519,127991794,ours_flat,0.826047,0.000e+00
SPMSPMCSV,/mnt/beegfs/ysu34/hamlib/dia_e2e/heis_18_5.txt,262144,35,519,127991794,ours_sym,0.390688,0.000e+00
SPMSPMCSV,/mnt/beegfs/ysu34/hamlib/dia_e2e/heis_18_5.txt,262144,35,519,127991794,hm_atomic,1.406662,0.000e+00
SPMSPMCSV,/mnt/beegfs/ysu34/hamlib/dia_e2e/heis_18_5.txt,262144,35,519,127991794,diaq_fp32,29.157944,0.000e+00
SPMSPMCSV,/mnt/beegfs/ysu34/hamlib/dia_e2e/heis_18_5.txt,262144,35,519,127991794,cusparse_spgemm,2.933680,-1.000e+00
CSRNNZ,/mnt/beegfs/ysu34/hamlib/dia_e2e/heis_18_5.txt,8912898,2490368,0.2794
PREPCSV,/mnt/beegfs/ysu34/hamlib/dia_e2e/heis_18_5.txt,262144,35,spmv,cusparse_csr,25.267,225.703,0.024857,-1
CFILL,/mnt/beegfs/ysu34/hamlib/dia_e2e/heis_18_5.txt,262144,519,127991794,12417264,0.0970
E2EEVCSV,/mnt/beegfs/ysu34/hamlib/dia_e2e/heis_18_5.txt,262144,35,1000,5,didx,21.457,27.523,66.351,296.989,4.476,3.099e-07
E2EEVDIAQCSV,/mnt/beegfs/ysu34/hamlib/dia_e2e/heis_18_5.txt,262144,35,1000,5,1.107,181.264,2.732,2.886e-07
E2EOPCSV,/mnt/beegfs/ysu34/hamlib/dia_e2e/heis_18_5.txt,262144,35,2,519,127991794,0.719,0.843,-1
E2EOPCSV,/mnt/beegfs/ysu34/hamlib/dia_e2e/heis_18_5.txt,262144,35,3,4279,1016725618,13.445,12.056,-1
# opbuild wall: Unnz=15484329072 (int32 index limit)
E2EOPBUILDCSV,/mnt/beegfs/ysu34/hamlib/dia_e2e/heis_18_5.txt,262144,5,72483,15484329072,-1,-1,-1
# opbuild(sym) wall: Unnz=7742295608 (int32 index limit)
E2EOPBUILDCSV,/mnt/beegfs/ysu34/hamlib/dia_e2e/heis_18_5.txt,262144,5,36242,7742295608,-1,-1,-1
== [2] heis_20_5 ==
PREPCSV,/mnt/beegfs/ysu34/hamlib/dia_e2e/heis_20_5.txt,1048576,39,spmv,didx,53.446,2.051,0.032179,1725
PREPCSV,/mnt/beegfs/ysu34/hamlib/dia_e2e/heis_20_5.txt,1048576,39,spmv,didx_sym,21.290,5.163,0.031592,837
PREPCSV,/mnt/beegfs/ysu34/hamlib/dia_e2e/heis_20_5.txt,1048576,39,spmv,gopt,47.983,3.319,0.044682,1148
PREPCSV,/mnt/beegfs/ysu34/hamlib/dia_e2e/heis_20_5.txt,1048576,39,spmv,cusparse_csr,116.526,3.556,0.059616,2014
PREPCSV,/mnt/beegfs/ysu34/hamlib/dia_e2e/heis_20_5.txt,1048576,39,spmspm,ours_flat,3.953,0.492,4.401612,1
PREPCSV,/mnt/beegfs/ysu34/hamlib/dia_e2e/heis_20_5.txt,1048576,39,spmspm,hm_atomic,165.911,5.910,7.312241,23
PREPCSV,/mnt/beegfs/ysu34/hamlib/dia_e2e/heis_20_5.txt,1048576,39,spmspm,ours_sym,1.702,0.765,-1.000000,-1
PREPCSV,/mnt/beegfs/ysu34/hamlib/dia_e2e/heis_20_5.txt,1048576,39,spmspm,ours_sym,1.702,0.765,2.176760,1
SPMSPMCSV,/mnt/beegfs/ysu34/hamlib/dia_e2e/heis_20_5.txt,1048576,39,655,650379250,ours_flat,4.407450,0.000e+00
SPMSPMCSV,/mnt/beegfs/ysu34/hamlib/dia_e2e/heis_20_5.txt,1048576,39,655,650379250,ours_sym,2.171290,0.000e+00
SPMSPMCSV,/mnt/beegfs/ysu34/hamlib/dia_e2e/heis_20_5.txt,1048576,39,655,650379250,hm_atomic,7.321702,0.000e+00
SPMSPMCSV,/mnt/beegfs/ysu34/hamlib/dia_e2e/heis_20_5.txt,1048576,39,655,650379250,diaq_fp32,145.338501,0.000e+00
SPMSPMCSV,/mnt/beegfs/ysu34/hamlib/dia_e2e/heis_20_5.txt,1048576,39,655,650379250,cusparse_spgemm,8.583673,-1.000e+00
CSRNNZ,/mnt/beegfs/ysu34/hamlib/dia_e2e/heis_20_5.txt,39845890,11010048,0.2763
PREPCSV,/mnt/beegfs/ysu34/hamlib/dia_e2e/heis_20_5.txt,1048576,39,spmv,cusparse_csr,106.052,234.064,0.059039,-1
CFILL,/mnt/beegfs/ysu34/hamlib/dia_e2e/heis_20_5.txt,1048576,655,650379250,60424320,0.0929
E2EEVCSV,/mnt/beegfs/ysu34/hamlib/dia_e2e/heis_20_5.txt,1048576,39,1000,5,didx,109.412,115.592,241.885,675.505,2.793,3.252e-07
E2EEVDIAQCSV,/mnt/beegfs/ysu34/hamlib/dia_e2e/heis_20_5.txt,1048576,39,1000,5,4.666,766.890,3.170,3.042e-07
E2EOPCSV,/mnt/beegfs/ysu34/hamlib/dia_e2e/heis_20_5.txt,1048576,39,2,655,650379250,3.633,4.495,-1
E2EOPCSV,/mnt/beegfs/ysu34/hamlib/dia_e2e/heis_20_5.txt,1048576,39,3,6231,5988941938,46.141,81.938,-1
# opbuild wall: Unnz=130519407728 (int32 index limit)
E2EOPBUILDCSV,/mnt/beegfs/ysu34/hamlib/dia_e2e/heis_20_5.txt,1048576,5,148383,130519407728,-1,-1,-1
# opbuild(sym) wall: Unnz=65260228152 (int32 index limit)
E2EOPBUILDCSV,/mnt/beegfs/ysu34/hamlib/dia_e2e/heis_20_5.txt,1048576,5,74192,65260228152,-1,-1,-1
== [2] heis_20_6 ==
PREPCSV,/mnt/beegfs/ysu34/hamlib/dia_e2e/heis_20_6.txt,1048576,39,spmv,didx,55.954,2.078,0.032081,1809
PREPCSV,/mnt/beegfs/ysu34/hamlib/dia_e2e/heis_20_6.txt,1048576,39,spmv,didx_sym,22.769,5.299,0.031614,888
PREPCSV,/mnt/beegfs/ysu34/hamlib/dia_e2e/heis_20_6.txt,1048576,39,spmv,gopt,47.841,3.352,0.044784,1143
PREPCSV,/mnt/beegfs/ysu34/hamlib/dia_e2e/heis_20_6.txt,1048576,39,spmv,cusparse_csr,111.953,3.419,0.059566,1937
PREPCSV,/mnt/beegfs/ysu34/hamlib/dia_e2e/heis_20_6.txt,1048576,39,spmspm,ours_flat,4.160,0.467,4.397503,1
PREPCSV,/mnt/beegfs/ysu34/hamlib/dia_e2e/heis_20_6.txt,1048576,39,spmspm,hm_atomic,166.305,5.922,7.314797,24
PREPCSV,/mnt/beegfs/ysu34/hamlib/dia_e2e/heis_20_6.txt,1048576,39,spmspm,ours_sym,1.941,0.553,-1.000000,-1
PREPCSV,/mnt/beegfs/ysu34/hamlib/dia_e2e/heis_20_6.txt,1048576,39,spmspm,ours_sym,1.941,0.553,2.187119,1
SPMSPMCSV,/mnt/beegfs/ysu34/hamlib/dia_e2e/heis_20_6.txt,1048576,39,655,650379250,ours_flat,4.427409,0.000e+00
SPMSPMCSV,/mnt/beegfs/ysu34/hamlib/dia_e2e/heis_20_6.txt,1048576,39,655,650379250,ours_sym,2.184784,0.000e+00
SPMSPMCSV,/mnt/beegfs/ysu34/hamlib/dia_e2e/heis_20_6.txt,1048576,39,655,650379250,hm_atomic,7.323733,0.000e+00
SPMSPMCSV,/mnt/beegfs/ysu34/hamlib/dia_e2e/heis_20_6.txt,1048576,39,655,650379250,diaq_fp32,145.386139,0.000e+00
SPMSPMCSV,/mnt/beegfs/ysu34/hamlib/dia_e2e/heis_20_6.txt,1048576,39,655,650379250,cusparse_spgemm,8.561223,-1.000e+00
CSRNNZ,/mnt/beegfs/ysu34/hamlib/dia_e2e/heis_20_6.txt,39845890,11010048,0.2763
PREPCSV,/mnt/beegfs/ysu34/hamlib/dia_e2e/heis_20_6.txt,1048576,39,spmv,cusparse_csr,106.326,234.329,0.059411,-1
CFILL,/mnt/beegfs/ysu34/hamlib/dia_e2e/heis_20_6.txt,1048576,655,650379250,60424320,0.0929
E2EEVCSV,/mnt/beegfs/ysu34/hamlib/dia_e2e/heis_20_6.txt,1048576,39,1000,6,didx,110.376,115.797,288.511,813.836,2.821,3.251e-07
E2EEVDIAQCSV,/mnt/beegfs/ysu34/hamlib/dia_e2e/heis_20_6.txt,1048576,39,1000,6,4.583,921.698,3.195,3.040e-07
E2EOPCSV,/mnt/beegfs/ysu34/hamlib/dia_e2e/heis_20_6.txt,1048576,39,2,655,650379250,3.817,4.502,-1
E2EOPCSV,/mnt/beegfs/ysu34/hamlib/dia_e2e/heis_20_6.txt,1048576,39,3,6231,5988941938,46.474,82.189,-1
# opbuild wall: Unnz=337281752192 (int32 index limit)
E2EOPBUILDCSV,/mnt/beegfs/ysu34/hamlib/dia_e2e/heis_20_6.txt,1048576,6,409911,337281752192,-1,-1,-1
# opbuild(sym) wall: Unnz=168641400384 (int32 index limit)
E2EOPBUILDCSV,/mnt/beegfs/ysu34/hamlib/dia_e2e/heis_20_6.txt,1048576,6,204956,168641400384,-1,-1,-1
== [2] maxcut_16_5 ==
PREPCSV,/mnt/beegfs/ysu34/hamlib/dia_e2e/maxcut_16_5.txt,65536,1,spmv,didx,0.202,0.054,0.002957,87
PREPCSV,/mnt/beegfs/ysu34/hamlib/dia_e2e/maxcut_16_5.txt,65536,1,spmv,didx_sym,0.124,0.056,0.002924,62
PREPCSV,/mnt/beegfs/ysu34/hamlib/dia_e2e/maxcut_16_5.txt,65536,1,spmv,gopt,0.076,0.038,0.002914,39
PREPCSV,/mnt/beegfs/ysu34/hamlib/dia_e2e/maxcut_16_5.txt,65536,1,spmv,cusparse_csr,0.218,0.371,0.018090,33
PREPCSV,/mnt/beegfs/ysu34/hamlib/dia_e2e/maxcut_16_5.txt,65536,1,spmspm,ours_flat,0.039,0.028,0.004387,15
PREPCSV,/mnt/beegfs/ysu34/hamlib/dia_e2e/maxcut_16_5.txt,65536,1,spmspm,hm_atomic,0.174,0.078,0.005197,49
PREPCSV,/mnt/beegfs/ysu34/hamlib/dia_e2e/maxcut_16_5.txt,65536,1,spmspm,ours_sym,0.026,0.027,-1.000000,-1
PREPCSV,/mnt/beegfs/ysu34/hamlib/dia_e2e/maxcut_16_5.txt,65536,1,spmspm,ours_sym,0.026,0.027,0.004284,13
SPMSPMCSV,/mnt/beegfs/ysu34/hamlib/dia_e2e/maxcut_16_5.txt,65536,1,1,65536,ours_flat,0.004445,0.000e+00
SPMSPMCSV,/mnt/beegfs/ysu34/hamlib/dia_e2e/maxcut_16_5.txt,65536,1,1,65536,ours_sym,0.004425,0.000e+00
SPMSPMCSV,/mnt/beegfs/ysu34/hamlib/dia_e2e/maxcut_16_5.txt,65536,1,1,65536,hm_atomic,0.005479,0.000e+00
SPMSPMCSV,/mnt/beegfs/ysu34/hamlib/dia_e2e/maxcut_16_5.txt,65536,1,1,65536,diaq_fp32,0.091184,0.000e+00
SPMSPMCSV,/mnt/beegfs/ysu34/hamlib/dia_e2e/maxcut_16_5.txt,65536,1,1,65536,cusparse_spgemm,1.799286,-1.000e+00
CSRNNZ,/mnt/beegfs/ysu34/hamlib/dia_e2e/maxcut_16_5.txt,65536,34596,0.5279
PREPCSV,/mnt/beegfs/ysu34/hamlib/dia_e2e/maxcut_16_5.txt,65536,1,spmv,cusparse_csr,0.328,209.609,0.018086,-1
CFILL,/mnt/beegfs/ysu34/hamlib/dia_e2e/maxcut_16_5.txt,65536,1,65536,34596,0.5279
E2EEVCSV,/mnt/beegfs/ysu34/hamlib/dia_e2e/maxcut_16_5.txt,65536,1,1000,5,stream,0.262,0.650,28.548,199.990,7.005,0.000e+00
E2EEVDIAQCSV,/mnt/beegfs/ysu34/hamlib/dia_e2e/maxcut_16_5.txt,65536,1,1000,5,0.047,28.585,1.001,0.000e+00
E2EOPCSV,/mnt/beegfs/ysu34/hamlib/dia_e2e/maxcut_16_5.txt,65536,1,2,1,65536,0.002,0.005,-1
E2EOPCSV,/mnt/beegfs/ysu34/hamlib/dia_e2e/maxcut_16_5.txt,65536,1,3,1,65536,0.001,0.005,-1
E2EOPBUILDCSV,/mnt/beegfs/ysu34/hamlib/dia_e2e/maxcut_16_5.txt,65536,5,1,65536,0.516,1.425,2.760
E2EOPBUILDCSV,/mnt/beegfs/ysu34/hamlib/dia_e2e/maxcut_16_5.txt,65536,5,1,65536,0.418,-1,-1
== [2] maxcut_18_5 ==
PREPCSV,/mnt/beegfs/ysu34/hamlib/dia_e2e/maxcut_18_5.txt,262144,1,spmv,didx,0.976,0.213,0.003548,335
PREPCSV,/mnt/beegfs/ysu34/hamlib/dia_e2e/maxcut_18_5.txt,262144,1,spmv,didx_sym,0.313,0.212,0.003527,149
PREPCSV,/mnt/beegfs/ysu34/hamlib/dia_e2e/maxcut_18_5.txt,262144,1,spmv,gopt,0.474,0.109,0.003181,183
PREPCSV,/mnt/beegfs/ysu34/hamlib/dia_e2e/maxcut_18_5.txt,262144,1,spmv,cusparse_csr,1.079,0.533,0.016690,97
PREPCSV,/mnt/beegfs/ysu34/hamlib/dia_e2e/maxcut_18_5.txt,262144,1,spmspm,ours_flat,0.151,0.062,0.004591,46
PREPCSV,/mnt/beegfs/ysu34/hamlib/dia_e2e/maxcut_18_5.txt,262144,1,spmspm,hm_atomic,0.505,0.198,0.005900,119
PREPCSV,/mnt/beegfs/ysu34/hamlib/dia_e2e/maxcut_18_5.txt,262144,1,spmspm,ours_sym,0.151,0.064,-1.000000,-1
PREPCSV,/mnt/beegfs/ysu34/hamlib/dia_e2e/maxcut_18_5.txt,262144,1,spmspm,ours_sym,0.151,0.064,0.004555,47
SPMSPMCSV,/mnt/beegfs/ysu34/hamlib/dia_e2e/maxcut_18_5.txt,262144,1,1,262144,ours_flat,0.004699,0.000e+00
SPMSPMCSV,/mnt/beegfs/ysu34/hamlib/dia_e2e/maxcut_18_5.txt,262144,1,1,262144,ours_sym,0.004680,0.000e+00
SPMSPMCSV,/mnt/beegfs/ysu34/hamlib/dia_e2e/maxcut_18_5.txt,262144,1,1,262144,hm_atomic,0.006100,0.000e+00
SPMSPMCSV,/mnt/beegfs/ysu34/hamlib/dia_e2e/maxcut_18_5.txt,262144,1,1,262144,diaq_fp32,0.343600,0.000e+00
SPMSPMCSV,/mnt/beegfs/ysu34/hamlib/dia_e2e/maxcut_18_5.txt,262144,1,1,262144,cusparse_spgemm,1.833040,-1.000e+00
CSRNNZ,/mnt/beegfs/ysu34/hamlib/dia_e2e/maxcut_18_5.txt,262144,262144,1.0000
PREPCSV,/mnt/beegfs/ysu34/hamlib/dia_e2e/maxcut_18_5.txt,262144,1,spmv,cusparse_csr,1.326,223.702,0.016573,-1
CFILL,/mnt/beegfs/ysu34/hamlib/dia_e2e/maxcut_18_5.txt,262144,1,262144,262144,1.0000
E2EEVCSV,/mnt/beegfs/ysu34/hamlib/dia_e2e/maxcut_18_5.txt,262144,1,1000,5,stream,0.787,1.863,34.891,183.180,5.250,0.000e+00
E2EEVDIAQCSV,/mnt/beegfs/ysu34/hamlib/dia_e2e/maxcut_18_5.txt,262144,1,1000,5,0.111,34.350,0.985,0.000e+00
E2EOPCSV,/mnt/beegfs/ysu34/hamlib/dia_e2e/maxcut_18_5.txt,262144,1,2,1,262144,0.003,0.005,-1
E2EOPCSV,/mnt/beegfs/ysu34/hamlib/dia_e2e/maxcut_18_5.txt,262144,1,3,1,262144,0.001,0.005,-1
E2EOPBUILDCSV,/mnt/beegfs/ysu34/hamlib/dia_e2e/maxcut_18_5.txt,262144,5,1,262144,1.353,3.404,2.516
E2EOPBUILDCSV,/mnt/beegfs/ysu34/hamlib/dia_e2e/maxcut_18_5.txt,262144,5,1,262144,0.889,-1,-1
== [2] maxcut_20_5 ==
PREPCSV,/mnt/beegfs/ysu34/hamlib/dia_e2e/maxcut_20_5.txt,1048576,1,spmv,didx,2.583,0.378,0.006434,460
PREPCSV,/mnt/beegfs/ysu34/hamlib/dia_e2e/maxcut_20_5.txt,1048576,1,spmv,didx_sym,1.443,0.379,0.006528,279
PREPCSV,/mnt/beegfs/ysu34/hamlib/dia_e2e/maxcut_20_5.txt,1048576,1,spmv,gopt,1.238,0.169,0.004820,292
PREPCSV,/mnt/beegfs/ysu34/hamlib/dia_e2e/maxcut_20_5.txt,1048576,1,spmv,cusparse_csr,3.046,0.766,0.029253,130
PREPCSV,/mnt/beegfs/ysu34/hamlib/dia_e2e/maxcut_20_5.txt,1048576,1,spmspm,ours_flat,0.634,0.094,0.007194,101
PREPCSV,/mnt/beegfs/ysu34/hamlib/dia_e2e/maxcut_20_5.txt,1048576,1,spmspm,hm_atomic,2.838,0.464,0.010232,323
PREPCSV,/mnt/beegfs/ysu34/hamlib/dia_e2e/maxcut_20_5.txt,1048576,1,spmspm,ours_sym,0.374,0.092,-1.000000,-1
PREPCSV,/mnt/beegfs/ysu34/hamlib/dia_e2e/maxcut_20_5.txt,1048576,1,spmspm,ours_sym,0.374,0.092,0.007167,65
SPMSPMCSV,/mnt/beegfs/ysu34/hamlib/dia_e2e/maxcut_20_5.txt,1048576,1,1,1048576,ours_flat,0.007172,0.000e+00
SPMSPMCSV,/mnt/beegfs/ysu34/hamlib/dia_e2e/maxcut_20_5.txt,1048576,1,1,1048576,ours_sym,0.007153,0.000e+00
SPMSPMCSV,/mnt/beegfs/ysu34/hamlib/dia_e2e/maxcut_20_5.txt,1048576,1,1,1048576,hm_atomic,0.010189,0.000e+00
SPMSPMCSV,/mnt/beegfs/ysu34/hamlib/dia_e2e/maxcut_20_5.txt,1048576,1,1,1048576,diaq_fp32,1.357091,0.000e+00
SPMSPMCSV,/mnt/beegfs/ysu34/hamlib/dia_e2e/maxcut_20_5.txt,1048576,1,1,1048576,cusparse_spgemm,1.918835,-1.000e+00
CSRNNZ,/mnt/beegfs/ysu34/hamlib/dia_e2e/maxcut_20_5.txt,1048576,595984,0.5684
PREPCSV,/mnt/beegfs/ysu34/hamlib/dia_e2e/maxcut_20_5.txt,1048576,1,spmv,cusparse_csr,4.114,199.802,0.028692,-1
CFILL,/mnt/beegfs/ysu34/hamlib/dia_e2e/maxcut_20_5.txt,1048576,1,1048576,595984,0.5684
E2EEVCSV,/mnt/beegfs/ysu34/hamlib/dia_e2e/maxcut_20_5.txt,1048576,1,1000,5,stream,2.638,4.332,66.014,349.514,5.295,0.000e+00
E2EEVDIAQCSV,/mnt/beegfs/ysu34/hamlib/dia_e2e/maxcut_20_5.txt,1048576,1,1000,5,0.213,71.348,1.081,0.000e+00
E2EOPCSV,/mnt/beegfs/ysu34/hamlib/dia_e2e/maxcut_20_5.txt,1048576,1,2,1,1048576,0.006,0.007,-1
E2EOPCSV,/mnt/beegfs/ysu34/hamlib/dia_e2e/maxcut_20_5.txt,1048576,1,3,1,1048576,0.005,0.007,-1
E2EOPBUILDCSV,/mnt/beegfs/ysu34/hamlib/dia_e2e/maxcut_20_5.txt,1048576,5,1,1048576,4.671,11.704,2.506
E2EOPBUILDCSV,/mnt/beegfs/ysu34/hamlib/dia_e2e/maxcut_20_5.txt,1048576,5,1,1048576,2.700,-1,-1
== [2] O2_16_5 ==
PREPCSV,/mnt/beegfs/ysu34/hamlib/dia_e2e/O2_16_5.txt,65536,1243,spmv,didx,56.077,1.122,0.034790,1644
# didx_sym skipped: non-symmetric or Dup>128
PREPCSV,/mnt/beegfs/ysu34/hamlib/dia_e2e/O2_16_5.txt,65536,1243,spmv,gopt,66.480,3.838,0.312726,225
PREPCSV,/mnt/beegfs/ysu34/hamlib/dia_e2e/O2_16_5.txt,65536,1243,spmv,cusparse_csr,244.105,1.741,0.033288,7385
PREPCSV,/mnt/beegfs/ysu34/hamlib/dia_e2e/O2_16_5.txt,65536,1243,spmspm,ours_flat,1210.804,3.325,155.439880,8
# hm_atomic skipped: C nnz 3840684748 exceeds HM int32 layout
PREPCSV,/mnt/beegfs/ysu34/hamlib/dia_e2e/O2_16_5.txt,65536,1243,spmspm,ours_sym,53.400,4.780,-1.000000,-1
PREPCSV,/mnt/beegfs/ysu34/hamlib/dia_e2e/O2_16_5.txt,65536,1243,spmspm,ours_sym,53.400,4.780,73.815559,1
SPMSPMCSV,/mnt/beegfs/ysu34/hamlib/dia_e2e/O2_16_5.txt,65536,1243,100975,3840684748,ours_flat,156.426682,0.000e+00
SPMSPMCSV,/mnt/beegfs/ysu34/hamlib/dia_e2e/O2_16_5.txt,65536,1243,100975,3840684748,ours_sym,73.903961,7.324e-04
# hm_atomic skipped: C nnz 3840684748 exceeds HM int32 layout
SPMSPMCSV,/mnt/beegfs/ysu34/hamlib/dia_e2e/O2_16_5.txt,65536,1243,100975,3840684748,diaq_fp32,802.021301,2.441e-04
SPMSPMCSV,/mnt/beegfs/ysu34/hamlib/dia_e2e/O2_16_5.txt,65536,1243,100975,3840684748,cusparse_spgemm,24.708149,-1.000e+00
CSRNNZ,/mnt/beegfs/ysu34/hamlib/dia_e2e/O2_16_5.txt,64894972,4828093,0.0744
PREPCSV,/mnt/beegfs/ysu34/hamlib/dia_e2e/O2_16_5.txt,65536,1243,spmv,cusparse_csr,228.439,227.322,0.034010,-1
CFILL,/mnt/beegfs/ysu34/hamlib/dia_e2e/O2_16_5.txt,65536,100975,3840684748,80123930,0.0209
E2EEVCSV,/mnt/beegfs/ysu34/hamlib/dia_e2e/O2_16_5.txt,65536,1243,1000,5,didx,136.987,247.811,244.982,381.232,1.556,6.118e-07
E2EEVDIAQCSV,/mnt/beegfs/ysu34/hamlib/dia_e2e/O2_16_5.txt,65536,1243,1000,5,7.484,3399.382,13.876,5.440e-07
E2EOPCSV,/mnt/beegfs/ysu34/hamlib/dia_e2e/O2_16_5.txt,65536,1243,2,100975,3840684748,1120.102,156.393,-1
E2EOPCSV,/mnt/beegfs/ysu34/hamlib/dia_e2e/O2_16_5.txt,65536,1243,3,131071,4294967296,64134.292,11735.242,-1
# opbuild wall: Unnz=4294967296 (int32 index limit)
E2EOPBUILDCSV,/mnt/beegfs/ysu34/hamlib/dia_e2e/O2_16_5.txt,65536,5,131071,4294967296,-1,-1,-1
# opbuild(sym) wall: Unnz=2147516416 (int32 index limit)
E2EOPBUILDCSV,/mnt/beegfs/ysu34/hamlib/dia_e2e/O2_16_5.txt,65536,5,65536,2147516416,-1,-1,-1
== [2] O2_16_7 ==
PREPCSV,/mnt/beegfs/ysu34/hamlib/dia_e2e/O2_16_7.txt,65536,1243,spmv,didx,56.282,1.127,0.034984,1641
# didx_sym skipped: non-symmetric or Dup>128
PREPCSV,/mnt/beegfs/ysu34/hamlib/dia_e2e/O2_16_7.txt,65536,1243,spmv,gopt,66.388,3.870,0.312855,225
PREPCSV,/mnt/beegfs/ysu34/hamlib/dia_e2e/O2_16_7.txt,65536,1243,spmv,cusparse_csr,247.267,1.822,0.033235,7495
PREPCSV,/mnt/beegfs/ysu34/hamlib/dia_e2e/O2_16_7.txt,65536,1243,spmspm,ours_flat,1216.454,3.357,155.186523,8
# hm_atomic skipped: C nnz 3840684748 exceeds HM int32 layout
PREPCSV,/mnt/beegfs/ysu34/hamlib/dia_e2e/O2_16_7.txt,65536,1243,spmspm,ours_sym,54.615,4.898,-1.000000,-1
PREPCSV,/mnt/beegfs/ysu34/hamlib/dia_e2e/O2_16_7.txt,65536,1243,spmspm,ours_sym,54.615,4.898,73.774345,1
SPMSPMCSV,/mnt/beegfs/ysu34/hamlib/dia_e2e/O2_16_7.txt,65536,1243,100975,3840684748,ours_flat,156.338730,0.000e+00
SPMSPMCSV,/mnt/beegfs/ysu34/hamlib/dia_e2e/O2_16_7.txt,65536,1243,100975,3840684748,ours_sym,73.883728,7.324e-04
# hm_atomic skipped: C nnz 3840684748 exceeds HM int32 layout
SPMSPMCSV,/mnt/beegfs/ysu34/hamlib/dia_e2e/O2_16_7.txt,65536,1243,100975,3840684748,diaq_fp32,801.824585,2.441e-04
SPMSPMCSV,/mnt/beegfs/ysu34/hamlib/dia_e2e/O2_16_7.txt,65536,1243,100975,3840684748,cusparse_spgemm,24.679205,-1.000e+00
CSRNNZ,/mnt/beegfs/ysu34/hamlib/dia_e2e/O2_16_7.txt,64894972,4828093,0.0744
PREPCSV,/mnt/beegfs/ysu34/hamlib/dia_e2e/O2_16_7.txt,65536,1243,spmv,cusparse_csr,233.472,224.949,0.034070,-1
CFILL,/mnt/beegfs/ysu34/hamlib/dia_e2e/O2_16_7.txt,65536,100975,3840684748,80123930,0.0209
E2EEVCSV,/mnt/beegfs/ysu34/hamlib/dia_e2e/O2_16_7.txt,65536,1243,1000,7,didx,136.784,250.023,339.445,525.101,1.547,6.094e-07
E2EEVDIAQCSV,/mnt/beegfs/ysu34/hamlib/dia_e2e/O2_16_7.txt,65536,1243,1000,7,7.602,4760.401,14.024,5.491e-07
E2EOPCSV,/mnt/beegfs/ysu34/hamlib/dia_e2e/O2_16_7.txt,65536,1243,2,100975,3840684748,1111.013,156.508,-1
E2EOPCSV,/mnt/beegfs/ysu34/hamlib/dia_e2e/O2_16_7.txt,65536,1243,3,131071,4294967296,63566.666,11730.752,-1
# opbuild wall: Unnz=4294967296 (int32 index limit)
E2EOPBUILDCSV,/mnt/beegfs/ysu34/hamlib/dia_e2e/O2_16_7.txt,65536,7,131071,4294967296,-1,-1,-1
# opbuild(sym) wall: Unnz=2147516416 (int32 index limit)
E2EOPBUILDCSV,/mnt/beegfs/ysu34/hamlib/dia_e2e/O2_16_7.txt,65536,7,65536,2147516416,-1,-1,-1
== [2] O2_20_5 ==
PREPCSV,/mnt/beegfs/ysu34/hamlib/dia_e2e/O2_20_5.txt,1048576,3359,spmv,didx,2804.529,35.583,2.255456,1259
# didx_sym skipped: non-symmetric or Dup>128
PREPCSV,/mnt/beegfs/ysu34/hamlib/dia_e2e/O2_20_5.txt,1048576,3359,spmv,gopt,2793.694,111.786,1.783093,1629
# cusparse_csr(32I) impossible (H nnz 2885206540); running 64I
PREPCSV,/mnt/beegfs/ysu34/hamlib/dia_e2e/O2_20_5.txt,1048576,3359,spmv,cusparse_csr_64i,10874.062,72.113,1.152404,9499
CUDA prep_driver.cu:315 out of memory
CUDA spmspm_driver.cu:94 out of memory
CSRNNZ,/mnt/beegfs/ysu34/hamlib/dia_e2e/O2_20_5.txt,2885206540,206249372,0.0715
PREPCSV,/mnt/beegfs/ysu34/hamlib/dia_e2e/O2_20_5.txt,1048576,3359,spmv,cusparse_csr,10025.233,355.371,0.950517,-1
CFILL,/mnt/beegfs/ysu34/hamlib/dia_e2e/O2_20_5.txt,1048576,937217,625833635896,-1,OOM
# cusparse arm skipped: H nnz 2885206540 > INT32_MAX
E2EEVCSV,/mnt/beegfs/ysu34/hamlib/dia_e2e/O2_20_5.txt,1048576,3359,1000,5,gopt,3261.880,0.000,10905.396,-1.000,-1.000,-1.000e+00
E2EEVDIAQCSV,/mnt/beegfs/ysu34/hamlib/dia_e2e/O2_20_5.txt,1048576,3359,1000,5,325.386,49999.242,4.585,9.188e-07
E2EOPCSV,/mnt/beegfs/ysu34/hamlib/dia_e2e/O2_20_5.txt,1048576,3359,2,937217,625833635896,-1,-1,-1
# opbuild wall: Unnz=1099511627776 (int32 index limit)
E2EOPBUILDCSV,/mnt/beegfs/ysu34/hamlib/dia_e2e/O2_20_5.txt,1048576,5,2097151,1099511627776,-1,-1,-1
# opbuild(sym) wall: Unnz=549756338176 (int32 index limit)
E2EOPBUILDCSV,/mnt/beegfs/ysu34/hamlib/dia_e2e/O2_20_5.txt,1048576,5,1048576,549756338176,-1,-1,-1
== [2] O2_20_8 ==
PREPCSV,/mnt/beegfs/ysu34/hamlib/dia_e2e/O2_20_8.txt,1048576,3359,spmv,didx,2849.167,35.240,2.237636,1289
# didx_sym skipped: non-symmetric or Dup>128
PREPCSV,/mnt/beegfs/ysu34/hamlib/dia_e2e/O2_20_8.txt,1048576,3359,spmv,gopt,2794.572,110.667,1.785551,1627
# cusparse_csr(32I) impossible (H nnz 2885206540); running 64I
PREPCSV,/mnt/beegfs/ysu34/hamlib/dia_e2e/O2_20_8.txt,1048576,3359,spmv,cusparse_csr_64i,10926.327,71.354,1.149516,9567
CUDA prep_driver.cu:315 out of memory
CUDA spmspm_driver.cu:94 out of memory
CSRNNZ,/mnt/beegfs/ysu34/hamlib/dia_e2e/O2_20_8.txt,2885206540,206249372,0.0715
PREPCSV,/mnt/beegfs/ysu34/hamlib/dia_e2e/O2_20_8.txt,1048576,3359,spmv,cusparse_csr,10182.746,363.288,0.945829,-1
CFILL,/mnt/beegfs/ysu34/hamlib/dia_e2e/O2_20_8.txt,1048576,937217,625833635896,-1,OOM
# cusparse arm skipped: H nnz 2885206540 > INT32_MAX
E2EEVCSV,/mnt/beegfs/ysu34/hamlib/dia_e2e/O2_20_8.txt,1048576,3359,1000,8,gopt,3244.217,0.000,17527.801,-1.000,-1.000,-1.000e+00
E2EEVDIAQCSV,/mnt/beegfs/ysu34/hamlib/dia_e2e/O2_20_8.txt,1048576,3359,1000,8,322.641,80698.453,4.604,9.185e-07
E2EOPCSV,/mnt/beegfs/ysu34/hamlib/dia_e2e/O2_20_8.txt,1048576,3359,2,937217,625833635896,-1,-1,-1
# opbuild wall: Unnz=1099511627776 (int32 index limit)
E2EOPBUILDCSV,/mnt/beegfs/ysu34/hamlib/dia_e2e/O2_20_8.txt,1048576,8,2097151,1099511627776,-1,-1,-1
== [2] qmaxcut_16_4 ==
PREPCSV,/mnt/beegfs/ysu34/hamlib/dia_e2e/qmaxcut_16_4.txt,65536,31,spmv,didx,1.436,0.184,0.004481,361
PREPCSV,/mnt/beegfs/ysu34/hamlib/dia_e2e/qmaxcut_16_4.txt,65536,31,spmv,didx_sym,0.652,0.222,0.004807,182
PREPCSV,/mnt/beegfs/ysu34/hamlib/dia_e2e/qmaxcut_16_4.txt,65536,31,spmv,gopt,1.573,0.173,0.007872,222
PREPCSV,/mnt/beegfs/ysu34/hamlib/dia_e2e/qmaxcut_16_4.txt,65536,31,spmv,cusparse_csr,5.215,0.532,0.015303,376
PREPCSV,/mnt/beegfs/ysu34/hamlib/dia_e2e/qmaxcut_16_4.txt,65536,31,spmspm,ours_flat,0.268,0.131,0.074012,5
PREPCSV,/mnt/beegfs/ysu34/hamlib/dia_e2e/qmaxcut_16_4.txt,65536,31,spmspm,hm_atomic,3.796,0.441,0.093394,45
PREPCSV,/mnt/beegfs/ysu34/hamlib/dia_e2e/qmaxcut_16_4.txt,65536,31,spmspm,ours_sym,0.069,0.145,-1.000000,-1
PREPCSV,/mnt/beegfs/ysu34/hamlib/dia_e2e/qmaxcut_16_4.txt,65536,31,spmspm,ours_sym,0.069,0.145,0.039327,5
SPMSPMCSV,/mnt/beegfs/ysu34/hamlib/dia_e2e/qmaxcut_16_4.txt,65536,31,481,15138746,ours_flat,0.073915,0.000e+00
SPMSPMCSV,/mnt/beegfs/ysu34/hamlib/dia_e2e/qmaxcut_16_4.txt,65536,31,481,15138746,ours_sym,0.039228,0.000e+00
SPMSPMCSV,/mnt/beegfs/ysu34/hamlib/dia_e2e/qmaxcut_16_4.txt,65536,31,481,15138746,hm_atomic,0.093384,0.000e+00
SPMSPMCSV,/mnt/beegfs/ysu34/hamlib/dia_e2e/qmaxcut_16_4.txt,65536,31,481,15138746,diaq_fp32,3.418902,0.000e+00
SPMSPMCSV,/mnt/beegfs/ysu34/hamlib/dia_e2e/qmaxcut_16_4.txt,65536,31,481,15138746,cusparse_spgemm,1.916201,-1.000e+00
CSRNNZ,/mnt/beegfs/ysu34/hamlib/dia_e2e/qmaxcut_16_4.txt,1114110,557056,0.5000
PREPCSV,/mnt/beegfs/ysu34/hamlib/dia_e2e/qmaxcut_16_4.txt,65536,31,spmv,cusparse_csr,4.765,231.413,0.015679,-1
CFILL,/mnt/beegfs/ysu34/hamlib/dia_e2e/qmaxcut_16_4.txt,65536,481,15138746,3997696,0.2641
E2EEVCSV,/mnt/beegfs/ysu34/hamlib/dia_e2e/qmaxcut_16_4.txt,65536,31,1000,4,didx,3.743,5.761,29.549,134.046,4.536,1.000e-07
E2EEVDIAQCSV,/mnt/beegfs/ysu34/hamlib/dia_e2e/qmaxcut_16_4.txt,65536,31,1000,4,0.223,63.494,2.149,5.704e-08
E2EOPCSV,/mnt/beegfs/ysu34/hamlib/dia_e2e/qmaxcut_16_4.txt,65536,31,2,481,15138746,0.186,0.074,-1
E2EOPCSV,/mnt/beegfs/ysu34/hamlib/dia_e2e/qmaxcut_16_4.txt,65536,31,3,3031,103776028,6.411,0.734,-1
E2EOPBUILDCSV,/mnt/beegfs/ysu34/hamlib/dia_e2e/qmaxcut_16_4.txt,65536,4,15507,499792596,180.771,243.470,1.347
E2EOPBUILDCSV,/mnt/beegfs/ysu34/hamlib/dia_e2e/qmaxcut_16_4.txt,65536,4,7754,249929066,23.094,-1,-1
== [2] qmaxcut_18_4 ==
PREPCSV,/mnt/beegfs/ysu34/hamlib/dia_e2e/qmaxcut_18_4.txt,262144,35,spmv,didx,6.389,0.571,0.008804,790
PREPCSV,/mnt/beegfs/ysu34/hamlib/dia_e2e/qmaxcut_18_4.txt,262144,35,spmv,didx_sym,2.868,0.760,0.008934,406
PREPCSV,/mnt/beegfs/ysu34/hamlib/dia_e2e/qmaxcut_18_4.txt,262144,35,spmv,gopt,6.107,0.610,0.009041,743
PREPCSV,/mnt/beegfs/ysu34/hamlib/dia_e2e/qmaxcut_18_4.txt,262144,35,spmv,cusparse_csr,23.305,1.198,0.026149,937
PREPCSV,/mnt/beegfs/ysu34/hamlib/dia_e2e/qmaxcut_18_4.txt,262144,35,spmspm,ours_flat,0.695,0.180,0.357364,2
PREPCSV,/mnt/beegfs/ysu34/hamlib/dia_e2e/qmaxcut_18_4.txt,262144,35,spmspm,hm_atomic,18.958,1.137,0.435409,46
PREPCSV,/mnt/beegfs/ysu34/hamlib/dia_e2e/qmaxcut_18_4.txt,262144,35,spmspm,ours_sym,0.280,0.223,-1.000000,-1
PREPCSV,/mnt/beegfs/ysu34/hamlib/dia_e2e/qmaxcut_18_4.txt,262144,35,spmspm,ours_sym,0.280,0.223,0.182883,3
SPMSPMCSV,/mnt/beegfs/ysu34/hamlib/dia_e2e/qmaxcut_18_4.txt,262144,35,613,77332402,ours_flat,0.357209,0.000e+00
SPMSPMCSV,/mnt/beegfs/ysu34/hamlib/dia_e2e/qmaxcut_18_4.txt,262144,35,613,77332402,ours_sym,0.182877,0.000e+00
SPMSPMCSV,/mnt/beegfs/ysu34/hamlib/dia_e2e/qmaxcut_18_4.txt,262144,35,613,77332402,hm_atomic,0.435005,0.000e+00
SPMSPMCSV,/mnt/beegfs/ysu34/hamlib/dia_e2e/qmaxcut_18_4.txt,262144,35,613,77332402,diaq_fp32,17.158318,0.000e+00
SPMSPMCSV,/mnt/beegfs/ysu34/hamlib/dia_e2e/qmaxcut_18_4.txt,262144,35,613,77332402,cusparse_spgemm,2.945168,-1.000e+00
CSRNNZ,/mnt/beegfs/ysu34/hamlib/dia_e2e/qmaxcut_18_4.txt,4980734,2490368,0.5000
PREPCSV,/mnt/beegfs/ysu34/hamlib/dia_e2e/qmaxcut_18_4.txt,262144,35,spmv,cusparse_csr,20.951,224.878,0.025464,-1
CFILL,/mnt/beegfs/ysu34/hamlib/dia_e2e/qmaxcut_18_4.txt,262144,613,77332402,20316160,0.2627
E2EEVCSV,/mnt/beegfs/ysu34/hamlib/dia_e2e/qmaxcut_18_4.txt,262144,35,1000,4,didx,13.943,23.044,52.463,235.638,4.491,1.063e-07
E2EEVDIAQCSV,/mnt/beegfs/ysu34/hamlib/dia_e2e/qmaxcut_18_4.txt,262144,35,1000,4,0.695,100.110,1.908,6.257e-08
E2EOPCSV,/mnt/beegfs/ysu34/hamlib/dia_e2e/qmaxcut_18_4.txt,262144,35,2,613,77332402,0.505,0.359,-1
E2EOPCSV,/mnt/beegfs/ysu34/hamlib/dia_e2e/qmaxcut_18_4.txt,262144,35,3,4455,608304862,14.204,4.465,-1
# opbuild wall: Unnz=3485530152 (int32 index limit)
E2EOPBUILDCSV,/mnt/beegfs/ysu34/hamlib/dia_e2e/qmaxcut_18_4.txt,262144,4,27051,3485530152,-1,-1,-1
E2EOPBUILDCSV,/mnt/beegfs/ysu34/hamlib/dia_e2e/qmaxcut_18_4.txt,262144,4,13526,1742896148,81.506,-1,-1
== [2] qmaxcut_20_4 ==
PREPCSV,/mnt/beegfs/ysu34/hamlib/dia_e2e/qmaxcut_20_4.txt,1048576,39,spmv,didx,31.200,2.087,0.032513,1024
PREPCSV,/mnt/beegfs/ysu34/hamlib/dia_e2e/qmaxcut_20_4.txt,1048576,39,spmv,didx_sym,12.480,3.302,0.030646,515
PREPCSV,/mnt/beegfs/ysu34/hamlib/dia_e2e/qmaxcut_20_4.txt,1048576,39,spmv,gopt,27.087,2.234,0.030385,965
PREPCSV,/mnt/beegfs/ysu34/hamlib/dia_e2e/qmaxcut_20_4.txt,1048576,39,spmv,cusparse_csr,96.753,3.323,0.059736,1675
PREPCSV,/mnt/beegfs/ysu34/hamlib/dia_e2e/qmaxcut_20_4.txt,1048576,39,spmspm,ours_flat,2.553,0.285,1.900353,1
PREPCSV,/mnt/beegfs/ysu34/hamlib/dia_e2e/qmaxcut_20_4.txt,1048576,39,spmspm,hm_atomic,98.415,3.573,2.515569,41
PREPCSV,/mnt/beegfs/ysu34/hamlib/dia_e2e/qmaxcut_20_4.txt,1048576,39,spmspm,ours_sym,1.161,1.075,-1.000000,-1
PREPCSV,/mnt/beegfs/ysu34/hamlib/dia_e2e/qmaxcut_20_4.txt,1048576,39,spmspm,ours_sym,1.161,1.075,0.987427,2
SPMSPMCSV,/mnt/beegfs/ysu34/hamlib/dia_e2e/qmaxcut_20_4.txt,1048576,39,761,384827306,ours_flat,1.910076,0.000e+00
SPMSPMCSV,/mnt/beegfs/ysu34/hamlib/dia_e2e/qmaxcut_20_4.txt,1048576,39,761,384827306,ours_sym,0.960764,0.000e+00
SPMSPMCSV,/mnt/beegfs/ysu34/hamlib/dia_e2e/qmaxcut_20_4.txt,1048576,39,761,384827306,hm_atomic,2.518006,0.000e+00
SPMSPMCSV,/mnt/beegfs/ysu34/hamlib/dia_e2e/qmaxcut_20_4.txt,1048576,39,761,384827306,diaq_fp32,83.812775,0.000e+00
SPMSPMCSV,/mnt/beegfs/ysu34/hamlib/dia_e2e/qmaxcut_20_4.txt,1048576,39,761,384827306,cusparse_spgemm,7.143827,-1.000e+00
CSRNNZ,/mnt/beegfs/ysu34/hamlib/dia_e2e/qmaxcut_20_4.txt,22020094,11010048,0.5000
PREPCSV,/mnt/beegfs/ysu34/hamlib/dia_e2e/qmaxcut_20_4.txt,1048576,39,spmv,cusparse_csr,87.554,229.168,0.059590,-1
CFILL,/mnt/beegfs/ysu34/hamlib/dia_e2e/qmaxcut_20_4.txt,1048576,761,384827306,100663296,0.2616
E2EEVCSV,/mnt/beegfs/ysu34/hamlib/dia_e2e/qmaxcut_20_4.txt,1048576,39,1000,4,didx,65.131,103.869,194.605,547.692,2.814,1.115e-07
E2EEVDIAQCSV,/mnt/beegfs/ysu34/hamlib/dia_e2e/qmaxcut_20_4.txt,1048576,39,1000,4,2.622,424.592,2.182,6.784e-08
E2EOPCSV,/mnt/beegfs/ysu34/hamlib/dia_e2e/qmaxcut_20_4.txt,1048576,39,2,761,384827306,1.925,2.067,-1
E2EOPCSV,/mnt/beegfs/ysu34/hamlib/dia_e2e/qmaxcut_20_4.txt,1048576,39,3,6271,3415735960,35.884,28.699,-1
# opbuild wall: Unnz=22750164124 (int32 index limit)
E2EOPBUILDCSV,/mnt/beegfs/ysu34/hamlib/dia_e2e/qmaxcut_20_4.txt,1048576,4,44143,22750164124,-1,-1,-1
# opbuild(sym) wall: Unnz=11375606350 (int32 index limit)
E2EOPBUILDCSV,/mnt/beegfs/ysu34/hamlib/dia_e2e/qmaxcut_20_4.txt,1048576,4,22072,11375606350,-1,-1,-1
== [2] tfim_16_4 ==
PREPCSV,/mnt/beegfs/ysu34/hamlib/dia_e2e/tfim_16_4.txt,65536,33,spmv,didx,2.967,0.272,0.004881,663
PREPCSV,/mnt/beegfs/ysu34/hamlib/dia_e2e/tfim_16_4.txt,65536,33,spmv,didx_sym,1.219,0.351,0.004643,338
PREPCSV,/mnt/beegfs/ysu34/hamlib/dia_e2e/tfim_16_4.txt,65536,33,spmv,gopt,3.544,0.240,0.012647,299
PREPCSV,/mnt/beegfs/ysu34/hamlib/dia_e2e/tfim_16_4.txt,65536,33,spmv,cusparse_csr,7.632,0.640,0.019550,423
PREPCSV,/mnt/beegfs/ysu34/hamlib/dia_e2e/tfim_16_4.txt,65536,33,spmspm,ours_flat,0.318,0.126,0.157482,3
PREPCSV,/mnt/beegfs/ysu34/hamlib/dia_e2e/tfim_16_4.txt,65536,33,spmspm,hm_atomic,6.211,0.565,0.219055,31
PREPCSV,/mnt/beegfs/ysu34/hamlib/dia_e2e/tfim_16_4.txt,65536,33,spmspm,ours_sym,0.093,0.145,-1.000000,-1
PREPCSV,/mnt/beegfs/ysu34/hamlib/dia_e2e/tfim_16_4.txt,65536,33,spmspm,ours_sym,0.093,0.145,0.082573,3
SPMSPMCSV,/mnt/beegfs/ysu34/hamlib/dia_e2e/tfim_16_4.txt,65536,33,455,26181618,ours_flat,0.157535,0.000e+00
SPMSPMCSV,/mnt/beegfs/ysu34/hamlib/dia_e2e/tfim_16_4.txt,65536,33,455,26181618,ours_sym,0.082610,0.000e+00
SPMSPMCSV,/mnt/beegfs/ysu34/hamlib/dia_e2e/tfim_16_4.txt,65536,33,455,26181618,hm_atomic,0.219608,0.000e+00
SPMSPMCSV,/mnt/beegfs/ysu34/hamlib/dia_e2e/tfim_16_4.txt,65536,33,455,26181618,diaq_fp32,5.358782,0.000e+00
SPMSPMCSV,/mnt/beegfs/ysu34/hamlib/dia_e2e/tfim_16_4.txt,65536,33,455,26181618,cusparse_spgemm,4.602614,-1.000e+00
CSRNNZ,/mnt/beegfs/ysu34/hamlib/dia_e2e/tfim_16_4.txt,2031618,1114112,0.5484
PREPCSV,/mnt/beegfs/ysu34/hamlib/dia_e2e/tfim_16_4.txt,65536,33,spmv,cusparse_csr,7.395,210.104,0.019738,-1
CFILL,/mnt/beegfs/ysu34/hamlib/dia_e2e/tfim_16_4.txt,65536,455,26181618,8950976,0.3419
E2EEVCSV,/mnt/beegfs/ysu34/hamlib/dia_e2e/tfim_16_4.txt,65536,33,1000,4,didx,6.878,8.599,31.391,167.587,5.339,2.446e-07
E2EEVDIAQCSV,/mnt/beegfs/ysu34/hamlib/dia_e2e/tfim_16_4.txt,65536,33,1000,4,0.293,68.562,2.184,2.204e-07
E2EOPCSV,/mnt/beegfs/ysu34/hamlib/dia_e2e/tfim_16_4.txt,65536,33,2,455,26181618,0.267,0.158,-1
E2EOPCSV,/mnt/beegfs/ysu34/hamlib/dia_e2e/tfim_16_4.txt,65536,33,3,3447,182780016,7.811,1.814,-1
E2EOPBUILDCSV,/mnt/beegfs/ysu34/hamlib/dia_e2e/tfim_16_4.txt,65536,4,15727,759430272,217.350,279.189,1.285
E2EOPBUILDCSV,/mnt/beegfs/ysu34/hamlib/dia_e2e/tfim_16_4.txt,65536,4,7864,379747904,33.944,-1,-1
== [2] tfim_16_5 ==
PREPCSV,/mnt/beegfs/ysu34/hamlib/dia_e2e/tfim_16_5.txt,65536,33,spmv,didx,3.062,0.269,0.004925,676
PREPCSV,/mnt/beegfs/ysu34/hamlib/dia_e2e/tfim_16_5.txt,65536,33,spmv,didx_sym,1.219,0.349,0.004821,325
PREPCSV,/mnt/beegfs/ysu34/hamlib/dia_e2e/tfim_16_5.txt,65536,33,spmv,gopt,3.439,0.242,0.012776,288
PREPCSV,/mnt/beegfs/ysu34/hamlib/dia_e2e/tfim_16_5.txt,65536,33,spmv,cusparse_csr,7.604,0.648,0.020029,412
PREPCSV,/mnt/beegfs/ysu34/hamlib/dia_e2e/tfim_16_5.txt,65536,33,spmspm,ours_flat,0.316,0.137,0.157692,3
PREPCSV,/mnt/beegfs/ysu34/hamlib/dia_e2e/tfim_16_5.txt,65536,33,spmspm,hm_atomic,6.363,0.561,0.219521,32
PREPCSV,/mnt/beegfs/ysu34/hamlib/dia_e2e/tfim_16_5.txt,65536,33,spmspm,ours_sym,0.095,0.161,-1.000000,-1
PREPCSV,/mnt/beegfs/ysu34/hamlib/dia_e2e/tfim_16_5.txt,65536,33,spmspm,ours_sym,0.095,0.161,0.082798,3
SPMSPMCSV,/mnt/beegfs/ysu34/hamlib/dia_e2e/tfim_16_5.txt,65536,33,455,26181618,ours_flat,0.157655,0.000e+00
SPMSPMCSV,/mnt/beegfs/ysu34/hamlib/dia_e2e/tfim_16_5.txt,65536,33,455,26181618,ours_sym,0.082700,0.000e+00
SPMSPMCSV,/mnt/beegfs/ysu34/hamlib/dia_e2e/tfim_16_5.txt,65536,33,455,26181618,hm_atomic,0.219625,0.000e+00
SPMSPMCSV,/mnt/beegfs/ysu34/hamlib/dia_e2e/tfim_16_5.txt,65536,33,455,26181618,diaq_fp32,5.352446,0.000e+00
SPMSPMCSV,/mnt/beegfs/ysu34/hamlib/dia_e2e/tfim_16_5.txt,65536,33,455,26181618,cusparse_spgemm,4.533379,-1.000e+00
CSRNNZ,/mnt/beegfs/ysu34/hamlib/dia_e2e/tfim_16_5.txt,2031618,1114112,0.5484
PREPCSV,/mnt/beegfs/ysu34/hamlib/dia_e2e/tfim_16_5.txt,65536,33,spmv,cusparse_csr,7.507,221.582,0.020103,-1
CFILL,/mnt/beegfs/ysu34/hamlib/dia_e2e/tfim_16_5.txt,65536,455,26181618,8950976,0.3419
E2EEVCSV,/mnt/beegfs/ysu34/hamlib/dia_e2e/tfim_16_5.txt,65536,33,1000,5,didx,7.340,8.622,38.960,209.968,5.389,2.436e-07
E2EEVDIAQCSV,/mnt/beegfs/ysu34/hamlib/dia_e2e/tfim_16_5.txt,65536,33,1000,5,0.289,85.524,2.195,2.202e-07
E2EOPCSV,/mnt/beegfs/ysu34/hamlib/dia_e2e/tfim_16_5.txt,65536,33,2,455,26181618,0.265,0.158,-1
E2EOPCSV,/mnt/beegfs/ysu34/hamlib/dia_e2e/tfim_16_5.txt,65536,33,3,3447,182780016,7.728,1.814,-1
E2EOPBUILDCSV,/mnt/beegfs/ysu34/hamlib/dia_e2e/tfim_16_5.txt,65536,5,45471,1968446464,2560.716,2904.771,1.134
E2EOPBUILDCSV,/mnt/beegfs/ysu34/hamlib/dia_e2e/tfim_16_5.txt,65536,5,22736,984256000,260.043,-1,-1
== [2] tfim_18_4 ==
PREPCSV,/mnt/beegfs/ysu34/hamlib/dia_e2e/tfim_18_4.txt,262144,37,spmv,didx,11.156,0.884,0.011844,1017
PREPCSV,/mnt/beegfs/ysu34/hamlib/dia_e2e/tfim_18_4.txt,262144,37,spmv,didx_sym,5.500,1.481,0.009693,720
PREPCSV,/mnt/beegfs/ysu34/hamlib/dia_e2e/tfim_18_4.txt,262144,37,spmv,gopt,12.668,1.149,0.013119,1053
PREPCSV,/mnt/beegfs/ysu34/hamlib/dia_e2e/tfim_18_4.txt,262144,37,spmv,cusparse_csr,33.615,1.776,0.037075,955
PREPCSV,/mnt/beegfs/ysu34/hamlib/dia_e2e/tfim_18_4.txt,262144,37,spmspm,ours_flat,0.995,0.199,0.884036,1
PREPCSV,/mnt/beegfs/ysu34/hamlib/dia_e2e/tfim_18_4.txt,262144,37,spmspm,hm_atomic,35.234,1.705,1.481841,25
PREPCSV,/mnt/beegfs/ysu34/hamlib/dia_e2e/tfim_18_4.txt,262144,37,spmspm,ours_sym,0.389,0.254,-1.000000,-1
PREPCSV,/mnt/beegfs/ysu34/hamlib/dia_e2e/tfim_18_4.txt,262144,37,spmspm,ours_sym,0.389,0.254,0.432675,1
SPMSPMCSV,/mnt/beegfs/ysu34/hamlib/dia_e2e/tfim_18_4.txt,262144,37,583,136183794,ours_flat,0.890928,0.000e+00
SPMSPMCSV,/mnt/beegfs/ysu34/hamlib/dia_e2e/tfim_18_4.txt,262144,37,583,136183794,ours_sym,0.415145,0.000e+00
SPMSPMCSV,/mnt/beegfs/ysu34/hamlib/dia_e2e/tfim_18_4.txt,262144,37,583,136183794,hm_atomic,1.483818,0.000e+00
SPMSPMCSV,/mnt/beegfs/ysu34/hamlib/dia_e2e/tfim_18_4.txt,262144,37,583,136183794,diaq_fp32,30.356907,0.000e+00
SPMSPMCSV,/mnt/beegfs/ysu34/hamlib/dia_e2e/tfim_18_4.txt,262144,37,583,136183794,cusparse_spgemm,15.167943,-1.000e+00
CSRNNZ,/mnt/beegfs/ysu34/hamlib/dia_e2e/tfim_18_4.txt,9175042,4980736,0.5429
PREPCSV,/mnt/beegfs/ysu34/hamlib/dia_e2e/tfim_18_4.txt,262144,37,spmv,cusparse_csr,31.039,223.470,0.036507,-1
CFILL,/mnt/beegfs/ysu34/hamlib/dia_e2e/tfim_18_4.txt,262144,583,136183794,44985808,0.3303
E2EEVCSV,/mnt/beegfs/ysu34/hamlib/dia_e2e/tfim_18_4.txt,262144,37,1000,4,didx,26.716,35.188,68.080,317.401,4.662,2.569e-07
E2EEVDIAQCSV,/mnt/beegfs/ysu34/hamlib/dia_e2e/tfim_18_4.txt,262144,37,1000,4,1.201,149.317,2.193,2.346e-07
E2EOPCSV,/mnt/beegfs/ysu34/hamlib/dia_e2e/tfim_18_4.txt,262144,37,2,583,136183794,0.816,0.924,-1
E2EOPCSV,/mnt/beegfs/ysu34/hamlib/dia_e2e/tfim_18_4.txt,262144,37,3,5155,1121714288,17.739,13.361,-1
# opbuild wall: Unnz=5652348032 (int32 index limit)
E2EOPBUILDCSV,/mnt/beegfs/ysu34/hamlib/dia_e2e/tfim_18_4.txt,262144,4,28143,5652348032,-1,-1,-1
# opbuild(sym) wall: Unnz=2826305088 (int32 index limit)
E2EOPBUILDCSV,/mnt/beegfs/ysu34/hamlib/dia_e2e/tfim_18_4.txt,262144,4,14072,2826305088,-1,-1,-1
== [2] tfim_18_5 ==
PREPCSV,/mnt/beegfs/ysu34/hamlib/dia_e2e/tfim_18_5.txt,262144,37,spmv,didx,11.795,0.891,0.011874,1068
PREPCSV,/mnt/beegfs/ysu34/hamlib/dia_e2e/tfim_18_5.txt,262144,37,spmv,didx_sym,5.519,1.490,0.009850,712
PREPCSV,/mnt/beegfs/ysu34/hamlib/dia_e2e/tfim_18_5.txt,262144,37,spmv,gopt,11.863,1.140,0.013194,986
PREPCSV,/mnt/beegfs/ysu34/hamlib/dia_e2e/tfim_18_5.txt,262144,37,spmv,cusparse_csr,33.307,1.781,0.037409,938
PREPCSV,/mnt/beegfs/ysu34/hamlib/dia_e2e/tfim_18_5.txt,262144,37,spmspm,ours_flat,0.987,0.204,0.884747,1
PREPCSV,/mnt/beegfs/ysu34/hamlib/dia_e2e/tfim_18_5.txt,262144,37,spmspm,hm_atomic,35.060,1.788,1.482232,25
PREPCSV,/mnt/beegfs/ysu34/hamlib/dia_e2e/tfim_18_5.txt,262144,37,spmspm,ours_sym,0.387,0.204,-1.000000,-1
PREPCSV,/mnt/beegfs/ysu34/hamlib/dia_e2e/tfim_18_5.txt,262144,37,spmspm,ours_sym,0.387,0.204,0.438383,1
SPMSPMCSV,/mnt/beegfs/ysu34/hamlib/dia_e2e/tfim_18_5.txt,262144,37,583,136183794,ours_flat,0.889670,0.000e+00
SPMSPMCSV,/mnt/beegfs/ysu34/hamlib/dia_e2e/tfim_18_5.txt,262144,37,583,136183794,ours_sym,0.415716,0.000e+00
SPMSPMCSV,/mnt/beegfs/ysu34/hamlib/dia_e2e/tfim_18_5.txt,262144,37,583,136183794,hm_atomic,1.484628,0.000e+00
SPMSPMCSV,/mnt/beegfs/ysu34/hamlib/dia_e2e/tfim_18_5.txt,262144,37,583,136183794,diaq_fp32,30.348825,0.000e+00
SPMSPMCSV,/mnt/beegfs/ysu34/hamlib/dia_e2e/tfim_18_5.txt,262144,37,583,136183794,cusparse_spgemm,15.306267,-1.000e+00
CSRNNZ,/mnt/beegfs/ysu34/hamlib/dia_e2e/tfim_18_5.txt,9175042,4980736,0.5429
PREPCSV,/mnt/beegfs/ysu34/hamlib/dia_e2e/tfim_18_5.txt,262144,37,spmv,cusparse_csr,31.111,239.149,0.036463,-1
CFILL,/mnt/beegfs/ysu34/hamlib/dia_e2e/tfim_18_5.txt,262144,583,136183794,44985808,0.3303
E2EEVCSV,/mnt/beegfs/ysu34/hamlib/dia_e2e/tfim_18_5.txt,262144,37,1000,5,didx,24.520,34.646,84.832,400.560,4.722,2.569e-07
E2EEVDIAQCSV,/mnt/beegfs/ysu34/hamlib/dia_e2e/tfim_18_5.txt,262144,37,1000,5,1.181,187.584,2.211,2.343e-07
E2EOPCSV,/mnt/beegfs/ysu34/hamlib/dia_e2e/tfim_18_5.txt,262144,37,2,583,136183794,0.833,0.910,-1
E2EOPCSV,/mnt/beegfs/ysu34/hamlib/dia_e2e/tfim_18_5.txt,262144,37,3,5155,1121714288,17.840,13.334,-1
# opbuild wall: Unnz=18243132416 (int32 index limit)
E2EOPBUILDCSV,/mnt/beegfs/ysu34/hamlib/dia_e2e/tfim_18_5.txt,262144,5,99695,18243132416,-1,-1,-1
# opbuild(sym) wall: Unnz=9121697280 (int32 index limit)
E2EOPBUILDCSV,/mnt/beegfs/ysu34/hamlib/dia_e2e/tfim_18_5.txt,262144,5,49848,9121697280,-1,-1,-1
== [2] tfim_20_5 ==
PREPCSV,/mnt/beegfs/ysu34/hamlib/dia_e2e/tfim_20_5.txt,1048576,41,spmv,didx,98.869,3.549,0.058364,1755
PREPCSV,/mnt/beegfs/ysu34/hamlib/dia_e2e/tfim_20_5.txt,1048576,41,spmv,didx_sym,26.299,5.766,0.041199,778
PREPCSV,/mnt/beegfs/ysu34/hamlib/dia_e2e/tfim_20_5.txt,1048576,41,spmv,gopt,53.324,4.192,0.054920,1047
PREPCSV,/mnt/beegfs/ysu34/hamlib/dia_e2e/tfim_20_5.txt,1048576,41,spmv,cusparse_csr,144.293,5.908,0.109441,1372
PREPCSV,/mnt/beegfs/ysu34/hamlib/dia_e2e/tfim_20_5.txt,1048576,41,spmspm,ours_flat,3.896,0.472,4.726121,1
PREPCSV,/mnt/beegfs/ysu34/hamlib/dia_e2e/tfim_20_5.txt,1048576,41,spmspm,hm_atomic,174.971,5.989,7.705560,23
PREPCSV,/mnt/beegfs/ysu34/hamlib/dia_e2e/tfim_20_5.txt,1048576,41,spmspm,ours_sym,1.792,1.667,-1.000000,-1
PREPCSV,/mnt/beegfs/ysu34/hamlib/dia_e2e/tfim_20_5.txt,1048576,41,spmspm,ours_sym,1.792,1.667,2.335952,1
SPMSPMCSV,/mnt/beegfs/ysu34/hamlib/dia_e2e/tfim_20_5.txt,1048576,41,727,687341554,ours_flat,4.734401,0.000e+00
SPMSPMCSV,/mnt/beegfs/ysu34/hamlib/dia_e2e/tfim_20_5.txt,1048576,41,727,687341554,ours_sym,2.335590,0.000e+00
SPMSPMCSV,/mnt/beegfs/ysu34/hamlib/dia_e2e/tfim_20_5.txt,1048576,41,727,687341554,hm_atomic,7.740729,0.000e+00
SPMSPMCSV,/mnt/beegfs/ysu34/hamlib/dia_e2e/tfim_20_5.txt,1048576,41,727,687341554,diaq_fp32,146.354950,0.000e+00
SPMSPMCSV,/mnt/beegfs/ysu34/hamlib/dia_e2e/tfim_20_5.txt,1048576,41,727,687341554,cusparse_spgemm,68.891129,-1.000e+00
CSRNNZ,/mnt/beegfs/ysu34/hamlib/dia_e2e/tfim_20_5.txt,40894466,22020096,0.5385
PREPCSV,/mnt/beegfs/ysu34/hamlib/dia_e2e/tfim_20_5.txt,1048576,41,spmv,cusparse_csr,133.881,230.188,0.108755,-1
CFILL,/mnt/beegfs/ysu34/hamlib/dia_e2e/tfim_20_5.txt,1048576,727,687341554,220860576,0.3213
E2EEVCSV,/mnt/beegfs/ysu34/hamlib/dia_e2e/tfim_20_5.txt,1048576,41,1000,5,didx,162.887,146.216,416.486,1246.444,2.993,2.691e-07
E2EEVDIAQCSV,/mnt/beegfs/ysu34/hamlib/dia_e2e/tfim_20_5.txt,1048576,41,1000,5,4.829,818.624,1.966,2.462e-07
E2EOPCSV,/mnt/beegfs/ysu34/hamlib/dia_e2e/tfim_20_5.txt,1048576,41,2,727,687341554,3.954,4.859,-1
E2EOPCSV,/mnt/beegfs/ysu34/hamlib/dia_e2e/tfim_20_5.txt,1048576,41,3,7359,6535774320,54.276,89.927,-1
# opbuild wall: Unnz=151712177152 (int32 index limit)
E2EOPBUILDCSV,/mnt/beegfs/ysu34/hamlib/dia_e2e/tfim_20_5.txt,1048576,5,198479,151712177152,-1,-1,-1
# opbuild(sym) wall: Unnz=75856612864 (int32 index limit)
E2EOPBUILDCSV,/mnt/beegfs/ysu34/hamlib/dia_e2e/tfim_20_5.txt,1048576,5,99240,75856612864,-1,-1,-1
== [2] tsp_18_4 ==
PREPCSV,/mnt/beegfs/ysu34/hamlib/dia_e2e/tsp_18_4.txt,262144,1,spmv,didx,0.982,0.209,0.003715,321
PREPCSV,/mnt/beegfs/ysu34/hamlib/dia_e2e/tsp_18_4.txt,262144,1,spmv,didx_sym,0.315,0.215,0.003696,144
PREPCSV,/mnt/beegfs/ysu34/hamlib/dia_e2e/tsp_18_4.txt,262144,1,spmv,gopt,0.475,0.109,0.003316,176
PREPCSV,/mnt/beegfs/ysu34/hamlib/dia_e2e/tsp_18_4.txt,262144,1,spmv,cusparse_csr,1.050,0.524,0.017170,92
PREPCSV,/mnt/beegfs/ysu34/hamlib/dia_e2e/tsp_18_4.txt,262144,1,spmspm,ours_flat,0.152,0.063,0.004738,46
PREPCSV,/mnt/beegfs/ysu34/hamlib/dia_e2e/tsp_18_4.txt,262144,1,spmspm,hm_atomic,0.505,0.196,0.006232,112
PREPCSV,/mnt/beegfs/ysu34/hamlib/dia_e2e/tsp_18_4.txt,262144,1,spmspm,ours_sym,0.096,0.064,-1.000000,-1
PREPCSV,/mnt/beegfs/ysu34/hamlib/dia_e2e/tsp_18_4.txt,262144,1,spmspm,ours_sym,0.096,0.064,0.004728,34
SPMSPMCSV,/mnt/beegfs/ysu34/hamlib/dia_e2e/tsp_18_4.txt,262144,1,1,262144,ours_flat,0.004762,0.000e+00
SPMSPMCSV,/mnt/beegfs/ysu34/hamlib/dia_e2e/tsp_18_4.txt,262144,1,1,262144,ours_sym,0.004744,0.000e+00
SPMSPMCSV,/mnt/beegfs/ysu34/hamlib/dia_e2e/tsp_18_4.txt,262144,1,1,262144,hm_atomic,0.006248,0.000e+00
SPMSPMCSV,/mnt/beegfs/ysu34/hamlib/dia_e2e/tsp_18_4.txt,262144,1,1,262144,diaq_fp32,0.344019,0.000e+00
SPMSPMCSV,/mnt/beegfs/ysu34/hamlib/dia_e2e/tsp_18_4.txt,262144,1,1,262144,cusparse_spgemm,1.903267,-1.000e+00
CSRNNZ,/mnt/beegfs/ysu34/hamlib/dia_e2e/tsp_18_4.txt,262144,262144,1.0000
PREPCSV,/mnt/beegfs/ysu34/hamlib/dia_e2e/tsp_18_4.txt,262144,1,spmv,cusparse_csr,1.162,210.879,0.016847,-1
CFILL,/mnt/beegfs/ysu34/hamlib/dia_e2e/tsp_18_4.txt,262144,1,262144,262144,1.0000
E2EEVCSV,/mnt/beegfs/ysu34/hamlib/dia_e2e/tsp_18_4.txt,262144,1,1000,4,stream,0.782,1.846,30.203,152.114,5.036,0.000e+00
E2EEVDIAQCSV,/mnt/beegfs/ysu34/hamlib/dia_e2e/tsp_18_4.txt,262144,1,1000,4,0.112,29.636,0.981,0.000e+00
E2EOPCSV,/mnt/beegfs/ysu34/hamlib/dia_e2e/tsp_18_4.txt,262144,1,2,1,262144,0.002,0.005,-1
E2EOPCSV,/mnt/beegfs/ysu34/hamlib/dia_e2e/tsp_18_4.txt,262144,1,3,1,262144,0.001,0.005,-1
E2EOPBUILDCSV,/mnt/beegfs/ysu34/hamlib/dia_e2e/tsp_18_4.txt,262144,4,1,262144,1.042,2.584,2.479
E2EOPBUILDCSV,/mnt/beegfs/ysu34/hamlib/dia_e2e/tsp_18_4.txt,262144,4,1,262144,0.701,-1,-1
== [2] ecology2 ==
PREPCSV,/mnt/beegfs/ysu34/hamlib/dia_suitesparse/ecology2.txt,999999,7,spmv,didx,10.621,1.112,0.011069,1060
PREPCSV,/mnt/beegfs/ysu34/hamlib/dia_suitesparse/ecology2.txt,999999,7,spmv,didx_sym,5.087,1.311,0.012072,530
PREPCSV,/mnt/beegfs/ysu34/hamlib/dia_suitesparse/ecology2.txt,999999,7,spmv,gopt,8.601,0.730,0.009996,933
PREPCSV,/mnt/beegfs/ysu34/hamlib/dia_suitesparse/ecology2.txt,999999,7,spmv,cusparse_csr,11.065,2.013,0.038223,342
PREPCSV,/mnt/beegfs/ysu34/hamlib/dia_suitesparse/ecology2.txt,999999,7,spmspm,ours_flat,1.034,0.140,0.122836,10
PREPCSV,/mnt/beegfs/ysu34/hamlib/dia_suitesparse/ecology2.txt,999999,7,spmspm,hm_atomic,7.262,1.510,0.213280,41
PREPCSV,/mnt/beegfs/ysu34/hamlib/dia_suitesparse/ecology2.txt,999999,7,spmspm,ours_sym,0.447,0.191,-1.000000,-1
PREPCSV,/mnt/beegfs/ysu34/hamlib/dia_suitesparse/ecology2.txt,999999,7,spmspm,ours_sym,0.447,0.191,0.067095,10
SPMSPMCSV,/mnt/beegfs/ysu34/hamlib/dia_suitesparse/ecology2.txt,999999,7,19,18979985,ours_flat,0.123141,0.000e+00
SPMSPMCSV,/mnt/beegfs/ysu34/hamlib/dia_suitesparse/ecology2.txt,999999,7,19,18979985,ours_sym,0.067118,1.526e-05
SPMSPMCSV,/mnt/beegfs/ysu34/hamlib/dia_suitesparse/ecology2.txt,999999,7,19,18979985,hm_atomic,0.210444,7.629e-06
SPMSPMCSV,/mnt/beegfs/ysu34/hamlib/dia_suitesparse/ecology2.txt,999999,7,19,18979985,diaq_fp32,25.759424,7.629e-06
SPMSPMCSV,/mnt/beegfs/ysu34/hamlib/dia_suitesparse/ecology2.txt,999999,7,19,18979985,cusparse_spgemm,2.807994,-1.000e+00
CSRNNZ,/mnt/beegfs/ysu34/hamlib/dia_suitesparse/ecology2.txt,6995993,4995991,0.7141
PREPCSV,/mnt/beegfs/ysu34/hamlib/dia_suitesparse/ecology2.txt,999999,7,spmv,cusparse_csr,10.680,239.699,0.038225,-1
CFILL,/mnt/beegfs/ysu34/hamlib/dia_suitesparse/ecology2.txt,999999,19,18979985,12979975,0.6839
== [2] atmosmodd ==
PREPCSV,/mnt/beegfs/ysu34/hamlib/dia_suitesparse/atmosmodd.txt,1270432,7,spmv,didx,20.201,1.726,0.025886,847
# didx_sym skipped: non-symmetric or Dup>128
PREPCSV,/mnt/beegfs/ysu34/hamlib/dia_suitesparse/atmosmodd.txt,1270432,7,spmv,gopt,14.656,1.320,0.015672,1019
PREPCSV,/mnt/beegfs/ysu34/hamlib/dia_suitesparse/atmosmodd.txt,1270432,7,spmv,cusparse_csr,16.354,2.929,0.052016,371
PREPCSV,/mnt/beegfs/ysu34/hamlib/dia_suitesparse/atmosmodd.txt,1270432,7,spmspm,ours_flat,0.869,0.129,0.186906,5
PREPCSV,/mnt/beegfs/ysu34/hamlib/dia_suitesparse/atmosmodd.txt,1270432,7,spmspm,hm_atomic,12.291,1.753,0.303053,46
PREPCSV,/mnt/beegfs/ysu34/hamlib/dia_suitesparse/atmosmodd.txt,1270432,7,spmspm,ours_sym,0.534,0.187,-1.000000,-1
PREPCSV,/mnt/beegfs/ysu34/hamlib/dia_suitesparse/atmosmodd.txt,1270432,7,spmspm,ours_sym,0.534,0.187,0.097180,7
SPMSPMCSV,/mnt/beegfs/ysu34/hamlib/dia_suitesparse/atmosmodd.txt,1270432,7,25,31452658,ours_flat,0.186971,0.000e+00
SPMSPMCSV,/mnt/beegfs/ysu34/hamlib/dia_suitesparse/atmosmodd.txt,1270432,7,25,31452658,ours_sym,0.097262,3.760e+06
SPMSPMCSV,/mnt/beegfs/ysu34/hamlib/dia_suitesparse/atmosmodd.txt,1270432,7,25,31452658,hm_atomic,0.303895,1.024e+03
SPMSPMCSV,/mnt/beegfs/ysu34/hamlib/dia_suitesparse/atmosmodd.txt,1270432,7,25,31452658,diaq_fp32,30.559416,1.024e+03
SPMSPMCSV,/mnt/beegfs/ysu34/hamlib/dia_suitesparse/atmosmodd.txt,1270432,7,25,31452658,cusparse_spgemm,4.241542,-1.000e+00
CSRNNZ,/mnt/beegfs/ysu34/hamlib/dia_suitesparse/atmosmodd.txt,8848918,8814880,0.9962
PREPCSV,/mnt/beegfs/ysu34/hamlib/dia_suitesparse/atmosmodd.txt,1270432,7,spmv,cusparse_csr,16.893,237.528,0.051866,-1
CFILL,/mnt/beegfs/ysu34/hamlib/dia_suitesparse/atmosmodd.txt,1270432,25,31452658,31215208,0.9925
== [2] Lin ==
PREPCSV,/mnt/beegfs/ysu34/hamlib/dia_suitesparse/Lin.txt,256000,7,spmv,didx,3.282,0.384,0.005798,632
PREPCSV,/mnt/beegfs/ysu34/hamlib/dia_suitesparse/Lin.txt,256000,7,spmv,didx_sym,1.508,0.388,0.005668,334
PREPCSV,/mnt/beegfs/ysu34/hamlib/dia_suitesparse/Lin.txt,256000,7,spmv,gopt,2.335,0.237,0.005708,451
PREPCSV,/mnt/beegfs/ysu34/hamlib/dia_suitesparse/Lin.txt,256000,7,spmv,cusparse_csr,3.272,0.806,0.022458,182
PREPCSV,/mnt/beegfs/ysu34/hamlib/dia_suitesparse/Lin.txt,256000,7,spmspm,ours_flat,0.178,0.119,0.035960,8
PREPCSV,/mnt/beegfs/ysu34/hamlib/dia_suitesparse/Lin.txt,256000,7,spmspm,hm_atomic,1.719,0.532,0.046294,49
PREPCSV,/mnt/beegfs/ysu34/hamlib/dia_suitesparse/Lin.txt,256000,7,spmspm,ours_sym,0.108,0.113,-1.000000,-1
PREPCSV,/mnt/beegfs/ysu34/hamlib/dia_suitesparse/Lin.txt,256000,7,spmspm,ours_sym,0.108,0.113,0.021174,10
SPMSPMCSV,/mnt/beegfs/ysu34/hamlib/dia_suitesparse/Lin.txt,256000,7,25,6309594,ours_flat,0.035964,0.000e+00
SPMSPMCSV,/mnt/beegfs/ysu34/hamlib/dia_suitesparse/Lin.txt,256000,7,25,6309594,ours_sym,0.021041,6.250e-02
SPMSPMCSV,/mnt/beegfs/ysu34/hamlib/dia_suitesparse/Lin.txt,256000,7,25,6309594,hm_atomic,0.046178,3.125e-02
SPMSPMCSV,/mnt/beegfs/ysu34/hamlib/dia_suitesparse/Lin.txt,256000,7,25,6309594,diaq_fp32,5.019120,3.125e-02
SPMSPMCSV,/mnt/beegfs/ysu34/hamlib/dia_suitesparse/Lin.txt,256000,7,25,6309594,cusparse_spgemm,2.124397,-1.000e+00
CSRNNZ,/mnt/beegfs/ysu34/hamlib/dia_suitesparse/Lin.txt,1779038,1766400,0.9929
PREPCSV,/mnt/beegfs/ysu34/hamlib/dia_suitesparse/Lin.txt,256000,7,spmv,cusparse_csr,2.807,226.902,0.022260,-1
CFILL,/mnt/beegfs/ysu34/hamlib/dia_suitesparse/Lin.txt,256000,25,6309594,6221600,0.9861
== [3] BH_20_7 ==
PREPCSV,/mnt/beegfs/ysu34/hamlib/dia_e2e/BH_20_7.txt,1048576,127,spmv,didx,208.984,4.052,0.088488,2408
# didx_sym skipped: non-symmetric or Dup>128
PREPCSV,/mnt/beegfs/ysu34/hamlib/dia_e2e/BH_20_7.txt,1048576,127,spmv,gopt,180.485,9.474,0.129361,1468
PREPCSV,/mnt/beegfs/ysu34/hamlib/dia_e2e/BH_20_7.txt,1048576,127,spmv,cusparse_csr,336.728,6.862,0.128925,2665
PREPCSV,/mnt/beegfs/ysu34/hamlib/dia_e2e/BH_20_7.txt,1048576,127,spmspm,ours_flat,32.959,2.012,45.735840,1
# hm_atomic skipped: C nnz 5108440242 exceeds HM int32 layout
PREPCSV,/mnt/beegfs/ysu34/hamlib/dia_e2e/BH_20_7.txt,1048576,127,spmspm,ours_sym,12.380,12.074,-1.000000,-1
PREPCSV,/mnt/beegfs/ysu34/hamlib/dia_e2e/BH_20_7.txt,1048576,127,spmspm,ours_sym,12.380,12.074,22.967758,1
SPMSPMCSV,/mnt/beegfs/ysu34/hamlib/dia_e2e/BH_20_7.txt,1048576,127,5555,5108440242,ours_flat,46.008629,0.000e+00
SPMSPMCSV,/mnt/beegfs/ysu34/hamlib/dia_e2e/BH_20_7.txt,1048576,127,5555,5108440242,ours_sym,22.534653,7.629e-06
# hm_atomic skipped: C nnz 5108440242 exceeds HM int32 layout
# diaq_fp32 skipped: C nnz 5108440242 exceeds diaq u32 layout
SPMSPMCSV,/mnt/beegfs/ysu34/hamlib/dia_e2e/BH_20_7.txt,1048576,127,5555,5108440242,cusparse_spgemm,97.068031,-1.000e+00
CSRNNZ,/mnt/beegfs/ysu34/hamlib/dia_e2e/BH_20_7.txt,125829148,25824385,0.2052
PREPCSV,/mnt/beegfs/ysu34/hamlib/dia_e2e/BH_20_7.txt,1048576,127,spmv,cusparse_csr,318.165,317.134,0.129299,-1
CFILL,/mnt/beegfs/ysu34/hamlib/dia_e2e/BH_20_7.txt,1048576,5555,5108440242,343364854,0.0672
E2EEVCSV,/mnt/beegfs/ysu34/hamlib/dia_e2e/BH_20_7.txt,1048576,127,1000,7,didx,395.847,347.202,931.323,2147.485,2.306,7.550e-07
E2EEVDIAQCSV,/mnt/beegfs/ysu34/hamlib/dia_e2e/BH_20_7.txt,1048576,127,1000,7,14.204,3165.073,3.398,7.391e-07
E2EOPCSV,/mnt/beegfs/ysu34/hamlib/dia_e2e/BH_20_7.txt,1048576,127,2,5555,5108440242,32.456,45.255,-1
E2EOPCSV,/mnt/beegfs/ysu34/hamlib/dia_e2e/BH_20_7.txt,1048576,127,3,98989,82073030294,-1,-1,-1
# opbuild wall: Unnz=1099511627776 (int32 index limit)
E2EOPBUILDCSV,/mnt/beegfs/ysu34/hamlib/dia_e2e/BH_20_7.txt,1048576,7,2097151,1099511627776,-1,-1,-1
# opbuild(sym) wall: Unnz=549756338176 (int32 index limit)
E2EOPBUILDCSV,/mnt/beegfs/ysu34/hamlib/dia_e2e/BH_20_7.txt,1048576,7,1048576,549756338176,-1,-1,-1
== [3] fermi_16_5 ==
PREPCSV,/mnt/beegfs/ysu34/hamlib/dia_e2e/fermi_16_5.txt,65536,29,spmv,didx,2.233,0.175,0.004692,513
PREPCSV,/mnt/beegfs/ysu34/hamlib/dia_e2e/fermi_16_5.txt,65536,29,spmv,didx_sym,0.916,0.280,0.004755,252
PREPCSV,/mnt/beegfs/ysu34/hamlib/dia_e2e/fermi_16_5.txt,65536,29,spmv,gopt,2.844,0.204,0.010688,285
PREPCSV,/mnt/beegfs/ysu34/hamlib/dia_e2e/fermi_16_5.txt,65536,29,spmv,cusparse_csr,5.858,0.554,0.015260,420
PREPCSV,/mnt/beegfs/ysu34/hamlib/dia_e2e/fermi_16_5.txt,65536,29,spmspm,ours_flat,0.248,0.132,0.129650,3
PREPCSV,/mnt/beegfs/ysu34/hamlib/dia_e2e/fermi_16_5.txt,65536,29,spmspm,hm_atomic,4.930,0.551,0.174908,31
PREPCSV,/mnt/beegfs/ysu34/hamlib/dia_e2e/fermi_16_5.txt,65536,29,spmspm,ours_sym,0.093,0.155,-1.000000,-1
PREPCSV,/mnt/beegfs/ysu34/hamlib/dia_e2e/fermi_16_5.txt,65536,29,spmspm,ours_sym,0.093,0.155,0.068531,4
SPMSPMCSV,/mnt/beegfs/ysu34/hamlib/dia_e2e/fermi_16_5.txt,65536,29,353,21513010,ours_flat,0.129720,0.000e+00
SPMSPMCSV,/mnt/beegfs/ysu34/hamlib/dia_e2e/fermi_16_5.txt,65536,29,353,21513010,ours_sym,0.068605,0.000e+00
SPMSPMCSV,/mnt/beegfs/ysu34/hamlib/dia_e2e/fermi_16_5.txt,65536,29,353,21513010,hm_atomic,0.174876,0.000e+00
SPMSPMCSV,/mnt/beegfs/ysu34/hamlib/dia_e2e/fermi_16_5.txt,65536,29,353,21513010,diaq_fp32,4.730972,0.000e+00
SPMSPMCSV,/mnt/beegfs/ysu34/hamlib/dia_e2e/fermi_16_5.txt,65536,29,353,21513010,cusparse_spgemm,2.032026,-1.000e+00
CSRNNZ,/mnt/beegfs/ysu34/hamlib/dia_e2e/fermi_16_5.txt,1835266,503876,0.2746
PREPCSV,/mnt/beegfs/ysu34/hamlib/dia_e2e/fermi_16_5.txt,65536,29,spmv,cusparse_csr,5.736,222.673,0.015340,-1
CFILL,/mnt/beegfs/ysu34/hamlib/dia_e2e/fermi_16_5.txt,65536,353,21513010,2136996,0.0993
E2EEVCSV,/mnt/beegfs/ysu34/hamlib/dia_e2e/fermi_16_5.txt,65536,29,1000,5,didx,5.253,6.557,38.563,167.030,4.331,2.193e-07
E2EEVDIAQCSV,/mnt/beegfs/ysu34/hamlib/dia_e2e/fermi_16_5.txt,65536,29,1000,5,0.286,80.994,2.100,8.135e-08
E2EOPCSV,/mnt/beegfs/ysu34/hamlib/dia_e2e/fermi_16_5.txt,65536,29,2,353,21513010,0.186,0.130,-1
E2EOPCSV,/mnt/beegfs/ysu34/hamlib/dia_e2e/fermi_16_5.txt,65536,29,3,2377,138741682,5.150,1.348,-1
E2EOPBUILDCSV,/mnt/beegfs/ysu34/hamlib/dia_e2e/fermi_16_5.txt,65536,5,27547,1419565488,1318.668,1473.936,1.118
E2EOPBUILDCSV,/mnt/beegfs/ysu34/hamlib/dia_e2e/fermi_16_5.txt,65536,5,13774,709815512,120.689,-1,-1
== [3] heis_16_5 ==
PREPCSV,/mnt/beegfs/ysu34/hamlib/dia_e2e/heis_16_5.txt,65536,31,spmv,didx,2.396,0.187,0.004801,538
PREPCSV,/mnt/beegfs/ysu34/hamlib/dia_e2e/heis_16_5.txt,65536,31,spmv,didx_sym,1.031,0.291,0.005017,263
PREPCSV,/mnt/beegfs/ysu34/hamlib/dia_e2e/heis_16_5.txt,65536,31,spmv,gopt,2.908,0.214,0.011658,268
PREPCSV,/mnt/beegfs/ysu34/hamlib/dia_e2e/heis_16_5.txt,65536,31,spmv,cusparse_csr,6.226,0.543,0.015759,430
PREPCSV,/mnt/beegfs/ysu34/hamlib/dia_e2e/heis_16_5.txt,65536,31,spmspm,ours_flat,0.282,0.122,0.147391,3
PREPCSV,/mnt/beegfs/ysu34/hamlib/dia_e2e/heis_16_5.txt,65536,31,spmspm,hm_atomic,5.996,0.561,0.203987,32
PREPCSV,/mnt/beegfs/ysu34/hamlib/dia_e2e/heis_16_5.txt,65536,31,spmspm,ours_sym,0.090,0.145,-1.000000,-1
PREPCSV,/mnt/beegfs/ysu34/hamlib/dia_e2e/heis_16_5.txt,65536,31,spmspm,ours_sym,0.090,0.145,0.077341,3
SPMSPMCSV,/mnt/beegfs/ysu34/hamlib/dia_e2e/heis_16_5.txt,65536,31,399,24395762,ours_flat,0.147218,0.000e+00
SPMSPMCSV,/mnt/beegfs/ysu34/hamlib/dia_e2e/heis_16_5.txt,65536,31,399,24395762,ours_sym,0.077234,0.000e+00
SPMSPMCSV,/mnt/beegfs/ysu34/hamlib/dia_e2e/heis_16_5.txt,65536,31,399,24395762,hm_atomic,0.203362,0.000e+00
SPMSPMCSV,/mnt/beegfs/ysu34/hamlib/dia_e2e/heis_16_5.txt,65536,31,399,24395762,diaq_fp32,5.078914,0.000e+00
SPMSPMCSV,/mnt/beegfs/ysu34/hamlib/dia_e2e/heis_16_5.txt,65536,31,399,24395762,cusparse_spgemm,2.084067,-1.000e+00
CSRNNZ,/mnt/beegfs/ysu34/hamlib/dia_e2e/heis_16_5.txt,1966082,557056,0.2833
PREPCSV,/mnt/beegfs/ysu34/hamlib/dia_e2e/heis_16_5.txt,65536,31,spmv,cusparse_csr,6.162,210.831,0.015345,-1
CFILL,/mnt/beegfs/ysu34/hamlib/dia_e2e/heis_16_5.txt,65536,399,24395762,2497616,0.1024
E2EEVCSV,/mnt/beegfs/ysu34/hamlib/dia_e2e/heis_16_5.txt,65536,31,1000,5,didx,5.523,7.090,39.290,171.340,4.361,2.946e-07
E2EEVDIAQCSV,/mnt/beegfs/ysu34/hamlib/dia_e2e/heis_16_5.txt,65536,31,1000,5,0.318,84.072,2.140,2.728e-07
E2EOPCSV,/mnt/beegfs/ysu34/hamlib/dia_e2e/heis_16_5.txt,65536,31,2,399,24395762,0.220,0.148,-1
E2EOPCSV,/mnt/beegfs/ysu34/hamlib/dia_e2e/heis_16_5.txt,65536,31,3,2791,163414130,5.872,1.627,-1
E2EOPBUILDCSV,/mnt/beegfs/ysu34/hamlib/dia_e2e/heis_16_5.txt,65536,5,32167,1651448944,1461.625,1656.180,1.133
E2EOPBUILDCSV,/mnt/beegfs/ysu34/hamlib/dia_e2e/heis_16_5.txt,65536,5,16084,825757240,154.049,-1,-1
== [3] heis_18_5 ==
PREPCSV,/mnt/beegfs/ysu34/hamlib/dia_e2e/heis_18_5.txt,262144,35,spmv,didx,9.721,0.597,0.008755,1178
PREPCSV,/mnt/beegfs/ysu34/hamlib/dia_e2e/heis_18_5.txt,262144,35,spmv,didx_sym,4.170,1.291,0.008300,658
PREPCSV,/mnt/beegfs/ysu34/hamlib/dia_e2e/heis_18_5.txt,262144,35,spmv,gopt,10.993,0.947,0.011829,1009
PREPCSV,/mnt/beegfs/ysu34/hamlib/dia_e2e/heis_18_5.txt,262144,35,spmv,cusparse_csr,26.111,1.163,0.025098,1087
PREPCSV,/mnt/beegfs/ysu34/hamlib/dia_e2e/heis_18_5.txt,262144,35,spmspm,ours_flat,1.017,0.195,0.824087,1
PREPCSV,/mnt/beegfs/ysu34/hamlib/dia_e2e/heis_18_5.txt,262144,35,spmspm,hm_atomic,33.117,1.707,1.405932,25
PREPCSV,/mnt/beegfs/ysu34/hamlib/dia_e2e/heis_18_5.txt,262144,35,spmspm,ours_sym,0.371,0.228,-1.000000,-1
PREPCSV,/mnt/beegfs/ysu34/hamlib/dia_e2e/heis_18_5.txt,262144,35,spmspm,ours_sym,0.371,0.228,0.396060,2
SPMSPMCSV,/mnt/beegfs/ysu34/hamlib/dia_e2e/heis_18_5.txt,262144,35,519,127991794,ours_flat,0.825601,0.000e+00
SPMSPMCSV,/mnt/beegfs/ysu34/hamlib/dia_e2e/heis_18_5.txt,262144,35,519,127991794,ours_sym,0.390419,0.000e+00
SPMSPMCSV,/mnt/beegfs/ysu34/hamlib/dia_e2e/heis_18_5.txt,262144,35,519,127991794,hm_atomic,1.406990,0.000e+00
SPMSPMCSV,/mnt/beegfs/ysu34/hamlib/dia_e2e/heis_18_5.txt,262144,35,519,127991794,diaq_fp32,29.122948,0.000e+00
SPMSPMCSV,/mnt/beegfs/ysu34/hamlib/dia_e2e/heis_18_5.txt,262144,35,519,127991794,cusparse_spgemm,2.950969,-1.000e+00
CSRNNZ,/mnt/beegfs/ysu34/hamlib/dia_e2e/heis_18_5.txt,8912898,2490368,0.2794
PREPCSV,/mnt/beegfs/ysu34/hamlib/dia_e2e/heis_18_5.txt,262144,35,spmv,cusparse_csr,25.200,228.621,0.024925,-1
CFILL,/mnt/beegfs/ysu34/hamlib/dia_e2e/heis_18_5.txt,262144,519,127991794,12417264,0.0970
E2EEVCSV,/mnt/beegfs/ysu34/hamlib/dia_e2e/heis_18_5.txt,262144,35,1000,5,didx,21.468,27.400,66.758,297.990,4.464,3.099e-07
E2EEVDIAQCSV,/mnt/beegfs/ysu34/hamlib/dia_e2e/heis_18_5.txt,262144,35,1000,5,1.123,180.658,2.706,2.886e-07
E2EOPCSV,/mnt/beegfs/ysu34/hamlib/dia_e2e/heis_18_5.txt,262144,35,2,519,127991794,0.719,0.841,-1
E2EOPCSV,/mnt/beegfs/ysu34/hamlib/dia_e2e/heis_18_5.txt,262144,35,3,4279,1016725618,13.408,12.052,-1
# opbuild wall: Unnz=15484329072 (int32 index limit)
E2EOPBUILDCSV,/mnt/beegfs/ysu34/hamlib/dia_e2e/heis_18_5.txt,262144,5,72483,15484329072,-1,-1,-1
# opbuild(sym) wall: Unnz=7742295608 (int32 index limit)
E2EOPBUILDCSV,/mnt/beegfs/ysu34/hamlib/dia_e2e/heis_18_5.txt,262144,5,36242,7742295608,-1,-1,-1
== [3] heis_20_5 ==
PREPCSV,/mnt/beegfs/ysu34/hamlib/dia_e2e/heis_20_5.txt,1048576,39,spmv,didx,55.249,2.082,0.031996,1792
PREPCSV,/mnt/beegfs/ysu34/hamlib/dia_e2e/heis_20_5.txt,1048576,39,spmv,didx_sym,19.588,5.259,0.031507,789
PREPCSV,/mnt/beegfs/ysu34/hamlib/dia_e2e/heis_20_5.txt,1048576,39,spmv,gopt,47.217,3.353,0.044537,1135
PREPCSV,/mnt/beegfs/ysu34/hamlib/dia_e2e/heis_20_5.txt,1048576,39,spmv,cusparse_csr,111.331,3.386,0.059039,1943
PREPCSV,/mnt/beegfs/ysu34/hamlib/dia_e2e/heis_20_5.txt,1048576,39,spmspm,ours_flat,3.694,0.372,4.397268,1
PREPCSV,/mnt/beegfs/ysu34/hamlib/dia_e2e/heis_20_5.txt,1048576,39,spmspm,hm_atomic,167.065,5.925,7.310941,24
PREPCSV,/mnt/beegfs/ysu34/hamlib/dia_e2e/heis_20_5.txt,1048576,39,spmspm,ours_sym,1.697,0.770,-1.000000,-1
PREPCSV,/mnt/beegfs/ysu34/hamlib/dia_e2e/heis_20_5.txt,1048576,39,spmspm,ours_sym,1.697,0.770,2.178138,1
SPMSPMCSV,/mnt/beegfs/ysu34/hamlib/dia_e2e/heis_20_5.txt,1048576,39,655,650379250,ours_flat,4.403644,0.000e+00
SPMSPMCSV,/mnt/beegfs/ysu34/hamlib/dia_e2e/heis_20_5.txt,1048576,39,655,650379250,ours_sym,2.169737,0.000e+00
SPMSPMCSV,/mnt/beegfs/ysu34/hamlib/dia_e2e/heis_20_5.txt,1048576,39,655,650379250,hm_atomic,7.320414,0.000e+00
SPMSPMCSV,/mnt/beegfs/ysu34/hamlib/dia_e2e/heis_20_5.txt,1048576,39,655,650379250,diaq_fp32,145.303085,0.000e+00
SPMSPMCSV,/mnt/beegfs/ysu34/hamlib/dia_e2e/heis_20_5.txt,1048576,39,655,650379250,cusparse_spgemm,8.600454,-1.000e+00
CSRNNZ,/mnt/beegfs/ysu34/hamlib/dia_e2e/heis_20_5.txt,39845890,11010048,0.2763
PREPCSV,/mnt/beegfs/ysu34/hamlib/dia_e2e/heis_20_5.txt,1048576,39,spmv,cusparse_csr,106.280,229.372,0.059574,-1
CFILL,/mnt/beegfs/ysu34/hamlib/dia_e2e/heis_20_5.txt,1048576,655,650379250,60424320,0.0929
E2EEVCSV,/mnt/beegfs/ysu34/hamlib/dia_e2e/heis_20_5.txt,1048576,39,1000,5,didx,112.806,115.616,241.343,672.238,2.785,3.252e-07
E2EEVDIAQCSV,/mnt/beegfs/ysu34/hamlib/dia_e2e/heis_20_5.txt,1048576,39,1000,5,4.670,770.105,3.191,3.042e-07
E2EOPCSV,/mnt/beegfs/ysu34/hamlib/dia_e2e/heis_20_5.txt,1048576,39,2,655,650379250,3.758,4.543,-1
E2EOPCSV,/mnt/beegfs/ysu34/hamlib/dia_e2e/heis_20_5.txt,1048576,39,3,6231,5988941938,46.834,82.125,-1
# opbuild wall: Unnz=130519407728 (int32 index limit)
E2EOPBUILDCSV,/mnt/beegfs/ysu34/hamlib/dia_e2e/heis_20_5.txt,1048576,5,148383,130519407728,-1,-1,-1
# opbuild(sym) wall: Unnz=65260228152 (int32 index limit)
E2EOPBUILDCSV,/mnt/beegfs/ysu34/hamlib/dia_e2e/heis_20_5.txt,1048576,5,74192,65260228152,-1,-1,-1
== [3] heis_20_6 ==
PREPCSV,/mnt/beegfs/ysu34/hamlib/dia_e2e/heis_20_6.txt,1048576,39,spmv,didx,55.195,2.080,0.032077,1786
PREPCSV,/mnt/beegfs/ysu34/hamlib/dia_e2e/heis_20_6.txt,1048576,39,spmv,didx_sym,21.832,5.203,0.031545,857
PREPCSV,/mnt/beegfs/ysu34/hamlib/dia_e2e/heis_20_6.txt,1048576,39,spmv,gopt,47.369,3.263,0.044691,1133
PREPCSV,/mnt/beegfs/ysu34/hamlib/dia_e2e/heis_20_6.txt,1048576,39,spmv,cusparse_csr,117.426,3.510,0.059230,2042
PREPCSV,/mnt/beegfs/ysu34/hamlib/dia_e2e/heis_20_6.txt,1048576,39,spmspm,ours_flat,3.776,0.455,4.419277,1
PREPCSV,/mnt/beegfs/ysu34/hamlib/dia_e2e/heis_20_6.txt,1048576,39,spmspm,hm_atomic,166.159,5.929,7.313823,24
PREPCSV,/mnt/beegfs/ysu34/hamlib/dia_e2e/heis_20_6.txt,1048576,39,spmspm,ours_sym,1.706,0.750,-1.000000,-1
PREPCSV,/mnt/beegfs/ysu34/hamlib/dia_e2e/heis_20_6.txt,1048576,39,spmspm,ours_sym,1.706,0.750,2.192465,1
SPMSPMCSV,/mnt/beegfs/ysu34/hamlib/dia_e2e/heis_20_6.txt,1048576,39,655,650379250,ours_flat,4.424435,0.000e+00
SPMSPMCSV,/mnt/beegfs/ysu34/hamlib/dia_e2e/heis_20_6.txt,1048576,39,655,650379250,ours_sym,2.177923,0.000e+00
SPMSPMCSV,/mnt/beegfs/ysu34/hamlib/dia_e2e/heis_20_6.txt,1048576,39,655,650379250,hm_atomic,7.324921,0.000e+00
SPMSPMCSV,/mnt/beegfs/ysu34/hamlib/dia_e2e/heis_20_6.txt,1048576,39,655,650379250,diaq_fp32,145.538879,0.000e+00
SPMSPMCSV,/mnt/beegfs/ysu34/hamlib/dia_e2e/heis_20_6.txt,1048576,39,655,650379250,cusparse_spgemm,8.574149,-1.000e+00
CSRNNZ,/mnt/beegfs/ysu34/hamlib/dia_e2e/heis_20_6.txt,39845890,11010048,0.2763
PREPCSV,/mnt/beegfs/ysu34/hamlib/dia_e2e/heis_20_6.txt,1048576,39,spmv,cusparse_csr,106.436,243.142,0.059130,-1
CFILL,/mnt/beegfs/ysu34/hamlib/dia_e2e/heis_20_6.txt,1048576,655,650379250,60424320,0.0929
E2EEVCSV,/mnt/beegfs/ysu34/hamlib/dia_e2e/heis_20_6.txt,1048576,39,1000,6,didx,107.965,115.076,289.452,809.831,2.798,3.251e-07
E2EEVDIAQCSV,/mnt/beegfs/ysu34/hamlib/dia_e2e/heis_20_6.txt,1048576,39,1000,6,4.835,920.779,3.181,3.040e-07
E2EOPCSV,/mnt/beegfs/ysu34/hamlib/dia_e2e/heis_20_6.txt,1048576,39,2,655,650379250,3.735,4.541,-1
E2EOPCSV,/mnt/beegfs/ysu34/hamlib/dia_e2e/heis_20_6.txt,1048576,39,3,6231,5988941938,46.333,82.210,-1
# opbuild wall: Unnz=337281752192 (int32 index limit)
E2EOPBUILDCSV,/mnt/beegfs/ysu34/hamlib/dia_e2e/heis_20_6.txt,1048576,6,409911,337281752192,-1,-1,-1
# opbuild(sym) wall: Unnz=168641400384 (int32 index limit)
E2EOPBUILDCSV,/mnt/beegfs/ysu34/hamlib/dia_e2e/heis_20_6.txt,1048576,6,204956,168641400384,-1,-1,-1
== [3] maxcut_16_5 ==
PREPCSV,/mnt/beegfs/ysu34/hamlib/dia_e2e/maxcut_16_5.txt,65536,1,spmv,didx,0.213,0.054,0.003072,87
PREPCSV,/mnt/beegfs/ysu34/hamlib/dia_e2e/maxcut_16_5.txt,65536,1,spmv,didx_sym,0.124,0.056,0.003005,60
PREPCSV,/mnt/beegfs/ysu34/hamlib/dia_e2e/maxcut_16_5.txt,65536,1,spmv,gopt,0.076,0.037,0.003012,38
PREPCSV,/mnt/beegfs/ysu34/hamlib/dia_e2e/maxcut_16_5.txt,65536,1,spmv,cusparse_csr,0.214,0.375,0.018385,32
PREPCSV,/mnt/beegfs/ysu34/hamlib/dia_e2e/maxcut_16_5.txt,65536,1,spmspm,ours_flat,0.039,0.028,0.004496,15
PREPCSV,/mnt/beegfs/ysu34/hamlib/dia_e2e/maxcut_16_5.txt,65536,1,spmspm,hm_atomic,0.173,0.078,0.005467,46
PREPCSV,/mnt/beegfs/ysu34/hamlib/dia_e2e/maxcut_16_5.txt,65536,1,spmspm,ours_sym,0.026,0.027,-1.000000,-1
PREPCSV,/mnt/beegfs/ysu34/hamlib/dia_e2e/maxcut_16_5.txt,65536,1,spmspm,ours_sym,0.026,0.027,0.004404,12
SPMSPMCSV,/mnt/beegfs/ysu34/hamlib/dia_e2e/maxcut_16_5.txt,65536,1,1,65536,ours_flat,0.004512,0.000e+00
SPMSPMCSV,/mnt/beegfs/ysu34/hamlib/dia_e2e/maxcut_16_5.txt,65536,1,1,65536,ours_sym,0.004422,0.000e+00
SPMSPMCSV,/mnt/beegfs/ysu34/hamlib/dia_e2e/maxcut_16_5.txt,65536,1,1,65536,hm_atomic,0.005428,0.000e+00
SPMSPMCSV,/mnt/beegfs/ysu34/hamlib/dia_e2e/maxcut_16_5.txt,65536,1,1,65536,diaq_fp32,0.091088,0.000e+00
SPMSPMCSV,/mnt/beegfs/ysu34/hamlib/dia_e2e/maxcut_16_5.txt,65536,1,1,65536,cusparse_spgemm,1.887024,-1.000e+00
CSRNNZ,/mnt/beegfs/ysu34/hamlib/dia_e2e/maxcut_16_5.txt,65536,34596,0.5279
PREPCSV,/mnt/beegfs/ysu34/hamlib/dia_e2e/maxcut_16_5.txt,65536,1,spmv,cusparse_csr,0.345,210.216,0.018158,-1
CFILL,/mnt/beegfs/ysu34/hamlib/dia_e2e/maxcut_16_5.txt,65536,1,65536,34596,0.5279
E2EEVCSV,/mnt/beegfs/ysu34/hamlib/dia_e2e/maxcut_16_5.txt,65536,1,1000,5,stream,0.265,0.651,28.314,200.376,7.077,0.000e+00
E2EEVDIAQCSV,/mnt/beegfs/ysu34/hamlib/dia_e2e/maxcut_16_5.txt,65536,1,1000,5,0.047,28.299,0.999,0.000e+00
E2EOPCSV,/mnt/beegfs/ysu34/hamlib/dia_e2e/maxcut_16_5.txt,65536,1,2,1,65536,0.002,0.005,-1
E2EOPCSV,/mnt/beegfs/ysu34/hamlib/dia_e2e/maxcut_16_5.txt,65536,1,3,1,65536,0.001,0.005,-1
E2EOPBUILDCSV,/mnt/beegfs/ysu34/hamlib/dia_e2e/maxcut_16_5.txt,65536,5,1,65536,0.514,1.431,2.783
E2EOPBUILDCSV,/mnt/beegfs/ysu34/hamlib/dia_e2e/maxcut_16_5.txt,65536,5,1,65536,0.420,-1,-1
== [3] maxcut_18_5 ==
PREPCSV,/mnt/beegfs/ysu34/hamlib/dia_e2e/maxcut_18_5.txt,262144,1,spmv,didx,1.040,0.209,0.003557,351
PREPCSV,/mnt/beegfs/ysu34/hamlib/dia_e2e/maxcut_18_5.txt,262144,1,spmv,didx_sym,0.312,0.212,0.003531,148
PREPCSV,/mnt/beegfs/ysu34/hamlib/dia_e2e/maxcut_18_5.txt,262144,1,spmv,gopt,0.496,0.109,0.003194,189
PREPCSV,/mnt/beegfs/ysu34/hamlib/dia_e2e/maxcut_18_5.txt,262144,1,spmv,cusparse_csr,1.113,0.528,0.016716,98
PREPCSV,/mnt/beegfs/ysu34/hamlib/dia_e2e/maxcut_18_5.txt,262144,1,spmspm,ours_flat,0.149,0.066,0.004608,47
PREPCSV,/mnt/beegfs/ysu34/hamlib/dia_e2e/maxcut_18_5.txt,262144,1,spmspm,hm_atomic,0.512,0.198,0.005912,120
PREPCSV,/mnt/beegfs/ysu34/hamlib/dia_e2e/maxcut_18_5.txt,262144,1,spmspm,ours_sym,0.097,0.063,-1.000000,-1
PREPCSV,/mnt/beegfs/ysu34/hamlib/dia_e2e/maxcut_18_5.txt,262144,1,spmspm,ours_sym,0.097,0.063,0.004588,35
SPMSPMCSV,/mnt/beegfs/ysu34/hamlib/dia_e2e/maxcut_18_5.txt,262144,1,1,262144,ours_flat,0.004775,0.000e+00
SPMSPMCSV,/mnt/beegfs/ysu34/hamlib/dia_e2e/maxcut_18_5.txt,262144,1,1,262144,ours_sym,0.004781,0.000e+00
SPMSPMCSV,/mnt/beegfs/ysu34/hamlib/dia_e2e/maxcut_18_5.txt,262144,1,1,262144,hm_atomic,0.006137,0.000e+00
SPMSPMCSV,/mnt/beegfs/ysu34/hamlib/dia_e2e/maxcut_18_5.txt,262144,1,1,262144,diaq_fp32,0.343803,0.000e+00
SPMSPMCSV,/mnt/beegfs/ysu34/hamlib/dia_e2e/maxcut_18_5.txt,262144,1,1,262144,cusparse_spgemm,1.845395,-1.000e+00
CSRNNZ,/mnt/beegfs/ysu34/hamlib/dia_e2e/maxcut_18_5.txt,262144,262144,1.0000
PREPCSV,/mnt/beegfs/ysu34/hamlib/dia_e2e/maxcut_18_5.txt,262144,1,spmv,cusparse_csr,1.305,224.032,0.016966,-1
CFILL,/mnt/beegfs/ysu34/hamlib/dia_e2e/maxcut_18_5.txt,262144,1,262144,262144,1.0000
E2EEVCSV,/mnt/beegfs/ysu34/hamlib/dia_e2e/maxcut_18_5.txt,262144,1,1000,5,stream,0.803,1.867,36.876,190.186,5.157,0.000e+00
E2EEVDIAQCSV,/mnt/beegfs/ysu34/hamlib/dia_e2e/maxcut_18_5.txt,262144,1,1000,5,0.113,36.639,0.994,0.000e+00
E2EOPCSV,/mnt/beegfs/ysu34/hamlib/dia_e2e/maxcut_18_5.txt,262144,1,2,1,262144,0.003,0.005,-1
E2EOPCSV,/mnt/beegfs/ysu34/hamlib/dia_e2e/maxcut_18_5.txt,262144,1,3,1,262144,0.001,0.005,-1
E2EOPBUILDCSV,/mnt/beegfs/ysu34/hamlib/dia_e2e/maxcut_18_5.txt,262144,5,1,262144,1.350,3.418,2.532
E2EOPBUILDCSV,/mnt/beegfs/ysu34/hamlib/dia_e2e/maxcut_18_5.txt,262144,5,1,262144,0.887,-1,-1
== [3] maxcut_20_5 ==
PREPCSV,/mnt/beegfs/ysu34/hamlib/dia_e2e/maxcut_20_5.txt,1048576,1,spmv,didx,2.236,0.363,0.006431,404
PREPCSV,/mnt/beegfs/ysu34/hamlib/dia_e2e/maxcut_20_5.txt,1048576,1,spmv,didx_sym,1.465,0.373,0.006529,281
PREPCSV,/mnt/beegfs/ysu34/hamlib/dia_e2e/maxcut_20_5.txt,1048576,1,spmv,gopt,1.269,0.169,0.004804,299
PREPCSV,/mnt/beegfs/ysu34/hamlib/dia_e2e/maxcut_20_5.txt,1048576,1,spmv,cusparse_csr,3.050,0.775,0.029669,129
PREPCSV,/mnt/beegfs/ysu34/hamlib/dia_e2e/maxcut_20_5.txt,1048576,1,spmspm,ours_flat,0.968,0.094,0.007195,148
PREPCSV,/mnt/beegfs/ysu34/hamlib/dia_e2e/maxcut_20_5.txt,1048576,1,spmspm,hm_atomic,2.545,0.468,0.010225,295
PREPCSV,/mnt/beegfs/ysu34/hamlib/dia_e2e/maxcut_20_5.txt,1048576,1,spmspm,ours_sym,0.598,0.094,-1.000000,-1
PREPCSV,/mnt/beegfs/ysu34/hamlib/dia_e2e/maxcut_20_5.txt,1048576,1,spmspm,ours_sym,0.598,0.094,0.007150,97
SPMSPMCSV,/mnt/beegfs/ysu34/hamlib/dia_e2e/maxcut_20_5.txt,1048576,1,1,1048576,ours_flat,0.007189,0.000e+00
SPMSPMCSV,/mnt/beegfs/ysu34/hamlib/dia_e2e/maxcut_20_5.txt,1048576,1,1,1048576,ours_sym,0.007178,0.000e+00
SPMSPMCSV,/mnt/beegfs/ysu34/hamlib/dia_e2e/maxcut_20_5.txt,1048576,1,1,1048576,hm_atomic,0.010163,0.000e+00
SPMSPMCSV,/mnt/beegfs/ysu34/hamlib/dia_e2e/maxcut_20_5.txt,1048576,1,1,1048576,diaq_fp32,1.357763,0.000e+00
SPMSPMCSV,/mnt/beegfs/ysu34/hamlib/dia_e2e/maxcut_20_5.txt,1048576,1,1,1048576,cusparse_spgemm,2.015379,-1.000e+00
CSRNNZ,/mnt/beegfs/ysu34/hamlib/dia_e2e/maxcut_20_5.txt,1048576,595984,0.5684
PREPCSV,/mnt/beegfs/ysu34/hamlib/dia_e2e/maxcut_20_5.txt,1048576,1,spmv,cusparse_csr,4.406,224.115,0.029005,-1
CFILL,/mnt/beegfs/ysu34/hamlib/dia_e2e/maxcut_20_5.txt,1048576,1,1048576,595984,0.5684
E2EEVCSV,/mnt/beegfs/ysu34/hamlib/dia_e2e/maxcut_20_5.txt,1048576,1,1000,5,stream,2.616,4.251,68.031,351.278,5.164,0.000e+00
E2EEVDIAQCSV,/mnt/beegfs/ysu34/hamlib/dia_e2e/maxcut_20_5.txt,1048576,1,1000,5,0.229,70.447,1.036,0.000e+00
E2EOPCSV,/mnt/beegfs/ysu34/hamlib/dia_e2e/maxcut_20_5.txt,1048576,1,2,1,1048576,0.007,0.007,-1
E2EOPCSV,/mnt/beegfs/ysu34/hamlib/dia_e2e/maxcut_20_5.txt,1048576,1,3,1,1048576,0.005,0.008,-1
E2EOPBUILDCSV,/mnt/beegfs/ysu34/hamlib/dia_e2e/maxcut_20_5.txt,1048576,5,1,1048576,4.648,11.653,2.507
E2EOPBUILDCSV,/mnt/beegfs/ysu34/hamlib/dia_e2e/maxcut_20_5.txt,1048576,5,1,1048576,2.707,-1,-1
== [3] O2_16_5 ==
PREPCSV,/mnt/beegfs/ysu34/hamlib/dia_e2e/O2_16_5.txt,65536,1243,spmv,didx,56.129,1.117,0.034844,1643
# didx_sym skipped: non-symmetric or Dup>128
PREPCSV,/mnt/beegfs/ysu34/hamlib/dia_e2e/O2_16_5.txt,65536,1243,spmv,gopt,66.018,3.832,0.312517,224
PREPCSV,/mnt/beegfs/ysu34/hamlib/dia_e2e/O2_16_5.txt,65536,1243,spmv,cusparse_csr,247.022,1.769,0.033246,7483
PREPCSV,/mnt/beegfs/ysu34/hamlib/dia_e2e/O2_16_5.txt,65536,1243,spmspm,ours_flat,1216.560,3.323,155.373657,8
# hm_atomic skipped: C nnz 3840684748 exceeds HM int32 layout
PREPCSV,/mnt/beegfs/ysu34/hamlib/dia_e2e/O2_16_5.txt,65536,1243,spmspm,ours_sym,55.900,4.746,-1.000000,-1
PREPCSV,/mnt/beegfs/ysu34/hamlib/dia_e2e/O2_16_5.txt,65536,1243,spmspm,ours_sym,55.900,4.746,73.736931,1
SPMSPMCSV,/mnt/beegfs/ysu34/hamlib/dia_e2e/O2_16_5.txt,65536,1243,100975,3840684748,ours_flat,156.565689,0.000e+00
SPMSPMCSV,/mnt/beegfs/ysu34/hamlib/dia_e2e/O2_16_5.txt,65536,1243,100975,3840684748,ours_sym,73.925995,7.324e-04
# hm_atomic skipped: C nnz 3840684748 exceeds HM int32 layout
SPMSPMCSV,/mnt/beegfs/ysu34/hamlib/dia_e2e/O2_16_5.txt,65536,1243,100975,3840684748,diaq_fp32,801.959351,2.441e-04
SPMSPMCSV,/mnt/beegfs/ysu34/hamlib/dia_e2e/O2_16_5.txt,65536,1243,100975,3840684748,cusparse_spgemm,24.669033,-1.000e+00
CSRNNZ,/mnt/beegfs/ysu34/hamlib/dia_e2e/O2_16_5.txt,64894972,4828093,0.0744
PREPCSV,/mnt/beegfs/ysu34/hamlib/dia_e2e/O2_16_5.txt,65536,1243,spmv,cusparse_csr,229.308,230.908,0.034131,-1
CFILL,/mnt/beegfs/ysu34/hamlib/dia_e2e/O2_16_5.txt,65536,100975,3840684748,80123930,0.0209
E2EEVCSV,/mnt/beegfs/ysu34/hamlib/dia_e2e/O2_16_5.txt,65536,1243,1000,5,didx,135.656,247.465,242.947,376.006,1.548,6.118e-07
E2EEVDIAQCSV,/mnt/beegfs/ysu34/hamlib/dia_e2e/O2_16_5.txt,65536,1243,1000,5,7.691,3403.979,14.011,5.440e-07
E2EOPCSV,/mnt/beegfs/ysu34/hamlib/dia_e2e/O2_16_5.txt,65536,1243,2,100975,3840684748,1115.246,156.708,-1
E2EOPCSV,/mnt/beegfs/ysu34/hamlib/dia_e2e/O2_16_5.txt,65536,1243,3,131071,4294967296,64060.713,11740.259,-1
# opbuild wall: Unnz=4294967296 (int32 index limit)
E2EOPBUILDCSV,/mnt/beegfs/ysu34/hamlib/dia_e2e/O2_16_5.txt,65536,5,131071,4294967296,-1,-1,-1
# opbuild(sym) wall: Unnz=2147516416 (int32 index limit)
E2EOPBUILDCSV,/mnt/beegfs/ysu34/hamlib/dia_e2e/O2_16_5.txt,65536,5,65536,2147516416,-1,-1,-1
== [3] O2_16_7 ==
PREPCSV,/mnt/beegfs/ysu34/hamlib/dia_e2e/O2_16_7.txt,65536,1243,spmv,didx,57.163,1.164,0.034897,1671
# didx_sym skipped: non-symmetric or Dup>128
PREPCSV,/mnt/beegfs/ysu34/hamlib/dia_e2e/O2_16_7.txt,65536,1243,spmv,gopt,67.040,3.825,0.312789,227
PREPCSV,/mnt/beegfs/ysu34/hamlib/dia_e2e/O2_16_7.txt,65536,1243,spmv,cusparse_csr,246.568,1.828,0.033688,7374
PREPCSV,/mnt/beegfs/ysu34/hamlib/dia_e2e/O2_16_7.txt,65536,1243,spmspm,ours_flat,1214.027,3.332,155.308212,8
# hm_atomic skipped: C nnz 3840684748 exceeds HM int32 layout
PREPCSV,/mnt/beegfs/ysu34/hamlib/dia_e2e/O2_16_7.txt,65536,1243,spmspm,ours_sym,55.044,4.850,-1.000000,-1
PREPCSV,/mnt/beegfs/ysu34/hamlib/dia_e2e/O2_16_7.txt,65536,1243,spmspm,ours_sym,55.044,4.850,73.717842,1
SPMSPMCSV,/mnt/beegfs/ysu34/hamlib/dia_e2e/O2_16_7.txt,65536,1243,100975,3840684748,ours_flat,156.317749,0.000e+00
SPMSPMCSV,/mnt/beegfs/ysu34/hamlib/dia_e2e/O2_16_7.txt,65536,1243,100975,3840684748,ours_sym,73.786240,7.324e-04
# hm_atomic skipped: C nnz 3840684748 exceeds HM int32 layout
SPMSPMCSV,/mnt/beegfs/ysu34/hamlib/dia_e2e/O2_16_7.txt,65536,1243,100975,3840684748,diaq_fp32,801.515381,2.441e-04
SPMSPMCSV,/mnt/beegfs/ysu34/hamlib/dia_e2e/O2_16_7.txt,65536,1243,100975,3840684748,cusparse_spgemm,24.683695,-1.000e+00
CSRNNZ,/mnt/beegfs/ysu34/hamlib/dia_e2e/O2_16_7.txt,64894972,4828093,0.0744
PREPCSV,/mnt/beegfs/ysu34/hamlib/dia_e2e/O2_16_7.txt,65536,1243,spmv,cusparse_csr,229.153,223.874,0.033748,-1
CFILL,/mnt/beegfs/ysu34/hamlib/dia_e2e/O2_16_7.txt,65536,100975,3840684748,80123930,0.0209
E2EEVCSV,/mnt/beegfs/ysu34/hamlib/dia_e2e/O2_16_7.txt,65536,1243,1000,7,didx,134.945,248.848,339.102,533.900,1.574,6.094e-07
E2EEVDIAQCSV,/mnt/beegfs/ysu34/hamlib/dia_e2e/O2_16_7.txt,65536,1243,1000,7,7.689,4766.318,14.056,5.491e-07
E2EOPCSV,/mnt/beegfs/ysu34/hamlib/dia_e2e/O2_16_7.txt,65536,1243,2,100975,3840684748,1126.421,156.208,-1
E2EOPCSV,/mnt/beegfs/ysu34/hamlib/dia_e2e/O2_16_7.txt,65536,1243,3,131071,4294967296,64336.995,11731.281,-1
# opbuild wall: Unnz=4294967296 (int32 index limit)
E2EOPBUILDCSV,/mnt/beegfs/ysu34/hamlib/dia_e2e/O2_16_7.txt,65536,7,131071,4294967296,-1,-1,-1
# opbuild(sym) wall: Unnz=2147516416 (int32 index limit)
E2EOPBUILDCSV,/mnt/beegfs/ysu34/hamlib/dia_e2e/O2_16_7.txt,65536,7,65536,2147516416,-1,-1,-1
== [3] O2_20_5 ==
PREPCSV,/mnt/beegfs/ysu34/hamlib/dia_e2e/O2_20_5.txt,1048576,3359,spmv,didx,2829.012,35.482,2.251723,1272
# didx_sym skipped: non-symmetric or Dup>128
PREPCSV,/mnt/beegfs/ysu34/hamlib/dia_e2e/O2_20_5.txt,1048576,3359,spmv,gopt,2806.237,110.459,1.782866,1636
# cusparse_csr(32I) impossible (H nnz 2885206540); running 64I
PREPCSV,/mnt/beegfs/ysu34/hamlib/dia_e2e/O2_20_5.txt,1048576,3359,spmv,cusparse_csr_64i,10909.491,71.225,1.162735,9444
CUDA prep_driver.cu:315 out of memory
CUDA spmspm_driver.cu:94 out of memory
CSRNNZ,/mnt/beegfs/ysu34/hamlib/dia_e2e/O2_20_5.txt,2885206540,206249372,0.0715
PREPCSV,/mnt/beegfs/ysu34/hamlib/dia_e2e/O2_20_5.txt,1048576,3359,spmv,cusparse_csr,10206.589,364.151,0.928490,-1
CFILL,/mnt/beegfs/ysu34/hamlib/dia_e2e/O2_20_5.txt,1048576,937217,625833635896,-1,OOM
# cusparse arm skipped: H nnz 2885206540 > INT32_MAX
E2EEVCSV,/mnt/beegfs/ysu34/hamlib/dia_e2e/O2_20_5.txt,1048576,3359,1000,5,gopt,3264.214,0.000,10937.484,-1.000,-1.000,-1.000e+00
E2EEVDIAQCSV,/mnt/beegfs/ysu34/hamlib/dia_e2e/O2_20_5.txt,1048576,3359,1000,5,326.404,49987.289,4.570,9.188e-07
E2EOPCSV,/mnt/beegfs/ysu34/hamlib/dia_e2e/O2_20_5.txt,1048576,3359,2,937217,625833635896,-1,-1,-1
# opbuild wall: Unnz=1099511627776 (int32 index limit)
E2EOPBUILDCSV,/mnt/beegfs/ysu34/hamlib/dia_e2e/O2_20_5.txt,1048576,5,2097151,1099511627776,-1,-1,-1
# opbuild(sym) wall: Unnz=549756338176 (int32 index limit)
E2EOPBUILDCSV,/mnt/beegfs/ysu34/hamlib/dia_e2e/O2_20_5.txt,1048576,5,1048576,549756338176,-1,-1,-1
== [3] O2_20_8 ==
PREPCSV,/mnt/beegfs/ysu34/hamlib/dia_e2e/O2_20_8.txt,1048576,3359,spmv,didx,2798.266,35.282,2.239920,1265
# didx_sym skipped: non-symmetric or Dup>128
PREPCSV,/mnt/beegfs/ysu34/hamlib/dia_e2e/O2_20_8.txt,1048576,3359,spmv,gopt,2788.714,110.602,1.777674,1631
# cusparse_csr(32I) impossible (H nnz 2885206540); running 64I
PREPCSV,/mnt/beegfs/ysu34/hamlib/dia_e2e/O2_20_8.txt,1048576,3359,spmv,cusparse_csr_64i,10765.719,71.398,1.138898,9515
CUDA prep_driver.cu:315 out of memory
CUDA spmspm_driver.cu:94 out of memory
CSRNNZ,/mnt/beegfs/ysu34/hamlib/dia_e2e/O2_20_8.txt,2885206540,206249372,0.0715
PREPCSV,/mnt/beegfs/ysu34/hamlib/dia_e2e/O2_20_8.txt,1048576,3359,spmv,cusparse_csr,10115.369,363.876,0.951683,-1
CFILL,/mnt/beegfs/ysu34/hamlib/dia_e2e/O2_20_8.txt,1048576,937217,625833635896,-1,OOM
# cusparse arm skipped: H nnz 2885206540 > INT32_MAX
E2EEVCSV,/mnt/beegfs/ysu34/hamlib/dia_e2e/O2_20_8.txt,1048576,3359,1000,8,gopt,3265.661,0.000,17514.070,-1.000,-1.000,-1.000e+00
E2EEVDIAQCSV,/mnt/beegfs/ysu34/hamlib/dia_e2e/O2_20_8.txt,1048576,3359,1000,8,325.222,80443.266,4.593,9.185e-07
E2EOPCSV,/mnt/beegfs/ysu34/hamlib/dia_e2e/O2_20_8.txt,1048576,3359,2,937217,625833635896,-1,-1,-1
# opbuild wall: Unnz=1099511627776 (int32 index limit)
E2EOPBUILDCSV,/mnt/beegfs/ysu34/hamlib/dia_e2e/O2_20_8.txt,1048576,8,2097151,1099511627776,-1,-1,-1
== [3] qmaxcut_16_4 ==
PREPCSV,/mnt/beegfs/ysu34/hamlib/dia_e2e/qmaxcut_16_4.txt,65536,31,spmv,didx,1.431,0.183,0.004603,351
PREPCSV,/mnt/beegfs/ysu34/hamlib/dia_e2e/qmaxcut_16_4.txt,65536,31,spmv,didx_sym,0.669,0.223,0.004932,181
PREPCSV,/mnt/beegfs/ysu34/hamlib/dia_e2e/qmaxcut_16_4.txt,65536,31,spmv,gopt,1.593,0.170,0.008026,220
PREPCSV,/mnt/beegfs/ysu34/hamlib/dia_e2e/qmaxcut_16_4.txt,65536,31,spmv,cusparse_csr,5.564,0.564,0.015628,392
PREPCSV,/mnt/beegfs/ysu34/hamlib/dia_e2e/qmaxcut_16_4.txt,65536,31,spmspm,ours_flat,0.241,0.110,0.074015,5
PREPCSV,/mnt/beegfs/ysu34/hamlib/dia_e2e/qmaxcut_16_4.txt,65536,31,spmspm,hm_atomic,3.827,0.453,0.093604,46
PREPCSV,/mnt/beegfs/ysu34/hamlib/dia_e2e/qmaxcut_16_4.txt,65536,31,spmspm,ours_sym,0.071,0.133,-1.000000,-1
PREPCSV,/mnt/beegfs/ysu34/hamlib/dia_e2e/qmaxcut_16_4.txt,65536,31,spmspm,ours_sym,0.071,0.133,0.039224,5
SPMSPMCSV,/mnt/beegfs/ysu34/hamlib/dia_e2e/qmaxcut_16_4.txt,65536,31,481,15138746,ours_flat,0.073955,0.000e+00
SPMSPMCSV,/mnt/beegfs/ysu34/hamlib/dia_e2e/qmaxcut_16_4.txt,65536,31,481,15138746,ours_sym,0.039203,0.000e+00
SPMSPMCSV,/mnt/beegfs/ysu34/hamlib/dia_e2e/qmaxcut_16_4.txt,65536,31,481,15138746,hm_atomic,0.093214,0.000e+00
SPMSPMCSV,/mnt/beegfs/ysu34/hamlib/dia_e2e/qmaxcut_16_4.txt,65536,31,481,15138746,diaq_fp32,3.422800,0.000e+00
SPMSPMCSV,/mnt/beegfs/ysu34/hamlib/dia_e2e/qmaxcut_16_4.txt,65536,31,481,15138746,cusparse_spgemm,1.921686,-1.000e+00
CSRNNZ,/mnt/beegfs/ysu34/hamlib/dia_e2e/qmaxcut_16_4.txt,1114110,557056,0.5000
PREPCSV,/mnt/beegfs/ysu34/hamlib/dia_e2e/qmaxcut_16_4.txt,65536,31,spmv,cusparse_csr,4.730,215.882,0.015807,-1
CFILL,/mnt/beegfs/ysu34/hamlib/dia_e2e/qmaxcut_16_4.txt,65536,481,15138746,3997696,0.2641
E2EEVCSV,/mnt/beegfs/ysu34/hamlib/dia_e2e/qmaxcut_16_4.txt,65536,31,1000,4,didx,3.695,5.899,29.730,133.994,4.507,1.000e-07
E2EEVDIAQCSV,/mnt/beegfs/ysu34/hamlib/dia_e2e/qmaxcut_16_4.txt,65536,31,1000,4,0.219,63.378,2.132,5.704e-08
E2EOPCSV,/mnt/beegfs/ysu34/hamlib/dia_e2e/qmaxcut_16_4.txt,65536,31,2,481,15138746,0.186,0.074,-1
E2EOPCSV,/mnt/beegfs/ysu34/hamlib/dia_e2e/qmaxcut_16_4.txt,65536,31,3,3031,103776028,6.415,0.734,-1
E2EOPBUILDCSV,/mnt/beegfs/ysu34/hamlib/dia_e2e/qmaxcut_16_4.txt,65536,4,15507,499792596,180.551,241.794,1.339
E2EOPBUILDCSV,/mnt/beegfs/ysu34/hamlib/dia_e2e/qmaxcut_16_4.txt,65536,4,7754,249929066,23.280,-1,-1
== [3] qmaxcut_18_4 ==
PREPCSV,/mnt/beegfs/ysu34/hamlib/dia_e2e/qmaxcut_18_4.txt,262144,35,spmv,didx,6.416,0.566,0.008661,806
PREPCSV,/mnt/beegfs/ysu34/hamlib/dia_e2e/qmaxcut_18_4.txt,262144,35,spmv,didx_sym,2.781,0.759,0.008707,407
PREPCSV,/mnt/beegfs/ysu34/hamlib/dia_e2e/qmaxcut_18_4.txt,262144,35,spmv,gopt,6.474,0.593,0.008858,798
PREPCSV,/mnt/beegfs/ysu34/hamlib/dia_e2e/qmaxcut_18_4.txt,262144,35,spmv,cusparse_csr,23.352,1.182,0.025562,960
PREPCSV,/mnt/beegfs/ysu34/hamlib/dia_e2e/qmaxcut_18_4.txt,262144,35,spmspm,ours_flat,0.690,0.183,0.357167,2
PREPCSV,/mnt/beegfs/ysu34/hamlib/dia_e2e/qmaxcut_18_4.txt,262144,35,spmspm,hm_atomic,18.602,1.155,0.435000,45
PREPCSV,/mnt/beegfs/ysu34/hamlib/dia_e2e/qmaxcut_18_4.txt,262144,35,spmspm,ours_sym,0.273,0.227,-1.000000,-1
PREPCSV,/mnt/beegfs/ysu34/hamlib/dia_e2e/qmaxcut_18_4.txt,262144,35,spmspm,ours_sym,0.273,0.227,0.182806,3
SPMSPMCSV,/mnt/beegfs/ysu34/hamlib/dia_e2e/qmaxcut_18_4.txt,262144,35,613,77332402,ours_flat,0.357112,0.000e+00
SPMSPMCSV,/mnt/beegfs/ysu34/hamlib/dia_e2e/qmaxcut_18_4.txt,262144,35,613,77332402,ours_sym,0.182962,0.000e+00
SPMSPMCSV,/mnt/beegfs/ysu34/hamlib/dia_e2e/qmaxcut_18_4.txt,262144,35,613,77332402,hm_atomic,0.435001,0.000e+00
SPMSPMCSV,/mnt/beegfs/ysu34/hamlib/dia_e2e/qmaxcut_18_4.txt,262144,35,613,77332402,diaq_fp32,17.146252,0.000e+00
SPMSPMCSV,/mnt/beegfs/ysu34/hamlib/dia_e2e/qmaxcut_18_4.txt,262144,35,613,77332402,cusparse_spgemm,2.941648,-1.000e+00
CSRNNZ,/mnt/beegfs/ysu34/hamlib/dia_e2e/qmaxcut_18_4.txt,4980734,2490368,0.5000
PREPCSV,/mnt/beegfs/ysu34/hamlib/dia_e2e/qmaxcut_18_4.txt,262144,35,spmv,cusparse_csr,20.465,222.379,0.025082,-1
CFILL,/mnt/beegfs/ysu34/hamlib/dia_e2e/qmaxcut_18_4.txt,262144,613,77332402,20316160,0.2627
E2EEVCSV,/mnt/beegfs/ysu34/hamlib/dia_e2e/qmaxcut_18_4.txt,262144,35,1000,4,didx,14.063,23.197,52.482,235.392,4.485,1.063e-07
E2EEVDIAQCSV,/mnt/beegfs/ysu34/hamlib/dia_e2e/qmaxcut_18_4.txt,262144,35,1000,4,0.707,96.153,1.832,6.257e-08
E2EOPCSV,/mnt/beegfs/ysu34/hamlib/dia_e2e/qmaxcut_18_4.txt,262144,35,2,613,77332402,0.508,0.360,-1
E2EOPCSV,/mnt/beegfs/ysu34/hamlib/dia_e2e/qmaxcut_18_4.txt,262144,35,3,4455,608304862,14.426,4.469,-1
# opbuild wall: Unnz=3485530152 (int32 index limit)
E2EOPBUILDCSV,/mnt/beegfs/ysu34/hamlib/dia_e2e/qmaxcut_18_4.txt,262144,4,27051,3485530152,-1,-1,-1
E2EOPBUILDCSV,/mnt/beegfs/ysu34/hamlib/dia_e2e/qmaxcut_18_4.txt,262144,4,13526,1742896148,80.862,-1,-1
== [3] qmaxcut_20_4 ==
PREPCSV,/mnt/beegfs/ysu34/hamlib/dia_e2e/qmaxcut_20_4.txt,1048576,39,spmv,didx,30.380,1.989,0.032697,990
PREPCSV,/mnt/beegfs/ysu34/hamlib/dia_e2e/qmaxcut_20_4.txt,1048576,39,spmv,didx_sym,12.716,3.173,0.030698,518
PREPCSV,/mnt/beegfs/ysu34/hamlib/dia_e2e/qmaxcut_20_4.txt,1048576,39,spmv,gopt,26.705,2.218,0.030587,946
PREPCSV,/mnt/beegfs/ysu34/hamlib/dia_e2e/qmaxcut_20_4.txt,1048576,39,spmv,cusparse_csr,97.284,3.405,0.060193,1673
PREPCSV,/mnt/beegfs/ysu34/hamlib/dia_e2e/qmaxcut_20_4.txt,1048576,39,spmspm,ours_flat,3.019,0.289,1.897956,2
PREPCSV,/mnt/beegfs/ysu34/hamlib/dia_e2e/qmaxcut_20_4.txt,1048576,39,spmspm,hm_atomic,98.709,3.598,2.512506,41
PREPCSV,/mnt/beegfs/ysu34/hamlib/dia_e2e/qmaxcut_20_4.txt,1048576,39,spmspm,ours_sym,1.167,1.047,-1.000000,-1
PREPCSV,/mnt/beegfs/ysu34/hamlib/dia_e2e/qmaxcut_20_4.txt,1048576,39,spmspm,ours_sym,1.167,1.047,0.980378,2
SPMSPMCSV,/mnt/beegfs/ysu34/hamlib/dia_e2e/qmaxcut_20_4.txt,1048576,39,761,384827306,ours_flat,1.911005,0.000e+00
SPMSPMCSV,/mnt/beegfs/ysu34/hamlib/dia_e2e/qmaxcut_20_4.txt,1048576,39,761,384827306,ours_sym,0.958654,0.000e+00
SPMSPMCSV,/mnt/beegfs/ysu34/hamlib/dia_e2e/qmaxcut_20_4.txt,1048576,39,761,384827306,hm_atomic,2.514437,0.000e+00
SPMSPMCSV,/mnt/beegfs/ysu34/hamlib/dia_e2e/qmaxcut_20_4.txt,1048576,39,761,384827306,diaq_fp32,83.862473,0.000e+00
SPMSPMCSV,/mnt/beegfs/ysu34/hamlib/dia_e2e/qmaxcut_20_4.txt,1048576,39,761,384827306,cusparse_spgemm,7.252646,-1.000e+00
CSRNNZ,/mnt/beegfs/ysu34/hamlib/dia_e2e/qmaxcut_20_4.txt,22020094,11010048,0.5000
PREPCSV,/mnt/beegfs/ysu34/hamlib/dia_e2e/qmaxcut_20_4.txt,1048576,39,spmv,cusparse_csr,85.984,232.348,0.060191,-1
CFILL,/mnt/beegfs/ysu34/hamlib/dia_e2e/qmaxcut_20_4.txt,1048576,761,384827306,100663296,0.2616
E2EEVCSV,/mnt/beegfs/ysu34/hamlib/dia_e2e/qmaxcut_20_4.txt,1048576,39,1000,4,didx,64.652,101.646,195.246,544.020,2.786,1.115e-07
E2EEVDIAQCSV,/mnt/beegfs/ysu34/hamlib/dia_e2e/qmaxcut_20_4.txt,1048576,39,1000,4,2.650,425.129,2.177,6.784e-08
E2EOPCSV,/mnt/beegfs/ysu34/hamlib/dia_e2e/qmaxcut_20_4.txt,1048576,39,2,761,384827306,1.921,2.159,-1
E2EOPCSV,/mnt/beegfs/ysu34/hamlib/dia_e2e/qmaxcut_20_4.txt,1048576,39,3,6271,3415735960,36.110,28.537,-1
# opbuild wall: Unnz=22750164124 (int32 index limit)
E2EOPBUILDCSV,/mnt/beegfs/ysu34/hamlib/dia_e2e/qmaxcut_20_4.txt,1048576,4,44143,22750164124,-1,-1,-1
# opbuild(sym) wall: Unnz=11375606350 (int32 index limit)
E2EOPBUILDCSV,/mnt/beegfs/ysu34/hamlib/dia_e2e/qmaxcut_20_4.txt,1048576,4,22072,11375606350,-1,-1,-1
== [3] tfim_16_4 ==
PREPCSV,/mnt/beegfs/ysu34/hamlib/dia_e2e/tfim_16_4.txt,65536,33,spmv,didx,2.642,0.269,0.004963,587
PREPCSV,/mnt/beegfs/ysu34/hamlib/dia_e2e/tfim_16_4.txt,65536,33,spmv,didx_sym,1.227,0.351,0.004778,330
PREPCSV,/mnt/beegfs/ysu34/hamlib/dia_e2e/tfim_16_4.txt,65536,33,spmv,gopt,3.198,0.238,0.012817,268
PREPCSV,/mnt/beegfs/ysu34/hamlib/dia_e2e/tfim_16_4.txt,65536,33,spmv,cusparse_csr,7.606,0.652,0.020032,412
PREPCSV,/mnt/beegfs/ysu34/hamlib/dia_e2e/tfim_16_4.txt,65536,33,spmspm,ours_flat,0.314,0.130,0.157638,3
PREPCSV,/mnt/beegfs/ysu34/hamlib/dia_e2e/tfim_16_4.txt,65536,33,spmspm,hm_atomic,6.475,0.624,0.219592,32
PREPCSV,/mnt/beegfs/ysu34/hamlib/dia_e2e/tfim_16_4.txt,65536,33,spmspm,ours_sym,0.093,0.148,-1.000000,-1
PREPCSV,/mnt/beegfs/ysu34/hamlib/dia_e2e/tfim_16_4.txt,65536,33,spmspm,ours_sym,0.093,0.148,0.082694,3
SPMSPMCSV,/mnt/beegfs/ysu34/hamlib/dia_e2e/tfim_16_4.txt,65536,33,455,26181618,ours_flat,0.157636,0.000e+00
SPMSPMCSV,/mnt/beegfs/ysu34/hamlib/dia_e2e/tfim_16_4.txt,65536,33,455,26181618,ours_sym,0.082712,0.000e+00
SPMSPMCSV,/mnt/beegfs/ysu34/hamlib/dia_e2e/tfim_16_4.txt,65536,33,455,26181618,hm_atomic,0.219480,0.000e+00
SPMSPMCSV,/mnt/beegfs/ysu34/hamlib/dia_e2e/tfim_16_4.txt,65536,33,455,26181618,diaq_fp32,5.355822,0.000e+00
SPMSPMCSV,/mnt/beegfs/ysu34/hamlib/dia_e2e/tfim_16_4.txt,65536,33,455,26181618,cusparse_spgemm,4.609107,-1.000e+00
CSRNNZ,/mnt/beegfs/ysu34/hamlib/dia_e2e/tfim_16_4.txt,2031618,1114112,0.5484
PREPCSV,/mnt/beegfs/ysu34/hamlib/dia_e2e/tfim_16_4.txt,65536,33,spmv,cusparse_csr,7.322,221.258,0.020149,-1
CFILL,/mnt/beegfs/ysu34/hamlib/dia_e2e/tfim_16_4.txt,65536,455,26181618,8950976,0.3419
E2EEVCSV,/mnt/beegfs/ysu34/hamlib/dia_e2e/tfim_16_4.txt,65536,33,1000,4,didx,7.387,8.602,31.515,168.411,5.344,2.446e-07
E2EEVDIAQCSV,/mnt/beegfs/ysu34/hamlib/dia_e2e/tfim_16_4.txt,65536,33,1000,4,0.296,69.009,2.190,2.204e-07
E2EOPCSV,/mnt/beegfs/ysu34/hamlib/dia_e2e/tfim_16_4.txt,65536,33,2,455,26181618,0.277,0.158,-1
E2EOPCSV,/mnt/beegfs/ysu34/hamlib/dia_e2e/tfim_16_4.txt,65536,33,3,3447,182780016,7.742,1.815,-1
E2EOPBUILDCSV,/mnt/beegfs/ysu34/hamlib/dia_e2e/tfim_16_4.txt,65536,4,15727,759430272,221.016,282.598,1.279
E2EOPBUILDCSV,/mnt/beegfs/ysu34/hamlib/dia_e2e/tfim_16_4.txt,65536,4,7864,379747904,34.024,-1,-1
== [3] tfim_16_5 ==
PREPCSV,/mnt/beegfs/ysu34/hamlib/dia_e2e/tfim_16_5.txt,65536,33,spmv,didx,2.901,0.269,0.004908,646
PREPCSV,/mnt/beegfs/ysu34/hamlib/dia_e2e/tfim_16_5.txt,65536,33,spmv,didx_sym,1.227,0.346,0.004772,330
PREPCSV,/mnt/beegfs/ysu34/hamlib/dia_e2e/tfim_16_5.txt,65536,33,spmv,gopt,3.339,0.239,0.012817,279
PREPCSV,/mnt/beegfs/ysu34/hamlib/dia_e2e/tfim_16_5.txt,65536,33,spmv,cusparse_csr,7.563,0.637,0.019960,411
PREPCSV,/mnt/beegfs/ysu34/hamlib/dia_e2e/tfim_16_5.txt,65536,33,spmspm,ours_flat,0.315,0.141,0.157673,3
PREPCSV,/mnt/beegfs/ysu34/hamlib/dia_e2e/tfim_16_5.txt,65536,33,spmspm,hm_atomic,6.231,0.587,0.219587,31
PREPCSV,/mnt/beegfs/ysu34/hamlib/dia_e2e/tfim_16_5.txt,65536,33,spmspm,ours_sym,0.093,0.163,-1.000000,-1
PREPCSV,/mnt/beegfs/ysu34/hamlib/dia_e2e/tfim_16_5.txt,65536,33,spmspm,ours_sym,0.093,0.163,0.082767,3
SPMSPMCSV,/mnt/beegfs/ysu34/hamlib/dia_e2e/tfim_16_5.txt,65536,33,455,26181618,ours_flat,0.157350,0.000e+00
SPMSPMCSV,/mnt/beegfs/ysu34/hamlib/dia_e2e/tfim_16_5.txt,65536,33,455,26181618,ours_sym,0.082481,0.000e+00
SPMSPMCSV,/mnt/beegfs/ysu34/hamlib/dia_e2e/tfim_16_5.txt,65536,33,455,26181618,hm_atomic,0.219306,0.000e+00
SPMSPMCSV,/mnt/beegfs/ysu34/hamlib/dia_e2e/tfim_16_5.txt,65536,33,455,26181618,diaq_fp32,5.352767,0.000e+00
SPMSPMCSV,/mnt/beegfs/ysu34/hamlib/dia_e2e/tfim_16_5.txt,65536,33,455,26181618,cusparse_spgemm,4.528473,-1.000e+00
CSRNNZ,/mnt/beegfs/ysu34/hamlib/dia_e2e/tfim_16_5.txt,2031618,1114112,0.5484
PREPCSV,/mnt/beegfs/ysu34/hamlib/dia_e2e/tfim_16_5.txt,65536,33,spmv,cusparse_csr,7.411,210.541,0.019693,-1
CFILL,/mnt/beegfs/ysu34/hamlib/dia_e2e/tfim_16_5.txt,65536,455,26181618,8950976,0.3419
E2EEVCSV,/mnt/beegfs/ysu34/hamlib/dia_e2e/tfim_16_5.txt,65536,33,1000,5,didx,6.836,8.523,40.481,213.990,5.286,2.436e-07
E2EEVDIAQCSV,/mnt/beegfs/ysu34/hamlib/dia_e2e/tfim_16_5.txt,65536,33,1000,5,0.291,86.742,2.143,2.202e-07
E2EOPCSV,/mnt/beegfs/ysu34/hamlib/dia_e2e/tfim_16_5.txt,65536,33,2,455,26181618,0.276,0.158,-1
E2EOPCSV,/mnt/beegfs/ysu34/hamlib/dia_e2e/tfim_16_5.txt,65536,33,3,3447,182780016,7.764,1.813,-1
E2EOPBUILDCSV,/mnt/beegfs/ysu34/hamlib/dia_e2e/tfim_16_5.txt,65536,5,45471,1968446464,2560.663,2909.530,1.136
E2EOPBUILDCSV,/mnt/beegfs/ysu34/hamlib/dia_e2e/tfim_16_5.txt,65536,5,22736,984256000,258.947,-1,-1
== [3] tfim_18_4 ==
PREPCSV,/mnt/beegfs/ysu34/hamlib/dia_e2e/tfim_18_4.txt,262144,37,spmv,didx,12.081,0.891,0.012001,1081
PREPCSV,/mnt/beegfs/ysu34/hamlib/dia_e2e/tfim_18_4.txt,262144,37,spmv,didx_sym,5.229,1.484,0.009826,683
PREPCSV,/mnt/beegfs/ysu34/hamlib/dia_e2e/tfim_18_4.txt,262144,37,spmv,gopt,13.156,1.136,0.013213,1082
PREPCSV,/mnt/beegfs/ysu34/hamlib/dia_e2e/tfim_18_4.txt,262144,37,spmv,cusparse_csr,33.832,1.793,0.037334,954
PREPCSV,/mnt/beegfs/ysu34/hamlib/dia_e2e/tfim_18_4.txt,262144,37,spmspm,ours_flat,1.103,0.205,0.884074,1
PREPCSV,/mnt/beegfs/ysu34/hamlib/dia_e2e/tfim_18_4.txt,262144,37,spmspm,hm_atomic,35.209,1.688,1.481371,25
PREPCSV,/mnt/beegfs/ysu34/hamlib/dia_e2e/tfim_18_4.txt,262144,37,spmspm,ours_sym,0.383,0.281,-1.000000,-1
PREPCSV,/mnt/beegfs/ysu34/hamlib/dia_e2e/tfim_18_4.txt,262144,37,spmspm,ours_sym,0.383,0.281,0.430463,2
SPMSPMCSV,/mnt/beegfs/ysu34/hamlib/dia_e2e/tfim_18_4.txt,262144,37,583,136183794,ours_flat,0.890649,0.000e+00
SPMSPMCSV,/mnt/beegfs/ysu34/hamlib/dia_e2e/tfim_18_4.txt,262144,37,583,136183794,ours_sym,0.415316,0.000e+00
SPMSPMCSV,/mnt/beegfs/ysu34/hamlib/dia_e2e/tfim_18_4.txt,262144,37,583,136183794,hm_atomic,1.484938,0.000e+00
SPMSPMCSV,/mnt/beegfs/ysu34/hamlib/dia_e2e/tfim_18_4.txt,262144,37,583,136183794,diaq_fp32,30.366997,0.000e+00
SPMSPMCSV,/mnt/beegfs/ysu34/hamlib/dia_e2e/tfim_18_4.txt,262144,37,583,136183794,cusparse_spgemm,15.260466,-1.000e+00
CSRNNZ,/mnt/beegfs/ysu34/hamlib/dia_e2e/tfim_18_4.txt,9175042,4980736,0.5429
PREPCSV,/mnt/beegfs/ysu34/hamlib/dia_e2e/tfim_18_4.txt,262144,37,spmv,cusparse_csr,31.194,238.816,0.036902,-1
CFILL,/mnt/beegfs/ysu34/hamlib/dia_e2e/tfim_18_4.txt,262144,583,136183794,44985808,0.3303
E2EEVCSV,/mnt/beegfs/ysu34/hamlib/dia_e2e/tfim_18_4.txt,262144,37,1000,4,didx,25.759,34.847,68.495,317.090,4.629,2.569e-07
E2EEVDIAQCSV,/mnt/beegfs/ysu34/hamlib/dia_e2e/tfim_18_4.txt,262144,37,1000,4,1.218,149.396,2.181,2.346e-07
E2EOPCSV,/mnt/beegfs/ysu34/hamlib/dia_e2e/tfim_18_4.txt,262144,37,2,583,136183794,0.817,0.915,-1
E2EOPCSV,/mnt/beegfs/ysu34/hamlib/dia_e2e/tfim_18_4.txt,262144,37,3,5155,1121714288,17.655,13.369,-1
# opbuild wall: Unnz=5652348032 (int32 index limit)
E2EOPBUILDCSV,/mnt/beegfs/ysu34/hamlib/dia_e2e/tfim_18_4.txt,262144,4,28143,5652348032,-1,-1,-1
# opbuild(sym) wall: Unnz=2826305088 (int32 index limit)
E2EOPBUILDCSV,/mnt/beegfs/ysu34/hamlib/dia_e2e/tfim_18_4.txt,262144,4,14072,2826305088,-1,-1,-1
== [3] tfim_18_5 ==
PREPCSV,/mnt/beegfs/ysu34/hamlib/dia_e2e/tfim_18_5.txt,262144,37,spmv,didx,10.351,0.879,0.011778,953
PREPCSV,/mnt/beegfs/ysu34/hamlib/dia_e2e/tfim_18_5.txt,262144,37,spmv,didx_sym,5.604,1.485,0.009704,731
PREPCSV,/mnt/beegfs/ysu34/hamlib/dia_e2e/tfim_18_5.txt,262144,37,spmv,gopt,12.664,1.176,0.013076,1058
PREPCSV,/mnt/beegfs/ysu34/hamlib/dia_e2e/tfim_18_5.txt,262144,37,spmv,cusparse_csr,33.574,1.789,0.036881,959
PREPCSV,/mnt/beegfs/ysu34/hamlib/dia_e2e/tfim_18_5.txt,262144,37,spmspm,ours_flat,0.992,0.203,0.883686,1
PREPCSV,/mnt/beegfs/ysu34/hamlib/dia_e2e/tfim_18_5.txt,262144,37,spmspm,hm_atomic,34.952,1.701,1.481117,25
PREPCSV,/mnt/beegfs/ysu34/hamlib/dia_e2e/tfim_18_5.txt,262144,37,spmspm,ours_sym,0.414,0.219,-1.000000,-1
PREPCSV,/mnt/beegfs/ysu34/hamlib/dia_e2e/tfim_18_5.txt,262144,37,spmspm,ours_sym,0.414,0.219,0.431549,1
SPMSPMCSV,/mnt/beegfs/ysu34/hamlib/dia_e2e/tfim_18_5.txt,262144,37,583,136183794,ours_flat,0.892436,0.000e+00
SPMSPMCSV,/mnt/beegfs/ysu34/hamlib/dia_e2e/tfim_18_5.txt,262144,37,583,136183794,ours_sym,0.415190,0.000e+00
SPMSPMCSV,/mnt/beegfs/ysu34/hamlib/dia_e2e/tfim_18_5.txt,262144,37,583,136183794,hm_atomic,1.484802,0.000e+00
SPMSPMCSV,/mnt/beegfs/ysu34/hamlib/dia_e2e/tfim_18_5.txt,262144,37,583,136183794,diaq_fp32,30.358025,0.000e+00
SPMSPMCSV,/mnt/beegfs/ysu34/hamlib/dia_e2e/tfim_18_5.txt,262144,37,583,136183794,cusparse_spgemm,15.273073,-1.000e+00
CSRNNZ,/mnt/beegfs/ysu34/hamlib/dia_e2e/tfim_18_5.txt,9175042,4980736,0.5429
PREPCSV,/mnt/beegfs/ysu34/hamlib/dia_e2e/tfim_18_5.txt,262144,37,spmv,cusparse_csr,30.831,222.327,0.036954,-1
CFILL,/mnt/beegfs/ysu34/hamlib/dia_e2e/tfim_18_5.txt,262144,583,136183794,44985808,0.3303
E2EEVCSV,/mnt/beegfs/ysu34/hamlib/dia_e2e/tfim_18_5.txt,262144,37,1000,5,didx,26.814,34.656,84.222,400.513,4.755,2.569e-07
E2EEVDIAQCSV,/mnt/beegfs/ysu34/hamlib/dia_e2e/tfim_18_5.txt,262144,37,1000,5,1.198,187.752,2.229,2.343e-07
E2EOPCSV,/mnt/beegfs/ysu34/hamlib/dia_e2e/tfim_18_5.txt,262144,37,2,583,136183794,0.824,0.925,-1
E2EOPCSV,/mnt/beegfs/ysu34/hamlib/dia_e2e/tfim_18_5.txt,262144,37,3,5155,1121714288,17.551,13.486,-1
# opbuild wall: Unnz=18243132416 (int32 index limit)
E2EOPBUILDCSV,/mnt/beegfs/ysu34/hamlib/dia_e2e/tfim_18_5.txt,262144,5,99695,18243132416,-1,-1,-1
# opbuild(sym) wall: Unnz=9121697280 (int32 index limit)
E2EOPBUILDCSV,/mnt/beegfs/ysu34/hamlib/dia_e2e/tfim_18_5.txt,262144,5,49848,9121697280,-1,-1,-1
== [3] tfim_20_5 ==
PREPCSV,/mnt/beegfs/ysu34/hamlib/dia_e2e/tfim_20_5.txt,1048576,41,spmv,didx,100.098,3.484,0.058401,1774
PREPCSV,/mnt/beegfs/ysu34/hamlib/dia_e2e/tfim_20_5.txt,1048576,41,spmv,didx_sym,28.225,5.723,0.041343,821
PREPCSV,/mnt/beegfs/ysu34/hamlib/dia_e2e/tfim_20_5.txt,1048576,41,spmv,gopt,54.826,4.161,0.054906,1074
PREPCSV,/mnt/beegfs/ysu34/hamlib/dia_e2e/tfim_20_5.txt,1048576,41,spmv,cusparse_csr,144.409,6.124,0.109444,1375
PREPCSV,/mnt/beegfs/ysu34/hamlib/dia_e2e/tfim_20_5.txt,1048576,41,spmspm,ours_flat,4.177,0.422,4.733741,1
PREPCSV,/mnt/beegfs/ysu34/hamlib/dia_e2e/tfim_20_5.txt,1048576,41,spmspm,hm_atomic,176.152,6.033,7.705223,24
PREPCSV,/mnt/beegfs/ysu34/hamlib/dia_e2e/tfim_20_5.txt,1048576,41,spmspm,ours_sym,1.815,1.681,-1.000000,-1
PREPCSV,/mnt/beegfs/ysu34/hamlib/dia_e2e/tfim_20_5.txt,1048576,41,spmspm,ours_sym,1.815,1.681,2.344070,1
SPMSPMCSV,/mnt/beegfs/ysu34/hamlib/dia_e2e/tfim_20_5.txt,1048576,41,727,687341554,ours_flat,4.760865,0.000e+00
SPMSPMCSV,/mnt/beegfs/ysu34/hamlib/dia_e2e/tfim_20_5.txt,1048576,41,727,687341554,ours_sym,2.337832,0.000e+00
SPMSPMCSV,/mnt/beegfs/ysu34/hamlib/dia_e2e/tfim_20_5.txt,1048576,41,727,687341554,hm_atomic,7.742765,0.000e+00
SPMSPMCSV,/mnt/beegfs/ysu34/hamlib/dia_e2e/tfim_20_5.txt,1048576,41,727,687341554,diaq_fp32,146.547455,0.000e+00
SPMSPMCSV,/mnt/beegfs/ysu34/hamlib/dia_e2e/tfim_20_5.txt,1048576,41,727,687341554,cusparse_spgemm,68.831497,-1.000e+00
CSRNNZ,/mnt/beegfs/ysu34/hamlib/dia_e2e/tfim_20_5.txt,40894466,22020096,0.5385
PREPCSV,/mnt/beegfs/ysu34/hamlib/dia_e2e/tfim_20_5.txt,1048576,41,spmv,cusparse_csr,135.866,233.181,0.109557,-1
CFILL,/mnt/beegfs/ysu34/hamlib/dia_e2e/tfim_20_5.txt,1048576,727,687341554,220860576,0.3213
E2EEVCSV,/mnt/beegfs/ysu34/hamlib/dia_e2e/tfim_20_5.txt,1048576,41,1000,5,didx,162.344,146.355,415.735,1244.370,2.993,2.691e-07
E2EEVDIAQCSV,/mnt/beegfs/ysu34/hamlib/dia_e2e/tfim_20_5.txt,1048576,41,1000,5,4.806,818.332,1.968,2.462e-07
E2EOPCSV,/mnt/beegfs/ysu34/hamlib/dia_e2e/tfim_20_5.txt,1048576,41,2,727,687341554,3.909,4.817,-1
E2EOPCSV,/mnt/beegfs/ysu34/hamlib/dia_e2e/tfim_20_5.txt,1048576,41,3,7359,6535774320,54.719,89.922,-1
# opbuild wall: Unnz=151712177152 (int32 index limit)
E2EOPBUILDCSV,/mnt/beegfs/ysu34/hamlib/dia_e2e/tfim_20_5.txt,1048576,5,198479,151712177152,-1,-1,-1
# opbuild(sym) wall: Unnz=75856612864 (int32 index limit)
E2EOPBUILDCSV,/mnt/beegfs/ysu34/hamlib/dia_e2e/tfim_20_5.txt,1048576,5,99240,75856612864,-1,-1,-1
== [3] tsp_18_4 ==
PREPCSV,/mnt/beegfs/ysu34/hamlib/dia_e2e/tsp_18_4.txt,262144,1,spmv,didx,0.986,0.214,0.003562,337
PREPCSV,/mnt/beegfs/ysu34/hamlib/dia_e2e/tsp_18_4.txt,262144,1,spmv,didx_sym,0.312,0.223,0.003514,152
PREPCSV,/mnt/beegfs/ysu34/hamlib/dia_e2e/tsp_18_4.txt,262144,1,spmv,gopt,0.461,0.110,0.003181,179
PREPCSV,/mnt/beegfs/ysu34/hamlib/dia_e2e/tsp_18_4.txt,262144,1,spmv,cusparse_csr,1.076,0.527,0.016687,96
PREPCSV,/mnt/beegfs/ysu34/hamlib/dia_e2e/tsp_18_4.txt,262144,1,spmspm,ours_flat,0.152,0.067,0.004604,48
PREPCSV,/mnt/beegfs/ysu34/hamlib/dia_e2e/tsp_18_4.txt,262144,1,spmspm,hm_atomic,0.510,0.197,0.005912,120
PREPCSV,/mnt/beegfs/ysu34/hamlib/dia_e2e/tsp_18_4.txt,262144,1,spmspm,ours_sym,0.096,0.065,-1.000000,-1
PREPCSV,/mnt/beegfs/ysu34/hamlib/dia_e2e/tsp_18_4.txt,262144,1,spmspm,ours_sym,0.096,0.065,0.004584,35
SPMSPMCSV,/mnt/beegfs/ysu34/hamlib/dia_e2e/tsp_18_4.txt,262144,1,1,262144,ours_flat,0.004610,0.000e+00
SPMSPMCSV,/mnt/beegfs/ysu34/hamlib/dia_e2e/tsp_18_4.txt,262144,1,1,262144,ours_sym,0.004605,0.000e+00
SPMSPMCSV,/mnt/beegfs/ysu34/hamlib/dia_e2e/tsp_18_4.txt,262144,1,1,262144,hm_atomic,0.005873,0.000e+00
SPMSPMCSV,/mnt/beegfs/ysu34/hamlib/dia_e2e/tsp_18_4.txt,262144,1,1,262144,diaq_fp32,0.343400,0.000e+00
SPMSPMCSV,/mnt/beegfs/ysu34/hamlib/dia_e2e/tsp_18_4.txt,262144,1,1,262144,cusparse_spgemm,1.906432,-1.000e+00
CSRNNZ,/mnt/beegfs/ysu34/hamlib/dia_e2e/tsp_18_4.txt,262144,262144,1.0000
PREPCSV,/mnt/beegfs/ysu34/hamlib/dia_e2e/tsp_18_4.txt,262144,1,spmv,cusparse_csr,1.168,196.583,0.016965,-1
CFILL,/mnt/beegfs/ysu34/hamlib/dia_e2e/tsp_18_4.txt,262144,1,262144,262144,1.0000
E2EEVCSV,/mnt/beegfs/ysu34/hamlib/dia_e2e/tsp_18_4.txt,262144,1,1000,4,stream,0.790,1.857,30.016,152.733,5.088,0.000e+00
E2EEVDIAQCSV,/mnt/beegfs/ysu34/hamlib/dia_e2e/tsp_18_4.txt,262144,1,1000,4,0.113,29.843,0.994,0.000e+00
E2EOPCSV,/mnt/beegfs/ysu34/hamlib/dia_e2e/tsp_18_4.txt,262144,1,2,1,262144,0.002,0.005,-1
E2EOPCSV,/mnt/beegfs/ysu34/hamlib/dia_e2e/tsp_18_4.txt,262144,1,3,1,262144,0.001,0.005,-1
E2EOPBUILDCSV,/mnt/beegfs/ysu34/hamlib/dia_e2e/tsp_18_4.txt,262144,4,1,262144,1.050,2.592,2.469
E2EOPBUILDCSV,/mnt/beegfs/ysu34/hamlib/dia_e2e/tsp_18_4.txt,262144,4,1,262144,0.702,-1,-1
== [3] ecology2 ==
PREPCSV,/mnt/beegfs/ysu34/hamlib/dia_suitesparse/ecology2.txt,999999,7,spmv,didx,10.499,1.104,0.010995,1055
PREPCSV,/mnt/beegfs/ysu34/hamlib/dia_suitesparse/ecology2.txt,999999,7,spmv,didx_sym,5.093,1.291,0.012065,529
PREPCSV,/mnt/beegfs/ysu34/hamlib/dia_suitesparse/ecology2.txt,999999,7,spmv,gopt,8.433,0.725,0.009738,941
PREPCSV,/mnt/beegfs/ysu34/hamlib/dia_suitesparse/ecology2.txt,999999,7,spmv,cusparse_csr,11.094,1.971,0.037864,345
PREPCSV,/mnt/beegfs/ysu34/hamlib/dia_suitesparse/ecology2.txt,999999,7,spmspm,ours_flat,0.671,0.117,0.122843,6
PREPCSV,/mnt/beegfs/ysu34/hamlib/dia_suitesparse/ecology2.txt,999999,7,spmspm,hm_atomic,7.303,1.516,0.213017,41
PREPCSV,/mnt/beegfs/ysu34/hamlib/dia_suitesparse/ecology2.txt,999999,7,spmspm,ours_sym,0.450,0.143,-1.000000,-1
PREPCSV,/mnt/beegfs/ysu34/hamlib/dia_suitesparse/ecology2.txt,999999,7,spmspm,ours_sym,0.450,0.143,0.066976,9
SPMSPMCSV,/mnt/beegfs/ysu34/hamlib/dia_suitesparse/ecology2.txt,999999,7,19,18979985,ours_flat,0.123026,0.000e+00
SPMSPMCSV,/mnt/beegfs/ysu34/hamlib/dia_suitesparse/ecology2.txt,999999,7,19,18979985,ours_sym,0.067011,1.526e-05
SPMSPMCSV,/mnt/beegfs/ysu34/hamlib/dia_suitesparse/ecology2.txt,999999,7,19,18979985,hm_atomic,0.210160,7.629e-06
SPMSPMCSV,/mnt/beegfs/ysu34/hamlib/dia_suitesparse/ecology2.txt,999999,7,19,18979985,diaq_fp32,25.785034,7.629e-06
SPMSPMCSV,/mnt/beegfs/ysu34/hamlib/dia_suitesparse/ecology2.txt,999999,7,19,18979985,cusparse_spgemm,2.813072,-1.000e+00
CSRNNZ,/mnt/beegfs/ysu34/hamlib/dia_suitesparse/ecology2.txt,6995993,4995991,0.7141
PREPCSV,/mnt/beegfs/ysu34/hamlib/dia_suitesparse/ecology2.txt,999999,7,spmv,cusparse_csr,10.657,222.489,0.038222,-1
CFILL,/mnt/beegfs/ysu34/hamlib/dia_suitesparse/ecology2.txt,999999,19,18979985,12979975,0.6839
== [3] atmosmodd ==
PREPCSV,/mnt/beegfs/ysu34/hamlib/dia_suitesparse/atmosmodd.txt,1270432,7,spmv,didx,20.129,1.855,0.025873,850
# didx_sym skipped: non-symmetric or Dup>128
PREPCSV,/mnt/beegfs/ysu34/hamlib/dia_suitesparse/atmosmodd.txt,1270432,7,spmv,gopt,15.100,1.407,0.015568,1060
PREPCSV,/mnt/beegfs/ysu34/hamlib/dia_suitesparse/atmosmodd.txt,1270432,7,spmv,cusparse_csr,16.932,3.025,0.051804,385
PREPCSV,/mnt/beegfs/ysu34/hamlib/dia_suitesparse/atmosmodd.txt,1270432,7,spmspm,ours_flat,1.422,0.145,0.186881,8
PREPCSV,/mnt/beegfs/ysu34/hamlib/dia_suitesparse/atmosmodd.txt,1270432,7,spmspm,hm_atomic,12.700,1.736,0.302874,48
PREPCSV,/mnt/beegfs/ysu34/hamlib/dia_suitesparse/atmosmodd.txt,1270432,7,spmspm,ours_sym,0.547,0.191,-1.000000,-1
PREPCSV,/mnt/beegfs/ysu34/hamlib/dia_suitesparse/atmosmodd.txt,1270432,7,spmspm,ours_sym,0.547,0.191,0.097096,8
SPMSPMCSV,/mnt/beegfs/ysu34/hamlib/dia_suitesparse/atmosmodd.txt,1270432,7,25,31452658,ours_flat,0.187057,0.000e+00
SPMSPMCSV,/mnt/beegfs/ysu34/hamlib/dia_suitesparse/atmosmodd.txt,1270432,7,25,31452658,ours_sym,0.097297,3.760e+06
SPMSPMCSV,/mnt/beegfs/ysu34/hamlib/dia_suitesparse/atmosmodd.txt,1270432,7,25,31452658,hm_atomic,0.303875,1.024e+03
SPMSPMCSV,/mnt/beegfs/ysu34/hamlib/dia_suitesparse/atmosmodd.txt,1270432,7,25,31452658,diaq_fp32,30.612015,1.024e+03
SPMSPMCSV,/mnt/beegfs/ysu34/hamlib/dia_suitesparse/atmosmodd.txt,1270432,7,25,31452658,cusparse_spgemm,4.215178,-1.000e+00
CSRNNZ,/mnt/beegfs/ysu34/hamlib/dia_suitesparse/atmosmodd.txt,8848918,8814880,0.9962
PREPCSV,/mnt/beegfs/ysu34/hamlib/dia_suitesparse/atmosmodd.txt,1270432,7,spmv,cusparse_csr,16.889,229.371,0.052209,-1
CFILL,/mnt/beegfs/ysu34/hamlib/dia_suitesparse/atmosmodd.txt,1270432,25,31452658,31215208,0.9925
== [3] Lin ==
PREPCSV,/mnt/beegfs/ysu34/hamlib/dia_suitesparse/Lin.txt,256000,7,spmv,didx,3.629,0.392,0.005651,712
PREPCSV,/mnt/beegfs/ysu34/hamlib/dia_suitesparse/Lin.txt,256000,7,spmv,didx_sym,1.488,0.391,0.005564,338
PREPCSV,/mnt/beegfs/ysu34/hamlib/dia_suitesparse/Lin.txt,256000,7,spmv,gopt,2.571,0.237,0.005564,505
PREPCSV,/mnt/beegfs/ysu34/hamlib/dia_suitesparse/Lin.txt,256000,7,spmv,cusparse_csr,3.243,0.803,0.021900,185
PREPCSV,/mnt/beegfs/ysu34/hamlib/dia_suitesparse/Lin.txt,256000,7,spmspm,ours_flat,0.178,0.125,0.035795,8
PREPCSV,/mnt/beegfs/ysu34/hamlib/dia_suitesparse/Lin.txt,256000,7,spmspm,hm_atomic,1.749,0.521,0.046059,49
PREPCSV,/mnt/beegfs/ysu34/hamlib/dia_suitesparse/Lin.txt,256000,7,spmspm,ours_sym,0.111,0.113,-1.000000,-1
PREPCSV,/mnt/beegfs/ysu34/hamlib/dia_suitesparse/Lin.txt,256000,7,spmspm,ours_sym,0.111,0.113,0.020986,11
SPMSPMCSV,/mnt/beegfs/ysu34/hamlib/dia_suitesparse/Lin.txt,256000,7,25,6309594,ours_flat,0.035903,0.000e+00
SPMSPMCSV,/mnt/beegfs/ysu34/hamlib/dia_suitesparse/Lin.txt,256000,7,25,6309594,ours_sym,0.021046,6.250e-02
SPMSPMCSV,/mnt/beegfs/ysu34/hamlib/dia_suitesparse/Lin.txt,256000,7,25,6309594,hm_atomic,0.046015,3.125e-02
SPMSPMCSV,/mnt/beegfs/ysu34/hamlib/dia_suitesparse/Lin.txt,256000,7,25,6309594,diaq_fp32,5.020329,3.125e-02
SPMSPMCSV,/mnt/beegfs/ysu34/hamlib/dia_suitesparse/Lin.txt,256000,7,25,6309594,cusparse_spgemm,2.176250,-1.000e+00
CSRNNZ,/mnt/beegfs/ysu34/hamlib/dia_suitesparse/Lin.txt,1779038,1766400,0.9929
PREPCSV,/mnt/beegfs/ysu34/hamlib/dia_suitesparse/Lin.txt,256000,7,spmv,cusparse_csr,3.149,214.556,0.022358,-1
CFILL,/mnt/beegfs/ysu34/hamlib/dia_suitesparse/Lin.txt,256000,25,6309594,6221600,0.9861
wrote /home/ysu34/DiaGPU/sim/paper_bench/../../results/paper_tables/spmv_main.csv (25 rows)
wrote /home/ysu34/DiaGPU/sim/paper_bench/../../results/paper_tables/spmspm_main.csv (23 rows)
wrote /home/ysu34/DiaGPU/sim/paper_bench/../../results/paper_tables/e2e_main.csv (22 rows)
done.
== PAPER SET DONE 2026-08-01T12:12:22-04:00
