host=c29 2026-08-02T03:30:47-04:00 DIA_TRIM=1e-8 reps=3
== rebuild (dia_io trim hook) ==
== [trim 1] BH_20_7 ==
# DIA_TRIM 1e-08: D 127 -> 109
PREPCSV,/mnt/beegfs/ysu34/hamlib/dia_e2e/BH_20_7.txt,1048576,109,spmv,didx,111.118,2.189,0.034307,3303
PREPCSV,/mnt/beegfs/ysu34/hamlib/dia_e2e/BH_20_7.txt,1048576,109,spmv,didx_sym,49.483,13.015,0.038108,1640
PREPCSV,/mnt/beegfs/ysu34/hamlib/dia_e2e/BH_20_7.txt,1048576,109,spmv,gopt,123.791,7.038,0.094494,1385
PREPCSV,/mnt/beegfs/ysu34/hamlib/dia_e2e/BH_20_7.txt,1048576,109,spmspm,ours_flat,21.980,1.622,32.225086,1
PREPCSV,/mnt/beegfs/ysu34/hamlib/dia_e2e/BH_20_7.txt,1048576,109,spmspm,ours_sym,8.347,8.128,-1.000000,-1
PREPCSV,/mnt/beegfs/ysu34/hamlib/dia_e2e/BH_20_7.txt,1048576,109,spmspm,ours_sym,8.347,8.128,16.178114,1
# DIA_TRIM 1e-08: D 127 -> 109
SPMSPMCSV,/mnt/beegfs/ysu34/hamlib/dia_e2e/BH_20_7.txt,1048576,109,4193,3845136356,ours_flat,32.597355,0.000e+00
SPMSPMCSV,/mnt/beegfs/ysu34/hamlib/dia_e2e/BH_20_7.txt,1048576,109,4193,3845136356,ours_sym,15.884483,7.629e-06
# DIA_TRIM 1e-08: D 127 -> 109
CFILL,/mnt/beegfs/ysu34/hamlib/dia_e2e/BH_20_7.txt,1048576,4193,3845136356,67357840,0.0175
# DIA_TRIM 1e-08: D 127 -> 109
E2EEVCSV,/mnt/beegfs/ysu34/hamlib/dia_e2e/BH_20_7.txt,1048576,109,1000,7,didx,236.493,0.000,360.841,-1.000,-1.000,-1.000e+00
E2EOPCSV,/mnt/beegfs/ysu34/hamlib/dia_e2e/BH_20_7.txt,1048576,109,2,4193,3845136356,22.622,31.046,-1
E2EOPCSV,/mnt/beegfs/ysu34/hamlib/dia_e2e/BH_20_7.txt,1048576,109,3,69149,57210924982,-1,-1,-1
# opbuild wall: Unnz=1099483316224 (int32 index limit)
E2EOPBUILDCSV,/mnt/beegfs/ysu34/hamlib/dia_e2e/BH_20_7.txt,1048576,7,2096863,1099483316224,-1,-1,-1
# opbuild(sym) wall: Unnz=549742182400 (int32 index limit)
E2EOPBUILDCSV,/mnt/beegfs/ysu34/hamlib/dia_e2e/BH_20_7.txt,1048576,7,1048432,549742182400,-1,-1,-1
== [trim 1] bhc_16_7 ==
# DIA_TRIM 1e-08: D 99 -> 85
PREPCSV,/mnt/beegfs/ysu34/hamlib/dia_e2e/bhc_16_7.txt,65536,85,spmv,didx,4.439,0.202,0.004943,939
PREPCSV,/mnt/beegfs/ysu34/hamlib/dia_e2e/bhc_16_7.txt,65536,85,spmv,didx_sym,2.372,0.542,0.004913,593
PREPCSV,/mnt/beegfs/ysu34/hamlib/dia_e2e/bhc_16_7.txt,65536,85,spmv,gopt,7.311,0.500,0.023364,334
PREPCSV,/mnt/beegfs/ysu34/hamlib/dia_e2e/bhc_16_7.txt,65536,85,spmspm,ours_flat,2.189,0.224,0.905065,3
PREPCSV,/mnt/beegfs/ysu34/hamlib/dia_e2e/bhc_16_7.txt,65536,85,spmspm,ours_sym,0.388,0.864,-1.000000,-1
PREPCSV,/mnt/beegfs/ysu34/hamlib/dia_e2e/bhc_16_7.txt,65536,85,spmspm,ours_sym,0.388,0.864,0.450464,3
# DIA_TRIM 1e-08: D 99 -> 85
SPMSPMCSV,/mnt/beegfs/ysu34/hamlib/dia_e2e/bhc_16_7.txt,65536,85,2309,126547940,ours_flat,0.905265,0.000e+00
SPMSPMCSV,/mnt/beegfs/ysu34/hamlib/dia_e2e/bhc_16_7.txt,65536,85,2309,126547940,ours_sym,0.450499,7.629e-06
# DIA_TRIM 1e-08: D 99 -> 85
CFILL,/mnt/beegfs/ysu34/hamlib/dia_e2e/bhc_16_7.txt,65536,2309,126547940,2698476,0.0213
# DIA_TRIM 1e-08: D 99 -> 85
E2EEVCSV,/mnt/beegfs/ysu34/hamlib/dia_e2e/bhc_16_7.txt,65536,85,1000,7,didx,11.573,0.000,56.001,-1.000,-1.000,-1.000e+00
E2EOPCSV,/mnt/beegfs/ysu34/hamlib/dia_e2e/bhc_16_7.txt,65536,85,2,2309,126547940,2.157,0.906,-1
E2EOPCSV,/mnt/beegfs/ysu34/hamlib/dia_e2e/bhc_16_7.txt,65536,85,3,23145,1093998518,276.794,22.293,-1
# opbuild wall: Unnz=4294967296 (int32 index limit)
E2EOPBUILDCSV,/mnt/beegfs/ysu34/hamlib/dia_e2e/bhc_16_7.txt,65536,7,131071,4294967296,-1,-1,-1
# opbuild(sym) wall: Unnz=2147516416 (int32 index limit)
E2EOPBUILDCSV,/mnt/beegfs/ysu34/hamlib/dia_e2e/bhc_16_7.txt,65536,7,65536,2147516416,-1,-1,-1
== [trim 1] bhc_18_7 ==
# DIA_TRIM 1e-08: D 112 -> 97
PREPCSV,/mnt/beegfs/ysu34/hamlib/dia_e2e/bhc_18_7.txt,262144,97,spmv,didx,21.765,0.639,0.009807,2284
PREPCSV,/mnt/beegfs/ysu34/hamlib/dia_e2e/bhc_18_7.txt,262144,97,spmv,didx_sym,10.858,2.986,0.008964,1544
PREPCSV,/mnt/beegfs/ysu34/hamlib/dia_e2e/bhc_18_7.txt,262144,97,spmv,gopt,28.393,1.921,0.037837,801
PREPCSV,/mnt/beegfs/ysu34/hamlib/dia_e2e/bhc_18_7.txt,262144,97,spmspm,ours_flat,5.862,0.405,5.677072,1
PREPCSV,/mnt/beegfs/ysu34/hamlib/dia_e2e/bhc_18_7.txt,262144,97,spmspm,ours_sym,1.714,3.308,-1.000000,-1
PREPCSV,/mnt/beegfs/ysu34/hamlib/dia_e2e/bhc_18_7.txt,262144,97,spmspm,ours_sym,1.714,3.308,2.682551,2
# DIA_TRIM 1e-08: D 112 -> 97
SPMSPMCSV,/mnt/beegfs/ysu34/hamlib/dia_e2e/bhc_18_7.txt,262144,97,3179,714866660,ours_flat,5.653552,0.000e+00
SPMSPMCSV,/mnt/beegfs/ysu34/hamlib/dia_e2e/bhc_18_7.txt,262144,97,3179,714866660,ours_sym,2.686691,7.629e-06
# DIA_TRIM 1e-08: D 112 -> 97
CFILL,/mnt/beegfs/ysu34/hamlib/dia_e2e/bhc_18_7.txt,262144,3179,714866660,13654928,0.0191
# DIA_TRIM 1e-08: D 112 -> 97
E2EEVCSV,/mnt/beegfs/ysu34/hamlib/dia_e2e/bhc_18_7.txt,262144,97,1000,7,didx,48.781,0.000,96.076,-1.000,-1.000,-1.000e+00
E2EOPCSV,/mnt/beegfs/ysu34/hamlib/dia_e2e/bhc_18_7.txt,262144,97,2,3179,714866660,5.801,5.620,-1
E2EOPCSV,/mnt/beegfs/ysu34/hamlib/dia_e2e/bhc_18_7.txt,262144,97,3,41827,8323076022,769.745,186.168,-1
# opbuild wall: Unnz=68719476736 (int32 index limit)
E2EOPBUILDCSV,/mnt/beegfs/ysu34/hamlib/dia_e2e/bhc_18_7.txt,262144,7,524287,68719476736,-1,-1,-1
# opbuild(sym) wall: Unnz=34359869440 (int32 index limit)
E2EOPBUILDCSV,/mnt/beegfs/ysu34/hamlib/dia_e2e/bhc_18_7.txt,262144,7,262144,34359869440,-1,-1,-1
== [trim 1] bhD1_18_7 ==
# DIA_TRIM 1e-08: D 112 -> 97
PREPCSV,/mnt/beegfs/ysu34/hamlib/dia_e2e/bhD1_18_7.txt,262144,97,spmv,didx,22.392,0.636,0.009668,2382
PREPCSV,/mnt/beegfs/ysu34/hamlib/dia_e2e/bhD1_18_7.txt,262144,97,spmv,didx_sym,10.798,3.007,0.008815,1566
PREPCSV,/mnt/beegfs/ysu34/hamlib/dia_e2e/bhD1_18_7.txt,262144,97,spmv,gopt,28.640,1.950,0.037821,809
PREPCSV,/mnt/beegfs/ysu34/hamlib/dia_e2e/bhD1_18_7.txt,262144,97,spmspm,ours_flat,5.980,0.405,5.643971,1
PREPCSV,/mnt/beegfs/ysu34/hamlib/dia_e2e/bhD1_18_7.txt,262144,97,spmspm,ours_sym,1.714,2.375,-1.000000,-1
PREPCSV,/mnt/beegfs/ysu34/hamlib/dia_e2e/bhD1_18_7.txt,262144,97,spmspm,ours_sym,1.714,2.375,2.684965,2
# DIA_TRIM 1e-08: D 112 -> 97
SPMSPMCSV,/mnt/beegfs/ysu34/hamlib/dia_e2e/bhD1_18_7.txt,262144,97,3179,714866660,ours_flat,5.656273,0.000e+00
SPMSPMCSV,/mnt/beegfs/ysu34/hamlib/dia_e2e/bhD1_18_7.txt,262144,97,3179,714866660,ours_sym,2.694741,7.629e-06
# DIA_TRIM 1e-08: D 112 -> 97
CFILL,/mnt/beegfs/ysu34/hamlib/dia_e2e/bhD1_18_7.txt,262144,3179,714866660,13654928,0.0191
# DIA_TRIM 1e-08: D 112 -> 97
E2EEVCSV,/mnt/beegfs/ysu34/hamlib/dia_e2e/bhD1_18_7.txt,262144,97,1000,7,didx,48.887,0.000,98.571,-1.000,-1.000,-1.000e+00
E2EOPCSV,/mnt/beegfs/ysu34/hamlib/dia_e2e/bhD1_18_7.txt,262144,97,2,3179,714866660,5.759,5.606,-1
E2EOPCSV,/mnt/beegfs/ysu34/hamlib/dia_e2e/bhD1_18_7.txt,262144,97,3,41827,8323076022,773.234,186.548,-1
# opbuild wall: Unnz=68719476736 (int32 index limit)
E2EOPBUILDCSV,/mnt/beegfs/ysu34/hamlib/dia_e2e/bhD1_18_7.txt,262144,7,524287,68719476736,-1,-1,-1
# opbuild(sym) wall: Unnz=34359869440 (int32 index limit)
E2EOPBUILDCSV,/mnt/beegfs/ysu34/hamlib/dia_e2e/bhD1_18_7.txt,262144,7,262144,34359869440,-1,-1,-1
== [trim 1] C2c_18_4 ==
# DIA_TRIM 1e-08: D 9971 -> 7407
PREPCSV,/mnt/beegfs/ysu34/hamlib/dia_e2e/C2c_18_4.txt,262144,7407,spmv,didx,1210.142,4.577,0.702408,1729
# didx_sym skipped: non-symmetric or Dup>128
PREPCSV,/mnt/beegfs/ysu34/hamlib/dia_e2e/C2c_18_4.txt,262144,7407,spmv,gopt,1335.950,39.139,1.114639,1234
CUDA prep_driver.cu:324 out of memory
# DIA_TRIM 1e-08: D 9971 -> 7407
CUDA spmspm_driver.cu:94 out of memory
# DIA_TRIM 1e-08: D 9971 -> 7407
CFILL,/mnt/beegfs/ysu34/hamlib/dia_e2e/C2c_18_4.txt,262144,469211,64490628022,-1,OOM
# DIA_TRIM 1e-08: D 9971 -> 7407
E2EEVCSV,/mnt/beegfs/ysu34/hamlib/dia_e2e/C2c_18_4.txt,262144,7407,1000,4,gopt,1543.416,0.000,4981.154,-1.000,-1.000,-1.000e+00
E2EOPCSV,/mnt/beegfs/ysu34/hamlib/dia_e2e/C2c_18_4.txt,262144,7407,2,469211,64490628022,-1,-1,-1
# opbuild wall: Unnz=68719476736 (int32 index limit)
E2EOPBUILDCSV,/mnt/beegfs/ysu34/hamlib/dia_e2e/C2c_18_4.txt,262144,4,524287,68719476736,-1,-1,-1
# opbuild(sym) wall: Unnz=34359869440 (int32 index limit)
E2EOPBUILDCSV,/mnt/beegfs/ysu34/hamlib/dia_e2e/C2c_18_4.txt,262144,4,262144,34359869440,-1,-1,-1
== [trim 1] fermi_16_5 ==
PREPCSV,/mnt/beegfs/ysu34/hamlib/dia_e2e/fermi_16_5.txt,65536,29,spmv,didx,2.029,0.173,0.004710,467
PREPCSV,/mnt/beegfs/ysu34/hamlib/dia_e2e/fermi_16_5.txt,65536,29,spmv,didx_sym,0.988,0.281,0.004810,264
PREPCSV,/mnt/beegfs/ysu34/hamlib/dia_e2e/fermi_16_5.txt,65536,29,spmv,gopt,2.988,0.203,0.010715,298
PREPCSV,/mnt/beegfs/ysu34/hamlib/dia_e2e/fermi_16_5.txt,65536,29,spmspm,ours_flat,0.240,0.115,0.130043,3
PREPCSV,/mnt/beegfs/ysu34/hamlib/dia_e2e/fermi_16_5.txt,65536,29,spmspm,ours_sym,0.077,0.106,-1.000000,-1
PREPCSV,/mnt/beegfs/ysu34/hamlib/dia_e2e/fermi_16_5.txt,65536,29,spmspm,ours_sym,0.077,0.106,0.068737,3
SPMSPMCSV,/mnt/beegfs/ysu34/hamlib/dia_e2e/fermi_16_5.txt,65536,29,353,21513010,ours_flat,0.129943,0.000e+00
SPMSPMCSV,/mnt/beegfs/ysu34/hamlib/dia_e2e/fermi_16_5.txt,65536,29,353,21513010,ours_sym,0.068673,0.000e+00
CFILL,/mnt/beegfs/ysu34/hamlib/dia_e2e/fermi_16_5.txt,65536,353,21513010,2136996,0.0993
E2EEVCSV,/mnt/beegfs/ysu34/hamlib/dia_e2e/fermi_16_5.txt,65536,29,1000,5,didx,5.249,0.000,38.870,-1.000,-1.000,-1.000e+00
E2EOPCSV,/mnt/beegfs/ysu34/hamlib/dia_e2e/fermi_16_5.txt,65536,29,2,353,21513010,0.190,0.130,-1
E2EOPCSV,/mnt/beegfs/ysu34/hamlib/dia_e2e/fermi_16_5.txt,65536,29,3,2377,138741682,4.633,1.347,-1
E2EOPBUILDCSV,/mnt/beegfs/ysu34/hamlib/dia_e2e/fermi_16_5.txt,65536,5,27547,1419565488,1315.891,1474.283,1.120
E2EOPBUILDCSV,/mnt/beegfs/ysu34/hamlib/dia_e2e/fermi_16_5.txt,65536,5,13774,709815512,115.436,-1,-1
== [trim 1] fermi_18_5 ==
PREPCSV,/mnt/beegfs/ysu34/hamlib/dia_e2e/fermi_18_5.txt,262144,33,spmv,didx,8.183,0.575,0.008326,1052
PREPCSV,/mnt/beegfs/ysu34/hamlib/dia_e2e/fermi_18_5.txt,262144,33,spmv,didx_sym,4.406,1.276,0.008103,701
PREPCSV,/mnt/beegfs/ysu34/hamlib/dia_e2e/fermi_18_5.txt,262144,33,spmv,gopt,11.183,0.852,0.011775,1022
PREPCSV,/mnt/beegfs/ysu34/hamlib/dia_e2e/fermi_18_5.txt,262144,33,spmspm,ours_flat,0.822,0.159,0.733167,1
PREPCSV,/mnt/beegfs/ysu34/hamlib/dia_e2e/fermi_18_5.txt,262144,33,spmspm,ours_sym,0.344,0.432,-1.000000,-1
PREPCSV,/mnt/beegfs/ysu34/hamlib/dia_e2e/fermi_18_5.txt,262144,33,spmspm,ours_sym,0.344,0.432,0.344621,2
SPMSPMCSV,/mnt/beegfs/ysu34/hamlib/dia_e2e/fermi_18_5.txt,262144,33,465,114362994,ours_flat,0.733194,0.000e+00
SPMSPMCSV,/mnt/beegfs/ysu34/hamlib/dia_e2e/fermi_18_5.txt,262144,33,465,114362994,ours_sym,0.346725,0.000e+00
CFILL,/mnt/beegfs/ysu34/hamlib/dia_e2e/fermi_18_5.txt,262144,465,114362994,11141120,0.0974
E2EEVCSV,/mnt/beegfs/ysu34/hamlib/dia_e2e/fermi_18_5.txt,262144,33,1000,5,didx,20.346,0.000,63.867,-1.000,-1.000,-1.000e+00
E2EOPCSV,/mnt/beegfs/ysu34/hamlib/dia_e2e/fermi_18_5.txt,262144,33,2,465,114362994,0.644,0.737,-1
E2EOPCSV,/mnt/beegfs/ysu34/hamlib/dia_e2e/fermi_18_5.txt,262144,33,3,3689,873993202,10.921,10.082,-1
# opbuild wall: Unnz=13140458992 (int32 index limit)
E2EOPBUILDCSV,/mnt/beegfs/ysu34/hamlib/dia_e2e/fermi_18_5.txt,262144,5,61463,13140458992,-1,-1,-1
# opbuild(sym) wall: Unnz=6570360568 (int32 index limit)
E2EOPBUILDCSV,/mnt/beegfs/ysu34/hamlib/dia_e2e/fermi_18_5.txt,262144,5,30732,6570360568,-1,-1,-1
== [trim 1] fermi_20_5 ==
PREPCSV,/mnt/beegfs/ysu34/hamlib/dia_e2e/fermi_20_5.txt,1048576,37,spmv,didx,55.203,2.019,0.030891,1852
PREPCSV,/mnt/beegfs/ysu34/hamlib/dia_e2e/fermi_20_5.txt,1048576,37,spmv,didx_sym,19.871,5.154,0.030759,814
PREPCSV,/mnt/beegfs/ysu34/hamlib/dia_e2e/fermi_20_5.txt,1048576,37,spmv,gopt,48.848,3.320,0.042996,1213
PREPCSV,/mnt/beegfs/ysu34/hamlib/dia_e2e/fermi_20_5.txt,1048576,37,spmspm,ours_flat,3.478,0.361,3.946135,1
PREPCSV,/mnt/beegfs/ysu34/hamlib/dia_e2e/fermi_20_5.txt,1048576,37,spmspm,ours_sym,1.609,0.568,-1.000000,-1
PREPCSV,/mnt/beegfs/ysu34/hamlib/dia_e2e/fermi_20_5.txt,1048576,37,spmspm,ours_sym,1.609,0.568,1.962083,1
SPMSPMCSV,/mnt/beegfs/ysu34/hamlib/dia_e2e/fermi_20_5.txt,1048576,37,593,587472114,ours_flat,3.960220,0.000e+00
SPMSPMCSV,/mnt/beegfs/ysu34/hamlib/dia_e2e/fermi_20_5.txt,1048576,37,593,587472114,ours_sym,1.949775,0.000e+00
CFILL,/mnt/beegfs/ysu34/hamlib/dia_e2e/fermi_20_5.txt,1048576,593,587472114,53318432,0.0908
E2EEVCSV,/mnt/beegfs/ysu34/hamlib/dia_e2e/fermi_20_5.txt,1048576,37,1000,5,didx,101.369,0.000,231.095,-1.000,-1.000,-1.000e+00
E2EOPCSV,/mnt/beegfs/ysu34/hamlib/dia_e2e/fermi_20_5.txt,1048576,37,2,593,587472114,2.824,3.989,-1
E2EOPCSV,/mnt/beegfs/ysu34/hamlib/dia_e2e/fermi_20_5.txt,1048576,37,3,5433,5208293746,39.926,69.605,-1
# opbuild wall: Unnz=110337036656 (int32 index limit)
E2EOPBUILDCSV,/mnt/beegfs/ysu34/hamlib/dia_e2e/fermi_20_5.txt,1048576,5,125523,110337036656,-1,-1,-1
# opbuild(sym) wall: Unnz=55169042616 (int32 index limit)
E2EOPBUILDCSV,/mnt/beegfs/ysu34/hamlib/dia_e2e/fermi_20_5.txt,1048576,5,62762,55169042616,-1,-1,-1
== [trim 1] fermiFH_18_4 ==
PREPCSV,/mnt/beegfs/ysu34/hamlib/dia_e2e/fermiFH_18_4.txt,262144,64,spmv,didx,15.228,0.576,0.008219,1923
PREPCSV,/mnt/beegfs/ysu34/hamlib/dia_e2e/fermiFH_18_4.txt,262144,64,spmv,didx_sym,7.501,2.109,0.008214,1170
PREPCSV,/mnt/beegfs/ysu34/hamlib/dia_e2e/fermiFH_18_4.txt,262144,64,spmv,gopt,19.116,1.305,0.016354,1249
PREPCSV,/mnt/beegfs/ysu34/hamlib/dia_e2e/fermiFH_18_4.txt,262144,64,spmspm,ours_flat,2.644,0.311,2.656238,1
PREPCSV,/mnt/beegfs/ysu34/hamlib/dia_e2e/fermiFH_18_4.txt,262144,64,spmspm,ours_sym,0.871,2.147,-1.000000,-1
PREPCSV,/mnt/beegfs/ysu34/hamlib/dia_e2e/fermiFH_18_4.txt,262144,64,spmspm,ours_sym,0.871,2.147,1.240856,2
SPMSPMCSV,/mnt/beegfs/ysu34/hamlib/dia_e2e/fermiFH_18_4.txt,262144,64,1549,366904380,ours_flat,2.640009,0.000e+00
SPMSPMCSV,/mnt/beegfs/ysu34/hamlib/dia_e2e/fermiFH_18_4.txt,262144,64,1549,366904380,ours_sym,1.237673,0.000e+00
CFILL,/mnt/beegfs/ysu34/hamlib/dia_e2e/fermiFH_18_4.txt,262144,1549,366904380,9043964,0.0246
E2EEVCSV,/mnt/beegfs/ysu34/hamlib/dia_e2e/fermiFH_18_4.txt,262144,64,1000,4,didx,35.479,0.000,49.181,-1.000,-1.000,-1.000e+00
E2EOPCSV,/mnt/beegfs/ysu34/hamlib/dia_e2e/fermiFH_18_4.txt,262144,64,2,1549,366904380,2.394,2.623,-1
E2EOPCSV,/mnt/beegfs/ysu34/hamlib/dia_e2e/fermiFH_18_4.txt,262144,64,3,17353,3771787488,136.083,62.143,-1
# opbuild wall: Unnz=18912431872 (int32 index limit)
E2EOPBUILDCSV,/mnt/beegfs/ysu34/hamlib/dia_e2e/fermiFH_18_4.txt,262144,4,98163,18912431872,-1,-1,-1
# opbuild(sym) wall: Unnz=9456347008 (int32 index limit)
E2EOPBUILDCSV,/mnt/beegfs/ysu34/hamlib/dia_e2e/fermiFH_18_4.txt,262144,4,49082,9456347008,-1,-1,-1
== [trim 1] H8c_16_4 ==
# DIA_TRIM 1e-08: D 8887 -> 6921
PREPCSV,/mnt/beegfs/ysu34/hamlib/dia_e2e/H8c_16_4.txt,65536,6921,spmv,didx,259.510,1.901,0.214280,1220
# didx_sym skipped: non-symmetric or Dup>128
PREPCSV,/mnt/beegfs/ysu34/hamlib/dia_e2e/H8c_16_4.txt,65536,6921,spmv,gopt,306.551,14.363,1.269957,253
PREPCSV,/mnt/beegfs/ysu34/hamlib/dia_e2e/H8c_16_4.txt,65536,6921,spmspm,ours_flat,4423.907,41.917,4486.864746,1
PREPCSV,/mnt/beegfs/ysu34/hamlib/dia_e2e/H8c_16_4.txt,65536,6921,spmspm,ours_sym,456.931,23.244,-1.000000,-1
PREPCSV,/mnt/beegfs/ysu34/hamlib/dia_e2e/H8c_16_4.txt,65536,6921,spmspm,ours_sym,456.931,23.244,2221.734375,0
# DIA_TRIM 1e-08: D 8887 -> 6921
SPMSPMCSV,/mnt/beegfs/ysu34/hamlib/dia_e2e/H8c_16_4.txt,65536,6921,65535,2147483648,ours_flat,4478.755859,0.000e+00
SPMSPMCSV,/mnt/beegfs/ysu34/hamlib/dia_e2e/H8c_16_4.txt,65536,6921,65535,2147483648,ours_sym,2219.302979,6.104e-05
# DIA_TRIM 1e-08: D 8887 -> 6921
CFILL,/mnt/beegfs/ysu34/hamlib/dia_e2e/H8c_16_4.txt,65536,65535,2147483648,64527360,0.0300
# DIA_TRIM 1e-08: D 8887 -> 6921
E2EEVCSV,/mnt/beegfs/ysu34/hamlib/dia_e2e/H8c_16_4.txt,65536,6921,1000,4,gopt,335.201,0.000,5715.685,-1.000,-1.000,-1.000e+00
E2EOPCSV,/mnt/beegfs/ysu34/hamlib/dia_e2e/H8c_16_4.txt,65536,6921,2,65535,2147483648,4128.821,4477.128,-1
E2EOPCSV,/mnt/beegfs/ysu34/hamlib/dia_e2e/H8c_16_4.txt,65536,6921,3,65535,2147483648,18298.542,32330.400,-1
# opbuild wall: Unnz=2147483648 (int32 index limit)
E2EOPBUILDCSV,/mnt/beegfs/ysu34/hamlib/dia_e2e/H8c_16_4.txt,65536,4,65535,2147483648,-1,-1,-1
E2EOPBUILDCSV,/mnt/beegfs/ysu34/hamlib/dia_e2e/H8c_16_4.txt,65536,4,32768,1073774592,40552.945,-1,-1
== [trim 1] heis_16_5 ==
PREPCSV,/mnt/beegfs/ysu34/hamlib/dia_e2e/heis_16_5.txt,65536,31,spmv,didx,3.129,0.181,0.004803,689
PREPCSV,/mnt/beegfs/ysu34/hamlib/dia_e2e/heis_16_5.txt,65536,31,spmv,didx_sym,1.014,0.290,0.004861,268
PREPCSV,/mnt/beegfs/ysu34/hamlib/dia_e2e/heis_16_5.txt,65536,31,spmv,gopt,3.244,0.222,0.011579,299
PREPCSV,/mnt/beegfs/ysu34/hamlib/dia_e2e/heis_16_5.txt,65536,31,spmspm,ours_flat,0.275,0.114,0.147601,3
PREPCSV,/mnt/beegfs/ysu34/hamlib/dia_e2e/heis_16_5.txt,65536,31,spmspm,ours_sym,0.083,0.113,-1.000000,-1
PREPCSV,/mnt/beegfs/ysu34/hamlib/dia_e2e/heis_16_5.txt,65536,31,spmspm,ours_sym,0.083,0.113,0.077478,3
SPMSPMCSV,/mnt/beegfs/ysu34/hamlib/dia_e2e/heis_16_5.txt,65536,31,399,24395762,ours_flat,0.147634,0.000e+00
SPMSPMCSV,/mnt/beegfs/ysu34/hamlib/dia_e2e/heis_16_5.txt,65536,31,399,24395762,ours_sym,0.077482,0.000e+00
CFILL,/mnt/beegfs/ysu34/hamlib/dia_e2e/heis_16_5.txt,65536,399,24395762,2497616,0.1024
E2EEVCSV,/mnt/beegfs/ysu34/hamlib/dia_e2e/heis_16_5.txt,65536,31,1000,5,didx,5.446,0.000,39.396,-1.000,-1.000,-1.000e+00
E2EOPCSV,/mnt/beegfs/ysu34/hamlib/dia_e2e/heis_16_5.txt,65536,31,2,399,24395762,0.220,0.148,-1
E2EOPCSV,/mnt/beegfs/ysu34/hamlib/dia_e2e/heis_16_5.txt,65536,31,3,2791,163414130,5.293,1.625,-1
E2EOPBUILDCSV,/mnt/beegfs/ysu34/hamlib/dia_e2e/heis_16_5.txt,65536,5,32167,1651448944,1459.493,1651.580,1.132
E2EOPBUILDCSV,/mnt/beegfs/ysu34/hamlib/dia_e2e/heis_16_5.txt,65536,5,16084,825757240,151.149,-1,-1
== [trim 1] heis_18_5 ==
PREPCSV,/mnt/beegfs/ysu34/hamlib/dia_e2e/heis_18_5.txt,262144,35,spmv,didx,10.706,0.617,0.008857,1278
PREPCSV,/mnt/beegfs/ysu34/hamlib/dia_e2e/heis_18_5.txt,262144,35,spmv,didx_sym,4.692,1.321,0.008461,711
PREPCSV,/mnt/beegfs/ysu34/hamlib/dia_e2e/heis_18_5.txt,262144,35,spmv,gopt,10.905,1.020,0.011982,995
PREPCSV,/mnt/beegfs/ysu34/hamlib/dia_e2e/heis_18_5.txt,262144,35,spmspm,ours_flat,0.923,0.199,0.824382,1
PREPCSV,/mnt/beegfs/ysu34/hamlib/dia_e2e/heis_18_5.txt,262144,35,spmspm,ours_sym,0.363,0.537,-1.000000,-1
PREPCSV,/mnt/beegfs/ysu34/hamlib/dia_e2e/heis_18_5.txt,262144,35,spmspm,ours_sym,0.363,0.537,0.390353,2
SPMSPMCSV,/mnt/beegfs/ysu34/hamlib/dia_e2e/heis_18_5.txt,262144,35,519,127991794,ours_flat,0.827043,0.000e+00
SPMSPMCSV,/mnt/beegfs/ysu34/hamlib/dia_e2e/heis_18_5.txt,262144,35,519,127991794,ours_sym,0.390831,0.000e+00
CFILL,/mnt/beegfs/ysu34/hamlib/dia_e2e/heis_18_5.txt,262144,519,127991794,12417264,0.0970
E2EEVCSV,/mnt/beegfs/ysu34/hamlib/dia_e2e/heis_18_5.txt,262144,35,1000,5,didx,21.225,0.000,65.165,-1.000,-1.000,-1.000e+00
E2EOPCSV,/mnt/beegfs/ysu34/hamlib/dia_e2e/heis_18_5.txt,262144,35,2,519,127991794,0.723,0.825,-1
E2EOPCSV,/mnt/beegfs/ysu34/hamlib/dia_e2e/heis_18_5.txt,262144,35,3,4279,1016725618,13.392,12.050,-1
# opbuild wall: Unnz=15484329072 (int32 index limit)
E2EOPBUILDCSV,/mnt/beegfs/ysu34/hamlib/dia_e2e/heis_18_5.txt,262144,5,72483,15484329072,-1,-1,-1
# opbuild(sym) wall: Unnz=7742295608 (int32 index limit)
E2EOPBUILDCSV,/mnt/beegfs/ysu34/hamlib/dia_e2e/heis_18_5.txt,262144,5,36242,7742295608,-1,-1,-1
== [trim 1] heis_20_5 ==
PREPCSV,/mnt/beegfs/ysu34/hamlib/dia_e2e/heis_20_5.txt,1048576,39,spmv,didx,58.298,2.066,0.032205,1874
PREPCSV,/mnt/beegfs/ysu34/hamlib/dia_e2e/heis_20_5.txt,1048576,39,spmv,didx_sym,21.526,5.348,0.031645,849
PREPCSV,/mnt/beegfs/ysu34/hamlib/dia_e2e/heis_20_5.txt,1048576,39,spmv,gopt,51.254,3.291,0.044756,1219
PREPCSV,/mnt/beegfs/ysu34/hamlib/dia_e2e/heis_20_5.txt,1048576,39,spmspm,ours_flat,3.750,0.386,4.387293,1
PREPCSV,/mnt/beegfs/ysu34/hamlib/dia_e2e/heis_20_5.txt,1048576,39,spmspm,ours_sym,1.729,0.905,-1.000000,-1
PREPCSV,/mnt/beegfs/ysu34/hamlib/dia_e2e/heis_20_5.txt,1048576,39,spmspm,ours_sym,1.729,0.905,2.168870,1
SPMSPMCSV,/mnt/beegfs/ysu34/hamlib/dia_e2e/heis_20_5.txt,1048576,39,655,650379250,ours_flat,4.404491,0.000e+00
SPMSPMCSV,/mnt/beegfs/ysu34/hamlib/dia_e2e/heis_20_5.txt,1048576,39,655,650379250,ours_sym,2.167958,0.000e+00
CFILL,/mnt/beegfs/ysu34/hamlib/dia_e2e/heis_20_5.txt,1048576,655,650379250,60424320,0.0929
E2EEVCSV,/mnt/beegfs/ysu34/hamlib/dia_e2e/heis_20_5.txt,1048576,39,1000,5,didx,109.389,0.000,240.078,-1.000,-1.000,-1.000e+00
E2EOPCSV,/mnt/beegfs/ysu34/hamlib/dia_e2e/heis_20_5.txt,1048576,39,2,655,650379250,3.201,4.498,-1
E2EOPCSV,/mnt/beegfs/ysu34/hamlib/dia_e2e/heis_20_5.txt,1048576,39,3,6231,5988941938,46.543,81.692,-1
# opbuild wall: Unnz=130519407728 (int32 index limit)
E2EOPBUILDCSV,/mnt/beegfs/ysu34/hamlib/dia_e2e/heis_20_5.txt,1048576,5,148383,130519407728,-1,-1,-1
# opbuild(sym) wall: Unnz=65260228152 (int32 index limit)
E2EOPBUILDCSV,/mnt/beegfs/ysu34/hamlib/dia_e2e/heis_20_5.txt,1048576,5,74192,65260228152,-1,-1,-1
== [trim 1] heis_20_6 ==
PREPCSV,/mnt/beegfs/ysu34/hamlib/dia_e2e/heis_20_6.txt,1048576,39,spmv,didx,59.178,2.091,0.032115,1908
PREPCSV,/mnt/beegfs/ysu34/hamlib/dia_e2e/heis_20_6.txt,1048576,39,spmv,didx_sym,21.026,5.354,0.031525,837
PREPCSV,/mnt/beegfs/ysu34/hamlib/dia_e2e/heis_20_6.txt,1048576,39,spmv,gopt,51.047,3.300,0.044653,1217
PREPCSV,/mnt/beegfs/ysu34/hamlib/dia_e2e/heis_20_6.txt,1048576,39,spmspm,ours_flat,4.117,0.431,4.391365,1
PREPCSV,/mnt/beegfs/ysu34/hamlib/dia_e2e/heis_20_6.txt,1048576,39,spmspm,ours_sym,1.685,0.692,-1.000000,-1
PREPCSV,/mnt/beegfs/ysu34/hamlib/dia_e2e/heis_20_6.txt,1048576,39,spmspm,ours_sym,1.685,0.692,2.165411,1
SPMSPMCSV,/mnt/beegfs/ysu34/hamlib/dia_e2e/heis_20_6.txt,1048576,39,655,650379250,ours_flat,4.396918,0.000e+00
SPMSPMCSV,/mnt/beegfs/ysu34/hamlib/dia_e2e/heis_20_6.txt,1048576,39,655,650379250,ours_sym,2.164961,0.000e+00
CFILL,/mnt/beegfs/ysu34/hamlib/dia_e2e/heis_20_6.txt,1048576,655,650379250,60424320,0.0929
E2EEVCSV,/mnt/beegfs/ysu34/hamlib/dia_e2e/heis_20_6.txt,1048576,39,1000,6,didx,109.239,0.000,289.397,-1.000,-1.000,-1.000e+00
E2EOPCSV,/mnt/beegfs/ysu34/hamlib/dia_e2e/heis_20_6.txt,1048576,39,2,655,650379250,3.101,4.402,-1
E2EOPCSV,/mnt/beegfs/ysu34/hamlib/dia_e2e/heis_20_6.txt,1048576,39,3,6231,5988941938,46.877,81.760,-1
# opbuild wall: Unnz=337281752192 (int32 index limit)
E2EOPBUILDCSV,/mnt/beegfs/ysu34/hamlib/dia_e2e/heis_20_6.txt,1048576,6,409911,337281752192,-1,-1,-1
# opbuild(sym) wall: Unnz=168641400384 (int32 index limit)
E2EOPBUILDCSV,/mnt/beegfs/ysu34/hamlib/dia_e2e/heis_20_6.txt,1048576,6,204956,168641400384,-1,-1,-1
== [trim 1] maxcut_16_5 ==
PREPCSV,/mnt/beegfs/ysu34/hamlib/dia_e2e/maxcut_16_5.txt,65536,1,spmv,didx,0.248,0.054,0.003100,97
PREPCSV,/mnt/beegfs/ysu34/hamlib/dia_e2e/maxcut_16_5.txt,65536,1,spmv,didx_sym,0.139,0.056,0.003054,64
PREPCSV,/mnt/beegfs/ysu34/hamlib/dia_e2e/maxcut_16_5.txt,65536,1,spmv,gopt,0.089,0.038,0.003052,42
PREPCSV,/mnt/beegfs/ysu34/hamlib/dia_e2e/maxcut_16_5.txt,65536,1,spmspm,ours_flat,0.041,0.027,0.004515,15
PREPCSV,/mnt/beegfs/ysu34/hamlib/dia_e2e/maxcut_16_5.txt,65536,1,spmspm,ours_sym,0.026,0.027,-1.000000,-1
PREPCSV,/mnt/beegfs/ysu34/hamlib/dia_e2e/maxcut_16_5.txt,65536,1,spmspm,ours_sym,0.026,0.027,0.004481,12
SPMSPMCSV,/mnt/beegfs/ysu34/hamlib/dia_e2e/maxcut_16_5.txt,65536,1,1,65536,ours_flat,0.004495,0.000e+00
SPMSPMCSV,/mnt/beegfs/ysu34/hamlib/dia_e2e/maxcut_16_5.txt,65536,1,1,65536,ours_sym,0.004425,0.000e+00
CFILL,/mnt/beegfs/ysu34/hamlib/dia_e2e/maxcut_16_5.txt,65536,1,65536,34596,0.5279
E2EEVCSV,/mnt/beegfs/ysu34/hamlib/dia_e2e/maxcut_16_5.txt,65536,1,1000,5,stream,0.266,0.000,28.862,-1.000,-1.000,-1.000e+00
E2EOPCSV,/mnt/beegfs/ysu34/hamlib/dia_e2e/maxcut_16_5.txt,65536,1,2,1,65536,0.001,0.005,-1
E2EOPCSV,/mnt/beegfs/ysu34/hamlib/dia_e2e/maxcut_16_5.txt,65536,1,3,1,65536,0.001,0.005,-1
E2EOPBUILDCSV,/mnt/beegfs/ysu34/hamlib/dia_e2e/maxcut_16_5.txt,65536,5,1,65536,0.516,1.114,2.159
E2EOPBUILDCSV,/mnt/beegfs/ysu34/hamlib/dia_e2e/maxcut_16_5.txt,65536,5,1,65536,0.439,-1,-1
== [trim 1] maxcut_18_5 ==
PREPCSV,/mnt/beegfs/ysu34/hamlib/dia_e2e/maxcut_18_5.txt,262144,1,spmv,didx,1.062,0.195,0.003555,354
PREPCSV,/mnt/beegfs/ysu34/hamlib/dia_e2e/maxcut_18_5.txt,262144,1,spmv,didx_sym,0.316,0.198,0.003517,146
PREPCSV,/mnt/beegfs/ysu34/hamlib/dia_e2e/maxcut_18_5.txt,262144,1,spmv,gopt,0.492,0.112,0.003160,191
PREPCSV,/mnt/beegfs/ysu34/hamlib/dia_e2e/maxcut_18_5.txt,262144,1,spmspm,ours_flat,0.164,0.057,0.004591,48
PREPCSV,/mnt/beegfs/ysu34/hamlib/dia_e2e/maxcut_18_5.txt,262144,1,spmspm,ours_sym,0.099,0.058,-1.000000,-1
PREPCSV,/mnt/beegfs/ysu34/hamlib/dia_e2e/maxcut_18_5.txt,262144,1,spmspm,ours_sym,0.099,0.058,0.004577,34
SPMSPMCSV,/mnt/beegfs/ysu34/hamlib/dia_e2e/maxcut_18_5.txt,262144,1,1,262144,ours_flat,0.004744,0.000e+00
SPMSPMCSV,/mnt/beegfs/ysu34/hamlib/dia_e2e/maxcut_18_5.txt,262144,1,1,262144,ours_sym,0.004774,0.000e+00
CFILL,/mnt/beegfs/ysu34/hamlib/dia_e2e/maxcut_18_5.txt,262144,1,262144,262144,1.0000
E2EEVCSV,/mnt/beegfs/ysu34/hamlib/dia_e2e/maxcut_18_5.txt,262144,1,1000,5,stream,0.834,0.000,34.800,-1.000,-1.000,-1.000e+00
E2EOPCSV,/mnt/beegfs/ysu34/hamlib/dia_e2e/maxcut_18_5.txt,262144,1,2,1,262144,0.002,0.005,-1
E2EOPCSV,/mnt/beegfs/ysu34/hamlib/dia_e2e/maxcut_18_5.txt,262144,1,3,1,262144,0.001,0.005,-1
E2EOPBUILDCSV,/mnt/beegfs/ysu34/hamlib/dia_e2e/maxcut_18_5.txt,262144,5,1,262144,1.349,3.409,2.526
E2EOPBUILDCSV,/mnt/beegfs/ysu34/hamlib/dia_e2e/maxcut_18_5.txt,262144,5,1,262144,0.986,-1,-1
== [trim 1] maxcut_20_5 ==
PREPCSV,/mnt/beegfs/ysu34/hamlib/dia_e2e/maxcut_20_5.txt,1048576,1,spmv,didx,3.028,0.376,0.006552,520
PREPCSV,/mnt/beegfs/ysu34/hamlib/dia_e2e/maxcut_20_5.txt,1048576,1,spmv,didx_sym,1.465,0.370,0.006617,277
PREPCSV,/mnt/beegfs/ysu34/hamlib/dia_e2e/maxcut_20_5.txt,1048576,1,spmv,gopt,1.353,0.173,0.004957,308
PREPCSV,/mnt/beegfs/ysu34/hamlib/dia_e2e/maxcut_20_5.txt,1048576,1,spmspm,ours_flat,0.793,0.089,0.007281,121
PREPCSV,/mnt/beegfs/ysu34/hamlib/dia_e2e/maxcut_20_5.txt,1048576,1,spmspm,ours_sym,0.391,0.091,-1.000000,-1
PREPCSV,/mnt/beegfs/ysu34/hamlib/dia_e2e/maxcut_20_5.txt,1048576,1,spmspm,ours_sym,0.391,0.091,0.007286,66
SPMSPMCSV,/mnt/beegfs/ysu34/hamlib/dia_e2e/maxcut_20_5.txt,1048576,1,1,1048576,ours_flat,0.007307,0.000e+00
SPMSPMCSV,/mnt/beegfs/ysu34/hamlib/dia_e2e/maxcut_20_5.txt,1048576,1,1,1048576,ours_sym,0.007278,0.000e+00
CFILL,/mnt/beegfs/ysu34/hamlib/dia_e2e/maxcut_20_5.txt,1048576,1,1048576,595984,0.5684
E2EEVCSV,/mnt/beegfs/ysu34/hamlib/dia_e2e/maxcut_20_5.txt,1048576,1,1000,5,stream,2.750,0.000,66.071,-1.000,-1.000,-1.000e+00
E2EOPCSV,/mnt/beegfs/ysu34/hamlib/dia_e2e/maxcut_20_5.txt,1048576,1,2,1,1048576,0.006,0.007,-1
E2EOPCSV,/mnt/beegfs/ysu34/hamlib/dia_e2e/maxcut_20_5.txt,1048576,1,3,1,1048576,0.005,0.007,-1
E2EOPBUILDCSV,/mnt/beegfs/ysu34/hamlib/dia_e2e/maxcut_20_5.txt,1048576,5,1,1048576,4.635,11.821,2.551
E2EOPBUILDCSV,/mnt/beegfs/ysu34/hamlib/dia_e2e/maxcut_20_5.txt,1048576,5,1,1048576,2.701,-1,-1
== [trim 1] O2c_16_5 ==
# DIA_TRIM 1e-08: D 1243 -> 867
PREPCSV,/mnt/beegfs/ysu34/hamlib/dia_e2e/O2c_16_5.txt,65536,867,spmv,didx,44.823,0.931,0.031052,1473
# didx_sym skipped: non-symmetric or Dup>128
PREPCSV,/mnt/beegfs/ysu34/hamlib/dia_e2e/O2c_16_5.txt,65536,867,spmv,gopt,52.705,2.734,0.228362,243
PREPCSV,/mnt/beegfs/ysu34/hamlib/dia_e2e/O2c_16_5.txt,65536,867,spmspm,ours_flat,348.231,1.460,72.013626,5
PREPCSV,/mnt/beegfs/ysu34/hamlib/dia_e2e/O2c_16_5.txt,65536,867,spmspm,ours_sym,15.951,1.898,-1.000000,-1
PREPCSV,/mnt/beegfs/ysu34/hamlib/dia_e2e/O2c_16_5.txt,65536,867,spmspm,ours_sym,15.951,1.898,33.572056,1
# DIA_TRIM 1e-08: D 1243 -> 867
SPMSPMCSV,/mnt/beegfs/ysu34/hamlib/dia_e2e/O2c_16_5.txt,65536,867,35219,1308482828,ours_flat,72.195145,0.000e+00
SPMSPMCSV,/mnt/beegfs/ysu34/hamlib/dia_e2e/O2c_16_5.txt,65536,867,35219,1308482828,ours_sym,33.267529,1.221e-04
# DIA_TRIM 1e-08: D 1243 -> 867
CFILL,/mnt/beegfs/ysu34/hamlib/dia_e2e/O2c_16_5.txt,65536,35219,1308482828,30152672,0.0230
# DIA_TRIM 1e-08: D 1243 -> 867
E2EEVCSV,/mnt/beegfs/ysu34/hamlib/dia_e2e/O2c_16_5.txt,65536,867,1000,5,didx,98.146,0.000,227.020,-1.000,-1.000,-1.000e+00
E2EOPCSV,/mnt/beegfs/ysu34/hamlib/dia_e2e/O2c_16_5.txt,65536,867,2,35219,1308482828,328.771,69.435,-1
E2EOPCSV,/mnt/beegfs/ysu34/hamlib/dia_e2e/O2c_16_5.txt,65536,867,3,43691,1431655766,7053.669,2749.893,-1
E2EOPBUILDCSV,/mnt/beegfs/ysu34/hamlib/dia_e2e/O2c_16_5.txt,65536,5,43691,1431655766,28010.279,54793.145,1.956
E2EOPBUILDCSV,/mnt/beegfs/ysu34/hamlib/dia_e2e/O2c_16_5.txt,65536,5,21846,715860651,6238.580,-1,-1
== [trim 1] O2c_20_5 ==
# DIA_TRIM 1e-08: D 3359 -> 2367
PREPCSV,/mnt/beegfs/ysu34/hamlib/dia_e2e/O2c_20_5.txt,1048576,2367,spmv,didx,2322.927,28.697,1.779887,1321
# didx_sym skipped: non-symmetric or Dup>128
PREPCSV,/mnt/beegfs/ysu34/hamlib/dia_e2e/O2c_20_5.txt,1048576,2367,spmv,gopt,2170.143,80.113,1.248262,1803
CUDA prep_driver.cu:324 out of memory
# DIA_TRIM 1e-08: D 3359 -> 2367
CUDA spmspm_driver.cu:94 out of memory
# DIA_TRIM 1e-08: D 3359 -> 2367
CFILL,/mnt/beegfs/ysu34/hamlib/dia_e2e/O2c_20_5.txt,1048576,336441,221619031350,-1,OOM
# DIA_TRIM 1e-08: D 3359 -> 2367
E2EEVCSV,/mnt/beegfs/ysu34/hamlib/dia_e2e/O2c_20_5.txt,1048576,2367,1000,5,didx,4599.915,0.000,13566.447,-1.000,-1.000,-1.000e+00
E2EOPCSV,/mnt/beegfs/ysu34/hamlib/dia_e2e/O2c_20_5.txt,1048576,2367,2,336441,221619031350,-1,-1,-1
# opbuild wall: Unnz=366503875926 (int32 index limit)
E2EOPBUILDCSV,/mnt/beegfs/ysu34/hamlib/dia_e2e/O2c_20_5.txt,1048576,5,699051,366503875926,-1,-1,-1
# opbuild(sym) wall: Unnz=183252462251 (int32 index limit)
E2EOPBUILDCSV,/mnt/beegfs/ysu34/hamlib/dia_e2e/O2c_20_5.txt,1048576,5,349526,183252462251,-1,-1,-1
== [trim 1] qmaxcut_16_4 ==
PREPCSV,/mnt/beegfs/ysu34/hamlib/dia_e2e/qmaxcut_16_4.txt,65536,31,spmv,didx,1.816,0.184,0.004509,444
PREPCSV,/mnt/beegfs/ysu34/hamlib/dia_e2e/qmaxcut_16_4.txt,65536,31,spmv,didx_sym,0.692,0.227,0.004828,190
PREPCSV,/mnt/beegfs/ysu34/hamlib/dia_e2e/qmaxcut_16_4.txt,65536,31,spmv,gopt,1.893,0.169,0.007845,263
PREPCSV,/mnt/beegfs/ysu34/hamlib/dia_e2e/qmaxcut_16_4.txt,65536,31,spmspm,ours_flat,0.245,0.113,0.073995,5
PREPCSV,/mnt/beegfs/ysu34/hamlib/dia_e2e/qmaxcut_16_4.txt,65536,31,spmspm,ours_sym,0.068,0.115,-1.000000,-1
PREPCSV,/mnt/beegfs/ysu34/hamlib/dia_e2e/qmaxcut_16_4.txt,65536,31,spmspm,ours_sym,0.068,0.115,0.039121,5
SPMSPMCSV,/mnt/beegfs/ysu34/hamlib/dia_e2e/qmaxcut_16_4.txt,65536,31,481,15138746,ours_flat,0.074049,0.000e+00
SPMSPMCSV,/mnt/beegfs/ysu34/hamlib/dia_e2e/qmaxcut_16_4.txt,65536,31,481,15138746,ours_sym,0.039211,0.000e+00
CFILL,/mnt/beegfs/ysu34/hamlib/dia_e2e/qmaxcut_16_4.txt,65536,481,15138746,3997696,0.2641
E2EEVCSV,/mnt/beegfs/ysu34/hamlib/dia_e2e/qmaxcut_16_4.txt,65536,31,1000,4,didx,3.650,0.000,30.715,-1.000,-1.000,-1.000e+00
E2EOPCSV,/mnt/beegfs/ysu34/hamlib/dia_e2e/qmaxcut_16_4.txt,65536,31,2,481,15138746,0.187,0.074,-1
E2EOPCSV,/mnt/beegfs/ysu34/hamlib/dia_e2e/qmaxcut_16_4.txt,65536,31,3,3031,103776028,6.225,0.733,-1
E2EOPBUILDCSV,/mnt/beegfs/ysu34/hamlib/dia_e2e/qmaxcut_16_4.txt,65536,4,15507,499792596,181.936,240.090,1.320
E2EOPBUILDCSV,/mnt/beegfs/ysu34/hamlib/dia_e2e/qmaxcut_16_4.txt,65536,4,7754,249929066,21.990,-1,-1
== [trim 1] qmaxcut_18_4 ==
PREPCSV,/mnt/beegfs/ysu34/hamlib/dia_e2e/qmaxcut_18_4.txt,262144,35,spmv,didx,6.767,0.573,0.008659,848
PREPCSV,/mnt/beegfs/ysu34/hamlib/dia_e2e/qmaxcut_18_4.txt,262144,35,spmv,didx_sym,3.008,0.767,0.008769,430
PREPCSV,/mnt/beegfs/ysu34/hamlib/dia_e2e/qmaxcut_18_4.txt,262144,35,spmv,gopt,6.453,0.657,0.008891,800
PREPCSV,/mnt/beegfs/ysu34/hamlib/dia_e2e/qmaxcut_18_4.txt,262144,35,spmspm,ours_flat,0.805,0.181,0.357315,3
PREPCSV,/mnt/beegfs/ysu34/hamlib/dia_e2e/qmaxcut_18_4.txt,262144,35,spmspm,ours_sym,0.274,0.374,-1.000000,-1
PREPCSV,/mnt/beegfs/ysu34/hamlib/dia_e2e/qmaxcut_18_4.txt,262144,35,spmspm,ours_sym,0.274,0.374,0.182660,4
SPMSPMCSV,/mnt/beegfs/ysu34/hamlib/dia_e2e/qmaxcut_18_4.txt,262144,35,613,77332402,ours_flat,0.357390,0.000e+00
SPMSPMCSV,/mnt/beegfs/ysu34/hamlib/dia_e2e/qmaxcut_18_4.txt,262144,35,613,77332402,ours_sym,0.182952,0.000e+00
CFILL,/mnt/beegfs/ysu34/hamlib/dia_e2e/qmaxcut_18_4.txt,262144,613,77332402,20316160,0.2627
E2EEVCSV,/mnt/beegfs/ysu34/hamlib/dia_e2e/qmaxcut_18_4.txt,262144,35,1000,4,didx,14.185,0.000,52.224,-1.000,-1.000,-1.000e+00
E2EOPCSV,/mnt/beegfs/ysu34/hamlib/dia_e2e/qmaxcut_18_4.txt,262144,35,2,613,77332402,0.525,0.357,-1
E2EOPCSV,/mnt/beegfs/ysu34/hamlib/dia_e2e/qmaxcut_18_4.txt,262144,35,3,4455,608304862,13.536,4.410,-1
# opbuild wall: Unnz=3485530152 (int32 index limit)
E2EOPBUILDCSV,/mnt/beegfs/ysu34/hamlib/dia_e2e/qmaxcut_18_4.txt,262144,4,27051,3485530152,-1,-1,-1
E2EOPBUILDCSV,/mnt/beegfs/ysu34/hamlib/dia_e2e/qmaxcut_18_4.txt,262144,4,13526,1742896148,80.323,-1,-1
== [trim 1] qmaxcut_20_4 ==
PREPCSV,/mnt/beegfs/ysu34/hamlib/dia_e2e/qmaxcut_20_4.txt,1048576,39,spmv,didx,34.505,2.129,0.032612,1123
PREPCSV,/mnt/beegfs/ysu34/hamlib/dia_e2e/qmaxcut_20_4.txt,1048576,39,spmv,didx_sym,13.715,3.132,0.030285,556
PREPCSV,/mnt/beegfs/ysu34/hamlib/dia_e2e/qmaxcut_20_4.txt,1048576,39,spmv,gopt,29.613,2.271,0.030458,1047
PREPCSV,/mnt/beegfs/ysu34/hamlib/dia_e2e/qmaxcut_20_4.txt,1048576,39,spmspm,ours_flat,2.607,0.307,1.876404,2
PREPCSV,/mnt/beegfs/ysu34/hamlib/dia_e2e/qmaxcut_20_4.txt,1048576,39,spmspm,ours_sym,1.151,0.416,-1.000000,-1
PREPCSV,/mnt/beegfs/ysu34/hamlib/dia_e2e/qmaxcut_20_4.txt,1048576,39,spmspm,ours_sym,1.151,0.416,0.957267,2
SPMSPMCSV,/mnt/beegfs/ysu34/hamlib/dia_e2e/qmaxcut_20_4.txt,1048576,39,761,384827306,ours_flat,1.882222,0.000e+00
SPMSPMCSV,/mnt/beegfs/ysu34/hamlib/dia_e2e/qmaxcut_20_4.txt,1048576,39,761,384827306,ours_sym,0.951927,0.000e+00
CFILL,/mnt/beegfs/ysu34/hamlib/dia_e2e/qmaxcut_20_4.txt,1048576,761,384827306,100663296,0.2616
E2EEVCSV,/mnt/beegfs/ysu34/hamlib/dia_e2e/qmaxcut_20_4.txt,1048576,39,1000,4,didx,63.165,0.000,195.090,-1.000,-1.000,-1.000e+00
E2EOPCSV,/mnt/beegfs/ysu34/hamlib/dia_e2e/qmaxcut_20_4.txt,1048576,39,2,761,384827306,1.913,1.945,-1
E2EOPCSV,/mnt/beegfs/ysu34/hamlib/dia_e2e/qmaxcut_20_4.txt,1048576,39,3,6271,3415735960,35.528,27.629,-1
# opbuild wall: Unnz=22750164124 (int32 index limit)
E2EOPBUILDCSV,/mnt/beegfs/ysu34/hamlib/dia_e2e/qmaxcut_20_4.txt,1048576,4,44143,22750164124,-1,-1,-1
# opbuild(sym) wall: Unnz=11375606350 (int32 index limit)
E2EOPBUILDCSV,/mnt/beegfs/ysu34/hamlib/dia_e2e/qmaxcut_20_4.txt,1048576,4,22072,11375606350,-1,-1,-1
== [trim 1] qmaxcutC_18_4 ==
PREPCSV,/mnt/beegfs/ysu34/hamlib/dia_e2e/qmaxcutC_18_4.txt,262144,73,spmv,didx,19.628,0.892,0.015690,1308
PREPCSV,/mnt/beegfs/ysu34/hamlib/dia_e2e/qmaxcutC_18_4.txt,262144,73,spmv,didx_sym,9.216,2.449,0.014932,781
PREPCSV,/mnt/beegfs/ysu34/hamlib/dia_e2e/qmaxcutC_18_4.txt,262144,73,spmv,gopt,22.997,1.700,0.031335,788
PREPCSV,/mnt/beegfs/ysu34/hamlib/dia_e2e/qmaxcutC_18_4.txt,262144,73,spmspm,ours_flat,3.045,0.327,3.276844,1
PREPCSV,/mnt/beegfs/ysu34/hamlib/dia_e2e/qmaxcutC_18_4.txt,262144,73,spmspm,ours_sym,1.107,1.914,-1.000000,-1
PREPCSV,/mnt/beegfs/ysu34/hamlib/dia_e2e/qmaxcutC_18_4.txt,262144,73,spmspm,ours_sym,1.107,1.914,1.545060,2
SPMSPMCSV,/mnt/beegfs/ysu34/hamlib/dia_e2e/qmaxcutC_18_4.txt,262144,73,1995,447316210,ours_flat,3.277970,0.000e+00
SPMSPMCSV,/mnt/beegfs/ysu34/hamlib/dia_e2e/qmaxcutC_18_4.txt,262144,73,1995,447316210,ours_sym,1.538716,0.000e+00
CFILL,/mnt/beegfs/ysu34/hamlib/dia_e2e/qmaxcutC_18_4.txt,262144,1995,447316210,42963040,0.0960
E2EEVCSV,/mnt/beegfs/ysu34/hamlib/dia_e2e/qmaxcutC_18_4.txt,262144,73,1000,4,didx,44.560,0.000,87.593,-1.000,-1.000,-1.000e+00
E2EOPCSV,/mnt/beegfs/ysu34/hamlib/dia_e2e/qmaxcutC_18_4.txt,262144,73,2,1995,447316210,2.820,3.250,-1
E2EOPCSV,/mnt/beegfs/ysu34/hamlib/dia_e2e/qmaxcutC_18_4.txt,262144,73,3,25185,5108188748,236.913,86.540,-1
# opbuild wall: Unnz=26670401436 (int32 index limit)
E2EOPBUILDCSV,/mnt/beegfs/ysu34/hamlib/dia_e2e/qmaxcutC_18_4.txt,262144,4,149585,26670401436,-1,-1,-1
# opbuild(sym) wall: Unnz=13335331790 (int32 index limit)
E2EOPBUILDCSV,/mnt/beegfs/ysu34/hamlib/dia_e2e/qmaxcutC_18_4.txt,262144,4,74793,13335331790,-1,-1,-1
== [trim 1] qmaxcutK_18_4 ==
PREPCSV,/mnt/beegfs/ysu34/hamlib/dia_e2e/qmaxcutK_18_4.txt,262144,19,spmv,didx,5.660,0.424,0.006105,997
PREPCSV,/mnt/beegfs/ysu34/hamlib/dia_e2e/qmaxcutK_18_4.txt,262144,19,spmv,didx_sym,2.665,0.680,0.006552,511
PREPCSV,/mnt/beegfs/ysu34/hamlib/dia_e2e/qmaxcutK_18_4.txt,262144,19,spmv,gopt,7.615,0.683,0.008831,940
PREPCSV,/mnt/beegfs/ysu34/hamlib/dia_e2e/qmaxcutK_18_4.txt,262144,19,spmspm,ours_flat,0.368,0.153,0.228101,2
PREPCSV,/mnt/beegfs/ysu34/hamlib/dia_e2e/qmaxcutK_18_4.txt,262144,19,spmspm,ours_sym,0.183,0.154,-1.000000,-1
PREPCSV,/mnt/beegfs/ysu34/hamlib/dia_e2e/qmaxcutK_18_4.txt,262144,19,spmspm,ours_sym,0.183,0.154,0.115896,3
SPMSPMCSV,/mnt/beegfs/ysu34/hamlib/dia_e2e/qmaxcutK_18_4.txt,262144,19,147,37034376,ours_flat,0.227902,0.000e+00
SPMSPMCSV,/mnt/beegfs/ysu34/hamlib/dia_e2e/qmaxcutK_18_4.txt,262144,19,147,37034376,ours_sym,0.115845,0.000e+00
CFILL,/mnt/beegfs/ysu34/hamlib/dia_e2e/qmaxcutK_18_4.txt,262144,147,37034376,3014656,0.0814
E2EEVCSV,/mnt/beegfs/ysu34/hamlib/dia_e2e/qmaxcutK_18_4.txt,262144,19,1000,4,didx,13.252,0.000,41.174,-1.000,-1.000,-1.000e+00
E2EOPCSV,/mnt/beegfs/ysu34/hamlib/dia_e2e/qmaxcutK_18_4.txt,262144,19,2,147,37034376,0.191,0.228,-1
E2EOPCSV,/mnt/beegfs/ysu34/hamlib/dia_e2e/qmaxcutK_18_4.txt,262144,19,3,629,155370334,1.187,1.658,-1
E2EOPBUILDCSV,/mnt/beegfs/ysu34/hamlib/dia_e2e/qmaxcutK_18_4.txt,262144,4,1875,453768152,22.793,91.903,4.032
E2EOPBUILDCSV,/mnt/beegfs/ysu34/hamlib/dia_e2e/qmaxcutK_18_4.txt,262144,4,938,227015148,9.904,-1,-1
== [trim 1] qmaxcutR_18_3 ==
PREPCSV,/mnt/beegfs/ysu34/hamlib/dia_e2e/qmaxcutR_18_3.txt,262144,9,spmv,didx,3.211,0.265,0.004710,738
PREPCSV,/mnt/beegfs/ysu34/hamlib/dia_e2e/qmaxcutR_18_3.txt,262144,9,spmv,didx_sym,1.286,0.392,0.005404,311
PREPCSV,/mnt/beegfs/ysu34/hamlib/dia_e2e/qmaxcutR_18_3.txt,262144,9,spmv,gopt,3.289,0.211,0.005225,670
PREPCSV,/mnt/beegfs/ysu34/hamlib/dia_e2e/qmaxcutR_18_3.txt,262144,9,spmspm,ours_flat,0.206,0.104,0.055235,6
PREPCSV,/mnt/beegfs/ysu34/hamlib/dia_e2e/qmaxcutR_18_3.txt,262144,9,spmspm,ours_sym,0.120,0.106,-1.000000,-1
PREPCSV,/mnt/beegfs/ysu34/hamlib/dia_e2e/qmaxcutR_18_3.txt,262144,9,spmspm,ours_sym,0.120,0.106,0.030536,7
SPMSPMCSV,/mnt/beegfs/ysu34/hamlib/dia_e2e/qmaxcutR_18_3.txt,262144,9,35,9027634,ours_flat,0.055388,0.000e+00
SPMSPMCSV,/mnt/beegfs/ysu34/hamlib/dia_e2e/qmaxcutR_18_3.txt,262144,9,35,9027634,ours_sym,0.030495,0.000e+00
CFILL,/mnt/beegfs/ysu34/hamlib/dia_e2e/qmaxcutR_18_3.txt,262144,35,9027634,786432,0.0871
E2EEVCSV,/mnt/beegfs/ysu34/hamlib/dia_e2e/qmaxcutR_18_3.txt,262144,9,1000,3,didx,6.430,0.000,26.702,-1.000,-1.000,-1.000e+00
E2EOPCSV,/mnt/beegfs/ysu34/hamlib/dia_e2e/qmaxcutR_18_3.txt,262144,9,2,35,9027634,0.044,0.055,-1
E2EOPCSV,/mnt/beegfs/ysu34/hamlib/dia_e2e/qmaxcutR_18_3.txt,262144,9,3,75,19210410,0.105,0.180,-1
E2EOPBUILDCSV,/mnt/beegfs/ysu34/hamlib/dia_e2e/qmaxcutR_18_3.txt,262144,3,75,19210410,1.403,18.410,13.118
E2EOPBUILDCSV,/mnt/beegfs/ysu34/hamlib/dia_e2e/qmaxcutR_18_3.txt,262144,3,38,9736277,0.896,-1,-1
== [trim 1] tfim_16_4 ==
PREPCSV,/mnt/beegfs/ysu34/hamlib/dia_e2e/tfim_16_4.txt,65536,33,spmv,didx,3.256,0.269,0.004812,732
PREPCSV,/mnt/beegfs/ysu34/hamlib/dia_e2e/tfim_16_4.txt,65536,33,spmv,didx_sym,1.306,0.352,0.004673,355
PREPCSV,/mnt/beegfs/ysu34/hamlib/dia_e2e/tfim_16_4.txt,65536,33,spmv,gopt,3.545,0.240,0.012657,299
PREPCSV,/mnt/beegfs/ysu34/hamlib/dia_e2e/tfim_16_4.txt,65536,33,spmspm,ours_flat,0.316,0.117,0.157873,3
PREPCSV,/mnt/beegfs/ysu34/hamlib/dia_e2e/tfim_16_4.txt,65536,33,spmspm,ours_sym,0.104,0.109,-1.000000,-1
PREPCSV,/mnt/beegfs/ysu34/hamlib/dia_e2e/tfim_16_4.txt,65536,33,spmspm,ours_sym,0.104,0.109,0.082884,3
SPMSPMCSV,/mnt/beegfs/ysu34/hamlib/dia_e2e/tfim_16_4.txt,65536,33,455,26181618,ours_flat,0.158023,0.000e+00
SPMSPMCSV,/mnt/beegfs/ysu34/hamlib/dia_e2e/tfim_16_4.txt,65536,33,455,26181618,ours_sym,0.082935,0.000e+00
CFILL,/mnt/beegfs/ysu34/hamlib/dia_e2e/tfim_16_4.txt,65536,455,26181618,8950976,0.3419
E2EEVCSV,/mnt/beegfs/ysu34/hamlib/dia_e2e/tfim_16_4.txt,65536,33,1000,4,didx,7.738,0.000,31.518,-1.000,-1.000,-1.000e+00
E2EOPCSV,/mnt/beegfs/ysu34/hamlib/dia_e2e/tfim_16_4.txt,65536,33,2,455,26181618,0.306,0.158,-1
E2EOPCSV,/mnt/beegfs/ysu34/hamlib/dia_e2e/tfim_16_4.txt,65536,33,3,3447,182780016,7.904,1.816,-1
E2EOPBUILDCSV,/mnt/beegfs/ysu34/hamlib/dia_e2e/tfim_16_4.txt,65536,4,15727,759430272,218.639,279.537,1.279
E2EOPBUILDCSV,/mnt/beegfs/ysu34/hamlib/dia_e2e/tfim_16_4.txt,65536,4,7864,379747904,33.184,-1,-1
== [trim 1] tfim_16_5 ==
PREPCSV,/mnt/beegfs/ysu34/hamlib/dia_e2e/tfim_16_5.txt,65536,33,spmv,didx,3.202,0.271,0.004919,706
PREPCSV,/mnt/beegfs/ysu34/hamlib/dia_e2e/tfim_16_5.txt,65536,33,spmv,didx_sym,1.321,0.349,0.004798,348
PREPCSV,/mnt/beegfs/ysu34/hamlib/dia_e2e/tfim_16_5.txt,65536,33,spmv,gopt,3.565,0.243,0.012821,297
PREPCSV,/mnt/beegfs/ysu34/hamlib/dia_e2e/tfim_16_5.txt,65536,33,spmspm,ours_flat,0.336,0.132,0.158029,3
PREPCSV,/mnt/beegfs/ysu34/hamlib/dia_e2e/tfim_16_5.txt,65536,33,spmspm,ours_sym,0.089,0.126,-1.000000,-1
PREPCSV,/mnt/beegfs/ysu34/hamlib/dia_e2e/tfim_16_5.txt,65536,33,spmspm,ours_sym,0.089,0.126,0.083044,3
SPMSPMCSV,/mnt/beegfs/ysu34/hamlib/dia_e2e/tfim_16_5.txt,65536,33,455,26181618,ours_flat,0.158009,0.000e+00
SPMSPMCSV,/mnt/beegfs/ysu34/hamlib/dia_e2e/tfim_16_5.txt,65536,33,455,26181618,ours_sym,0.082993,0.000e+00
CFILL,/mnt/beegfs/ysu34/hamlib/dia_e2e/tfim_16_5.txt,65536,455,26181618,8950976,0.3419
E2EEVCSV,/mnt/beegfs/ysu34/hamlib/dia_e2e/tfim_16_5.txt,65536,33,1000,5,didx,7.715,0.000,40.494,-1.000,-1.000,-1.000e+00
E2EOPCSV,/mnt/beegfs/ysu34/hamlib/dia_e2e/tfim_16_5.txt,65536,33,2,455,26181618,0.307,0.158,-1
E2EOPCSV,/mnt/beegfs/ysu34/hamlib/dia_e2e/tfim_16_5.txt,65536,33,3,3447,182780016,7.978,1.816,-1
E2EOPBUILDCSV,/mnt/beegfs/ysu34/hamlib/dia_e2e/tfim_16_5.txt,65536,5,45471,1968446464,2570.796,2916.016,1.134
E2EOPBUILDCSV,/mnt/beegfs/ysu34/hamlib/dia_e2e/tfim_16_5.txt,65536,5,22736,984256000,253.887,-1,-1
== [trim 1] tfim_18_4 ==
PREPCSV,/mnt/beegfs/ysu34/hamlib/dia_e2e/tfim_18_4.txt,262144,37,spmv,didx,13.417,0.892,0.011977,1195
PREPCSV,/mnt/beegfs/ysu34/hamlib/dia_e2e/tfim_18_4.txt,262144,37,spmv,didx_sym,5.674,1.512,0.009879,727
PREPCSV,/mnt/beegfs/ysu34/hamlib/dia_e2e/tfim_18_4.txt,262144,37,spmv,gopt,13.637,1.153,0.013268,1115
PREPCSV,/mnt/beegfs/ysu34/hamlib/dia_e2e/tfim_18_4.txt,262144,37,spmspm,ours_flat,0.996,0.209,0.884162,1
PREPCSV,/mnt/beegfs/ysu34/hamlib/dia_e2e/tfim_18_4.txt,262144,37,spmspm,ours_sym,0.390,0.508,-1.000000,-1
PREPCSV,/mnt/beegfs/ysu34/hamlib/dia_e2e/tfim_18_4.txt,262144,37,spmspm,ours_sym,0.390,0.508,0.412625,2
SPMSPMCSV,/mnt/beegfs/ysu34/hamlib/dia_e2e/tfim_18_4.txt,262144,37,583,136183794,ours_flat,0.883953,0.000e+00
SPMSPMCSV,/mnt/beegfs/ysu34/hamlib/dia_e2e/tfim_18_4.txt,262144,37,583,136183794,ours_sym,0.415633,0.000e+00
CFILL,/mnt/beegfs/ysu34/hamlib/dia_e2e/tfim_18_4.txt,262144,583,136183794,44985808,0.3303
E2EEVCSV,/mnt/beegfs/ysu34/hamlib/dia_e2e/tfim_18_4.txt,262144,37,1000,4,didx,26.546,0.000,67.390,-1.000,-1.000,-1.000e+00
E2EOPCSV,/mnt/beegfs/ysu34/hamlib/dia_e2e/tfim_18_4.txt,262144,37,2,583,136183794,0.821,0.886,-1
E2EOPCSV,/mnt/beegfs/ysu34/hamlib/dia_e2e/tfim_18_4.txt,262144,37,3,5155,1121714288,17.234,13.197,-1
# opbuild wall: Unnz=5652348032 (int32 index limit)
E2EOPBUILDCSV,/mnt/beegfs/ysu34/hamlib/dia_e2e/tfim_18_4.txt,262144,4,28143,5652348032,-1,-1,-1
# opbuild(sym) wall: Unnz=2826305088 (int32 index limit)
E2EOPBUILDCSV,/mnt/beegfs/ysu34/hamlib/dia_e2e/tfim_18_4.txt,262144,4,14072,2826305088,-1,-1,-1
== [trim 1] tfim_18_5 ==
PREPCSV,/mnt/beegfs/ysu34/hamlib/dia_e2e/tfim_18_5.txt,262144,37,spmv,didx,11.656,0.907,0.011844,1061
PREPCSV,/mnt/beegfs/ysu34/hamlib/dia_e2e/tfim_18_5.txt,262144,37,spmv,didx_sym,5.662,1.515,0.009738,737
PREPCSV,/mnt/beegfs/ysu34/hamlib/dia_e2e/tfim_18_5.txt,262144,37,spmv,gopt,13.473,1.185,0.013080,1121
PREPCSV,/mnt/beegfs/ysu34/hamlib/dia_e2e/tfim_18_5.txt,262144,37,spmspm,ours_flat,1.093,0.201,0.883692,1
PREPCSV,/mnt/beegfs/ysu34/hamlib/dia_e2e/tfim_18_5.txt,262144,37,spmspm,ours_sym,0.387,0.513,-1.000000,-1
PREPCSV,/mnt/beegfs/ysu34/hamlib/dia_e2e/tfim_18_5.txt,262144,37,spmspm,ours_sym,0.387,0.513,0.412306,2
SPMSPMCSV,/mnt/beegfs/ysu34/hamlib/dia_e2e/tfim_18_5.txt,262144,37,583,136183794,ours_flat,0.884960,0.000e+00
SPMSPMCSV,/mnt/beegfs/ysu34/hamlib/dia_e2e/tfim_18_5.txt,262144,37,583,136183794,ours_sym,0.415731,0.000e+00
CFILL,/mnt/beegfs/ysu34/hamlib/dia_e2e/tfim_18_5.txt,262144,583,136183794,44985808,0.3303
E2EEVCSV,/mnt/beegfs/ysu34/hamlib/dia_e2e/tfim_18_5.txt,262144,37,1000,5,didx,26.939,0.000,84.967,-1.000,-1.000,-1.000e+00
E2EOPCSV,/mnt/beegfs/ysu34/hamlib/dia_e2e/tfim_18_5.txt,262144,37,2,583,136183794,0.849,0.886,-1
E2EOPCSV,/mnt/beegfs/ysu34/hamlib/dia_e2e/tfim_18_5.txt,262144,37,3,5155,1121714288,18.084,13.196,-1
# opbuild wall: Unnz=18243132416 (int32 index limit)
E2EOPBUILDCSV,/mnt/beegfs/ysu34/hamlib/dia_e2e/tfim_18_5.txt,262144,5,99695,18243132416,-1,-1,-1
# opbuild(sym) wall: Unnz=9121697280 (int32 index limit)
E2EOPBUILDCSV,/mnt/beegfs/ysu34/hamlib/dia_e2e/tfim_18_5.txt,262144,5,49848,9121697280,-1,-1,-1
== [trim 1] tfim_20_5 ==
PREPCSV,/mnt/beegfs/ysu34/hamlib/dia_e2e/tfim_20_5.txt,1048576,41,spmv,didx,106.086,3.549,0.058701,1868
PREPCSV,/mnt/beegfs/ysu34/hamlib/dia_e2e/tfim_20_5.txt,1048576,41,spmv,didx_sym,27.205,5.823,0.040716,811
PREPCSV,/mnt/beegfs/ysu34/hamlib/dia_e2e/tfim_20_5.txt,1048576,41,spmv,gopt,57.922,4.235,0.055068,1129
PREPCSV,/mnt/beegfs/ysu34/hamlib/dia_e2e/tfim_20_5.txt,1048576,41,spmspm,ours_flat,3.991,0.525,4.657349,1
PREPCSV,/mnt/beegfs/ysu34/hamlib/dia_e2e/tfim_20_5.txt,1048576,41,spmspm,ours_sym,1.764,1.930,-1.000000,-1
PREPCSV,/mnt/beegfs/ysu34/hamlib/dia_e2e/tfim_20_5.txt,1048576,41,spmspm,ours_sym,1.764,1.930,2.305475,2
SPMSPMCSV,/mnt/beegfs/ysu34/hamlib/dia_e2e/tfim_20_5.txt,1048576,41,727,687341554,ours_flat,4.680172,0.000e+00
SPMSPMCSV,/mnt/beegfs/ysu34/hamlib/dia_e2e/tfim_20_5.txt,1048576,41,727,687341554,ours_sym,2.301855,0.000e+00
CFILL,/mnt/beegfs/ysu34/hamlib/dia_e2e/tfim_20_5.txt,1048576,727,687341554,220860576,0.3213
E2EEVCSV,/mnt/beegfs/ysu34/hamlib/dia_e2e/tfim_20_5.txt,1048576,41,1000,5,didx,162.649,0.000,410.660,-1.000,-1.000,-1.000e+00
E2EOPCSV,/mnt/beegfs/ysu34/hamlib/dia_e2e/tfim_20_5.txt,1048576,41,2,727,687341554,3.305,4.738,-1
E2EOPCSV,/mnt/beegfs/ysu34/hamlib/dia_e2e/tfim_20_5.txt,1048576,41,3,7359,6535774320,55.135,88.437,-1
# opbuild wall: Unnz=151712177152 (int32 index limit)
E2EOPBUILDCSV,/mnt/beegfs/ysu34/hamlib/dia_e2e/tfim_20_5.txt,1048576,5,198479,151712177152,-1,-1,-1
# opbuild(sym) wall: Unnz=75856612864 (int32 index limit)
E2EOPBUILDCSV,/mnt/beegfs/ysu34/hamlib/dia_e2e/tfim_20_5.txt,1048576,5,99240,75856612864,-1,-1,-1
== [trim 1] tsp_18_4 ==
PREPCSV,/mnt/beegfs/ysu34/hamlib/dia_e2e/tsp_18_4.txt,262144,1,spmv,didx,1.053,0.205,0.003679,342
PREPCSV,/mnt/beegfs/ysu34/hamlib/dia_e2e/tsp_18_4.txt,262144,1,spmv,didx_sym,0.311,0.210,0.003663,142
PREPCSV,/mnt/beegfs/ysu34/hamlib/dia_e2e/tsp_18_4.txt,262144,1,spmv,gopt,0.490,0.109,0.003293,182
PREPCSV,/mnt/beegfs/ysu34/hamlib/dia_e2e/tsp_18_4.txt,262144,1,spmspm,ours_flat,0.163,0.059,0.004737,47
PREPCSV,/mnt/beegfs/ysu34/hamlib/dia_e2e/tsp_18_4.txt,262144,1,spmspm,ours_sym,0.098,0.060,-1.000000,-1
PREPCSV,/mnt/beegfs/ysu34/hamlib/dia_e2e/tsp_18_4.txt,262144,1,spmspm,ours_sym,0.098,0.060,0.004651,34
SPMSPMCSV,/mnt/beegfs/ysu34/hamlib/dia_e2e/tsp_18_4.txt,262144,1,1,262144,ours_flat,0.004696,0.000e+00
SPMSPMCSV,/mnt/beegfs/ysu34/hamlib/dia_e2e/tsp_18_4.txt,262144,1,1,262144,ours_sym,0.004698,0.000e+00
CFILL,/mnt/beegfs/ysu34/hamlib/dia_e2e/tsp_18_4.txt,262144,1,262144,262144,1.0000
E2EEVCSV,/mnt/beegfs/ysu34/hamlib/dia_e2e/tsp_18_4.txt,262144,1,1000,4,stream,0.789,0.000,30.075,-1.000,-1.000,-1.000e+00
E2EOPCSV,/mnt/beegfs/ysu34/hamlib/dia_e2e/tsp_18_4.txt,262144,1,2,1,262144,0.002,0.005,-1
E2EOPCSV,/mnt/beegfs/ysu34/hamlib/dia_e2e/tsp_18_4.txt,262144,1,3,1,262144,0.002,0.005,-1
E2EOPBUILDCSV,/mnt/beegfs/ysu34/hamlib/dia_e2e/tsp_18_4.txt,262144,4,1,262144,1.051,2.592,2.466
E2EOPBUILDCSV,/mnt/beegfs/ysu34/hamlib/dia_e2e/tsp_18_4.txt,262144,4,1,262144,0.800,-1,-1
== [trim 1] vibbf3_18_3 ==
PREPCSV,/mnt/beegfs/ysu34/hamlib/dia_e2e/vibbf3_18_3.txt,262144,12,spmv,didx,3.906,0.292,0.004911,855
PREPCSV,/mnt/beegfs/ysu34/hamlib/dia_e2e/vibbf3_18_3.txt,262144,12,spmv,didx_sym,1.643,0.464,0.005564,379
PREPCSV,/mnt/beegfs/ysu34/hamlib/dia_e2e/vibbf3_18_3.txt,262144,12,spmv,gopt,4.108,0.280,0.005837,752
PREPCSV,/mnt/beegfs/ysu34/hamlib/dia_e2e/vibbf3_18_3.txt,262144,12,spmspm,ours_flat,0.241,0.111,0.095401,4
PREPCSV,/mnt/beegfs/ysu34/hamlib/dia_e2e/vibbf3_18_3.txt,262144,12,spmspm,ours_sym,0.135,0.115,-1.000000,-1
PREPCSV,/mnt/beegfs/ysu34/hamlib/dia_e2e/vibbf3_18_3.txt,262144,12,spmspm,ours_sym,0.135,0.115,0.051030,5
SPMSPMCSV,/mnt/beegfs/ysu34/hamlib/dia_e2e/vibbf3_18_3.txt,262144,12,65,16457670,ours_flat,0.095482,0.000e+00
SPMSPMCSV,/mnt/beegfs/ysu34/hamlib/dia_e2e/vibbf3_18_3.txt,262144,12,65,16457670,ours_sym,0.051185,2.384e-07
CFILL,/mnt/beegfs/ysu34/hamlib/dia_e2e/vibbf3_18_3.txt,262144,65,16457670,1851392,0.1125
E2EEVCSV,/mnt/beegfs/ysu34/hamlib/dia_e2e/vibbf3_18_3.txt,262144,12,1000,3,didx,7.811,0.000,28.410,-1.000,-1.000,-1.000e+00
E2EOPCSV,/mnt/beegfs/ysu34/hamlib/dia_e2e/vibbf3_18_3.txt,262144,12,2,65,16457670,0.083,0.095,-1
E2EOPCSV,/mnt/beegfs/ysu34/hamlib/dia_e2e/vibbf3_18_3.txt,262144,12,3,177,43966330,0.263,0.461,-1
E2EOPBUILDCSV,/mnt/beegfs/ysu34/hamlib/dia_e2e/vibbf3_18_3.txt,262144,3,177,43966330,2.181,24.818,11.378
E2EOPBUILDCSV,/mnt/beegfs/ysu34/hamlib/dia_e2e/vibbf3_18_3.txt,262144,3,89,22114237,1.202,-1,-1
== [trim 1] atmosmodd ==
PREPCSV,/mnt/beegfs/ysu34/hamlib/dia_suitesparse/atmosmodd.txt,1270432,7,spmv,didx,20.825,1.789,0.025788,877
# didx_sym skipped: non-symmetric or Dup>128
PREPCSV,/mnt/beegfs/ysu34/hamlib/dia_suitesparse/atmosmodd.txt,1270432,7,spmv,gopt,14.884,1.367,0.015574,1043
PREPCSV,/mnt/beegfs/ysu34/hamlib/dia_suitesparse/atmosmodd.txt,1270432,7,spmspm,ours_flat,1.361,0.129,0.186830,8
PREPCSV,/mnt/beegfs/ysu34/hamlib/dia_suitesparse/atmosmodd.txt,1270432,7,spmspm,ours_sym,0.559,0.136,-1.000000,-1
PREPCSV,/mnt/beegfs/ysu34/hamlib/dia_suitesparse/atmosmodd.txt,1270432,7,spmspm,ours_sym,0.559,0.136,0.097086,7
SPMSPMCSV,/mnt/beegfs/ysu34/hamlib/dia_suitesparse/atmosmodd.txt,1270432,7,25,31452658,ours_flat,0.187097,0.000e+00
SPMSPMCSV,/mnt/beegfs/ysu34/hamlib/dia_suitesparse/atmosmodd.txt,1270432,7,25,31452658,ours_sym,0.097265,3.760e+06
CFILL,/mnt/beegfs/ysu34/hamlib/dia_suitesparse/atmosmodd.txt,1270432,25,31452658,31215208,0.9925
== [trim 1] ecology2 ==
PREPCSV,/mnt/beegfs/ysu34/hamlib/dia_suitesparse/ecology2.txt,999999,7,spmv,didx,11.803,1.118,0.010968,1178
PREPCSV,/mnt/beegfs/ysu34/hamlib/dia_suitesparse/ecology2.txt,999999,7,spmv,didx_sym,4.949,1.316,0.011792,531
PREPCSV,/mnt/beegfs/ysu34/hamlib/dia_suitesparse/ecology2.txt,999999,7,spmv,gopt,9.003,0.749,0.009657,1010
PREPCSV,/mnt/beegfs/ysu34/hamlib/dia_suitesparse/ecology2.txt,999999,7,spmspm,ours_flat,1.054,0.117,0.122821,10
PREPCSV,/mnt/beegfs/ysu34/hamlib/dia_suitesparse/ecology2.txt,999999,7,spmspm,ours_sym,0.430,0.118,-1.000000,-1
PREPCSV,/mnt/beegfs/ysu34/hamlib/dia_suitesparse/ecology2.txt,999999,7,spmspm,ours_sym,0.430,0.118,0.066948,8
SPMSPMCSV,/mnt/beegfs/ysu34/hamlib/dia_suitesparse/ecology2.txt,999999,7,19,18979985,ours_flat,0.123009,0.000e+00
SPMSPMCSV,/mnt/beegfs/ysu34/hamlib/dia_suitesparse/ecology2.txt,999999,7,19,18979985,ours_sym,0.066962,1.526e-05
CFILL,/mnt/beegfs/ysu34/hamlib/dia_suitesparse/ecology2.txt,999999,19,18979985,12979975,0.6839
== [trim 1] Lin ==
PREPCSV,/mnt/beegfs/ysu34/hamlib/dia_suitesparse/Lin.txt,256000,7,spmv,didx,3.895,0.396,0.005665,758
PREPCSV,/mnt/beegfs/ysu34/hamlib/dia_suitesparse/Lin.txt,256000,7,spmv,didx_sym,1.475,0.393,0.005576,335
PREPCSV,/mnt/beegfs/ysu34/hamlib/dia_suitesparse/Lin.txt,256000,7,spmv,gopt,2.592,0.253,0.005609,507
PREPCSV,/mnt/beegfs/ysu34/hamlib/dia_suitesparse/Lin.txt,256000,7,spmspm,ours_flat,0.187,0.121,0.035948,9
PREPCSV,/mnt/beegfs/ysu34/hamlib/dia_suitesparse/Lin.txt,256000,7,spmspm,ours_sym,0.112,0.100,-1.000000,-1
PREPCSV,/mnt/beegfs/ysu34/hamlib/dia_suitesparse/Lin.txt,256000,7,spmspm,ours_sym,0.112,0.100,0.021057,10
SPMSPMCSV,/mnt/beegfs/ysu34/hamlib/dia_suitesparse/Lin.txt,256000,7,25,6309594,ours_flat,0.035926,0.000e+00
SPMSPMCSV,/mnt/beegfs/ysu34/hamlib/dia_suitesparse/Lin.txt,256000,7,25,6309594,ours_sym,0.021131,6.250e-02
CFILL,/mnt/beegfs/ysu34/hamlib/dia_suitesparse/Lin.txt,256000,25,6309594,6221600,0.9861
== [trim 2] BH_20_7 ==
# DIA_TRIM 1e-08: D 127 -> 109
PREPCSV,/mnt/beegfs/ysu34/hamlib/dia_e2e/BH_20_7.txt,1048576,109,spmv,didx,112.031,2.132,0.034230,3335
PREPCSV,/mnt/beegfs/ysu34/hamlib/dia_e2e/BH_20_7.txt,1048576,109,spmv,didx_sym,49.562,13.052,0.037953,1650
PREPCSV,/mnt/beegfs/ysu34/hamlib/dia_e2e/BH_20_7.txt,1048576,109,spmv,gopt,124.336,7.091,0.094630,1389
PREPCSV,/mnt/beegfs/ysu34/hamlib/dia_e2e/BH_20_7.txt,1048576,109,spmspm,ours_flat,21.952,1.454,32.553848,1
PREPCSV,/mnt/beegfs/ysu34/hamlib/dia_e2e/BH_20_7.txt,1048576,109,spmspm,ours_sym,8.204,8.885,-1.000000,-1
PREPCSV,/mnt/beegfs/ysu34/hamlib/dia_e2e/BH_20_7.txt,1048576,109,spmspm,ours_sym,8.204,8.885,16.357416,1
# DIA_TRIM 1e-08: D 127 -> 109
SPMSPMCSV,/mnt/beegfs/ysu34/hamlib/dia_e2e/BH_20_7.txt,1048576,109,4193,3845136356,ours_flat,32.925488,0.000e+00
SPMSPMCSV,/mnt/beegfs/ysu34/hamlib/dia_e2e/BH_20_7.txt,1048576,109,4193,3845136356,ours_sym,16.047806,7.629e-06
# DIA_TRIM 1e-08: D 127 -> 109
CFILL,/mnt/beegfs/ysu34/hamlib/dia_e2e/BH_20_7.txt,1048576,4193,3845136356,67357840,0.0175
# DIA_TRIM 1e-08: D 127 -> 109
E2EEVCSV,/mnt/beegfs/ysu34/hamlib/dia_e2e/BH_20_7.txt,1048576,109,1000,7,didx,231.662,0.000,361.953,-1.000,-1.000,-1.000e+00
E2EOPCSV,/mnt/beegfs/ysu34/hamlib/dia_e2e/BH_20_7.txt,1048576,109,2,4193,3845136356,22.432,31.569,-1
E2EOPCSV,/mnt/beegfs/ysu34/hamlib/dia_e2e/BH_20_7.txt,1048576,109,3,69149,57210924982,-1,-1,-1
# opbuild wall: Unnz=1099483316224 (int32 index limit)
E2EOPBUILDCSV,/mnt/beegfs/ysu34/hamlib/dia_e2e/BH_20_7.txt,1048576,7,2096863,1099483316224,-1,-1,-1
# opbuild(sym) wall: Unnz=549742182400 (int32 index limit)
E2EOPBUILDCSV,/mnt/beegfs/ysu34/hamlib/dia_e2e/BH_20_7.txt,1048576,7,1048432,549742182400,-1,-1,-1
== [trim 2] bhc_16_7 ==
# DIA_TRIM 1e-08: D 99 -> 85
PREPCSV,/mnt/beegfs/ysu34/hamlib/dia_e2e/bhc_16_7.txt,65536,85,spmv,didx,4.271,0.208,0.004881,917
PREPCSV,/mnt/beegfs/ysu34/hamlib/dia_e2e/bhc_16_7.txt,65536,85,spmv,didx_sym,2.355,0.540,0.004918,589
PREPCSV,/mnt/beegfs/ysu34/hamlib/dia_e2e/bhc_16_7.txt,65536,85,spmv,gopt,7.329,0.495,0.023306,336
PREPCSV,/mnt/beegfs/ysu34/hamlib/dia_e2e/bhc_16_7.txt,65536,85,spmspm,ours_flat,2.189,0.223,0.903322,3
PREPCSV,/mnt/beegfs/ysu34/hamlib/dia_e2e/bhc_16_7.txt,65536,85,spmspm,ours_sym,0.381,0.868,-1.000000,-1
PREPCSV,/mnt/beegfs/ysu34/hamlib/dia_e2e/bhc_16_7.txt,65536,85,spmspm,ours_sym,0.381,0.868,0.449416,3
# DIA_TRIM 1e-08: D 99 -> 85
SPMSPMCSV,/mnt/beegfs/ysu34/hamlib/dia_e2e/bhc_16_7.txt,65536,85,2309,126547940,ours_flat,0.903482,0.000e+00
SPMSPMCSV,/mnt/beegfs/ysu34/hamlib/dia_e2e/bhc_16_7.txt,65536,85,2309,126547940,ours_sym,0.449401,7.629e-06
# DIA_TRIM 1e-08: D 99 -> 85
CFILL,/mnt/beegfs/ysu34/hamlib/dia_e2e/bhc_16_7.txt,65536,2309,126547940,2698476,0.0213
# DIA_TRIM 1e-08: D 99 -> 85
E2EEVCSV,/mnt/beegfs/ysu34/hamlib/dia_e2e/bhc_16_7.txt,65536,85,1000,7,didx,11.460,0.000,54.048,-1.000,-1.000,-1.000e+00
E2EOPCSV,/mnt/beegfs/ysu34/hamlib/dia_e2e/bhc_16_7.txt,65536,85,2,2309,126547940,2.154,0.904,-1
E2EOPCSV,/mnt/beegfs/ysu34/hamlib/dia_e2e/bhc_16_7.txt,65536,85,3,23145,1093998518,274.836,22.217,-1
# opbuild wall: Unnz=4294967296 (int32 index limit)
E2EOPBUILDCSV,/mnt/beegfs/ysu34/hamlib/dia_e2e/bhc_16_7.txt,65536,7,131071,4294967296,-1,-1,-1
# opbuild(sym) wall: Unnz=2147516416 (int32 index limit)
E2EOPBUILDCSV,/mnt/beegfs/ysu34/hamlib/dia_e2e/bhc_16_7.txt,65536,7,65536,2147516416,-1,-1,-1
== [trim 2] bhc_18_7 ==
# DIA_TRIM 1e-08: D 112 -> 97
PREPCSV,/mnt/beegfs/ysu34/hamlib/dia_e2e/bhc_18_7.txt,262144,97,spmv,didx,22.937,0.635,0.009675,2436
PREPCSV,/mnt/beegfs/ysu34/hamlib/dia_e2e/bhc_18_7.txt,262144,97,spmv,didx_sym,10.862,2.974,0.008847,1564
PREPCSV,/mnt/beegfs/ysu34/hamlib/dia_e2e/bhc_18_7.txt,262144,97,spmv,gopt,28.157,1.924,0.037772,796
PREPCSV,/mnt/beegfs/ysu34/hamlib/dia_e2e/bhc_18_7.txt,262144,97,spmspm,ours_flat,5.918,0.403,5.646288,1
PREPCSV,/mnt/beegfs/ysu34/hamlib/dia_e2e/bhc_18_7.txt,262144,97,spmspm,ours_sym,1.760,3.381,-1.000000,-1
PREPCSV,/mnt/beegfs/ysu34/hamlib/dia_e2e/bhc_18_7.txt,262144,97,spmspm,ours_sym,1.760,3.381,2.693288,2
# DIA_TRIM 1e-08: D 112 -> 97
SPMSPMCSV,/mnt/beegfs/ysu34/hamlib/dia_e2e/bhc_18_7.txt,262144,97,3179,714866660,ours_flat,5.659114,0.000e+00
SPMSPMCSV,/mnt/beegfs/ysu34/hamlib/dia_e2e/bhc_18_7.txt,262144,97,3179,714866660,ours_sym,2.685344,7.629e-06
# DIA_TRIM 1e-08: D 112 -> 97
CFILL,/mnt/beegfs/ysu34/hamlib/dia_e2e/bhc_18_7.txt,262144,3179,714866660,13654928,0.0191
# DIA_TRIM 1e-08: D 112 -> 97
E2EEVCSV,/mnt/beegfs/ysu34/hamlib/dia_e2e/bhc_18_7.txt,262144,97,1000,7,didx,49.366,0.000,96.517,-1.000,-1.000,-1.000e+00
E2EOPCSV,/mnt/beegfs/ysu34/hamlib/dia_e2e/bhc_18_7.txt,262144,97,2,3179,714866660,5.763,5.593,-1
E2EOPCSV,/mnt/beegfs/ysu34/hamlib/dia_e2e/bhc_18_7.txt,262144,97,3,41827,8323076022,768.569,186.660,-1
# opbuild wall: Unnz=68719476736 (int32 index limit)
E2EOPBUILDCSV,/mnt/beegfs/ysu34/hamlib/dia_e2e/bhc_18_7.txt,262144,7,524287,68719476736,-1,-1,-1
# opbuild(sym) wall: Unnz=34359869440 (int32 index limit)
E2EOPBUILDCSV,/mnt/beegfs/ysu34/hamlib/dia_e2e/bhc_18_7.txt,262144,7,262144,34359869440,-1,-1,-1
== [trim 2] bhD1_18_7 ==
# DIA_TRIM 1e-08: D 112 -> 97
PREPCSV,/mnt/beegfs/ysu34/hamlib/dia_e2e/bhD1_18_7.txt,262144,97,spmv,didx,23.336,0.636,0.009697,2472
PREPCSV,/mnt/beegfs/ysu34/hamlib/dia_e2e/bhD1_18_7.txt,262144,97,spmv,didx_sym,10.862,3.007,0.008858,1566
PREPCSV,/mnt/beegfs/ysu34/hamlib/dia_e2e/bhD1_18_7.txt,262144,97,spmv,gopt,28.272,1.942,0.037921,797
PREPCSV,/mnt/beegfs/ysu34/hamlib/dia_e2e/bhD1_18_7.txt,262144,97,spmspm,ours_flat,5.861,0.404,5.645652,1
PREPCSV,/mnt/beegfs/ysu34/hamlib/dia_e2e/bhD1_18_7.txt,262144,97,spmspm,ours_sym,1.702,3.326,-1.000000,-1
PREPCSV,/mnt/beegfs/ysu34/hamlib/dia_e2e/bhD1_18_7.txt,262144,97,spmspm,ours_sym,1.702,3.326,2.690738,2
# DIA_TRIM 1e-08: D 112 -> 97
SPMSPMCSV,/mnt/beegfs/ysu34/hamlib/dia_e2e/bhD1_18_7.txt,262144,97,3179,714866660,ours_flat,5.670777,0.000e+00
SPMSPMCSV,/mnt/beegfs/ysu34/hamlib/dia_e2e/bhD1_18_7.txt,262144,97,3179,714866660,ours_sym,2.693242,7.629e-06
# DIA_TRIM 1e-08: D 112 -> 97
CFILL,/mnt/beegfs/ysu34/hamlib/dia_e2e/bhD1_18_7.txt,262144,3179,714866660,13654928,0.0191
# DIA_TRIM 1e-08: D 112 -> 97
E2EEVCSV,/mnt/beegfs/ysu34/hamlib/dia_e2e/bhD1_18_7.txt,262144,97,1000,7,didx,49.966,0.000,98.301,-1.000,-1.000,-1.000e+00
E2EOPCSV,/mnt/beegfs/ysu34/hamlib/dia_e2e/bhD1_18_7.txt,262144,97,2,3179,714866660,5.806,5.606,-1
E2EOPCSV,/mnt/beegfs/ysu34/hamlib/dia_e2e/bhD1_18_7.txt,262144,97,3,41827,8323076022,772.233,186.942,-1
# opbuild wall: Unnz=68719476736 (int32 index limit)
E2EOPBUILDCSV,/mnt/beegfs/ysu34/hamlib/dia_e2e/bhD1_18_7.txt,262144,7,524287,68719476736,-1,-1,-1
# opbuild(sym) wall: Unnz=34359869440 (int32 index limit)
E2EOPBUILDCSV,/mnt/beegfs/ysu34/hamlib/dia_e2e/bhD1_18_7.txt,262144,7,262144,34359869440,-1,-1,-1
== [trim 2] C2c_18_4 ==
# DIA_TRIM 1e-08: D 9971 -> 7407
PREPCSV,/mnt/beegfs/ysu34/hamlib/dia_e2e/C2c_18_4.txt,262144,7407,spmv,didx,1196.322,4.524,0.701910,1711
# didx_sym skipped: non-symmetric or Dup>128
PREPCSV,/mnt/beegfs/ysu34/hamlib/dia_e2e/C2c_18_4.txt,262144,7407,spmv,gopt,1341.633,38.926,1.119258,1233
CUDA prep_driver.cu:324 out of memory
# DIA_TRIM 1e-08: D 9971 -> 7407
CUDA spmspm_driver.cu:94 out of memory
# DIA_TRIM 1e-08: D 9971 -> 7407
CFILL,/mnt/beegfs/ysu34/hamlib/dia_e2e/C2c_18_4.txt,262144,469211,64490628022,-1,OOM
# DIA_TRIM 1e-08: D 9971 -> 7407
E2EEVCSV,/mnt/beegfs/ysu34/hamlib/dia_e2e/C2c_18_4.txt,262144,7407,1000,4,gopt,1545.305,0.000,4977.184,-1.000,-1.000,-1.000e+00
E2EOPCSV,/mnt/beegfs/ysu34/hamlib/dia_e2e/C2c_18_4.txt,262144,7407,2,469211,64490628022,-1,-1,-1
# opbuild wall: Unnz=68719476736 (int32 index limit)
E2EOPBUILDCSV,/mnt/beegfs/ysu34/hamlib/dia_e2e/C2c_18_4.txt,262144,4,524287,68719476736,-1,-1,-1
# opbuild(sym) wall: Unnz=34359869440 (int32 index limit)
E2EOPBUILDCSV,/mnt/beegfs/ysu34/hamlib/dia_e2e/C2c_18_4.txt,262144,4,262144,34359869440,-1,-1,-1
== [trim 2] fermi_16_5 ==
PREPCSV,/mnt/beegfs/ysu34/hamlib/dia_e2e/fermi_16_5.txt,65536,29,spmv,didx,2.321,0.174,0.004684,533
PREPCSV,/mnt/beegfs/ysu34/hamlib/dia_e2e/fermi_16_5.txt,65536,29,spmv,didx_sym,1.016,0.281,0.004689,277
PREPCSV,/mnt/beegfs/ysu34/hamlib/dia_e2e/fermi_16_5.txt,65536,29,spmv,gopt,3.016,0.203,0.010757,299
PREPCSV,/mnt/beegfs/ysu34/hamlib/dia_e2e/fermi_16_5.txt,65536,29,spmspm,ours_flat,0.240,0.128,0.130046,3
PREPCSV,/mnt/beegfs/ysu34/hamlib/dia_e2e/fermi_16_5.txt,65536,29,spmspm,ours_sym,0.077,0.107,-1.000000,-1
PREPCSV,/mnt/beegfs/ysu34/hamlib/dia_e2e/fermi_16_5.txt,65536,29,spmspm,ours_sym,0.077,0.107,0.068721,3
SPMSPMCSV,/mnt/beegfs/ysu34/hamlib/dia_e2e/fermi_16_5.txt,65536,29,353,21513010,ours_flat,0.129956,0.000e+00
SPMSPMCSV,/mnt/beegfs/ysu34/hamlib/dia_e2e/fermi_16_5.txt,65536,29,353,21513010,ours_sym,0.068714,0.000e+00
CFILL,/mnt/beegfs/ysu34/hamlib/dia_e2e/fermi_16_5.txt,65536,353,21513010,2136996,0.0993
E2EEVCSV,/mnt/beegfs/ysu34/hamlib/dia_e2e/fermi_16_5.txt,65536,29,1000,5,didx,5.314,0.000,38.910,-1.000,-1.000,-1.000e+00
E2EOPCSV,/mnt/beegfs/ysu34/hamlib/dia_e2e/fermi_16_5.txt,65536,29,2,353,21513010,0.190,0.130,-1
E2EOPCSV,/mnt/beegfs/ysu34/hamlib/dia_e2e/fermi_16_5.txt,65536,29,3,2377,138741682,4.647,1.347,-1
E2EOPBUILDCSV,/mnt/beegfs/ysu34/hamlib/dia_e2e/fermi_16_5.txt,65536,5,27547,1419565488,1322.090,1478.778,1.119
E2EOPBUILDCSV,/mnt/beegfs/ysu34/hamlib/dia_e2e/fermi_16_5.txt,65536,5,13774,709815512,115.372,-1,-1
== [trim 2] fermi_18_5 ==
PREPCSV,/mnt/beegfs/ysu34/hamlib/dia_e2e/fermi_18_5.txt,262144,33,spmv,didx,11.462,0.572,0.008349,1441
PREPCSV,/mnt/beegfs/ysu34/hamlib/dia_e2e/fermi_18_5.txt,262144,33,spmv,didx_sym,4.451,1.235,0.008097,702
PREPCSV,/mnt/beegfs/ysu34/hamlib/dia_e2e/fermi_18_5.txt,262144,33,spmv,gopt,10.333,0.844,0.011814,946
PREPCSV,/mnt/beegfs/ysu34/hamlib/dia_e2e/fermi_18_5.txt,262144,33,spmspm,ours_flat,0.825,0.205,0.733222,1
PREPCSV,/mnt/beegfs/ysu34/hamlib/dia_e2e/fermi_18_5.txt,262144,33,spmspm,ours_sym,0.347,0.426,-1.000000,-1
PREPCSV,/mnt/beegfs/ysu34/hamlib/dia_e2e/fermi_18_5.txt,262144,33,spmspm,ours_sym,0.347,0.426,0.344478,2
SPMSPMCSV,/mnt/beegfs/ysu34/hamlib/dia_e2e/fermi_18_5.txt,262144,33,465,114362994,ours_flat,0.733431,0.000e+00
SPMSPMCSV,/mnt/beegfs/ysu34/hamlib/dia_e2e/fermi_18_5.txt,262144,33,465,114362994,ours_sym,0.346258,0.000e+00
CFILL,/mnt/beegfs/ysu34/hamlib/dia_e2e/fermi_18_5.txt,262144,465,114362994,11141120,0.0974
E2EEVCSV,/mnt/beegfs/ysu34/hamlib/dia_e2e/fermi_18_5.txt,262144,33,1000,5,didx,19.709,0.000,62.656,-1.000,-1.000,-1.000e+00
E2EOPCSV,/mnt/beegfs/ysu34/hamlib/dia_e2e/fermi_18_5.txt,262144,33,2,465,114362994,0.661,0.733,-1
E2EOPCSV,/mnt/beegfs/ysu34/hamlib/dia_e2e/fermi_18_5.txt,262144,33,3,3689,873993202,10.935,10.071,-1
# opbuild wall: Unnz=13140458992 (int32 index limit)
E2EOPBUILDCSV,/mnt/beegfs/ysu34/hamlib/dia_e2e/fermi_18_5.txt,262144,5,61463,13140458992,-1,-1,-1
# opbuild(sym) wall: Unnz=6570360568 (int32 index limit)
E2EOPBUILDCSV,/mnt/beegfs/ysu34/hamlib/dia_e2e/fermi_18_5.txt,262144,5,30732,6570360568,-1,-1,-1
== [trim 2] fermi_20_5 ==
PREPCSV,/mnt/beegfs/ysu34/hamlib/dia_e2e/fermi_20_5.txt,1048576,37,spmv,didx,54.603,1.950,0.030844,1833
PREPCSV,/mnt/beegfs/ysu34/hamlib/dia_e2e/fermi_20_5.txt,1048576,37,spmv,didx_sym,20.098,5.108,0.030588,824
PREPCSV,/mnt/beegfs/ysu34/hamlib/dia_e2e/fermi_20_5.txt,1048576,37,spmv,gopt,48.699,3.240,0.042808,1213
PREPCSV,/mnt/beegfs/ysu34/hamlib/dia_e2e/fermi_20_5.txt,1048576,37,spmspm,ours_flat,3.472,0.397,3.952998,1
PREPCSV,/mnt/beegfs/ysu34/hamlib/dia_e2e/fermi_20_5.txt,1048576,37,spmspm,ours_sym,1.609,1.031,-1.000000,-1
PREPCSV,/mnt/beegfs/ysu34/hamlib/dia_e2e/fermi_20_5.txt,1048576,37,spmspm,ours_sym,1.609,1.031,1.943785,1
SPMSPMCSV,/mnt/beegfs/ysu34/hamlib/dia_e2e/fermi_20_5.txt,1048576,37,593,587472114,ours_flat,3.954116,0.000e+00
SPMSPMCSV,/mnt/beegfs/ysu34/hamlib/dia_e2e/fermi_20_5.txt,1048576,37,593,587472114,ours_sym,1.940883,0.000e+00
CFILL,/mnt/beegfs/ysu34/hamlib/dia_e2e/fermi_20_5.txt,1048576,593,587472114,53318432,0.0908
E2EEVCSV,/mnt/beegfs/ysu34/hamlib/dia_e2e/fermi_20_5.txt,1048576,37,1000,5,didx,104.175,0.000,230.315,-1.000,-1.000,-1.000e+00
E2EOPCSV,/mnt/beegfs/ysu34/hamlib/dia_e2e/fermi_20_5.txt,1048576,37,2,593,587472114,2.837,3.965,-1
E2EOPCSV,/mnt/beegfs/ysu34/hamlib/dia_e2e/fermi_20_5.txt,1048576,37,3,5433,5208293746,40.202,69.284,-1
# opbuild wall: Unnz=110337036656 (int32 index limit)
E2EOPBUILDCSV,/mnt/beegfs/ysu34/hamlib/dia_e2e/fermi_20_5.txt,1048576,5,125523,110337036656,-1,-1,-1
# opbuild(sym) wall: Unnz=55169042616 (int32 index limit)
E2EOPBUILDCSV,/mnt/beegfs/ysu34/hamlib/dia_e2e/fermi_20_5.txt,1048576,5,62762,55169042616,-1,-1,-1
== [trim 2] fermiFH_18_4 ==
PREPCSV,/mnt/beegfs/ysu34/hamlib/dia_e2e/fermiFH_18_4.txt,262144,64,spmv,didx,15.560,0.579,0.008086,1996
PREPCSV,/mnt/beegfs/ysu34/hamlib/dia_e2e/fermiFH_18_4.txt,262144,64,spmv,didx_sym,7.513,2.095,0.008049,1194
PREPCSV,/mnt/beegfs/ysu34/hamlib/dia_e2e/fermiFH_18_4.txt,262144,64,spmv,gopt,20.252,1.389,0.016507,1311
PREPCSV,/mnt/beegfs/ysu34/hamlib/dia_e2e/fermiFH_18_4.txt,262144,64,spmspm,ours_flat,2.671,0.311,2.635231,1
PREPCSV,/mnt/beegfs/ysu34/hamlib/dia_e2e/fermiFH_18_4.txt,262144,64,spmspm,ours_sym,0.900,2.118,-1.000000,-1
PREPCSV,/mnt/beegfs/ysu34/hamlib/dia_e2e/fermiFH_18_4.txt,262144,64,spmspm,ours_sym,0.900,2.118,1.241430,2
SPMSPMCSV,/mnt/beegfs/ysu34/hamlib/dia_e2e/fermiFH_18_4.txt,262144,64,1549,366904380,ours_flat,2.647851,0.000e+00
SPMSPMCSV,/mnt/beegfs/ysu34/hamlib/dia_e2e/fermiFH_18_4.txt,262144,64,1549,366904380,ours_sym,1.239040,0.000e+00
CFILL,/mnt/beegfs/ysu34/hamlib/dia_e2e/fermiFH_18_4.txt,262144,1549,366904380,9043964,0.0246
E2EEVCSV,/mnt/beegfs/ysu34/hamlib/dia_e2e/fermiFH_18_4.txt,262144,64,1000,4,didx,35.565,0.000,49.668,-1.000,-1.000,-1.000e+00
E2EOPCSV,/mnt/beegfs/ysu34/hamlib/dia_e2e/fermiFH_18_4.txt,262144,64,2,1549,366904380,2.400,2.623,-1
E2EOPCSV,/mnt/beegfs/ysu34/hamlib/dia_e2e/fermiFH_18_4.txt,262144,64,3,17353,3771787488,135.755,62.130,-1
# opbuild wall: Unnz=18912431872 (int32 index limit)
E2EOPBUILDCSV,/mnt/beegfs/ysu34/hamlib/dia_e2e/fermiFH_18_4.txt,262144,4,98163,18912431872,-1,-1,-1
# opbuild(sym) wall: Unnz=9456347008 (int32 index limit)
E2EOPBUILDCSV,/mnt/beegfs/ysu34/hamlib/dia_e2e/fermiFH_18_4.txt,262144,4,49082,9456347008,-1,-1,-1
== [trim 2] H8c_16_4 ==
# DIA_TRIM 1e-08: D 8887 -> 6921
PREPCSV,/mnt/beegfs/ysu34/hamlib/dia_e2e/H8c_16_4.txt,65536,6921,spmv,didx,262.551,1.883,0.213165,1241
# didx_sym skipped: non-symmetric or Dup>128
PREPCSV,/mnt/beegfs/ysu34/hamlib/dia_e2e/H8c_16_4.txt,65536,6921,spmv,gopt,307.024,14.198,1.269845,253
PREPCSV,/mnt/beegfs/ysu34/hamlib/dia_e2e/H8c_16_4.txt,65536,6921,spmspm,ours_flat,4432.995,41.495,4484.544434,1
PREPCSV,/mnt/beegfs/ysu34/hamlib/dia_e2e/H8c_16_4.txt,65536,6921,spmspm,ours_sym,463.425,23.149,-1.000000,-1
PREPCSV,/mnt/beegfs/ysu34/hamlib/dia_e2e/H8c_16_4.txt,65536,6921,spmspm,ours_sym,463.425,23.149,2218.610107,0
# DIA_TRIM 1e-08: D 8887 -> 6921
SPMSPMCSV,/mnt/beegfs/ysu34/hamlib/dia_e2e/H8c_16_4.txt,65536,6921,65535,2147483648,ours_flat,4477.280762,0.000e+00
SPMSPMCSV,/mnt/beegfs/ysu34/hamlib/dia_e2e/H8c_16_4.txt,65536,6921,65535,2147483648,ours_sym,2217.973633,6.104e-05
# DIA_TRIM 1e-08: D 8887 -> 6921
CFILL,/mnt/beegfs/ysu34/hamlib/dia_e2e/H8c_16_4.txt,65536,65535,2147483648,64527360,0.0300
# DIA_TRIM 1e-08: D 8887 -> 6921
E2EEVCSV,/mnt/beegfs/ysu34/hamlib/dia_e2e/H8c_16_4.txt,65536,6921,1000,4,gopt,337.200,0.000,5719.269,-1.000,-1.000,-1.000e+00
E2EOPCSV,/mnt/beegfs/ysu34/hamlib/dia_e2e/H8c_16_4.txt,65536,6921,2,65535,2147483648,4161.018,4474.150,-1
E2EOPCSV,/mnt/beegfs/ysu34/hamlib/dia_e2e/H8c_16_4.txt,65536,6921,3,65535,2147483648,18629.081,32337.473,-1
# opbuild wall: Unnz=2147483648 (int32 index limit)
E2EOPBUILDCSV,/mnt/beegfs/ysu34/hamlib/dia_e2e/H8c_16_4.txt,65536,4,65535,2147483648,-1,-1,-1
E2EOPBUILDCSV,/mnt/beegfs/ysu34/hamlib/dia_e2e/H8c_16_4.txt,65536,4,32768,1073774592,40559.215,-1,-1
== [trim 2] heis_16_5 ==
PREPCSV,/mnt/beegfs/ysu34/hamlib/dia_e2e/heis_16_5.txt,65536,31,spmv,didx,2.589,0.185,0.004816,576
PREPCSV,/mnt/beegfs/ysu34/hamlib/dia_e2e/heis_16_5.txt,65536,31,spmv,didx_sym,1.051,0.294,0.004920,273
PREPCSV,/mnt/beegfs/ysu34/hamlib/dia_e2e/heis_16_5.txt,65536,31,spmv,gopt,3.150,0.228,0.011651,290
PREPCSV,/mnt/beegfs/ysu34/hamlib/dia_e2e/heis_16_5.txt,65536,31,spmspm,ours_flat,0.276,0.115,0.147348,3
PREPCSV,/mnt/beegfs/ysu34/hamlib/dia_e2e/heis_16_5.txt,65536,31,spmspm,ours_sym,0.083,0.116,-1.000000,-1
PREPCSV,/mnt/beegfs/ysu34/hamlib/dia_e2e/heis_16_5.txt,65536,31,spmspm,ours_sym,0.083,0.116,0.077300,3
SPMSPMCSV,/mnt/beegfs/ysu34/hamlib/dia_e2e/heis_16_5.txt,65536,31,399,24395762,ours_flat,0.147330,0.000e+00
SPMSPMCSV,/mnt/beegfs/ysu34/hamlib/dia_e2e/heis_16_5.txt,65536,31,399,24395762,ours_sym,0.077323,0.000e+00
CFILL,/mnt/beegfs/ysu34/hamlib/dia_e2e/heis_16_5.txt,65536,399,24395762,2497616,0.1024
E2EEVCSV,/mnt/beegfs/ysu34/hamlib/dia_e2e/heis_16_5.txt,65536,31,1000,5,didx,5.624,0.000,39.040,-1.000,-1.000,-1.000e+00
E2EOPCSV,/mnt/beegfs/ysu34/hamlib/dia_e2e/heis_16_5.txt,65536,31,2,399,24395762,0.222,0.147,-1
E2EOPCSV,/mnt/beegfs/ysu34/hamlib/dia_e2e/heis_16_5.txt,65536,31,3,2791,163414130,5.309,1.624,-1
E2EOPBUILDCSV,/mnt/beegfs/ysu34/hamlib/dia_e2e/heis_16_5.txt,65536,5,32167,1651448944,1463.820,1655.523,1.131
E2EOPBUILDCSV,/mnt/beegfs/ysu34/hamlib/dia_e2e/heis_16_5.txt,65536,5,16084,825757240,155.474,-1,-1
== [trim 2] heis_18_5 ==
PREPCSV,/mnt/beegfs/ysu34/hamlib/dia_e2e/heis_18_5.txt,262144,35,spmv,didx,12.816,0.608,0.008861,1515
PREPCSV,/mnt/beegfs/ysu34/hamlib/dia_e2e/heis_18_5.txt,262144,35,spmv,didx_sym,4.667,1.355,0.008431,714
PREPCSV,/mnt/beegfs/ysu34/hamlib/dia_e2e/heis_18_5.txt,262144,35,spmv,gopt,11.101,0.904,0.011948,1005
PREPCSV,/mnt/beegfs/ysu34/hamlib/dia_e2e/heis_18_5.txt,262144,35,spmspm,ours_flat,0.906,0.202,0.824242,1
PREPCSV,/mnt/beegfs/ysu34/hamlib/dia_e2e/heis_18_5.txt,262144,35,spmspm,ours_sym,0.361,0.537,-1.000000,-1
PREPCSV,/mnt/beegfs/ysu34/hamlib/dia_e2e/heis_18_5.txt,262144,35,spmspm,ours_sym,0.361,0.537,0.387665,2
SPMSPMCSV,/mnt/beegfs/ysu34/hamlib/dia_e2e/heis_18_5.txt,262144,35,519,127991794,ours_flat,0.825584,0.000e+00
SPMSPMCSV,/mnt/beegfs/ysu34/hamlib/dia_e2e/heis_18_5.txt,262144,35,519,127991794,ours_sym,0.390217,0.000e+00
CFILL,/mnt/beegfs/ysu34/hamlib/dia_e2e/heis_18_5.txt,262144,519,127991794,12417264,0.0970
E2EEVCSV,/mnt/beegfs/ysu34/hamlib/dia_e2e/heis_18_5.txt,262144,35,1000,5,didx,21.445,0.000,65.893,-1.000,-1.000,-1.000e+00
E2EOPCSV,/mnt/beegfs/ysu34/hamlib/dia_e2e/heis_18_5.txt,262144,35,2,519,127991794,0.716,0.824,-1
E2EOPCSV,/mnt/beegfs/ysu34/hamlib/dia_e2e/heis_18_5.txt,262144,35,3,4279,1016725618,13.465,12.079,-1
# opbuild wall: Unnz=15484329072 (int32 index limit)
E2EOPBUILDCSV,/mnt/beegfs/ysu34/hamlib/dia_e2e/heis_18_5.txt,262144,5,72483,15484329072,-1,-1,-1
# opbuild(sym) wall: Unnz=7742295608 (int32 index limit)
E2EOPBUILDCSV,/mnt/beegfs/ysu34/hamlib/dia_e2e/heis_18_5.txt,262144,5,36242,7742295608,-1,-1,-1
== [trim 2] heis_20_5 ==
PREPCSV,/mnt/beegfs/ysu34/hamlib/dia_e2e/heis_20_5.txt,1048576,39,spmv,didx,58.373,2.026,0.031915,1893
PREPCSV,/mnt/beegfs/ysu34/hamlib/dia_e2e/heis_20_5.txt,1048576,39,spmv,didx_sym,21.160,5.395,0.031567,841
PREPCSV,/mnt/beegfs/ysu34/hamlib/dia_e2e/heis_20_5.txt,1048576,39,spmv,gopt,51.163,3.292,0.044582,1221
PREPCSV,/mnt/beegfs/ysu34/hamlib/dia_e2e/heis_20_5.txt,1048576,39,spmspm,ours_flat,4.011,0.512,4.400953,1
PREPCSV,/mnt/beegfs/ysu34/hamlib/dia_e2e/heis_20_5.txt,1048576,39,spmspm,ours_sym,1.736,1.955,-1.000000,-1
PREPCSV,/mnt/beegfs/ysu34/hamlib/dia_e2e/heis_20_5.txt,1048576,39,spmspm,ours_sym,1.736,1.955,2.184088,2
SPMSPMCSV,/mnt/beegfs/ysu34/hamlib/dia_e2e/heis_20_5.txt,1048576,39,655,650379250,ours_flat,4.418636,0.000e+00
SPMSPMCSV,/mnt/beegfs/ysu34/hamlib/dia_e2e/heis_20_5.txt,1048576,39,655,650379250,ours_sym,2.175879,0.000e+00
CFILL,/mnt/beegfs/ysu34/hamlib/dia_e2e/heis_20_5.txt,1048576,655,650379250,60424320,0.0929
E2EEVCSV,/mnt/beegfs/ysu34/hamlib/dia_e2e/heis_20_5.txt,1048576,39,1000,5,didx,108.787,0.000,241.241,-1.000,-1.000,-1.000e+00
E2EOPCSV,/mnt/beegfs/ysu34/hamlib/dia_e2e/heis_20_5.txt,1048576,39,2,655,650379250,3.103,4.430,-1
E2EOPCSV,/mnt/beegfs/ysu34/hamlib/dia_e2e/heis_20_5.txt,1048576,39,3,6231,5988941938,46.916,81.707,-1
# opbuild wall: Unnz=130519407728 (int32 index limit)
E2EOPBUILDCSV,/mnt/beegfs/ysu34/hamlib/dia_e2e/heis_20_5.txt,1048576,5,148383,130519407728,-1,-1,-1
# opbuild(sym) wall: Unnz=65260228152 (int32 index limit)
E2EOPBUILDCSV,/mnt/beegfs/ysu34/hamlib/dia_e2e/heis_20_5.txt,1048576,5,74192,65260228152,-1,-1,-1
== [trim 2] heis_20_6 ==
PREPCSV,/mnt/beegfs/ysu34/hamlib/dia_e2e/heis_20_6.txt,1048576,39,spmv,didx,59.022,2.061,0.032180,1898
PREPCSV,/mnt/beegfs/ysu34/hamlib/dia_e2e/heis_20_6.txt,1048576,39,spmv,didx_sym,20.927,5.344,0.031685,829
PREPCSV,/mnt/beegfs/ysu34/hamlib/dia_e2e/heis_20_6.txt,1048576,39,spmv,gopt,47.343,3.321,0.044722,1133
PREPCSV,/mnt/beegfs/ysu34/hamlib/dia_e2e/heis_20_6.txt,1048576,39,spmspm,ours_flat,3.743,0.439,4.394940,1
PREPCSV,/mnt/beegfs/ysu34/hamlib/dia_e2e/heis_20_6.txt,1048576,39,spmspm,ours_sym,1.682,2.018,-1.000000,-1
PREPCSV,/mnt/beegfs/ysu34/hamlib/dia_e2e/heis_20_6.txt,1048576,39,spmspm,ours_sym,1.682,2.018,2.174861,2
SPMSPMCSV,/mnt/beegfs/ysu34/hamlib/dia_e2e/heis_20_6.txt,1048576,39,655,650379250,ours_flat,4.398082,0.000e+00
SPMSPMCSV,/mnt/beegfs/ysu34/hamlib/dia_e2e/heis_20_6.txt,1048576,39,655,650379250,ours_sym,2.167218,0.000e+00
CFILL,/mnt/beegfs/ysu34/hamlib/dia_e2e/heis_20_6.txt,1048576,655,650379250,60424320,0.0929
E2EEVCSV,/mnt/beegfs/ysu34/hamlib/dia_e2e/heis_20_6.txt,1048576,39,1000,6,didx,110.114,0.000,290.105,-1.000,-1.000,-1.000e+00
E2EOPCSV,/mnt/beegfs/ysu34/hamlib/dia_e2e/heis_20_6.txt,1048576,39,2,655,650379250,3.198,4.457,-1
E2EOPCSV,/mnt/beegfs/ysu34/hamlib/dia_e2e/heis_20_6.txt,1048576,39,3,6231,5988941938,46.464,81.924,-1
# opbuild wall: Unnz=337281752192 (int32 index limit)
E2EOPBUILDCSV,/mnt/beegfs/ysu34/hamlib/dia_e2e/heis_20_6.txt,1048576,6,409911,337281752192,-1,-1,-1
# opbuild(sym) wall: Unnz=168641400384 (int32 index limit)
E2EOPBUILDCSV,/mnt/beegfs/ysu34/hamlib/dia_e2e/heis_20_6.txt,1048576,6,204956,168641400384,-1,-1,-1
== [trim 2] maxcut_16_5 ==
PREPCSV,/mnt/beegfs/ysu34/hamlib/dia_e2e/maxcut_16_5.txt,65536,1,spmv,didx,0.217,0.055,0.002974,92
PREPCSV,/mnt/beegfs/ysu34/hamlib/dia_e2e/maxcut_16_5.txt,65536,1,spmv,didx_sym,0.125,0.056,0.002922,62
PREPCSV,/mnt/beegfs/ysu34/hamlib/dia_e2e/maxcut_16_5.txt,65536,1,spmv,gopt,0.091,0.043,0.002908,46
PREPCSV,/mnt/beegfs/ysu34/hamlib/dia_e2e/maxcut_16_5.txt,65536,1,spmspm,ours_flat,0.042,0.027,0.004360,16
PREPCSV,/mnt/beegfs/ysu34/hamlib/dia_e2e/maxcut_16_5.txt,65536,1,spmspm,ours_sym,0.026,0.027,-1.000000,-1
PREPCSV,/mnt/beegfs/ysu34/hamlib/dia_e2e/maxcut_16_5.txt,65536,1,spmspm,ours_sym,0.026,0.027,0.004278,12
SPMSPMCSV,/mnt/beegfs/ysu34/hamlib/dia_e2e/maxcut_16_5.txt,65536,1,1,65536,ours_flat,0.004380,0.000e+00
SPMSPMCSV,/mnt/beegfs/ysu34/hamlib/dia_e2e/maxcut_16_5.txt,65536,1,1,65536,ours_sym,0.004318,0.000e+00
CFILL,/mnt/beegfs/ysu34/hamlib/dia_e2e/maxcut_16_5.txt,65536,1,65536,34596,0.5279
E2EEVCSV,/mnt/beegfs/ysu34/hamlib/dia_e2e/maxcut_16_5.txt,65536,1,1000,5,stream,0.264,0.000,29.183,-1.000,-1.000,-1.000e+00
E2EOPCSV,/mnt/beegfs/ysu34/hamlib/dia_e2e/maxcut_16_5.txt,65536,1,2,1,65536,0.001,0.005,-1
E2EOPCSV,/mnt/beegfs/ysu34/hamlib/dia_e2e/maxcut_16_5.txt,65536,1,3,1,65536,0.001,0.005,-1
E2EOPBUILDCSV,/mnt/beegfs/ysu34/hamlib/dia_e2e/maxcut_16_5.txt,65536,5,1,65536,0.515,1.109,2.153
E2EOPBUILDCSV,/mnt/beegfs/ysu34/hamlib/dia_e2e/maxcut_16_5.txt,65536,5,1,65536,0.446,-1,-1
== [trim 2] maxcut_18_5 ==
PREPCSV,/mnt/beegfs/ysu34/hamlib/dia_e2e/maxcut_18_5.txt,262144,1,spmv,didx,1.055,0.209,0.003700,342
PREPCSV,/mnt/beegfs/ysu34/hamlib/dia_e2e/maxcut_18_5.txt,262144,1,spmv,didx_sym,0.309,0.213,0.003674,142
PREPCSV,/mnt/beegfs/ysu34/hamlib/dia_e2e/maxcut_18_5.txt,262144,1,spmv,gopt,0.489,0.109,0.003276,183
PREPCSV,/mnt/beegfs/ysu34/hamlib/dia_e2e/maxcut_18_5.txt,262144,1,spmspm,ours_flat,0.163,0.059,0.004748,47
PREPCSV,/mnt/beegfs/ysu34/hamlib/dia_e2e/maxcut_18_5.txt,262144,1,spmspm,ours_sym,0.098,0.060,-1.000000,-1
PREPCSV,/mnt/beegfs/ysu34/hamlib/dia_e2e/maxcut_18_5.txt,262144,1,spmspm,ours_sym,0.098,0.060,0.004664,34
SPMSPMCSV,/mnt/beegfs/ysu34/hamlib/dia_e2e/maxcut_18_5.txt,262144,1,1,262144,ours_flat,0.004580,0.000e+00
SPMSPMCSV,/mnt/beegfs/ysu34/hamlib/dia_e2e/maxcut_18_5.txt,262144,1,1,262144,ours_sym,0.004584,0.000e+00
CFILL,/mnt/beegfs/ysu34/hamlib/dia_e2e/maxcut_18_5.txt,262144,1,262144,262144,1.0000
E2EEVCSV,/mnt/beegfs/ysu34/hamlib/dia_e2e/maxcut_18_5.txt,262144,1,1000,5,stream,0.789,0.000,35.266,-1.000,-1.000,-1.000e+00
E2EOPCSV,/mnt/beegfs/ysu34/hamlib/dia_e2e/maxcut_18_5.txt,262144,1,2,1,262144,0.002,0.005,-1
E2EOPCSV,/mnt/beegfs/ysu34/hamlib/dia_e2e/maxcut_18_5.txt,262144,1,3,1,262144,0.002,0.005,-1
E2EOPBUILDCSV,/mnt/beegfs/ysu34/hamlib/dia_e2e/maxcut_18_5.txt,262144,5,1,262144,1.348,3.408,2.528
E2EOPBUILDCSV,/mnt/beegfs/ysu34/hamlib/dia_e2e/maxcut_18_5.txt,262144,5,1,262144,0.988,-1,-1
== [trim 2] maxcut_20_5 ==
PREPCSV,/mnt/beegfs/ysu34/hamlib/dia_e2e/maxcut_20_5.txt,1048576,1,spmv,didx,2.421,0.383,0.006428,436
PREPCSV,/mnt/beegfs/ysu34/hamlib/dia_e2e/maxcut_20_5.txt,1048576,1,spmv,didx_sym,1.476,0.385,0.006499,286
PREPCSV,/mnt/beegfs/ysu34/hamlib/dia_e2e/maxcut_20_5.txt,1048576,1,spmv,gopt,1.352,0.170,0.004805,317
PREPCSV,/mnt/beegfs/ysu34/hamlib/dia_e2e/maxcut_20_5.txt,1048576,1,spmspm,ours_flat,0.640,0.088,0.007180,101
PREPCSV,/mnt/beegfs/ysu34/hamlib/dia_e2e/maxcut_20_5.txt,1048576,1,spmspm,ours_sym,0.394,0.087,-1.000000,-1
PREPCSV,/mnt/beegfs/ysu34/hamlib/dia_e2e/maxcut_20_5.txt,1048576,1,spmspm,ours_sym,0.394,0.087,0.007153,67
SPMSPMCSV,/mnt/beegfs/ysu34/hamlib/dia_e2e/maxcut_20_5.txt,1048576,1,1,1048576,ours_flat,0.007290,0.000e+00
SPMSPMCSV,/mnt/beegfs/ysu34/hamlib/dia_e2e/maxcut_20_5.txt,1048576,1,1,1048576,ours_sym,0.007266,0.000e+00
CFILL,/mnt/beegfs/ysu34/hamlib/dia_e2e/maxcut_20_5.txt,1048576,1,1048576,595984,0.5684
E2EEVCSV,/mnt/beegfs/ysu34/hamlib/dia_e2e/maxcut_20_5.txt,1048576,1,1000,5,stream,2.533,0.000,66.436,-1.000,-1.000,-1.000e+00
E2EOPCSV,/mnt/beegfs/ysu34/hamlib/dia_e2e/maxcut_20_5.txt,1048576,1,2,1,1048576,0.006,0.008,-1
E2EOPCSV,/mnt/beegfs/ysu34/hamlib/dia_e2e/maxcut_20_5.txt,1048576,1,3,1,1048576,0.005,0.008,-1
E2EOPBUILDCSV,/mnt/beegfs/ysu34/hamlib/dia_e2e/maxcut_20_5.txt,1048576,5,1,1048576,4.637,11.717,2.527
E2EOPBUILDCSV,/mnt/beegfs/ysu34/hamlib/dia_e2e/maxcut_20_5.txt,1048576,5,1,1048576,2.687,-1,-1
== [trim 2] O2c_16_5 ==
# DIA_TRIM 1e-08: D 1243 -> 867
PREPCSV,/mnt/beegfs/ysu34/hamlib/dia_e2e/O2c_16_5.txt,65536,867,spmv,didx,44.162,0.876,0.030996,1453
# didx_sym skipped: non-symmetric or Dup>128
PREPCSV,/mnt/beegfs/ysu34/hamlib/dia_e2e/O2c_16_5.txt,65536,867,spmv,gopt,52.373,2.764,0.228794,241
PREPCSV,/mnt/beegfs/ysu34/hamlib/dia_e2e/O2c_16_5.txt,65536,867,spmspm,ours_flat,344.946,1.543,72.053505,5
PREPCSV,/mnt/beegfs/ysu34/hamlib/dia_e2e/O2c_16_5.txt,65536,867,spmspm,ours_sym,15.739,1.899,-1.000000,-1
PREPCSV,/mnt/beegfs/ysu34/hamlib/dia_e2e/O2c_16_5.txt,65536,867,spmspm,ours_sym,15.739,1.899,33.541435,1
# DIA_TRIM 1e-08: D 1243 -> 867
SPMSPMCSV,/mnt/beegfs/ysu34/hamlib/dia_e2e/O2c_16_5.txt,65536,867,35219,1308482828,ours_flat,72.117851,0.000e+00
SPMSPMCSV,/mnt/beegfs/ysu34/hamlib/dia_e2e/O2c_16_5.txt,65536,867,35219,1308482828,ours_sym,33.173248,1.221e-04
# DIA_TRIM 1e-08: D 1243 -> 867
CFILL,/mnt/beegfs/ysu34/hamlib/dia_e2e/O2c_16_5.txt,65536,35219,1308482828,30152672,0.0230
# DIA_TRIM 1e-08: D 1243 -> 867
E2EEVCSV,/mnt/beegfs/ysu34/hamlib/dia_e2e/O2c_16_5.txt,65536,867,1000,5,didx,98.333,0.000,226.175,-1.000,-1.000,-1.000e+00
E2EOPCSV,/mnt/beegfs/ysu34/hamlib/dia_e2e/O2c_16_5.txt,65536,867,2,35219,1308482828,331.258,69.430,-1
E2EOPCSV,/mnt/beegfs/ysu34/hamlib/dia_e2e/O2c_16_5.txt,65536,867,3,43691,1431655766,7093.872,2748.781,-1
E2EOPBUILDCSV,/mnt/beegfs/ysu34/hamlib/dia_e2e/O2c_16_5.txt,65536,5,43691,1431655766,28101.443,54877.504,1.953
E2EOPBUILDCSV,/mnt/beegfs/ysu34/hamlib/dia_e2e/O2c_16_5.txt,65536,5,21846,715860651,6242.565,-1,-1
== [trim 2] O2c_20_5 ==
# DIA_TRIM 1e-08: D 3359 -> 2367
PREPCSV,/mnt/beegfs/ysu34/hamlib/dia_e2e/O2c_20_5.txt,1048576,2367,spmv,didx,2308.635,29.055,1.791144,1305
# didx_sym skipped: non-symmetric or Dup>128
PREPCSV,/mnt/beegfs/ysu34/hamlib/dia_e2e/O2c_20_5.txt,1048576,2367,spmv,gopt,2183.240,81.426,1.245439,1818
CUDA prep_driver.cu:324 out of memory
# DIA_TRIM 1e-08: D 3359 -> 2367
CUDA spmspm_driver.cu:94 out of memory
# DIA_TRIM 1e-08: D 3359 -> 2367
CFILL,/mnt/beegfs/ysu34/hamlib/dia_e2e/O2c_20_5.txt,1048576,336441,221619031350,-1,OOM
# DIA_TRIM 1e-08: D 3359 -> 2367
E2EEVCSV,/mnt/beegfs/ysu34/hamlib/dia_e2e/O2c_20_5.txt,1048576,2367,1000,5,didx,4577.954,0.000,13565.124,-1.000,-1.000,-1.000e+00
E2EOPCSV,/mnt/beegfs/ysu34/hamlib/dia_e2e/O2c_20_5.txt,1048576,2367,2,336441,221619031350,-1,-1,-1
# opbuild wall: Unnz=366503875926 (int32 index limit)
E2EOPBUILDCSV,/mnt/beegfs/ysu34/hamlib/dia_e2e/O2c_20_5.txt,1048576,5,699051,366503875926,-1,-1,-1
# opbuild(sym) wall: Unnz=183252462251 (int32 index limit)
E2EOPBUILDCSV,/mnt/beegfs/ysu34/hamlib/dia_e2e/O2c_20_5.txt,1048576,5,349526,183252462251,-1,-1,-1
== [trim 2] qmaxcut_16_4 ==
PREPCSV,/mnt/beegfs/ysu34/hamlib/dia_e2e/qmaxcut_16_4.txt,65536,31,spmv,didx,2.182,0.186,0.004515,524
PREPCSV,/mnt/beegfs/ysu34/hamlib/dia_e2e/qmaxcut_16_4.txt,65536,31,spmv,didx_sym,0.663,0.223,0.004815,184
PREPCSV,/mnt/beegfs/ysu34/hamlib/dia_e2e/qmaxcut_16_4.txt,65536,31,spmv,gopt,1.903,0.170,0.007860,264
PREPCSV,/mnt/beegfs/ysu34/hamlib/dia_e2e/qmaxcut_16_4.txt,65536,31,spmspm,ours_flat,0.241,0.124,0.074173,5
PREPCSV,/mnt/beegfs/ysu34/hamlib/dia_e2e/qmaxcut_16_4.txt,65536,31,spmspm,ours_sym,0.068,0.128,-1.000000,-1
PREPCSV,/mnt/beegfs/ysu34/hamlib/dia_e2e/qmaxcut_16_4.txt,65536,31,spmspm,ours_sym,0.068,0.128,0.039422,5
SPMSPMCSV,/mnt/beegfs/ysu34/hamlib/dia_e2e/qmaxcut_16_4.txt,65536,31,481,15138746,ours_flat,0.074310,0.000e+00
SPMSPMCSV,/mnt/beegfs/ysu34/hamlib/dia_e2e/qmaxcut_16_4.txt,65536,31,481,15138746,ours_sym,0.039555,0.000e+00
CFILL,/mnt/beegfs/ysu34/hamlib/dia_e2e/qmaxcut_16_4.txt,65536,481,15138746,3997696,0.2641
E2EEVCSV,/mnt/beegfs/ysu34/hamlib/dia_e2e/qmaxcut_16_4.txt,65536,31,1000,4,didx,3.403,0.000,31.109,-1.000,-1.000,-1.000e+00
E2EOPCSV,/mnt/beegfs/ysu34/hamlib/dia_e2e/qmaxcut_16_4.txt,65536,31,2,481,15138746,0.185,0.075,-1
E2EOPCSV,/mnt/beegfs/ysu34/hamlib/dia_e2e/qmaxcut_16_4.txt,65536,31,3,3031,103776028,6.222,0.734,-1
E2EOPBUILDCSV,/mnt/beegfs/ysu34/hamlib/dia_e2e/qmaxcut_16_4.txt,65536,4,15507,499792596,182.245,240.459,1.319
E2EOPBUILDCSV,/mnt/beegfs/ysu34/hamlib/dia_e2e/qmaxcut_16_4.txt,65536,4,7754,249929066,22.146,-1,-1
== [trim 2] qmaxcut_18_4 ==
PREPCSV,/mnt/beegfs/ysu34/hamlib/dia_e2e/qmaxcut_18_4.txt,262144,35,spmv,didx,7.056,0.567,0.008816,865
PREPCSV,/mnt/beegfs/ysu34/hamlib/dia_e2e/qmaxcut_18_4.txt,262144,35,spmv,didx_sym,3.086,0.742,0.008886,431
PREPCSV,/mnt/beegfs/ysu34/hamlib/dia_e2e/qmaxcut_18_4.txt,262144,35,spmv,gopt,5.957,0.622,0.009013,730
PREPCSV,/mnt/beegfs/ysu34/hamlib/dia_e2e/qmaxcut_18_4.txt,262144,35,spmspm,ours_flat,0.708,0.184,0.358042,2
PREPCSV,/mnt/beegfs/ysu34/hamlib/dia_e2e/qmaxcut_18_4.txt,262144,35,spmspm,ours_sym,0.279,0.365,-1.000000,-1
PREPCSV,/mnt/beegfs/ysu34/hamlib/dia_e2e/qmaxcut_18_4.txt,262144,35,spmspm,ours_sym,0.279,0.365,0.183206,4
SPMSPMCSV,/mnt/beegfs/ysu34/hamlib/dia_e2e/qmaxcut_18_4.txt,262144,35,613,77332402,ours_flat,0.357741,0.000e+00
SPMSPMCSV,/mnt/beegfs/ysu34/hamlib/dia_e2e/qmaxcut_18_4.txt,262144,35,613,77332402,ours_sym,0.183162,0.000e+00
CFILL,/mnt/beegfs/ysu34/hamlib/dia_e2e/qmaxcut_18_4.txt,262144,613,77332402,20316160,0.2627
E2EEVCSV,/mnt/beegfs/ysu34/hamlib/dia_e2e/qmaxcut_18_4.txt,262144,35,1000,4,didx,14.035,0.000,53.406,-1.000,-1.000,-1.000e+00
E2EOPCSV,/mnt/beegfs/ysu34/hamlib/dia_e2e/qmaxcut_18_4.txt,262144,35,2,613,77332402,0.504,0.360,-1
E2EOPCSV,/mnt/beegfs/ysu34/hamlib/dia_e2e/qmaxcut_18_4.txt,262144,35,3,4455,608304862,13.926,4.446,-1
# opbuild wall: Unnz=3485530152 (int32 index limit)
E2EOPBUILDCSV,/mnt/beegfs/ysu34/hamlib/dia_e2e/qmaxcut_18_4.txt,262144,4,27051,3485530152,-1,-1,-1
E2EOPBUILDCSV,/mnt/beegfs/ysu34/hamlib/dia_e2e/qmaxcut_18_4.txt,262144,4,13526,1742896148,80.290,-1,-1
== [trim 2] qmaxcut_20_4 ==
PREPCSV,/mnt/beegfs/ysu34/hamlib/dia_e2e/qmaxcut_20_4.txt,1048576,39,spmv,didx,32.562,1.964,0.032641,1058
PREPCSV,/mnt/beegfs/ysu34/hamlib/dia_e2e/qmaxcut_20_4.txt,1048576,39,spmv,didx_sym,13.522,3.134,0.030542,545
PREPCSV,/mnt/beegfs/ysu34/hamlib/dia_e2e/qmaxcut_20_4.txt,1048576,39,spmv,gopt,28.109,2.178,0.030593,990
PREPCSV,/mnt/beegfs/ysu34/hamlib/dia_e2e/qmaxcut_20_4.txt,1048576,39,spmspm,ours_flat,2.602,0.289,1.890228,2
PREPCSV,/mnt/beegfs/ysu34/hamlib/dia_e2e/qmaxcut_20_4.txt,1048576,39,spmspm,ours_sym,1.163,0.401,-1.000000,-1
PREPCSV,/mnt/beegfs/ysu34/hamlib/dia_e2e/qmaxcut_20_4.txt,1048576,39,spmspm,ours_sym,1.163,0.401,0.967732,2
SPMSPMCSV,/mnt/beegfs/ysu34/hamlib/dia_e2e/qmaxcut_20_4.txt,1048576,39,761,384827306,ours_flat,1.900244,0.000e+00
SPMSPMCSV,/mnt/beegfs/ysu34/hamlib/dia_e2e/qmaxcut_20_4.txt,1048576,39,761,384827306,ours_sym,0.958890,0.000e+00
CFILL,/mnt/beegfs/ysu34/hamlib/dia_e2e/qmaxcut_20_4.txt,1048576,761,384827306,100663296,0.2616
E2EEVCSV,/mnt/beegfs/ysu34/hamlib/dia_e2e/qmaxcut_20_4.txt,1048576,39,1000,4,didx,63.776,0.000,195.508,-1.000,-1.000,-1.000e+00
E2EOPCSV,/mnt/beegfs/ysu34/hamlib/dia_e2e/qmaxcut_20_4.txt,1048576,39,2,761,384827306,1.913,1.952,-1
E2EOPCSV,/mnt/beegfs/ysu34/hamlib/dia_e2e/qmaxcut_20_4.txt,1048576,39,3,6271,3415735960,35.849,27.779,-1
# opbuild wall: Unnz=22750164124 (int32 index limit)
E2EOPBUILDCSV,/mnt/beegfs/ysu34/hamlib/dia_e2e/qmaxcut_20_4.txt,1048576,4,44143,22750164124,-1,-1,-1
# opbuild(sym) wall: Unnz=11375606350 (int32 index limit)
E2EOPBUILDCSV,/mnt/beegfs/ysu34/hamlib/dia_e2e/qmaxcut_20_4.txt,1048576,4,22072,11375606350,-1,-1,-1
== [trim 2] qmaxcutC_18_4 ==
PREPCSV,/mnt/beegfs/ysu34/hamlib/dia_e2e/qmaxcutC_18_4.txt,262144,73,spmv,didx,20.556,0.884,0.016156,1327
PREPCSV,/mnt/beegfs/ysu34/hamlib/dia_e2e/qmaxcutC_18_4.txt,262144,73,spmv,didx_sym,9.370,2.431,0.015117,781
PREPCSV,/mnt/beegfs/ysu34/hamlib/dia_e2e/qmaxcutC_18_4.txt,262144,73,spmv,gopt,23.417,1.752,0.031127,809
PREPCSV,/mnt/beegfs/ysu34/hamlib/dia_e2e/qmaxcutC_18_4.txt,262144,73,spmspm,ours_flat,3.159,0.374,3.304430,1
PREPCSV,/mnt/beegfs/ysu34/hamlib/dia_e2e/qmaxcutC_18_4.txt,262144,73,spmspm,ours_sym,1.059,1.960,-1.000000,-1
PREPCSV,/mnt/beegfs/ysu34/hamlib/dia_e2e/qmaxcutC_18_4.txt,262144,73,spmspm,ours_sym,1.059,1.960,1.553210,2
SPMSPMCSV,/mnt/beegfs/ysu34/hamlib/dia_e2e/qmaxcutC_18_4.txt,262144,73,1995,447316210,ours_flat,3.306677,0.000e+00
SPMSPMCSV,/mnt/beegfs/ysu34/hamlib/dia_e2e/qmaxcutC_18_4.txt,262144,73,1995,447316210,ours_sym,1.552845,0.000e+00
CFILL,/mnt/beegfs/ysu34/hamlib/dia_e2e/qmaxcutC_18_4.txt,262144,1995,447316210,42963040,0.0960
E2EEVCSV,/mnt/beegfs/ysu34/hamlib/dia_e2e/qmaxcutC_18_4.txt,262144,73,1000,4,didx,44.255,0.000,86.972,-1.000,-1.000,-1.000e+00
E2EOPCSV,/mnt/beegfs/ysu34/hamlib/dia_e2e/qmaxcutC_18_4.txt,262144,73,2,1995,447316210,2.853,3.255,-1
E2EOPCSV,/mnt/beegfs/ysu34/hamlib/dia_e2e/qmaxcutC_18_4.txt,262144,73,3,25185,5108188748,236.798,86.504,-1
# opbuild wall: Unnz=26670401436 (int32 index limit)
E2EOPBUILDCSV,/mnt/beegfs/ysu34/hamlib/dia_e2e/qmaxcutC_18_4.txt,262144,4,149585,26670401436,-1,-1,-1
# opbuild(sym) wall: Unnz=13335331790 (int32 index limit)
E2EOPBUILDCSV,/mnt/beegfs/ysu34/hamlib/dia_e2e/qmaxcutC_18_4.txt,262144,4,74793,13335331790,-1,-1,-1
== [trim 2] qmaxcutK_18_4 ==
PREPCSV,/mnt/beegfs/ysu34/hamlib/dia_e2e/qmaxcutK_18_4.txt,262144,19,spmv,didx,5.606,0.415,0.006255,962
PREPCSV,/mnt/beegfs/ysu34/hamlib/dia_e2e/qmaxcutK_18_4.txt,262144,19,spmv,didx_sym,2.558,0.663,0.006689,482
PREPCSV,/mnt/beegfs/ysu34/hamlib/dia_e2e/qmaxcutK_18_4.txt,262144,19,spmv,gopt,6.773,0.618,0.008935,827
PREPCSV,/mnt/beegfs/ysu34/hamlib/dia_e2e/qmaxcutK_18_4.txt,262144,19,spmspm,ours_flat,0.465,0.151,0.228253,3
PREPCSV,/mnt/beegfs/ysu34/hamlib/dia_e2e/qmaxcutK_18_4.txt,262144,19,spmspm,ours_sym,0.181,0.140,-1.000000,-1
PREPCSV,/mnt/beegfs/ysu34/hamlib/dia_e2e/qmaxcutK_18_4.txt,262144,19,spmspm,ours_sym,0.181,0.140,0.116004,3
SPMSPMCSV,/mnt/beegfs/ysu34/hamlib/dia_e2e/qmaxcutK_18_4.txt,262144,19,147,37034376,ours_flat,0.227913,0.000e+00
SPMSPMCSV,/mnt/beegfs/ysu34/hamlib/dia_e2e/qmaxcutK_18_4.txt,262144,19,147,37034376,ours_sym,0.115868,0.000e+00
CFILL,/mnt/beegfs/ysu34/hamlib/dia_e2e/qmaxcutK_18_4.txt,262144,147,37034376,3014656,0.0814
E2EEVCSV,/mnt/beegfs/ysu34/hamlib/dia_e2e/qmaxcutK_18_4.txt,262144,19,1000,4,didx,12.998,0.000,40.983,-1.000,-1.000,-1.000e+00
E2EOPCSV,/mnt/beegfs/ysu34/hamlib/dia_e2e/qmaxcutK_18_4.txt,262144,19,2,147,37034376,0.190,0.228,-1
E2EOPCSV,/mnt/beegfs/ysu34/hamlib/dia_e2e/qmaxcutK_18_4.txt,262144,19,3,629,155370334,1.190,1.658,-1
E2EOPBUILDCSV,/mnt/beegfs/ysu34/hamlib/dia_e2e/qmaxcutK_18_4.txt,262144,4,1875,453768152,22.828,91.827,4.023
E2EOPBUILDCSV,/mnt/beegfs/ysu34/hamlib/dia_e2e/qmaxcutK_18_4.txt,262144,4,938,227015148,9.900,-1,-1
== [trim 2] qmaxcutR_18_3 ==
PREPCSV,/mnt/beegfs/ysu34/hamlib/dia_e2e/qmaxcutR_18_3.txt,262144,9,spmv,didx,3.064,0.263,0.004817,691
PREPCSV,/mnt/beegfs/ysu34/hamlib/dia_e2e/qmaxcutR_18_3.txt,262144,9,spmv,didx_sym,1.288,0.405,0.005489,309
PREPCSV,/mnt/beegfs/ysu34/hamlib/dia_e2e/qmaxcutR_18_3.txt,262144,9,spmv,gopt,3.728,0.213,0.005306,743
PREPCSV,/mnt/beegfs/ysu34/hamlib/dia_e2e/qmaxcutR_18_3.txt,262144,9,spmspm,ours_flat,0.209,0.100,0.055409,6
PREPCSV,/mnt/beegfs/ysu34/hamlib/dia_e2e/qmaxcutR_18_3.txt,262144,9,spmspm,ours_sym,0.121,0.106,-1.000000,-1
PREPCSV,/mnt/beegfs/ysu34/hamlib/dia_e2e/qmaxcutR_18_3.txt,262144,9,spmspm,ours_sym,0.121,0.106,0.030646,7
SPMSPMCSV,/mnt/beegfs/ysu34/hamlib/dia_e2e/qmaxcutR_18_3.txt,262144,9,35,9027634,ours_flat,0.055506,0.000e+00
SPMSPMCSV,/mnt/beegfs/ysu34/hamlib/dia_e2e/qmaxcutR_18_3.txt,262144,9,35,9027634,ours_sym,0.030631,0.000e+00
CFILL,/mnt/beegfs/ysu34/hamlib/dia_e2e/qmaxcutR_18_3.txt,262144,35,9027634,786432,0.0871
E2EEVCSV,/mnt/beegfs/ysu34/hamlib/dia_e2e/qmaxcutR_18_3.txt,262144,9,1000,3,didx,6.578,0.000,26.698,-1.000,-1.000,-1.000e+00
E2EOPCSV,/mnt/beegfs/ysu34/hamlib/dia_e2e/qmaxcutR_18_3.txt,262144,9,2,35,9027634,0.044,0.055,-1
E2EOPCSV,/mnt/beegfs/ysu34/hamlib/dia_e2e/qmaxcutR_18_3.txt,262144,9,3,75,19210410,0.106,0.179,-1
E2EOPBUILDCSV,/mnt/beegfs/ysu34/hamlib/dia_e2e/qmaxcutR_18_3.txt,262144,3,75,19210410,1.402,18.367,13.097
E2EOPBUILDCSV,/mnt/beegfs/ysu34/hamlib/dia_e2e/qmaxcutR_18_3.txt,262144,3,38,9736277,0.865,-1,-1
== [trim 2] tfim_16_4 ==
PREPCSV,/mnt/beegfs/ysu34/hamlib/dia_e2e/tfim_16_4.txt,65536,33,spmv,didx,3.211,0.274,0.004773,730
PREPCSV,/mnt/beegfs/ysu34/hamlib/dia_e2e/tfim_16_4.txt,65536,33,spmv,didx_sym,1.314,0.349,0.004628,359
PREPCSV,/mnt/beegfs/ysu34/hamlib/dia_e2e/tfim_16_4.txt,65536,33,spmv,gopt,3.536,0.240,0.012620,299
PREPCSV,/mnt/beegfs/ysu34/hamlib/dia_e2e/tfim_16_4.txt,65536,33,spmspm,ours_flat,0.312,0.113,0.157414,3
PREPCSV,/mnt/beegfs/ysu34/hamlib/dia_e2e/tfim_16_4.txt,65536,33,spmspm,ours_sym,0.089,0.125,-1.000000,-1
PREPCSV,/mnt/beegfs/ysu34/hamlib/dia_e2e/tfim_16_4.txt,65536,33,spmspm,ours_sym,0.089,0.125,0.082588,3
SPMSPMCSV,/mnt/beegfs/ysu34/hamlib/dia_e2e/tfim_16_4.txt,65536,33,455,26181618,ours_flat,0.157425,0.000e+00
SPMSPMCSV,/mnt/beegfs/ysu34/hamlib/dia_e2e/tfim_16_4.txt,65536,33,455,26181618,ours_sym,0.082575,0.000e+00
CFILL,/mnt/beegfs/ysu34/hamlib/dia_e2e/tfim_16_4.txt,65536,455,26181618,8950976,0.3419
E2EEVCSV,/mnt/beegfs/ysu34/hamlib/dia_e2e/tfim_16_4.txt,65536,33,1000,4,didx,8.043,0.000,31.713,-1.000,-1.000,-1.000e+00
E2EOPCSV,/mnt/beegfs/ysu34/hamlib/dia_e2e/tfim_16_4.txt,65536,33,2,455,26181618,0.308,0.158,-1
E2EOPCSV,/mnt/beegfs/ysu34/hamlib/dia_e2e/tfim_16_4.txt,65536,33,3,3447,182780016,7.863,1.815,-1
E2EOPBUILDCSV,/mnt/beegfs/ysu34/hamlib/dia_e2e/tfim_16_4.txt,65536,4,15727,759430272,217.871,278.280,1.277
E2EOPBUILDCSV,/mnt/beegfs/ysu34/hamlib/dia_e2e/tfim_16_4.txt,65536,4,7864,379747904,33.868,-1,-1
== [trim 2] tfim_16_5 ==
PREPCSV,/mnt/beegfs/ysu34/hamlib/dia_e2e/tfim_16_5.txt,65536,33,spmv,didx,3.257,0.272,0.004880,723
PREPCSV,/mnt/beegfs/ysu34/hamlib/dia_e2e/tfim_16_5.txt,65536,33,spmv,didx_sym,1.318,0.348,0.004622,360
PREPCSV,/mnt/beegfs/ysu34/hamlib/dia_e2e/tfim_16_5.txt,65536,33,spmv,gopt,3.602,0.240,0.012668,303
PREPCSV,/mnt/beegfs/ysu34/hamlib/dia_e2e/tfim_16_5.txt,65536,33,spmspm,ours_flat,0.315,0.130,0.157790,3
PREPCSV,/mnt/beegfs/ysu34/hamlib/dia_e2e/tfim_16_5.txt,65536,33,spmspm,ours_sym,0.089,0.125,-1.000000,-1
PREPCSV,/mnt/beegfs/ysu34/hamlib/dia_e2e/tfim_16_5.txt,65536,33,spmspm,ours_sym,0.089,0.125,0.082856,3
SPMSPMCSV,/mnt/beegfs/ysu34/hamlib/dia_e2e/tfim_16_5.txt,65536,33,455,26181618,ours_flat,0.157832,0.000e+00
SPMSPMCSV,/mnt/beegfs/ysu34/hamlib/dia_e2e/tfim_16_5.txt,65536,33,455,26181618,ours_sym,0.082822,0.000e+00
CFILL,/mnt/beegfs/ysu34/hamlib/dia_e2e/tfim_16_5.txt,65536,455,26181618,8950976,0.3419
E2EEVCSV,/mnt/beegfs/ysu34/hamlib/dia_e2e/tfim_16_5.txt,65536,33,1000,5,didx,7.869,0.000,38.875,-1.000,-1.000,-1.000e+00
E2EOPCSV,/mnt/beegfs/ysu34/hamlib/dia_e2e/tfim_16_5.txt,65536,33,2,455,26181618,0.312,0.157,-1
E2EOPCSV,/mnt/beegfs/ysu34/hamlib/dia_e2e/tfim_16_5.txt,65536,33,3,3447,182780016,7.898,1.812,-1
E2EOPBUILDCSV,/mnt/beegfs/ysu34/hamlib/dia_e2e/tfim_16_5.txt,65536,5,45471,1968446464,2571.600,2918.385,1.135
E2EOPBUILDCSV,/mnt/beegfs/ysu34/hamlib/dia_e2e/tfim_16_5.txt,65536,5,22736,984256000,253.918,-1,-1
== [trim 2] tfim_18_4 ==
PREPCSV,/mnt/beegfs/ysu34/hamlib/dia_e2e/tfim_18_4.txt,262144,37,spmv,didx,12.014,0.885,0.011969,1078
PREPCSV,/mnt/beegfs/ysu34/hamlib/dia_e2e/tfim_18_4.txt,262144,37,spmv,didx_sym,5.621,1.515,0.009884,722
PREPCSV,/mnt/beegfs/ysu34/hamlib/dia_e2e/tfim_18_4.txt,262144,37,spmv,gopt,13.531,1.163,0.013245,1109
PREPCSV,/mnt/beegfs/ysu34/hamlib/dia_e2e/tfim_18_4.txt,262144,37,spmspm,ours_flat,0.992,0.214,0.885088,1
PREPCSV,/mnt/beegfs/ysu34/hamlib/dia_e2e/tfim_18_4.txt,262144,37,spmspm,ours_sym,0.390,0.510,-1.000000,-1
PREPCSV,/mnt/beegfs/ysu34/hamlib/dia_e2e/tfim_18_4.txt,262144,37,spmspm,ours_sym,0.390,0.510,0.414871,2
SPMSPMCSV,/mnt/beegfs/ysu34/hamlib/dia_e2e/tfim_18_4.txt,262144,37,583,136183794,ours_flat,0.889116,0.000e+00
SPMSPMCSV,/mnt/beegfs/ysu34/hamlib/dia_e2e/tfim_18_4.txt,262144,37,583,136183794,ours_sym,0.415756,0.000e+00
CFILL,/mnt/beegfs/ysu34/hamlib/dia_e2e/tfim_18_4.txt,262144,583,136183794,44985808,0.3303
E2EEVCSV,/mnt/beegfs/ysu34/hamlib/dia_e2e/tfim_18_4.txt,262144,37,1000,4,didx,24.330,0.000,67.389,-1.000,-1.000,-1.000e+00
E2EOPCSV,/mnt/beegfs/ysu34/hamlib/dia_e2e/tfim_18_4.txt,262144,37,2,583,136183794,0.824,0.885,-1
E2EOPCSV,/mnt/beegfs/ysu34/hamlib/dia_e2e/tfim_18_4.txt,262144,37,3,5155,1121714288,17.370,13.231,-1
# opbuild wall: Unnz=5652348032 (int32 index limit)
E2EOPBUILDCSV,/mnt/beegfs/ysu34/hamlib/dia_e2e/tfim_18_4.txt,262144,4,28143,5652348032,-1,-1,-1
# opbuild(sym) wall: Unnz=2826305088 (int32 index limit)
E2EOPBUILDCSV,/mnt/beegfs/ysu34/hamlib/dia_e2e/tfim_18_4.txt,262144,4,14072,2826305088,-1,-1,-1
== [trim 2] tfim_18_5 ==
PREPCSV,/mnt/beegfs/ysu34/hamlib/dia_e2e/tfim_18_5.txt,262144,37,spmv,didx,13.331,0.882,0.011907,1194
PREPCSV,/mnt/beegfs/ysu34/hamlib/dia_e2e/tfim_18_5.txt,262144,37,spmv,didx_sym,5.676,1.476,0.009766,732
PREPCSV,/mnt/beegfs/ysu34/hamlib/dia_e2e/tfim_18_5.txt,262144,37,spmv,gopt,13.611,1.159,0.013112,1126
PREPCSV,/mnt/beegfs/ysu34/hamlib/dia_e2e/tfim_18_5.txt,262144,37,spmspm,ours_flat,0.999,0.205,0.885402,1
PREPCSV,/mnt/beegfs/ysu34/hamlib/dia_e2e/tfim_18_5.txt,262144,37,spmspm,ours_sym,0.390,0.510,-1.000000,-1
PREPCSV,/mnt/beegfs/ysu34/hamlib/dia_e2e/tfim_18_5.txt,262144,37,spmspm,ours_sym,0.390,0.510,0.413177,2
SPMSPMCSV,/mnt/beegfs/ysu34/hamlib/dia_e2e/tfim_18_5.txt,262144,37,583,136183794,ours_flat,0.886186,0.000e+00
SPMSPMCSV,/mnt/beegfs/ysu34/hamlib/dia_e2e/tfim_18_5.txt,262144,37,583,136183794,ours_sym,0.415844,0.000e+00
CFILL,/mnt/beegfs/ysu34/hamlib/dia_e2e/tfim_18_5.txt,262144,583,136183794,44985808,0.3303
E2EEVCSV,/mnt/beegfs/ysu34/hamlib/dia_e2e/tfim_18_5.txt,262144,37,1000,5,didx,26.603,0.000,82.906,-1.000,-1.000,-1.000e+00
E2EOPCSV,/mnt/beegfs/ysu34/hamlib/dia_e2e/tfim_18_5.txt,262144,37,2,583,136183794,0.823,0.884,-1
E2EOPCSV,/mnt/beegfs/ysu34/hamlib/dia_e2e/tfim_18_5.txt,262144,37,3,5155,1121714288,17.503,13.211,-1
# opbuild wall: Unnz=18243132416 (int32 index limit)
E2EOPBUILDCSV,/mnt/beegfs/ysu34/hamlib/dia_e2e/tfim_18_5.txt,262144,5,99695,18243132416,-1,-1,-1
# opbuild(sym) wall: Unnz=9121697280 (int32 index limit)
E2EOPBUILDCSV,/mnt/beegfs/ysu34/hamlib/dia_e2e/tfim_18_5.txt,262144,5,49848,9121697280,-1,-1,-1
== [trim 2] tfim_20_5 ==
PREPCSV,/mnt/beegfs/ysu34/hamlib/dia_e2e/tfim_20_5.txt,1048576,41,spmv,didx,103.795,3.521,0.058612,1831
PREPCSV,/mnt/beegfs/ysu34/hamlib/dia_e2e/tfim_20_5.txt,1048576,41,spmv,didx_sym,27.621,5.767,0.040930,816
PREPCSV,/mnt/beegfs/ysu34/hamlib/dia_e2e/tfim_20_5.txt,1048576,41,spmv,gopt,51.735,4.187,0.055011,1017
PREPCSV,/mnt/beegfs/ysu34/hamlib/dia_e2e/tfim_20_5.txt,1048576,41,spmspm,ours_flat,3.976,0.522,4.673787,1
PREPCSV,/mnt/beegfs/ysu34/hamlib/dia_e2e/tfim_20_5.txt,1048576,41,spmspm,ours_sym,1.830,1.864,-1.000000,-1
PREPCSV,/mnt/beegfs/ysu34/hamlib/dia_e2e/tfim_20_5.txt,1048576,41,spmspm,ours_sym,1.830,1.864,2.304100,2
SPMSPMCSV,/mnt/beegfs/ysu34/hamlib/dia_e2e/tfim_20_5.txt,1048576,41,727,687341554,ours_flat,4.679001,0.000e+00
SPMSPMCSV,/mnt/beegfs/ysu34/hamlib/dia_e2e/tfim_20_5.txt,1048576,41,727,687341554,ours_sym,2.303374,0.000e+00
CFILL,/mnt/beegfs/ysu34/hamlib/dia_e2e/tfim_20_5.txt,1048576,727,687341554,220860576,0.3213
E2EEVCSV,/mnt/beegfs/ysu34/hamlib/dia_e2e/tfim_20_5.txt,1048576,41,1000,5,didx,161.243,0.000,410.935,-1.000,-1.000,-1.000e+00
E2EOPCSV,/mnt/beegfs/ysu34/hamlib/dia_e2e/tfim_20_5.txt,1048576,41,2,727,687341554,3.370,4.708,-1
E2EOPCSV,/mnt/beegfs/ysu34/hamlib/dia_e2e/tfim_20_5.txt,1048576,41,3,7359,6535774320,54.332,88.533,-1
# opbuild wall: Unnz=151712177152 (int32 index limit)
E2EOPBUILDCSV,/mnt/beegfs/ysu34/hamlib/dia_e2e/tfim_20_5.txt,1048576,5,198479,151712177152,-1,-1,-1
# opbuild(sym) wall: Unnz=75856612864 (int32 index limit)
E2EOPBUILDCSV,/mnt/beegfs/ysu34/hamlib/dia_e2e/tfim_20_5.txt,1048576,5,99240,75856612864,-1,-1,-1
== [trim 2] tsp_18_4 ==
PREPCSV,/mnt/beegfs/ysu34/hamlib/dia_e2e/tsp_18_4.txt,262144,1,spmv,didx,1.066,0.216,0.003560,360
PREPCSV,/mnt/beegfs/ysu34/hamlib/dia_e2e/tsp_18_4.txt,262144,1,spmv,didx_sym,0.310,0.206,0.003521,146
PREPCSV,/mnt/beegfs/ysu34/hamlib/dia_e2e/tsp_18_4.txt,262144,1,spmv,gopt,0.487,0.109,0.003180,187
PREPCSV,/mnt/beegfs/ysu34/hamlib/dia_e2e/tsp_18_4.txt,262144,1,spmspm,ours_flat,0.162,0.059,0.004653,47
PREPCSV,/mnt/beegfs/ysu34/hamlib/dia_e2e/tsp_18_4.txt,262144,1,spmspm,ours_sym,0.099,0.061,-1.000000,-1
PREPCSV,/mnt/beegfs/ysu34/hamlib/dia_e2e/tsp_18_4.txt,262144,1,spmspm,ours_sym,0.099,0.061,0.004589,35
SPMSPMCSV,/mnt/beegfs/ysu34/hamlib/dia_e2e/tsp_18_4.txt,262144,1,1,262144,ours_flat,0.004728,0.000e+00
SPMSPMCSV,/mnt/beegfs/ysu34/hamlib/dia_e2e/tsp_18_4.txt,262144,1,1,262144,ours_sym,0.004751,0.000e+00
CFILL,/mnt/beegfs/ysu34/hamlib/dia_e2e/tsp_18_4.txt,262144,1,262144,262144,1.0000
E2EEVCSV,/mnt/beegfs/ysu34/hamlib/dia_e2e/tsp_18_4.txt,262144,1,1000,4,stream,0.780,0.000,30.058,-1.000,-1.000,-1.000e+00
E2EOPCSV,/mnt/beegfs/ysu34/hamlib/dia_e2e/tsp_18_4.txt,262144,1,2,1,262144,0.002,0.005,-1
E2EOPCSV,/mnt/beegfs/ysu34/hamlib/dia_e2e/tsp_18_4.txt,262144,1,3,1,262144,0.002,0.005,-1
E2EOPBUILDCSV,/mnt/beegfs/ysu34/hamlib/dia_e2e/tsp_18_4.txt,262144,4,1,262144,1.041,2.595,2.493
E2EOPBUILDCSV,/mnt/beegfs/ysu34/hamlib/dia_e2e/tsp_18_4.txt,262144,4,1,262144,0.798,-1,-1
== [trim 2] vibbf3_18_3 ==
PREPCSV,/mnt/beegfs/ysu34/hamlib/dia_e2e/vibbf3_18_3.txt,262144,12,spmv,didx,4.055,0.300,0.005034,865
PREPCSV,/mnt/beegfs/ysu34/hamlib/dia_e2e/vibbf3_18_3.txt,262144,12,spmv,didx_sym,1.829,0.466,0.005702,403
PREPCSV,/mnt/beegfs/ysu34/hamlib/dia_e2e/vibbf3_18_3.txt,262144,12,spmv,gopt,3.597,0.276,0.006009,644
PREPCSV,/mnt/beegfs/ysu34/hamlib/dia_e2e/vibbf3_18_3.txt,262144,12,spmspm,ours_flat,0.241,0.125,0.095545,4
PREPCSV,/mnt/beegfs/ysu34/hamlib/dia_e2e/vibbf3_18_3.txt,262144,12,spmspm,ours_sym,0.135,0.131,-1.000000,-1
PREPCSV,/mnt/beegfs/ysu34/hamlib/dia_e2e/vibbf3_18_3.txt,262144,12,spmspm,ours_sym,0.135,0.131,0.051198,5
SPMSPMCSV,/mnt/beegfs/ysu34/hamlib/dia_e2e/vibbf3_18_3.txt,262144,12,65,16457670,ours_flat,0.095615,0.000e+00
SPMSPMCSV,/mnt/beegfs/ysu34/hamlib/dia_e2e/vibbf3_18_3.txt,262144,12,65,16457670,ours_sym,0.051206,2.384e-07
CFILL,/mnt/beegfs/ysu34/hamlib/dia_e2e/vibbf3_18_3.txt,262144,65,16457670,1851392,0.1125
E2EEVCSV,/mnt/beegfs/ysu34/hamlib/dia_e2e/vibbf3_18_3.txt,262144,12,1000,3,didx,7.955,0.000,28.211,-1.000,-1.000,-1.000e+00
E2EOPCSV,/mnt/beegfs/ysu34/hamlib/dia_e2e/vibbf3_18_3.txt,262144,12,2,65,16457670,0.083,0.096,-1
E2EOPCSV,/mnt/beegfs/ysu34/hamlib/dia_e2e/vibbf3_18_3.txt,262144,12,3,177,43966330,0.263,0.462,-1
E2EOPBUILDCSV,/mnt/beegfs/ysu34/hamlib/dia_e2e/vibbf3_18_3.txt,262144,3,177,43966330,2.162,24.596,11.375
E2EOPBUILDCSV,/mnt/beegfs/ysu34/hamlib/dia_e2e/vibbf3_18_3.txt,262144,3,89,22114237,1.206,-1,-1
== [trim 2] atmosmodd ==
PREPCSV,/mnt/beegfs/ysu34/hamlib/dia_suitesparse/atmosmodd.txt,1270432,7,spmv,didx,20.676,1.814,0.025967,866
# didx_sym skipped: non-symmetric or Dup>128
PREPCSV,/mnt/beegfs/ysu34/hamlib/dia_suitesparse/atmosmodd.txt,1270432,7,spmv,gopt,15.688,1.392,0.015766,1083
PREPCSV,/mnt/beegfs/ysu34/hamlib/dia_suitesparse/atmosmodd.txt,1270432,7,spmspm,ours_flat,0.932,0.152,0.187222,6
PREPCSV,/mnt/beegfs/ysu34/hamlib/dia_suitesparse/atmosmodd.txt,1270432,7,spmspm,ours_sym,0.620,0.155,-1.000000,-1
PREPCSV,/mnt/beegfs/ysu34/hamlib/dia_suitesparse/atmosmodd.txt,1270432,7,spmspm,ours_sym,0.620,0.155,0.097478,8
SPMSPMCSV,/mnt/beegfs/ysu34/hamlib/dia_suitesparse/atmosmodd.txt,1270432,7,25,31452658,ours_flat,0.187327,0.000e+00
SPMSPMCSV,/mnt/beegfs/ysu34/hamlib/dia_suitesparse/atmosmodd.txt,1270432,7,25,31452658,ours_sym,0.097421,3.760e+06
CFILL,/mnt/beegfs/ysu34/hamlib/dia_suitesparse/atmosmodd.txt,1270432,25,31452658,31215208,0.9925
== [trim 2] ecology2 ==
PREPCSV,/mnt/beegfs/ysu34/hamlib/dia_suitesparse/ecology2.txt,999999,7,spmv,didx,12.080,1.127,0.011105,1189
PREPCSV,/mnt/beegfs/ysu34/hamlib/dia_suitesparse/ecology2.txt,999999,7,spmv,didx_sym,4.951,1.330,0.011908,527
PREPCSV,/mnt/beegfs/ysu34/hamlib/dia_suitesparse/ecology2.txt,999999,7,spmv,gopt,8.301,0.732,0.009800,922
PREPCSV,/mnt/beegfs/ysu34/hamlib/dia_suitesparse/ecology2.txt,999999,7,spmspm,ours_flat,0.765,0.123,0.123228,7
PREPCSV,/mnt/beegfs/ysu34/hamlib/dia_suitesparse/ecology2.txt,999999,7,spmspm,ours_sym,0.432,0.119,-1.000000,-1
PREPCSV,/mnt/beegfs/ysu34/hamlib/dia_suitesparse/ecology2.txt,999999,7,spmspm,ours_sym,0.432,0.119,0.067287,8
SPMSPMCSV,/mnt/beegfs/ysu34/hamlib/dia_suitesparse/ecology2.txt,999999,7,19,18979985,ours_flat,0.123313,0.000e+00
SPMSPMCSV,/mnt/beegfs/ysu34/hamlib/dia_suitesparse/ecology2.txt,999999,7,19,18979985,ours_sym,0.067232,1.526e-05
CFILL,/mnt/beegfs/ysu34/hamlib/dia_suitesparse/ecology2.txt,999999,19,18979985,12979975,0.6839
== [trim 2] Lin ==
PREPCSV,/mnt/beegfs/ysu34/hamlib/dia_suitesparse/Lin.txt,256000,7,spmv,didx,3.861,0.398,0.005786,736
PREPCSV,/mnt/beegfs/ysu34/hamlib/dia_suitesparse/Lin.txt,256000,7,spmv,didx_sym,1.485,0.395,0.005710,329
PREPCSV,/mnt/beegfs/ysu34/hamlib/dia_suitesparse/Lin.txt,256000,7,spmv,gopt,2.625,0.251,0.005733,502
PREPCSV,/mnt/beegfs/ysu34/hamlib/dia_suitesparse/Lin.txt,256000,7,spmspm,ours_flat,0.191,0.105,0.036015,8
PREPCSV,/mnt/beegfs/ysu34/hamlib/dia_suitesparse/Lin.txt,256000,7,spmspm,ours_sym,0.110,0.099,-1.000000,-1
PREPCSV,/mnt/beegfs/ysu34/hamlib/dia_suitesparse/Lin.txt,256000,7,spmspm,ours_sym,0.110,0.099,0.021247,10
SPMSPMCSV,/mnt/beegfs/ysu34/hamlib/dia_suitesparse/Lin.txt,256000,7,25,6309594,ours_flat,0.035897,0.000e+00
SPMSPMCSV,/mnt/beegfs/ysu34/hamlib/dia_suitesparse/Lin.txt,256000,7,25,6309594,ours_sym,0.021067,6.250e-02
CFILL,/mnt/beegfs/ysu34/hamlib/dia_suitesparse/Lin.txt,256000,25,6309594,6221600,0.9861
== [trim 3] BH_20_7 ==
# DIA_TRIM 1e-08: D 127 -> 109
PREPCSV,/mnt/beegfs/ysu34/hamlib/dia_e2e/BH_20_7.txt,1048576,109,spmv,didx,113.007,2.165,0.034480,3340
PREPCSV,/mnt/beegfs/ysu34/hamlib/dia_e2e/BH_20_7.txt,1048576,109,spmv,didx_sym,49.639,12.898,0.038185,1638
PREPCSV,/mnt/beegfs/ysu34/hamlib/dia_e2e/BH_20_7.txt,1048576,109,spmv,gopt,124.075,6.993,0.094565,1386
PREPCSV,/mnt/beegfs/ysu34/hamlib/dia_e2e/BH_20_7.txt,1048576,109,spmspm,ours_flat,22.048,1.625,32.558853,1
PREPCSV,/mnt/beegfs/ysu34/hamlib/dia_e2e/BH_20_7.txt,1048576,109,spmspm,ours_sym,8.599,8.581,-1.000000,-1
PREPCSV,/mnt/beegfs/ysu34/hamlib/dia_e2e/BH_20_7.txt,1048576,109,spmspm,ours_sym,8.599,8.581,16.406366,1
# DIA_TRIM 1e-08: D 127 -> 109
SPMSPMCSV,/mnt/beegfs/ysu34/hamlib/dia_e2e/BH_20_7.txt,1048576,109,4193,3845136356,ours_flat,32.960297,0.000e+00
SPMSPMCSV,/mnt/beegfs/ysu34/hamlib/dia_e2e/BH_20_7.txt,1048576,109,4193,3845136356,ours_sym,16.071955,7.629e-06
# DIA_TRIM 1e-08: D 127 -> 109
CFILL,/mnt/beegfs/ysu34/hamlib/dia_e2e/BH_20_7.txt,1048576,4193,3845136356,67357840,0.0175
# DIA_TRIM 1e-08: D 127 -> 109
E2EEVCSV,/mnt/beegfs/ysu34/hamlib/dia_e2e/BH_20_7.txt,1048576,109,1000,7,didx,234.274,0.000,362.574,-1.000,-1.000,-1.000e+00
E2EOPCSV,/mnt/beegfs/ysu34/hamlib/dia_e2e/BH_20_7.txt,1048576,109,2,4193,3845136356,22.479,31.551,-1
E2EOPCSV,/mnt/beegfs/ysu34/hamlib/dia_e2e/BH_20_7.txt,1048576,109,3,69149,57210924982,-1,-1,-1
# opbuild wall: Unnz=1099483316224 (int32 index limit)
E2EOPBUILDCSV,/mnt/beegfs/ysu34/hamlib/dia_e2e/BH_20_7.txt,1048576,7,2096863,1099483316224,-1,-1,-1
# opbuild(sym) wall: Unnz=549742182400 (int32 index limit)
E2EOPBUILDCSV,/mnt/beegfs/ysu34/hamlib/dia_e2e/BH_20_7.txt,1048576,7,1048432,549742182400,-1,-1,-1
== [trim 3] bhc_16_7 ==
# DIA_TRIM 1e-08: D 99 -> 85
PREPCSV,/mnt/beegfs/ysu34/hamlib/dia_e2e/bhc_16_7.txt,65536,85,spmv,didx,4.692,0.206,0.004912,997
PREPCSV,/mnt/beegfs/ysu34/hamlib/dia_e2e/bhc_16_7.txt,65536,85,spmv,didx_sym,2.339,0.546,0.004912,587
PREPCSV,/mnt/beegfs/ysu34/hamlib/dia_e2e/bhc_16_7.txt,65536,85,spmv,gopt,7.158,0.512,0.023334,329
PREPCSV,/mnt/beegfs/ysu34/hamlib/dia_e2e/bhc_16_7.txt,65536,85,spmspm,ours_flat,2.179,0.213,0.905009,3
PREPCSV,/mnt/beegfs/ysu34/hamlib/dia_e2e/bhc_16_7.txt,65536,85,spmspm,ours_sym,0.386,0.837,-1.000000,-1
PREPCSV,/mnt/beegfs/ysu34/hamlib/dia_e2e/bhc_16_7.txt,65536,85,spmspm,ours_sym,0.386,0.837,0.450341,3
# DIA_TRIM 1e-08: D 99 -> 85
SPMSPMCSV,/mnt/beegfs/ysu34/hamlib/dia_e2e/bhc_16_7.txt,65536,85,2309,126547940,ours_flat,0.905240,0.000e+00
SPMSPMCSV,/mnt/beegfs/ysu34/hamlib/dia_e2e/bhc_16_7.txt,65536,85,2309,126547940,ours_sym,0.450436,7.629e-06
# DIA_TRIM 1e-08: D 99 -> 85
CFILL,/mnt/beegfs/ysu34/hamlib/dia_e2e/bhc_16_7.txt,65536,2309,126547940,2698476,0.0213
# DIA_TRIM 1e-08: D 99 -> 85
E2EEVCSV,/mnt/beegfs/ysu34/hamlib/dia_e2e/bhc_16_7.txt,65536,85,1000,7,didx,11.786,0.000,53.649,-1.000,-1.000,-1.000e+00
E2EOPCSV,/mnt/beegfs/ysu34/hamlib/dia_e2e/bhc_16_7.txt,65536,85,2,2309,126547940,2.156,0.906,-1
E2EOPCSV,/mnt/beegfs/ysu34/hamlib/dia_e2e/bhc_16_7.txt,65536,85,3,23145,1093998518,274.479,22.315,-1
# opbuild wall: Unnz=4294967296 (int32 index limit)
E2EOPBUILDCSV,/mnt/beegfs/ysu34/hamlib/dia_e2e/bhc_16_7.txt,65536,7,131071,4294967296,-1,-1,-1
# opbuild(sym) wall: Unnz=2147516416 (int32 index limit)
E2EOPBUILDCSV,/mnt/beegfs/ysu34/hamlib/dia_e2e/bhc_16_7.txt,65536,7,65536,2147516416,-1,-1,-1
== [trim 3] bhc_18_7 ==
# DIA_TRIM 1e-08: D 112 -> 97
PREPCSV,/mnt/beegfs/ysu34/hamlib/dia_e2e/bhc_18_7.txt,262144,97,spmv,didx,22.376,0.629,0.009756,2358
PREPCSV,/mnt/beegfs/ysu34/hamlib/dia_e2e/bhc_18_7.txt,262144,97,spmv,didx_sym,10.905,3.019,0.008940,1557
PREPCSV,/mnt/beegfs/ysu34/hamlib/dia_e2e/bhc_18_7.txt,262144,97,spmv,gopt,28.530,1.998,0.037939,805
PREPCSV,/mnt/beegfs/ysu34/hamlib/dia_e2e/bhc_18_7.txt,262144,97,spmspm,ours_flat,5.892,0.504,5.644651,1
PREPCSV,/mnt/beegfs/ysu34/hamlib/dia_e2e/bhc_18_7.txt,262144,97,spmspm,ours_sym,1.706,2.381,-1.000000,-1
PREPCSV,/mnt/beegfs/ysu34/hamlib/dia_e2e/bhc_18_7.txt,262144,97,spmspm,ours_sym,1.706,2.381,2.691770,2
# DIA_TRIM 1e-08: D 112 -> 97
SPMSPMCSV,/mnt/beegfs/ysu34/hamlib/dia_e2e/bhc_18_7.txt,262144,97,3179,714866660,ours_flat,5.664588,0.000e+00
SPMSPMCSV,/mnt/beegfs/ysu34/hamlib/dia_e2e/bhc_18_7.txt,262144,97,3179,714866660,ours_sym,2.686455,7.629e-06
# DIA_TRIM 1e-08: D 112 -> 97
CFILL,/mnt/beegfs/ysu34/hamlib/dia_e2e/bhc_18_7.txt,262144,3179,714866660,13654928,0.0191
# DIA_TRIM 1e-08: D 112 -> 97
E2EEVCSV,/mnt/beegfs/ysu34/hamlib/dia_e2e/bhc_18_7.txt,262144,97,1000,7,didx,49.522,0.000,96.067,-1.000,-1.000,-1.000e+00
E2EOPCSV,/mnt/beegfs/ysu34/hamlib/dia_e2e/bhc_18_7.txt,262144,97,2,3179,714866660,5.764,5.596,-1
E2EOPCSV,/mnt/beegfs/ysu34/hamlib/dia_e2e/bhc_18_7.txt,262144,97,3,41827,8323076022,772.153,186.545,-1
# opbuild wall: Unnz=68719476736 (int32 index limit)
E2EOPBUILDCSV,/mnt/beegfs/ysu34/hamlib/dia_e2e/bhc_18_7.txt,262144,7,524287,68719476736,-1,-1,-1
# opbuild(sym) wall: Unnz=34359869440 (int32 index limit)
E2EOPBUILDCSV,/mnt/beegfs/ysu34/hamlib/dia_e2e/bhc_18_7.txt,262144,7,262144,34359869440,-1,-1,-1
== [trim 3] bhD1_18_7 ==
# DIA_TRIM 1e-08: D 112 -> 97
PREPCSV,/mnt/beegfs/ysu34/hamlib/dia_e2e/bhD1_18_7.txt,262144,97,spmv,didx,21.982,0.619,0.009638,2345
PREPCSV,/mnt/beegfs/ysu34/hamlib/dia_e2e/bhD1_18_7.txt,262144,97,spmv,didx_sym,10.882,2.980,0.008826,1571
PREPCSV,/mnt/beegfs/ysu34/hamlib/dia_e2e/bhD1_18_7.txt,262144,97,spmv,gopt,27.904,1.936,0.037764,790
PREPCSV,/mnt/beegfs/ysu34/hamlib/dia_e2e/bhD1_18_7.txt,262144,97,spmspm,ours_flat,5.936,0.460,5.653198,1
PREPCSV,/mnt/beegfs/ysu34/hamlib/dia_e2e/bhD1_18_7.txt,262144,97,spmspm,ours_sym,1.675,2.414,-1.000000,-1
PREPCSV,/mnt/beegfs/ysu34/hamlib/dia_e2e/bhD1_18_7.txt,262144,97,spmspm,ours_sym,1.675,2.414,2.692968,2
# DIA_TRIM 1e-08: D 112 -> 97
SPMSPMCSV,/mnt/beegfs/ysu34/hamlib/dia_e2e/bhD1_18_7.txt,262144,97,3179,714866660,ours_flat,5.668674,0.000e+00
SPMSPMCSV,/mnt/beegfs/ysu34/hamlib/dia_e2e/bhD1_18_7.txt,262144,97,3179,714866660,ours_sym,2.695143,7.629e-06
# DIA_TRIM 1e-08: D 112 -> 97
CFILL,/mnt/beegfs/ysu34/hamlib/dia_e2e/bhD1_18_7.txt,262144,3179,714866660,13654928,0.0191
# DIA_TRIM 1e-08: D 112 -> 97
E2EEVCSV,/mnt/beegfs/ysu34/hamlib/dia_e2e/bhD1_18_7.txt,262144,97,1000,7,didx,49.020,0.000,96.406,-1.000,-1.000,-1.000e+00
E2EOPCSV,/mnt/beegfs/ysu34/hamlib/dia_e2e/bhD1_18_7.txt,262144,97,2,3179,714866660,5.757,5.614,-1
E2EOPCSV,/mnt/beegfs/ysu34/hamlib/dia_e2e/bhD1_18_7.txt,262144,97,3,41827,8323076022,773.573,186.816,-1
# opbuild wall: Unnz=68719476736 (int32 index limit)
E2EOPBUILDCSV,/mnt/beegfs/ysu34/hamlib/dia_e2e/bhD1_18_7.txt,262144,7,524287,68719476736,-1,-1,-1
# opbuild(sym) wall: Unnz=34359869440 (int32 index limit)
E2EOPBUILDCSV,/mnt/beegfs/ysu34/hamlib/dia_e2e/bhD1_18_7.txt,262144,7,262144,34359869440,-1,-1,-1
== [trim 3] C2c_18_4 ==
# DIA_TRIM 1e-08: D 9971 -> 7407
PREPCSV,/mnt/beegfs/ysu34/hamlib/dia_e2e/C2c_18_4.txt,262144,7407,spmv,didx,1196.231,4.526,0.702718,1709
# didx_sym skipped: non-symmetric or Dup>128
PREPCSV,/mnt/beegfs/ysu34/hamlib/dia_e2e/C2c_18_4.txt,262144,7407,spmv,gopt,1342.246,39.291,1.120321,1233
CUDA prep_driver.cu:324 out of memory
# DIA_TRIM 1e-08: D 9971 -> 7407
CUDA spmspm_driver.cu:94 out of memory
# DIA_TRIM 1e-08: D 9971 -> 7407
CFILL,/mnt/beegfs/ysu34/hamlib/dia_e2e/C2c_18_4.txt,262144,469211,64490628022,-1,OOM
# DIA_TRIM 1e-08: D 9971 -> 7407
E2EEVCSV,/mnt/beegfs/ysu34/hamlib/dia_e2e/C2c_18_4.txt,262144,7407,1000,4,gopt,1557.095,0.000,4971.684,-1.000,-1.000,-1.000e+00
E2EOPCSV,/mnt/beegfs/ysu34/hamlib/dia_e2e/C2c_18_4.txt,262144,7407,2,469211,64490628022,-1,-1,-1
# opbuild wall: Unnz=68719476736 (int32 index limit)
E2EOPBUILDCSV,/mnt/beegfs/ysu34/hamlib/dia_e2e/C2c_18_4.txt,262144,4,524287,68719476736,-1,-1,-1
# opbuild(sym) wall: Unnz=34359869440 (int32 index limit)
E2EOPBUILDCSV,/mnt/beegfs/ysu34/hamlib/dia_e2e/C2c_18_4.txt,262144,4,262144,34359869440,-1,-1,-1
== [trim 3] fermi_16_5 ==
PREPCSV,/mnt/beegfs/ysu34/hamlib/dia_e2e/fermi_16_5.txt,65536,29,spmv,didx,2.331,0.172,0.004706,532
PREPCSV,/mnt/beegfs/ysu34/hamlib/dia_e2e/fermi_16_5.txt,65536,29,spmv,didx_sym,1.042,0.281,0.004696,282
PREPCSV,/mnt/beegfs/ysu34/hamlib/dia_e2e/fermi_16_5.txt,65536,29,spmv,gopt,3.025,0.212,0.010719,302
PREPCSV,/mnt/beegfs/ysu34/hamlib/dia_e2e/fermi_16_5.txt,65536,29,spmspm,ours_flat,0.243,0.114,0.129989,3
PREPCSV,/mnt/beegfs/ysu34/hamlib/dia_e2e/fermi_16_5.txt,65536,29,spmspm,ours_sym,0.077,0.104,-1.000000,-1
PREPCSV,/mnt/beegfs/ysu34/hamlib/dia_e2e/fermi_16_5.txt,65536,29,spmspm,ours_sym,0.077,0.104,0.068800,3
SPMSPMCSV,/mnt/beegfs/ysu34/hamlib/dia_e2e/fermi_16_5.txt,65536,29,353,21513010,ours_flat,0.129951,0.000e+00
SPMSPMCSV,/mnt/beegfs/ysu34/hamlib/dia_e2e/fermi_16_5.txt,65536,29,353,21513010,ours_sym,0.068714,0.000e+00
CFILL,/mnt/beegfs/ysu34/hamlib/dia_e2e/fermi_16_5.txt,65536,353,21513010,2136996,0.0993
E2EEVCSV,/mnt/beegfs/ysu34/hamlib/dia_e2e/fermi_16_5.txt,65536,29,1000,5,didx,5.503,0.000,39.014,-1.000,-1.000,-1.000e+00
E2EOPCSV,/mnt/beegfs/ysu34/hamlib/dia_e2e/fermi_16_5.txt,65536,29,2,353,21513010,0.189,0.130,-1
E2EOPCSV,/mnt/beegfs/ysu34/hamlib/dia_e2e/fermi_16_5.txt,65536,29,3,2377,138741682,4.647,1.346,-1
E2EOPBUILDCSV,/mnt/beegfs/ysu34/hamlib/dia_e2e/fermi_16_5.txt,65536,5,27547,1419565488,1321.587,1479.935,1.120
E2EOPBUILDCSV,/mnt/beegfs/ysu34/hamlib/dia_e2e/fermi_16_5.txt,65536,5,13774,709815512,128.643,-1,-1
== [trim 3] fermi_18_5 ==
PREPCSV,/mnt/beegfs/ysu34/hamlib/dia_e2e/fermi_18_5.txt,262144,33,spmv,didx,8.728,0.592,0.008164,1142
PREPCSV,/mnt/beegfs/ysu34/hamlib/dia_e2e/fermi_18_5.txt,262144,33,spmv,didx_sym,4.407,1.235,0.007995,706
PREPCSV,/mnt/beegfs/ysu34/hamlib/dia_e2e/fermi_18_5.txt,262144,33,spmv,gopt,10.552,0.872,0.011637,982
PREPCSV,/mnt/beegfs/ysu34/hamlib/dia_e2e/fermi_18_5.txt,262144,33,spmspm,ours_flat,0.841,0.197,0.732120,1
PREPCSV,/mnt/beegfs/ysu34/hamlib/dia_e2e/fermi_18_5.txt,262144,33,spmspm,ours_sym,0.343,0.555,-1.000000,-1
PREPCSV,/mnt/beegfs/ysu34/hamlib/dia_e2e/fermi_18_5.txt,262144,33,spmspm,ours_sym,0.343,0.555,0.343878,3
SPMSPMCSV,/mnt/beegfs/ysu34/hamlib/dia_e2e/fermi_18_5.txt,262144,33,465,114362994,ours_flat,0.732294,0.000e+00
SPMSPMCSV,/mnt/beegfs/ysu34/hamlib/dia_e2e/fermi_18_5.txt,262144,33,465,114362994,ours_sym,0.343950,0.000e+00
CFILL,/mnt/beegfs/ysu34/hamlib/dia_e2e/fermi_18_5.txt,262144,465,114362994,11141120,0.0974
E2EEVCSV,/mnt/beegfs/ysu34/hamlib/dia_e2e/fermi_18_5.txt,262144,33,1000,5,didx,19.694,0.000,63.161,-1.000,-1.000,-1.000e+00
E2EOPCSV,/mnt/beegfs/ysu34/hamlib/dia_e2e/fermi_18_5.txt,262144,33,2,465,114362994,0.647,0.734,-1
E2EOPCSV,/mnt/beegfs/ysu34/hamlib/dia_e2e/fermi_18_5.txt,262144,33,3,3689,873993202,10.950,10.019,-1
# opbuild wall: Unnz=13140458992 (int32 index limit)
E2EOPBUILDCSV,/mnt/beegfs/ysu34/hamlib/dia_e2e/fermi_18_5.txt,262144,5,61463,13140458992,-1,-1,-1
# opbuild(sym) wall: Unnz=6570360568 (int32 index limit)
E2EOPBUILDCSV,/mnt/beegfs/ysu34/hamlib/dia_e2e/fermi_18_5.txt,262144,5,30732,6570360568,-1,-1,-1
== [trim 3] fermi_20_5 ==
PREPCSV,/mnt/beegfs/ysu34/hamlib/dia_e2e/fermi_20_5.txt,1048576,37,spmv,didx,55.433,2.048,0.030945,1857
PREPCSV,/mnt/beegfs/ysu34/hamlib/dia_e2e/fermi_20_5.txt,1048576,37,spmv,didx_sym,20.784,5.013,0.030779,838
PREPCSV,/mnt/beegfs/ysu34/hamlib/dia_e2e/fermi_20_5.txt,1048576,37,spmv,gopt,48.636,3.263,0.043047,1206
PREPCSV,/mnt/beegfs/ysu34/hamlib/dia_e2e/fermi_20_5.txt,1048576,37,spmspm,ours_flat,3.868,0.414,3.913121,1
PREPCSV,/mnt/beegfs/ysu34/hamlib/dia_e2e/fermi_20_5.txt,1048576,37,spmspm,ours_sym,1.571,1.065,-1.000000,-1
PREPCSV,/mnt/beegfs/ysu34/hamlib/dia_e2e/fermi_20_5.txt,1048576,37,spmspm,ours_sym,1.571,1.065,1.940253,1
SPMSPMCSV,/mnt/beegfs/ysu34/hamlib/dia_e2e/fermi_20_5.txt,1048576,37,593,587472114,ours_flat,3.929181,0.000e+00
SPMSPMCSV,/mnt/beegfs/ysu34/hamlib/dia_e2e/fermi_20_5.txt,1048576,37,593,587472114,ours_sym,1.940550,0.000e+00
CFILL,/mnt/beegfs/ysu34/hamlib/dia_e2e/fermi_20_5.txt,1048576,593,587472114,53318432,0.0908
E2EEVCSV,/mnt/beegfs/ysu34/hamlib/dia_e2e/fermi_20_5.txt,1048576,37,1000,5,didx,103.878,0.000,230.749,-1.000,-1.000,-1.000e+00
E2EOPCSV,/mnt/beegfs/ysu34/hamlib/dia_e2e/fermi_20_5.txt,1048576,37,2,593,587472114,2.834,3.976,-1
E2EOPCSV,/mnt/beegfs/ysu34/hamlib/dia_e2e/fermi_20_5.txt,1048576,37,3,5433,5208293746,40.154,69.273,-1
# opbuild wall: Unnz=110337036656 (int32 index limit)
E2EOPBUILDCSV,/mnt/beegfs/ysu34/hamlib/dia_e2e/fermi_20_5.txt,1048576,5,125523,110337036656,-1,-1,-1
# opbuild(sym) wall: Unnz=55169042616 (int32 index limit)
E2EOPBUILDCSV,/mnt/beegfs/ysu34/hamlib/dia_e2e/fermi_20_5.txt,1048576,5,62762,55169042616,-1,-1,-1
== [trim 3] fermiFH_18_4 ==
PREPCSV,/mnt/beegfs/ysu34/hamlib/dia_e2e/fermiFH_18_4.txt,262144,64,spmv,didx,15.534,0.564,0.008134,1979
PREPCSV,/mnt/beegfs/ysu34/hamlib/dia_e2e/fermiFH_18_4.txt,262144,64,spmv,didx_sym,7.520,2.124,0.008074,1194
PREPCSV,/mnt/beegfs/ysu34/hamlib/dia_e2e/fermiFH_18_4.txt,262144,64,spmv,gopt,20.044,1.311,0.016293,1311
PREPCSV,/mnt/beegfs/ysu34/hamlib/dia_e2e/fermiFH_18_4.txt,262144,64,spmspm,ours_flat,2.556,0.293,2.641648,1
PREPCSV,/mnt/beegfs/ysu34/hamlib/dia_e2e/fermiFH_18_4.txt,262144,64,spmspm,ours_sym,0.895,2.123,-1.000000,-1
PREPCSV,/mnt/beegfs/ysu34/hamlib/dia_e2e/fermiFH_18_4.txt,262144,64,spmspm,ours_sym,0.895,2.123,1.250740,2
SPMSPMCSV,/mnt/beegfs/ysu34/hamlib/dia_e2e/fermiFH_18_4.txt,262144,64,1549,366904380,ours_flat,2.651917,0.000e+00
SPMSPMCSV,/mnt/beegfs/ysu34/hamlib/dia_e2e/fermiFH_18_4.txt,262144,64,1549,366904380,ours_sym,1.240730,0.000e+00
CFILL,/mnt/beegfs/ysu34/hamlib/dia_e2e/fermiFH_18_4.txt,262144,1549,366904380,9043964,0.0246
E2EEVCSV,/mnt/beegfs/ysu34/hamlib/dia_e2e/fermiFH_18_4.txt,262144,64,1000,4,didx,35.973,0.000,50.271,-1.000,-1.000,-1.000e+00
E2EOPCSV,/mnt/beegfs/ysu34/hamlib/dia_e2e/fermiFH_18_4.txt,262144,64,2,1549,366904380,2.391,2.620,-1
E2EOPCSV,/mnt/beegfs/ysu34/hamlib/dia_e2e/fermiFH_18_4.txt,262144,64,3,17353,3771787488,134.508,62.054,-1
# opbuild wall: Unnz=18912431872 (int32 index limit)
E2EOPBUILDCSV,/mnt/beegfs/ysu34/hamlib/dia_e2e/fermiFH_18_4.txt,262144,4,98163,18912431872,-1,-1,-1
# opbuild(sym) wall: Unnz=9456347008 (int32 index limit)
E2EOPBUILDCSV,/mnt/beegfs/ysu34/hamlib/dia_e2e/fermiFH_18_4.txt,262144,4,49082,9456347008,-1,-1,-1
== [trim 3] H8c_16_4 ==
# DIA_TRIM 1e-08: D 8887 -> 6921
PREPCSV,/mnt/beegfs/ysu34/hamlib/dia_e2e/H8c_16_4.txt,65536,6921,spmv,didx,261.030,1.930,0.213852,1230
# didx_sym skipped: non-symmetric or Dup>128
PREPCSV,/mnt/beegfs/ysu34/hamlib/dia_e2e/H8c_16_4.txt,65536,6921,spmv,gopt,305.953,14.055,1.270587,252
PREPCSV,/mnt/beegfs/ysu34/hamlib/dia_e2e/H8c_16_4.txt,65536,6921,spmspm,ours_flat,4408.175,41.207,4482.655273,1
PREPCSV,/mnt/beegfs/ysu34/hamlib/dia_e2e/H8c_16_4.txt,65536,6921,spmspm,ours_sym,459.298,22.922,-1.000000,-1
PREPCSV,/mnt/beegfs/ysu34/hamlib/dia_e2e/H8c_16_4.txt,65536,6921,spmspm,ours_sym,459.298,22.922,2217.880859,0
# DIA_TRIM 1e-08: D 8887 -> 6921
SPMSPMCSV,/mnt/beegfs/ysu34/hamlib/dia_e2e/H8c_16_4.txt,65536,6921,65535,2147483648,ours_flat,4476.282227,0.000e+00
SPMSPMCSV,/mnt/beegfs/ysu34/hamlib/dia_e2e/H8c_16_4.txt,65536,6921,65535,2147483648,ours_sym,2217.448486,6.104e-05
# DIA_TRIM 1e-08: D 8887 -> 6921
CFILL,/mnt/beegfs/ysu34/hamlib/dia_e2e/H8c_16_4.txt,65536,65535,2147483648,64527360,0.0300
# DIA_TRIM 1e-08: D 8887 -> 6921
E2EEVCSV,/mnt/beegfs/ysu34/hamlib/dia_e2e/H8c_16_4.txt,65536,6921,1000,4,gopt,339.239,0.000,5720.036,-1.000,-1.000,-1.000e+00
E2EOPCSV,/mnt/beegfs/ysu34/hamlib/dia_e2e/H8c_16_4.txt,65536,6921,2,65535,2147483648,4146.669,4475.638,-1
E2EOPCSV,/mnt/beegfs/ysu34/hamlib/dia_e2e/H8c_16_4.txt,65536,6921,3,65535,2147483648,18960.057,32326.199,-1
# opbuild wall: Unnz=2147483648 (int32 index limit)
E2EOPBUILDCSV,/mnt/beegfs/ysu34/hamlib/dia_e2e/H8c_16_4.txt,65536,4,65535,2147483648,-1,-1,-1
E2EOPBUILDCSV,/mnt/beegfs/ysu34/hamlib/dia_e2e/H8c_16_4.txt,65536,4,32768,1073774592,40530.906,-1,-1
== [trim 3] heis_16_5 ==
PREPCSV,/mnt/beegfs/ysu34/hamlib/dia_e2e/heis_16_5.txt,65536,31,spmv,didx,2.466,0.185,0.004777,555
PREPCSV,/mnt/beegfs/ysu34/hamlib/dia_e2e/heis_16_5.txt,65536,31,spmv,didx_sym,1.050,0.288,0.004905,273
PREPCSV,/mnt/beegfs/ysu34/hamlib/dia_e2e/heis_16_5.txt,65536,31,spmv,gopt,3.194,0.213,0.011604,294
PREPCSV,/mnt/beegfs/ysu34/hamlib/dia_e2e/heis_16_5.txt,65536,31,spmspm,ours_flat,0.275,0.117,0.147603,3
PREPCSV,/mnt/beegfs/ysu34/hamlib/dia_e2e/heis_16_5.txt,65536,31,spmspm,ours_sym,0.084,0.114,-1.000000,-1
PREPCSV,/mnt/beegfs/ysu34/hamlib/dia_e2e/heis_16_5.txt,65536,31,spmspm,ours_sym,0.084,0.114,0.077491,3
SPMSPMCSV,/mnt/beegfs/ysu34/hamlib/dia_e2e/heis_16_5.txt,65536,31,399,24395762,ours_flat,0.147633,0.000e+00
SPMSPMCSV,/mnt/beegfs/ysu34/hamlib/dia_e2e/heis_16_5.txt,65536,31,399,24395762,ours_sym,0.077447,0.000e+00
CFILL,/mnt/beegfs/ysu34/hamlib/dia_e2e/heis_16_5.txt,65536,399,24395762,2497616,0.1024
E2EEVCSV,/mnt/beegfs/ysu34/hamlib/dia_e2e/heis_16_5.txt,65536,31,1000,5,didx,5.466,0.000,37.888,-1.000,-1.000,-1.000e+00
E2EOPCSV,/mnt/beegfs/ysu34/hamlib/dia_e2e/heis_16_5.txt,65536,31,2,399,24395762,0.221,0.147,-1
E2EOPCSV,/mnt/beegfs/ysu34/hamlib/dia_e2e/heis_16_5.txt,65536,31,3,2791,163414130,5.315,1.625,-1
E2EOPBUILDCSV,/mnt/beegfs/ysu34/hamlib/dia_e2e/heis_16_5.txt,65536,5,32167,1651448944,1466.153,1657.090,1.130
E2EOPBUILDCSV,/mnt/beegfs/ysu34/hamlib/dia_e2e/heis_16_5.txt,65536,5,16084,825757240,153.091,-1,-1
== [trim 3] heis_18_5 ==
PREPCSV,/mnt/beegfs/ysu34/hamlib/dia_e2e/heis_18_5.txt,262144,35,spmv,didx,9.936,0.600,0.008876,1187
PREPCSV,/mnt/beegfs/ysu34/hamlib/dia_e2e/heis_18_5.txt,262144,35,spmv,didx_sym,4.696,1.405,0.008472,720
PREPCSV,/mnt/beegfs/ysu34/hamlib/dia_e2e/heis_18_5.txt,262144,35,spmv,gopt,11.859,0.944,0.012003,1067
PREPCSV,/mnt/beegfs/ysu34/hamlib/dia_e2e/heis_18_5.txt,262144,35,spmspm,ours_flat,0.914,0.182,0.824162,1
PREPCSV,/mnt/beegfs/ysu34/hamlib/dia_e2e/heis_18_5.txt,262144,35,spmspm,ours_sym,0.360,0.539,-1.000000,-1
PREPCSV,/mnt/beegfs/ysu34/hamlib/dia_e2e/heis_18_5.txt,262144,35,spmspm,ours_sym,0.360,0.539,0.387699,2
SPMSPMCSV,/mnt/beegfs/ysu34/hamlib/dia_e2e/heis_18_5.txt,262144,35,519,127991794,ours_flat,0.824707,0.000e+00
SPMSPMCSV,/mnt/beegfs/ysu34/hamlib/dia_e2e/heis_18_5.txt,262144,35,519,127991794,ours_sym,0.390731,0.000e+00
CFILL,/mnt/beegfs/ysu34/hamlib/dia_e2e/heis_18_5.txt,262144,519,127991794,12417264,0.0970
E2EEVCSV,/mnt/beegfs/ysu34/hamlib/dia_e2e/heis_18_5.txt,262144,35,1000,5,didx,21.994,0.000,66.045,-1.000,-1.000,-1.000e+00
E2EOPCSV,/mnt/beegfs/ysu34/hamlib/dia_e2e/heis_18_5.txt,262144,35,2,519,127991794,0.723,0.826,-1
E2EOPCSV,/mnt/beegfs/ysu34/hamlib/dia_e2e/heis_18_5.txt,262144,35,3,4279,1016725618,13.483,12.054,-1
# opbuild wall: Unnz=15484329072 (int32 index limit)
E2EOPBUILDCSV,/mnt/beegfs/ysu34/hamlib/dia_e2e/heis_18_5.txt,262144,5,72483,15484329072,-1,-1,-1
# opbuild(sym) wall: Unnz=7742295608 (int32 index limit)
E2EOPBUILDCSV,/mnt/beegfs/ysu34/hamlib/dia_e2e/heis_18_5.txt,262144,5,36242,7742295608,-1,-1,-1
== [trim 3] heis_20_5 ==
PREPCSV,/mnt/beegfs/ysu34/hamlib/dia_e2e/heis_20_5.txt,1048576,39,spmv,didx,58.449,2.061,0.032117,1884
PREPCSV,/mnt/beegfs/ysu34/hamlib/dia_e2e/heis_20_5.txt,1048576,39,spmv,didx_sym,21.182,5.346,0.031638,838
PREPCSV,/mnt/beegfs/ysu34/hamlib/dia_e2e/heis_20_5.txt,1048576,39,spmv,gopt,51.340,3.314,0.044717,1222
PREPCSV,/mnt/beegfs/ysu34/hamlib/dia_e2e/heis_20_5.txt,1048576,39,spmspm,ours_flat,3.901,0.424,4.398082,1
PREPCSV,/mnt/beegfs/ysu34/hamlib/dia_e2e/heis_20_5.txt,1048576,39,spmspm,ours_sym,1.690,2.006,-1.000000,-1
PREPCSV,/mnt/beegfs/ysu34/hamlib/dia_e2e/heis_20_5.txt,1048576,39,spmspm,ours_sym,1.690,2.006,2.168097,2
SPMSPMCSV,/mnt/beegfs/ysu34/hamlib/dia_e2e/heis_20_5.txt,1048576,39,655,650379250,ours_flat,4.402978,0.000e+00
SPMSPMCSV,/mnt/beegfs/ysu34/hamlib/dia_e2e/heis_20_5.txt,1048576,39,655,650379250,ours_sym,2.166824,0.000e+00
CFILL,/mnt/beegfs/ysu34/hamlib/dia_e2e/heis_20_5.txt,1048576,655,650379250,60424320,0.0929
E2EEVCSV,/mnt/beegfs/ysu34/hamlib/dia_e2e/heis_20_5.txt,1048576,39,1000,5,didx,109.197,0.000,240.586,-1.000,-1.000,-1.000e+00
E2EOPCSV,/mnt/beegfs/ysu34/hamlib/dia_e2e/heis_20_5.txt,1048576,39,2,655,650379250,3.112,4.515,-1
E2EOPCSV,/mnt/beegfs/ysu34/hamlib/dia_e2e/heis_20_5.txt,1048576,39,3,6231,5988941938,46.392,81.766,-1
# opbuild wall: Unnz=130519407728 (int32 index limit)
E2EOPBUILDCSV,/mnt/beegfs/ysu34/hamlib/dia_e2e/heis_20_5.txt,1048576,5,148383,130519407728,-1,-1,-1
# opbuild(sym) wall: Unnz=65260228152 (int32 index limit)
E2EOPBUILDCSV,/mnt/beegfs/ysu34/hamlib/dia_e2e/heis_20_5.txt,1048576,5,74192,65260228152,-1,-1,-1
== [trim 3] heis_20_6 ==
PREPCSV,/mnt/beegfs/ysu34/hamlib/dia_e2e/heis_20_6.txt,1048576,39,spmv,didx,56.628,2.076,0.032160,1825
PREPCSV,/mnt/beegfs/ysu34/hamlib/dia_e2e/heis_20_6.txt,1048576,39,spmv,didx_sym,21.055,5.298,0.031628,833
PREPCSV,/mnt/beegfs/ysu34/hamlib/dia_e2e/heis_20_6.txt,1048576,39,spmv,gopt,51.544,3.292,0.044655,1228
PREPCSV,/mnt/beegfs/ysu34/hamlib/dia_e2e/heis_20_6.txt,1048576,39,spmspm,ours_flat,4.143,0.445,4.381220,1
PREPCSV,/mnt/beegfs/ysu34/hamlib/dia_e2e/heis_20_6.txt,1048576,39,spmspm,ours_sym,1.686,0.955,-1.000000,-1
PREPCSV,/mnt/beegfs/ysu34/hamlib/dia_e2e/heis_20_6.txt,1048576,39,spmspm,ours_sym,1.686,0.955,2.168706,1
SPMSPMCSV,/mnt/beegfs/ysu34/hamlib/dia_e2e/heis_20_6.txt,1048576,39,655,650379250,ours_flat,4.398664,0.000e+00
SPMSPMCSV,/mnt/beegfs/ysu34/hamlib/dia_e2e/heis_20_6.txt,1048576,39,655,650379250,ours_sym,2.165172,0.000e+00
CFILL,/mnt/beegfs/ysu34/hamlib/dia_e2e/heis_20_6.txt,1048576,655,650379250,60424320,0.0929
E2EEVCSV,/mnt/beegfs/ysu34/hamlib/dia_e2e/heis_20_6.txt,1048576,39,1000,6,didx,109.895,0.000,287.777,-1.000,-1.000,-1.000e+00
E2EOPCSV,/mnt/beegfs/ysu34/hamlib/dia_e2e/heis_20_6.txt,1048576,39,2,655,650379250,3.108,4.416,-1
E2EOPCSV,/mnt/beegfs/ysu34/hamlib/dia_e2e/heis_20_6.txt,1048576,39,3,6231,5988941938,46.696,81.898,-1
# opbuild wall: Unnz=337281752192 (int32 index limit)
E2EOPBUILDCSV,/mnt/beegfs/ysu34/hamlib/dia_e2e/heis_20_6.txt,1048576,6,409911,337281752192,-1,-1,-1
# opbuild(sym) wall: Unnz=168641400384 (int32 index limit)
E2EOPBUILDCSV,/mnt/beegfs/ysu34/hamlib/dia_e2e/heis_20_6.txt,1048576,6,204956,168641400384,-1,-1,-1
== [trim 3] maxcut_16_5 ==
PREPCSV,/mnt/beegfs/ysu34/hamlib/dia_e2e/maxcut_16_5.txt,65536,1,spmv,didx,0.237,0.053,0.003071,95
PREPCSV,/mnt/beegfs/ysu34/hamlib/dia_e2e/maxcut_16_5.txt,65536,1,spmv,didx_sym,0.129,0.056,0.003034,61
PREPCSV,/mnt/beegfs/ysu34/hamlib/dia_e2e/maxcut_16_5.txt,65536,1,spmv,gopt,0.089,0.039,0.003014,42
PREPCSV,/mnt/beegfs/ysu34/hamlib/dia_e2e/maxcut_16_5.txt,65536,1,spmspm,ours_flat,0.042,0.027,0.004465,16
PREPCSV,/mnt/beegfs/ysu34/hamlib/dia_e2e/maxcut_16_5.txt,65536,1,spmspm,ours_sym,0.026,0.027,-1.000000,-1
PREPCSV,/mnt/beegfs/ysu34/hamlib/dia_e2e/maxcut_16_5.txt,65536,1,spmspm,ours_sym,0.026,0.027,0.004435,12
SPMSPMCSV,/mnt/beegfs/ysu34/hamlib/dia_e2e/maxcut_16_5.txt,65536,1,1,65536,ours_flat,0.004505,0.000e+00
SPMSPMCSV,/mnt/beegfs/ysu34/hamlib/dia_e2e/maxcut_16_5.txt,65536,1,1,65536,ours_sym,0.004495,0.000e+00
CFILL,/mnt/beegfs/ysu34/hamlib/dia_e2e/maxcut_16_5.txt,65536,1,65536,34596,0.5279
E2EEVCSV,/mnt/beegfs/ysu34/hamlib/dia_e2e/maxcut_16_5.txt,65536,1,1000,5,stream,0.264,0.000,29.174,-1.000,-1.000,-1.000e+00
E2EOPCSV,/mnt/beegfs/ysu34/hamlib/dia_e2e/maxcut_16_5.txt,65536,1,2,1,65536,0.001,0.005,-1
E2EOPCSV,/mnt/beegfs/ysu34/hamlib/dia_e2e/maxcut_16_5.txt,65536,1,3,1,65536,0.001,0.005,-1
E2EOPBUILDCSV,/mnt/beegfs/ysu34/hamlib/dia_e2e/maxcut_16_5.txt,65536,5,1,65536,0.519,1.115,2.149
E2EOPBUILDCSV,/mnt/beegfs/ysu34/hamlib/dia_e2e/maxcut_16_5.txt,65536,5,1,65536,0.452,-1,-1
== [trim 3] maxcut_18_5 ==
PREPCSV,/mnt/beegfs/ysu34/hamlib/dia_e2e/maxcut_18_5.txt,262144,1,spmv,didx,1.059,0.208,0.003630,349
PREPCSV,/mnt/beegfs/ysu34/hamlib/dia_e2e/maxcut_18_5.txt,262144,1,spmv,didx_sym,0.309,0.212,0.003599,145
PREPCSV,/mnt/beegfs/ysu34/hamlib/dia_e2e/maxcut_18_5.txt,262144,1,spmv,gopt,0.493,0.110,0.003330,181
PREPCSV,/mnt/beegfs/ysu34/hamlib/dia_e2e/maxcut_18_5.txt,262144,1,spmspm,ours_flat,0.161,0.059,0.004734,47
PREPCSV,/mnt/beegfs/ysu34/hamlib/dia_e2e/maxcut_18_5.txt,262144,1,spmspm,ours_sym,0.103,0.061,-1.000000,-1
PREPCSV,/mnt/beegfs/ysu34/hamlib/dia_e2e/maxcut_18_5.txt,262144,1,spmspm,ours_sym,0.103,0.061,0.004723,35
SPMSPMCSV,/mnt/beegfs/ysu34/hamlib/dia_e2e/maxcut_18_5.txt,262144,1,1,262144,ours_flat,0.004746,0.000e+00
SPMSPMCSV,/mnt/beegfs/ysu34/hamlib/dia_e2e/maxcut_18_5.txt,262144,1,1,262144,ours_sym,0.004739,0.000e+00
CFILL,/mnt/beegfs/ysu34/hamlib/dia_e2e/maxcut_18_5.txt,262144,1,262144,262144,1.0000
E2EEVCSV,/mnt/beegfs/ysu34/hamlib/dia_e2e/maxcut_18_5.txt,262144,1,1000,5,stream,0.793,0.000,36.574,-1.000,-1.000,-1.000e+00
E2EOPCSV,/mnt/beegfs/ysu34/hamlib/dia_e2e/maxcut_18_5.txt,262144,1,2,1,262144,0.003,0.005,-1
E2EOPCSV,/mnt/beegfs/ysu34/hamlib/dia_e2e/maxcut_18_5.txt,262144,1,3,1,262144,0.002,0.005,-1
E2EOPBUILDCSV,/mnt/beegfs/ysu34/hamlib/dia_e2e/maxcut_18_5.txt,262144,5,1,262144,1.354,3.420,2.526
E2EOPBUILDCSV,/mnt/beegfs/ysu34/hamlib/dia_e2e/maxcut_18_5.txt,262144,5,1,262144,0.991,-1,-1
== [trim 3] maxcut_20_5 ==
PREPCSV,/mnt/beegfs/ysu34/hamlib/dia_e2e/maxcut_20_5.txt,1048576,1,spmv,didx,3.255,0.385,0.006572,554
PREPCSV,/mnt/beegfs/ysu34/hamlib/dia_e2e/maxcut_20_5.txt,1048576,1,spmv,didx_sym,1.503,0.376,0.006620,284
PREPCSV,/mnt/beegfs/ysu34/hamlib/dia_e2e/maxcut_20_5.txt,1048576,1,spmv,gopt,1.351,0.168,0.004908,310
PREPCSV,/mnt/beegfs/ysu34/hamlib/dia_e2e/maxcut_20_5.txt,1048576,1,spmspm,ours_flat,1.046,0.090,0.007299,156
PREPCSV,/mnt/beegfs/ysu34/hamlib/dia_e2e/maxcut_20_5.txt,1048576,1,spmspm,ours_sym,0.394,0.088,-1.000000,-1
PREPCSV,/mnt/beegfs/ysu34/hamlib/dia_e2e/maxcut_20_5.txt,1048576,1,spmspm,ours_sym,0.394,0.088,0.007263,66
SPMSPMCSV,/mnt/beegfs/ysu34/hamlib/dia_e2e/maxcut_20_5.txt,1048576,1,1,1048576,ours_flat,0.007263,0.000e+00
SPMSPMCSV,/mnt/beegfs/ysu34/hamlib/dia_e2e/maxcut_20_5.txt,1048576,1,1,1048576,ours_sym,0.007253,0.000e+00
CFILL,/mnt/beegfs/ysu34/hamlib/dia_e2e/maxcut_20_5.txt,1048576,1,1048576,595984,0.5684
E2EEVCSV,/mnt/beegfs/ysu34/hamlib/dia_e2e/maxcut_20_5.txt,1048576,1,1000,5,stream,2.569,0.000,65.014,-1.000,-1.000,-1.000e+00
E2EOPCSV,/mnt/beegfs/ysu34/hamlib/dia_e2e/maxcut_20_5.txt,1048576,1,2,1,1048576,0.006,0.007,-1
E2EOPCSV,/mnt/beegfs/ysu34/hamlib/dia_e2e/maxcut_20_5.txt,1048576,1,3,1,1048576,0.005,0.007,-1
E2EOPBUILDCSV,/mnt/beegfs/ysu34/hamlib/dia_e2e/maxcut_20_5.txt,1048576,5,1,1048576,4.638,11.819,2.548
E2EOPBUILDCSV,/mnt/beegfs/ysu34/hamlib/dia_e2e/maxcut_20_5.txt,1048576,5,1,1048576,2.680,-1,-1
== [trim 3] O2c_16_5 ==
# DIA_TRIM 1e-08: D 1243 -> 867
PREPCSV,/mnt/beegfs/ysu34/hamlib/dia_e2e/O2c_16_5.txt,65536,867,spmv,didx,44.106,0.884,0.031075,1448
# didx_sym skipped: non-symmetric or Dup>128
PREPCSV,/mnt/beegfs/ysu34/hamlib/dia_e2e/O2c_16_5.txt,65536,867,spmv,gopt,48.294,2.792,0.228594,223
PREPCSV,/mnt/beegfs/ysu34/hamlib/dia_e2e/O2c_16_5.txt,65536,867,spmspm,ours_flat,344.542,1.424,71.919250,5
PREPCSV,/mnt/beegfs/ysu34/hamlib/dia_e2e/O2c_16_5.txt,65536,867,spmspm,ours_sym,16.982,1.757,-1.000000,-1
PREPCSV,/mnt/beegfs/ysu34/hamlib/dia_e2e/O2c_16_5.txt,65536,867,spmspm,ours_sym,16.982,1.757,33.493729,1
# DIA_TRIM 1e-08: D 1243 -> 867
SPMSPMCSV,/mnt/beegfs/ysu34/hamlib/dia_e2e/O2c_16_5.txt,65536,867,35219,1308482828,ours_flat,72.153778,0.000e+00
SPMSPMCSV,/mnt/beegfs/ysu34/hamlib/dia_e2e/O2c_16_5.txt,65536,867,35219,1308482828,ours_sym,33.241310,1.221e-04
# DIA_TRIM 1e-08: D 1243 -> 867
CFILL,/mnt/beegfs/ysu34/hamlib/dia_e2e/O2c_16_5.txt,65536,35219,1308482828,30152672,0.0230
# DIA_TRIM 1e-08: D 1243 -> 867
E2EEVCSV,/mnt/beegfs/ysu34/hamlib/dia_e2e/O2c_16_5.txt,65536,867,1000,5,didx,99.204,0.000,225.379,-1.000,-1.000,-1.000e+00
E2EOPCSV,/mnt/beegfs/ysu34/hamlib/dia_e2e/O2c_16_5.txt,65536,867,2,35219,1308482828,329.859,69.577,-1
E2EOPCSV,/mnt/beegfs/ysu34/hamlib/dia_e2e/O2c_16_5.txt,65536,867,3,43691,1431655766,7092.772,2746.663,-1
E2EOPBUILDCSV,/mnt/beegfs/ysu34/hamlib/dia_e2e/O2c_16_5.txt,65536,5,43691,1431655766,28112.365,54886.340,1.952
E2EOPBUILDCSV,/mnt/beegfs/ysu34/hamlib/dia_e2e/O2c_16_5.txt,65536,5,21846,715860651,6250.638,-1,-1
== [trim 3] O2c_20_5 ==
# DIA_TRIM 1e-08: D 3359 -> 2367
PREPCSV,/mnt/beegfs/ysu34/hamlib/dia_e2e/O2c_20_5.txt,1048576,2367,spmv,didx,2299.989,28.492,1.774465,1312
# didx_sym skipped: non-symmetric or Dup>128
PREPCSV,/mnt/beegfs/ysu34/hamlib/dia_e2e/O2c_20_5.txt,1048576,2367,spmv,gopt,2173.860,79.237,1.245290,1809
CUDA prep_driver.cu:324 out of memory
# DIA_TRIM 1e-08: D 3359 -> 2367
CUDA spmspm_driver.cu:94 out of memory
# DIA_TRIM 1e-08: D 3359 -> 2367
CFILL,/mnt/beegfs/ysu34/hamlib/dia_e2e/O2c_20_5.txt,1048576,336441,221619031350,-1,OOM
# DIA_TRIM 1e-08: D 3359 -> 2367
E2EEVCSV,/mnt/beegfs/ysu34/hamlib/dia_e2e/O2c_20_5.txt,1048576,2367,1000,5,didx,4603.619,0.000,13565.777,-1.000,-1.000,-1.000e+00
E2EOPCSV,/mnt/beegfs/ysu34/hamlib/dia_e2e/O2c_20_5.txt,1048576,2367,2,336441,221619031350,-1,-1,-1
# opbuild wall: Unnz=366503875926 (int32 index limit)
E2EOPBUILDCSV,/mnt/beegfs/ysu34/hamlib/dia_e2e/O2c_20_5.txt,1048576,5,699051,366503875926,-1,-1,-1
# opbuild(sym) wall: Unnz=183252462251 (int32 index limit)
E2EOPBUILDCSV,/mnt/beegfs/ysu34/hamlib/dia_e2e/O2c_20_5.txt,1048576,5,349526,183252462251,-1,-1,-1
== [trim 3] qmaxcut_16_4 ==
PREPCSV,/mnt/beegfs/ysu34/hamlib/dia_e2e/qmaxcut_16_4.txt,65536,31,spmv,didx,1.886,0.185,0.004616,449
PREPCSV,/mnt/beegfs/ysu34/hamlib/dia_e2e/qmaxcut_16_4.txt,65536,31,spmv,didx_sym,0.665,0.224,0.004932,180
PREPCSV,/mnt/beegfs/ysu34/hamlib/dia_e2e/qmaxcut_16_4.txt,65536,31,spmv,gopt,1.866,0.171,0.008022,254
PREPCSV,/mnt/beegfs/ysu34/hamlib/dia_e2e/qmaxcut_16_4.txt,65536,31,spmspm,ours_flat,0.238,0.110,0.074225,5
PREPCSV,/mnt/beegfs/ysu34/hamlib/dia_e2e/qmaxcut_16_4.txt,65536,31,spmspm,ours_sym,0.068,0.113,-1.000000,-1
PREPCSV,/mnt/beegfs/ysu34/hamlib/dia_e2e/qmaxcut_16_4.txt,65536,31,spmspm,ours_sym,0.068,0.113,0.039329,5
SPMSPMCSV,/mnt/beegfs/ysu34/hamlib/dia_e2e/qmaxcut_16_4.txt,65536,31,481,15138746,ours_flat,0.074178,0.000e+00
SPMSPMCSV,/mnt/beegfs/ysu34/hamlib/dia_e2e/qmaxcut_16_4.txt,65536,31,481,15138746,ours_sym,0.039341,0.000e+00
CFILL,/mnt/beegfs/ysu34/hamlib/dia_e2e/qmaxcut_16_4.txt,65536,481,15138746,3997696,0.2641
E2EEVCSV,/mnt/beegfs/ysu34/hamlib/dia_e2e/qmaxcut_16_4.txt,65536,31,1000,4,didx,3.655,0.000,29.837,-1.000,-1.000,-1.000e+00
E2EOPCSV,/mnt/beegfs/ysu34/hamlib/dia_e2e/qmaxcut_16_4.txt,65536,31,2,481,15138746,0.186,0.074,-1
E2EOPCSV,/mnt/beegfs/ysu34/hamlib/dia_e2e/qmaxcut_16_4.txt,65536,31,3,3031,103776028,6.391,0.734,-1
E2EOPBUILDCSV,/mnt/beegfs/ysu34/hamlib/dia_e2e/qmaxcut_16_4.txt,65536,4,15507,499792596,181.514,240.471,1.325
E2EOPBUILDCSV,/mnt/beegfs/ysu34/hamlib/dia_e2e/qmaxcut_16_4.txt,65536,4,7754,249929066,22.286,-1,-1
== [trim 3] qmaxcut_18_4 ==
PREPCSV,/mnt/beegfs/ysu34/hamlib/dia_e2e/qmaxcut_18_4.txt,262144,35,spmv,didx,6.823,0.557,0.008793,839
PREPCSV,/mnt/beegfs/ysu34/hamlib/dia_e2e/qmaxcut_18_4.txt,262144,35,spmv,didx_sym,2.975,0.778,0.008921,421
PREPCSV,/mnt/beegfs/ysu34/hamlib/dia_e2e/qmaxcut_18_4.txt,262144,35,spmv,gopt,7.031,0.580,0.009024,843
PREPCSV,/mnt/beegfs/ysu34/hamlib/dia_e2e/qmaxcut_18_4.txt,262144,35,spmspm,ours_flat,0.702,0.186,0.357974,2
PREPCSV,/mnt/beegfs/ysu34/hamlib/dia_e2e/qmaxcut_18_4.txt,262144,35,spmspm,ours_sym,0.268,0.379,-1.000000,-1
PREPCSV,/mnt/beegfs/ysu34/hamlib/dia_e2e/qmaxcut_18_4.txt,262144,35,spmspm,ours_sym,0.268,0.379,0.183131,4
SPMSPMCSV,/mnt/beegfs/ysu34/hamlib/dia_e2e/qmaxcut_18_4.txt,262144,35,613,77332402,ours_flat,0.357723,0.000e+00
SPMSPMCSV,/mnt/beegfs/ysu34/hamlib/dia_e2e/qmaxcut_18_4.txt,262144,35,613,77332402,ours_sym,0.183164,0.000e+00
CFILL,/mnt/beegfs/ysu34/hamlib/dia_e2e/qmaxcut_18_4.txt,262144,613,77332402,20316160,0.2627
E2EEVCSV,/mnt/beegfs/ysu34/hamlib/dia_e2e/qmaxcut_18_4.txt,262144,35,1000,4,didx,14.019,0.000,53.288,-1.000,-1.000,-1.000e+00
E2EOPCSV,/mnt/beegfs/ysu34/hamlib/dia_e2e/qmaxcut_18_4.txt,262144,35,2,613,77332402,0.520,0.358,-1
E2EOPCSV,/mnt/beegfs/ysu34/hamlib/dia_e2e/qmaxcut_18_4.txt,262144,35,3,4455,608304862,13.312,4.431,-1
# opbuild wall: Unnz=3485530152 (int32 index limit)
E2EOPBUILDCSV,/mnt/beegfs/ysu34/hamlib/dia_e2e/qmaxcut_18_4.txt,262144,4,27051,3485530152,-1,-1,-1
E2EOPBUILDCSV,/mnt/beegfs/ysu34/hamlib/dia_e2e/qmaxcut_18_4.txt,262144,4,13526,1742896148,83.784,-1,-1
== [trim 3] qmaxcut_20_4 ==
PREPCSV,/mnt/beegfs/ysu34/hamlib/dia_e2e/qmaxcut_20_4.txt,1048576,39,spmv,didx,33.382,1.966,0.032653,1083
PREPCSV,/mnt/beegfs/ysu34/hamlib/dia_e2e/qmaxcut_20_4.txt,1048576,39,spmv,didx_sym,13.534,3.167,0.030517,547
PREPCSV,/mnt/beegfs/ysu34/hamlib/dia_e2e/qmaxcut_20_4.txt,1048576,39,spmv,gopt,27.882,2.229,0.030532,986
PREPCSV,/mnt/beegfs/ysu34/hamlib/dia_e2e/qmaxcut_20_4.txt,1048576,39,spmspm,ours_flat,3.006,0.287,1.885505,2
PREPCSV,/mnt/beegfs/ysu34/hamlib/dia_e2e/qmaxcut_20_4.txt,1048576,39,spmspm,ours_sym,1.162,0.401,-1.000000,-1
PREPCSV,/mnt/beegfs/ysu34/hamlib/dia_e2e/qmaxcut_20_4.txt,1048576,39,spmspm,ours_sym,1.162,0.401,0.966707,2
SPMSPMCSV,/mnt/beegfs/ysu34/hamlib/dia_e2e/qmaxcut_20_4.txt,1048576,39,761,384827306,ours_flat,1.895435,0.000e+00
SPMSPMCSV,/mnt/beegfs/ysu34/hamlib/dia_e2e/qmaxcut_20_4.txt,1048576,39,761,384827306,ours_sym,0.956542,0.000e+00
CFILL,/mnt/beegfs/ysu34/hamlib/dia_e2e/qmaxcut_20_4.txt,1048576,761,384827306,100663296,0.2616
E2EEVCSV,/mnt/beegfs/ysu34/hamlib/dia_e2e/qmaxcut_20_4.txt,1048576,39,1000,4,didx,64.237,0.000,194.870,-1.000,-1.000,-1.000e+00
E2EOPCSV,/mnt/beegfs/ysu34/hamlib/dia_e2e/qmaxcut_20_4.txt,1048576,39,2,761,384827306,1.945,1.965,-1
E2EOPCSV,/mnt/beegfs/ysu34/hamlib/dia_e2e/qmaxcut_20_4.txt,1048576,39,3,6271,3415735960,36.192,27.584,-1
# opbuild wall: Unnz=22750164124 (int32 index limit)
E2EOPBUILDCSV,/mnt/beegfs/ysu34/hamlib/dia_e2e/qmaxcut_20_4.txt,1048576,4,44143,22750164124,-1,-1,-1
# opbuild(sym) wall: Unnz=11375606350 (int32 index limit)
E2EOPBUILDCSV,/mnt/beegfs/ysu34/hamlib/dia_e2e/qmaxcut_20_4.txt,1048576,4,22072,11375606350,-1,-1,-1
== [trim 3] qmaxcutC_18_4 ==
PREPCSV,/mnt/beegfs/ysu34/hamlib/dia_e2e/qmaxcutC_18_4.txt,262144,73,spmv,didx,20.892,0.901,0.016543,1317
PREPCSV,/mnt/beegfs/ysu34/hamlib/dia_e2e/qmaxcutC_18_4.txt,262144,73,spmv,didx_sym,9.314,2.395,0.015227,769
PREPCSV,/mnt/beegfs/ysu34/hamlib/dia_e2e/qmaxcutC_18_4.txt,262144,73,spmv,gopt,23.602,1.714,0.031199,811
PREPCSV,/mnt/beegfs/ysu34/hamlib/dia_e2e/qmaxcutC_18_4.txt,262144,73,spmspm,ours_flat,3.058,0.296,3.300282,1
PREPCSV,/mnt/beegfs/ysu34/hamlib/dia_e2e/qmaxcutC_18_4.txt,262144,73,spmspm,ours_sym,1.077,1.946,-1.000000,-1
PREPCSV,/mnt/beegfs/ysu34/hamlib/dia_e2e/qmaxcutC_18_4.txt,262144,73,spmspm,ours_sym,1.077,1.946,1.543644,2
SPMSPMCSV,/mnt/beegfs/ysu34/hamlib/dia_e2e/qmaxcutC_18_4.txt,262144,73,1995,447316210,ours_flat,3.293660,0.000e+00
SPMSPMCSV,/mnt/beegfs/ysu34/hamlib/dia_e2e/qmaxcutC_18_4.txt,262144,73,1995,447316210,ours_sym,1.546742,0.000e+00
CFILL,/mnt/beegfs/ysu34/hamlib/dia_e2e/qmaxcutC_18_4.txt,262144,1995,447316210,42963040,0.0960
E2EEVCSV,/mnt/beegfs/ysu34/hamlib/dia_e2e/qmaxcutC_18_4.txt,262144,73,1000,4,didx,45.312,0.000,87.946,-1.000,-1.000,-1.000e+00
E2EOPCSV,/mnt/beegfs/ysu34/hamlib/dia_e2e/qmaxcutC_18_4.txt,262144,73,2,1995,447316210,2.826,3.245,-1
E2EOPCSV,/mnt/beegfs/ysu34/hamlib/dia_e2e/qmaxcutC_18_4.txt,262144,73,3,25185,5108188748,238.553,86.602,-1
# opbuild wall: Unnz=26670401436 (int32 index limit)
E2EOPBUILDCSV,/mnt/beegfs/ysu34/hamlib/dia_e2e/qmaxcutC_18_4.txt,262144,4,149585,26670401436,-1,-1,-1
# opbuild(sym) wall: Unnz=13335331790 (int32 index limit)
E2EOPBUILDCSV,/mnt/beegfs/ysu34/hamlib/dia_e2e/qmaxcutC_18_4.txt,262144,4,74793,13335331790,-1,-1,-1
== [trim 3] qmaxcutK_18_4 ==
PREPCSV,/mnt/beegfs/ysu34/hamlib/dia_e2e/qmaxcutK_18_4.txt,262144,19,spmv,didx,5.663,0.427,0.006132,993
PREPCSV,/mnt/beegfs/ysu34/hamlib/dia_e2e/qmaxcutK_18_4.txt,262144,19,spmv,didx_sym,2.561,0.652,0.006566,489
PREPCSV,/mnt/beegfs/ysu34/hamlib/dia_e2e/qmaxcutK_18_4.txt,262144,19,spmv,gopt,7.665,0.682,0.008833,945
PREPCSV,/mnt/beegfs/ysu34/hamlib/dia_e2e/qmaxcutK_18_4.txt,262144,19,spmspm,ours_flat,0.364,0.145,0.228589,2
PREPCSV,/mnt/beegfs/ysu34/hamlib/dia_e2e/qmaxcutK_18_4.txt,262144,19,spmspm,ours_sym,0.181,0.138,-1.000000,-1
PREPCSV,/mnt/beegfs/ysu34/hamlib/dia_e2e/qmaxcutK_18_4.txt,262144,19,spmspm,ours_sym,0.181,0.138,0.116154,3
SPMSPMCSV,/mnt/beegfs/ysu34/hamlib/dia_e2e/qmaxcutK_18_4.txt,262144,19,147,37034376,ours_flat,0.228556,0.000e+00
SPMSPMCSV,/mnt/beegfs/ysu34/hamlib/dia_e2e/qmaxcutK_18_4.txt,262144,19,147,37034376,ours_sym,0.116321,0.000e+00
CFILL,/mnt/beegfs/ysu34/hamlib/dia_e2e/qmaxcutK_18_4.txt,262144,147,37034376,3014656,0.0814
E2EEVCSV,/mnt/beegfs/ysu34/hamlib/dia_e2e/qmaxcutK_18_4.txt,262144,19,1000,4,didx,12.041,0.000,42.140,-1.000,-1.000,-1.000e+00
E2EOPCSV,/mnt/beegfs/ysu34/hamlib/dia_e2e/qmaxcutK_18_4.txt,262144,19,2,147,37034376,0.189,0.230,-1
E2EOPCSV,/mnt/beegfs/ysu34/hamlib/dia_e2e/qmaxcutK_18_4.txt,262144,19,3,629,155370334,1.207,1.667,-1
E2EOPBUILDCSV,/mnt/beegfs/ysu34/hamlib/dia_e2e/qmaxcutK_18_4.txt,262144,4,1875,453768152,22.920,92.130,4.020
E2EOPBUILDCSV,/mnt/beegfs/ysu34/hamlib/dia_e2e/qmaxcutK_18_4.txt,262144,4,938,227015148,9.883,-1,-1
== [trim 3] qmaxcutR_18_3 ==
PREPCSV,/mnt/beegfs/ysu34/hamlib/dia_e2e/qmaxcutR_18_3.txt,262144,9,spmv,didx,3.388,0.266,0.004695,778
PREPCSV,/mnt/beegfs/ysu34/hamlib/dia_e2e/qmaxcutR_18_3.txt,262144,9,spmv,didx_sym,1.294,0.394,0.005367,314
PREPCSV,/mnt/beegfs/ysu34/hamlib/dia_e2e/qmaxcutR_18_3.txt,262144,9,spmv,gopt,3.484,0.207,0.005190,711
PREPCSV,/mnt/beegfs/ysu34/hamlib/dia_e2e/qmaxcutR_18_3.txt,262144,9,spmspm,ours_flat,0.206,0.102,0.055076,6
PREPCSV,/mnt/beegfs/ysu34/hamlib/dia_e2e/qmaxcutR_18_3.txt,262144,9,spmspm,ours_sym,0.120,0.107,-1.000000,-1
PREPCSV,/mnt/beegfs/ysu34/hamlib/dia_e2e/qmaxcutR_18_3.txt,262144,9,spmspm,ours_sym,0.120,0.107,0.030445,7
SPMSPMCSV,/mnt/beegfs/ysu34/hamlib/dia_e2e/qmaxcutR_18_3.txt,262144,9,35,9027634,ours_flat,0.055203,0.000e+00
SPMSPMCSV,/mnt/beegfs/ysu34/hamlib/dia_e2e/qmaxcutR_18_3.txt,262144,9,35,9027634,ours_sym,0.030414,0.000e+00
CFILL,/mnt/beegfs/ysu34/hamlib/dia_e2e/qmaxcutR_18_3.txt,262144,35,9027634,786432,0.0871
E2EEVCSV,/mnt/beegfs/ysu34/hamlib/dia_e2e/qmaxcutR_18_3.txt,262144,9,1000,3,didx,6.611,0.000,26.444,-1.000,-1.000,-1.000e+00
E2EOPCSV,/mnt/beegfs/ysu34/hamlib/dia_e2e/qmaxcutR_18_3.txt,262144,9,2,35,9027634,0.044,0.055,-1
E2EOPCSV,/mnt/beegfs/ysu34/hamlib/dia_e2e/qmaxcutR_18_3.txt,262144,9,3,75,19210410,0.105,0.180,-1
E2EOPBUILDCSV,/mnt/beegfs/ysu34/hamlib/dia_e2e/qmaxcutR_18_3.txt,262144,3,75,19210410,1.443,18.426,12.768
E2EOPBUILDCSV,/mnt/beegfs/ysu34/hamlib/dia_e2e/qmaxcutR_18_3.txt,262144,3,38,9736277,0.868,-1,-1
== [trim 3] tfim_16_4 ==
PREPCSV,/mnt/beegfs/ysu34/hamlib/dia_e2e/tfim_16_4.txt,65536,33,spmv,didx,3.196,0.270,0.004971,697
PREPCSV,/mnt/beegfs/ysu34/hamlib/dia_e2e/tfim_16_4.txt,65536,33,spmv,didx_sym,1.266,0.349,0.004787,337
PREPCSV,/mnt/beegfs/ysu34/hamlib/dia_e2e/tfim_16_4.txt,65536,33,spmv,gopt,3.736,0.238,0.012768,311
PREPCSV,/mnt/beegfs/ysu34/hamlib/dia_e2e/tfim_16_4.txt,65536,33,spmspm,ours_flat,0.313,0.113,0.157555,3
PREPCSV,/mnt/beegfs/ysu34/hamlib/dia_e2e/tfim_16_4.txt,65536,33,spmspm,ours_sym,0.089,0.124,-1.000000,-1
PREPCSV,/mnt/beegfs/ysu34/hamlib/dia_e2e/tfim_16_4.txt,65536,33,spmspm,ours_sym,0.089,0.124,0.082755,3
SPMSPMCSV,/mnt/beegfs/ysu34/hamlib/dia_e2e/tfim_16_4.txt,65536,33,455,26181618,ours_flat,0.157856,0.000e+00
SPMSPMCSV,/mnt/beegfs/ysu34/hamlib/dia_e2e/tfim_16_4.txt,65536,33,455,26181618,ours_sym,0.082815,0.000e+00
CFILL,/mnt/beegfs/ysu34/hamlib/dia_e2e/tfim_16_4.txt,65536,455,26181618,8950976,0.3419
E2EEVCSV,/mnt/beegfs/ysu34/hamlib/dia_e2e/tfim_16_4.txt,65536,33,1000,4,didx,7.769,0.000,31.268,-1.000,-1.000,-1.000e+00
E2EOPCSV,/mnt/beegfs/ysu34/hamlib/dia_e2e/tfim_16_4.txt,65536,33,2,455,26181618,0.308,0.158,-1
E2EOPCSV,/mnt/beegfs/ysu34/hamlib/dia_e2e/tfim_16_4.txt,65536,33,3,3447,182780016,8.278,1.815,-1
E2EOPBUILDCSV,/mnt/beegfs/ysu34/hamlib/dia_e2e/tfim_16_4.txt,65536,4,15727,759430272,218.451,279.739,1.281
E2EOPBUILDCSV,/mnt/beegfs/ysu34/hamlib/dia_e2e/tfim_16_4.txt,65536,4,7864,379747904,32.158,-1,-1
== [trim 3] tfim_16_5 ==
PREPCSV,/mnt/beegfs/ysu34/hamlib/dia_e2e/tfim_16_5.txt,65536,33,spmv,didx,3.221,0.267,0.004993,699
PREPCSV,/mnt/beegfs/ysu34/hamlib/dia_e2e/tfim_16_5.txt,65536,33,spmv,didx_sym,1.326,0.349,0.004793,349
PREPCSV,/mnt/beegfs/ysu34/hamlib/dia_e2e/tfim_16_5.txt,65536,33,spmv,gopt,3.563,0.243,0.012805,297
PREPCSV,/mnt/beegfs/ysu34/hamlib/dia_e2e/tfim_16_5.txt,65536,33,spmspm,ours_flat,0.317,0.128,0.157631,3
PREPCSV,/mnt/beegfs/ysu34/hamlib/dia_e2e/tfim_16_5.txt,65536,33,spmspm,ours_sym,0.090,0.122,-1.000000,-1
PREPCSV,/mnt/beegfs/ysu34/hamlib/dia_e2e/tfim_16_5.txt,65536,33,spmspm,ours_sym,0.090,0.122,0.082745,3
SPMSPMCSV,/mnt/beegfs/ysu34/hamlib/dia_e2e/tfim_16_5.txt,65536,33,455,26181618,ours_flat,0.157861,0.000e+00
SPMSPMCSV,/mnt/beegfs/ysu34/hamlib/dia_e2e/tfim_16_5.txt,65536,33,455,26181618,ours_sym,0.082885,0.000e+00
CFILL,/mnt/beegfs/ysu34/hamlib/dia_e2e/tfim_16_5.txt,65536,455,26181618,8950976,0.3419
E2EEVCSV,/mnt/beegfs/ysu34/hamlib/dia_e2e/tfim_16_5.txt,65536,33,1000,5,didx,6.739,0.000,38.408,-1.000,-1.000,-1.000e+00
E2EOPCSV,/mnt/beegfs/ysu34/hamlib/dia_e2e/tfim_16_5.txt,65536,33,2,455,26181618,0.342,0.157,-1
E2EOPCSV,/mnt/beegfs/ysu34/hamlib/dia_e2e/tfim_16_5.txt,65536,33,3,3447,182780016,7.940,1.815,-1
E2EOPBUILDCSV,/mnt/beegfs/ysu34/hamlib/dia_e2e/tfim_16_5.txt,65536,5,45471,1968446464,2561.068,2907.707,1.135
E2EOPBUILDCSV,/mnt/beegfs/ysu34/hamlib/dia_e2e/tfim_16_5.txt,65536,5,22736,984256000,251.687,-1,-1
== [trim 3] tfim_18_4 ==
PREPCSV,/mnt/beegfs/ysu34/hamlib/dia_e2e/tfim_18_4.txt,262144,37,spmv,didx,13.629,0.899,0.011828,1228
PREPCSV,/mnt/beegfs/ysu34/hamlib/dia_e2e/tfim_18_4.txt,262144,37,spmv,didx_sym,5.792,1.448,0.009746,743
PREPCSV,/mnt/beegfs/ysu34/hamlib/dia_e2e/tfim_18_4.txt,262144,37,spmv,gopt,13.871,1.180,0.013117,1147
PREPCSV,/mnt/beegfs/ysu34/hamlib/dia_e2e/tfim_18_4.txt,262144,37,spmspm,ours_flat,1.015,0.205,0.884530,1
PREPCSV,/mnt/beegfs/ysu34/hamlib/dia_e2e/tfim_18_4.txt,262144,37,spmspm,ours_sym,0.400,0.500,-1.000000,-1
PREPCSV,/mnt/beegfs/ysu34/hamlib/dia_e2e/tfim_18_4.txt,262144,37,spmspm,ours_sym,0.400,0.500,0.413174,2
SPMSPMCSV,/mnt/beegfs/ysu34/hamlib/dia_e2e/tfim_18_4.txt,262144,37,583,136183794,ours_flat,0.888970,0.000e+00
SPMSPMCSV,/mnt/beegfs/ysu34/hamlib/dia_e2e/tfim_18_4.txt,262144,37,583,136183794,ours_sym,0.415629,0.000e+00
CFILL,/mnt/beegfs/ysu34/hamlib/dia_e2e/tfim_18_4.txt,262144,583,136183794,44985808,0.3303
E2EEVCSV,/mnt/beegfs/ysu34/hamlib/dia_e2e/tfim_18_4.txt,262144,37,1000,4,didx,26.599,0.000,67.623,-1.000,-1.000,-1.000e+00
E2EOPCSV,/mnt/beegfs/ysu34/hamlib/dia_e2e/tfim_18_4.txt,262144,37,2,583,136183794,0.822,0.889,-1
E2EOPCSV,/mnt/beegfs/ysu34/hamlib/dia_e2e/tfim_18_4.txt,262144,37,3,5155,1121714288,17.430,13.258,-1
# opbuild wall: Unnz=5652348032 (int32 index limit)
E2EOPBUILDCSV,/mnt/beegfs/ysu34/hamlib/dia_e2e/tfim_18_4.txt,262144,4,28143,5652348032,-1,-1,-1
# opbuild(sym) wall: Unnz=2826305088 (int32 index limit)
E2EOPBUILDCSV,/mnt/beegfs/ysu34/hamlib/dia_e2e/tfim_18_4.txt,262144,4,14072,2826305088,-1,-1,-1
== [trim 3] tfim_18_5 ==
PREPCSV,/mnt/beegfs/ysu34/hamlib/dia_e2e/tfim_18_5.txt,262144,37,spmv,didx,12.102,0.903,0.012039,1080
PREPCSV,/mnt/beegfs/ysu34/hamlib/dia_e2e/tfim_18_5.txt,262144,37,spmv,didx_sym,5.605,1.515,0.009841,724
PREPCSV,/mnt/beegfs/ysu34/hamlib/dia_e2e/tfim_18_5.txt,262144,37,spmv,gopt,13.472,1.242,0.013252,1110
PREPCSV,/mnt/beegfs/ysu34/hamlib/dia_e2e/tfim_18_5.txt,262144,37,spmspm,ours_flat,0.997,0.210,0.884180,1
PREPCSV,/mnt/beegfs/ysu34/hamlib/dia_e2e/tfim_18_5.txt,262144,37,spmspm,ours_sym,0.391,0.509,-1.000000,-1
PREPCSV,/mnt/beegfs/ysu34/hamlib/dia_e2e/tfim_18_5.txt,262144,37,spmspm,ours_sym,0.391,0.509,0.412536,2
SPMSPMCSV,/mnt/beegfs/ysu34/hamlib/dia_e2e/tfim_18_5.txt,262144,37,583,136183794,ours_flat,0.884721,0.000e+00
SPMSPMCSV,/mnt/beegfs/ysu34/hamlib/dia_e2e/tfim_18_5.txt,262144,37,583,136183794,ours_sym,0.415885,0.000e+00
CFILL,/mnt/beegfs/ysu34/hamlib/dia_e2e/tfim_18_5.txt,262144,583,136183794,44985808,0.3303
E2EEVCSV,/mnt/beegfs/ysu34/hamlib/dia_e2e/tfim_18_5.txt,262144,37,1000,5,didx,25.432,0.000,85.052,-1.000,-1.000,-1.000e+00
E2EOPCSV,/mnt/beegfs/ysu34/hamlib/dia_e2e/tfim_18_5.txt,262144,37,2,583,136183794,0.819,0.885,-1
E2EOPCSV,/mnt/beegfs/ysu34/hamlib/dia_e2e/tfim_18_5.txt,262144,37,3,5155,1121714288,17.298,13.205,-1
# opbuild wall: Unnz=18243132416 (int32 index limit)
E2EOPBUILDCSV,/mnt/beegfs/ysu34/hamlib/dia_e2e/tfim_18_5.txt,262144,5,99695,18243132416,-1,-1,-1
# opbuild(sym) wall: Unnz=9121697280 (int32 index limit)
E2EOPBUILDCSV,/mnt/beegfs/ysu34/hamlib/dia_e2e/tfim_18_5.txt,262144,5,49848,9121697280,-1,-1,-1
== [trim 3] tfim_20_5 ==
PREPCSV,/mnt/beegfs/ysu34/hamlib/dia_e2e/tfim_20_5.txt,1048576,41,spmv,didx,103.726,3.522,0.058755,1825
PREPCSV,/mnt/beegfs/ysu34/hamlib/dia_e2e/tfim_20_5.txt,1048576,41,spmv,didx_sym,27.321,5.734,0.040735,811
PREPCSV,/mnt/beegfs/ysu34/hamlib/dia_e2e/tfim_20_5.txt,1048576,41,spmv,gopt,55.749,4.191,0.055158,1087
PREPCSV,/mnt/beegfs/ysu34/hamlib/dia_e2e/tfim_20_5.txt,1048576,41,spmspm,ours_flat,3.988,0.540,4.658210,1
PREPCSV,/mnt/beegfs/ysu34/hamlib/dia_e2e/tfim_20_5.txt,1048576,41,spmspm,ours_sym,1.790,1.808,-1.000000,-1
PREPCSV,/mnt/beegfs/ysu34/hamlib/dia_e2e/tfim_20_5.txt,1048576,41,spmspm,ours_sym,1.790,1.808,2.305113,2
SPMSPMCSV,/mnt/beegfs/ysu34/hamlib/dia_e2e/tfim_20_5.txt,1048576,41,727,687341554,ours_flat,4.676114,0.000e+00
SPMSPMCSV,/mnt/beegfs/ysu34/hamlib/dia_e2e/tfim_20_5.txt,1048576,41,727,687341554,ours_sym,2.302262,0.000e+00
CFILL,/mnt/beegfs/ysu34/hamlib/dia_e2e/tfim_20_5.txt,1048576,727,687341554,220860576,0.3213
E2EEVCSV,/mnt/beegfs/ysu34/hamlib/dia_e2e/tfim_20_5.txt,1048576,41,1000,5,didx,161.246,0.000,411.023,-1.000,-1.000,-1.000e+00
E2EOPCSV,/mnt/beegfs/ysu34/hamlib/dia_e2e/tfim_20_5.txt,1048576,41,2,727,687341554,3.310,4.718,-1
E2EOPCSV,/mnt/beegfs/ysu34/hamlib/dia_e2e/tfim_20_5.txt,1048576,41,3,7359,6535774320,54.760,88.387,-1
# opbuild wall: Unnz=151712177152 (int32 index limit)
E2EOPBUILDCSV,/mnt/beegfs/ysu34/hamlib/dia_e2e/tfim_20_5.txt,1048576,5,198479,151712177152,-1,-1,-1
# opbuild(sym) wall: Unnz=75856612864 (int32 index limit)
E2EOPBUILDCSV,/mnt/beegfs/ysu34/hamlib/dia_e2e/tfim_20_5.txt,1048576,5,99240,75856612864,-1,-1,-1
== [trim 3] tsp_18_4 ==
PREPCSV,/mnt/beegfs/ysu34/hamlib/dia_e2e/tsp_18_4.txt,262144,1,spmv,didx,1.068,0.214,0.003537,363
PREPCSV,/mnt/beegfs/ysu34/hamlib/dia_e2e/tsp_18_4.txt,262144,1,spmv,didx_sym,0.318,0.207,0.003498,150
PREPCSV,/mnt/beegfs/ysu34/hamlib/dia_e2e/tsp_18_4.txt,262144,1,spmv,gopt,0.523,0.114,0.003157,202
PREPCSV,/mnt/beegfs/ysu34/hamlib/dia_e2e/tsp_18_4.txt,262144,1,spmspm,ours_flat,0.161,0.062,0.004598,49
PREPCSV,/mnt/beegfs/ysu34/hamlib/dia_e2e/tsp_18_4.txt,262144,1,spmspm,ours_sym,0.098,0.061,-1.000000,-1
PREPCSV,/mnt/beegfs/ysu34/hamlib/dia_e2e/tsp_18_4.txt,262144,1,spmspm,ours_sym,0.098,0.061,0.004549,35
SPMSPMCSV,/mnt/beegfs/ysu34/hamlib/dia_e2e/tsp_18_4.txt,262144,1,1,262144,ours_flat,0.004612,0.000e+00
SPMSPMCSV,/mnt/beegfs/ysu34/hamlib/dia_e2e/tsp_18_4.txt,262144,1,1,262144,ours_sym,0.004605,0.000e+00
CFILL,/mnt/beegfs/ysu34/hamlib/dia_e2e/tsp_18_4.txt,262144,1,262144,262144,1.0000
E2EEVCSV,/mnt/beegfs/ysu34/hamlib/dia_e2e/tsp_18_4.txt,262144,1,1000,4,stream,0.798,0.000,28.479,-1.000,-1.000,-1.000e+00
E2EOPCSV,/mnt/beegfs/ysu34/hamlib/dia_e2e/tsp_18_4.txt,262144,1,2,1,262144,0.002,0.005,-1
E2EOPCSV,/mnt/beegfs/ysu34/hamlib/dia_e2e/tsp_18_4.txt,262144,1,3,1,262144,0.002,0.005,-1
E2EOPBUILDCSV,/mnt/beegfs/ysu34/hamlib/dia_e2e/tsp_18_4.txt,262144,4,1,262144,1.044,2.597,2.487
E2EOPBUILDCSV,/mnt/beegfs/ysu34/hamlib/dia_e2e/tsp_18_4.txt,262144,4,1,262144,0.800,-1,-1
== [trim 3] vibbf3_18_3 ==
PREPCSV,/mnt/beegfs/ysu34/hamlib/dia_e2e/vibbf3_18_3.txt,262144,12,spmv,didx,4.117,0.298,0.004879,905
PREPCSV,/mnt/beegfs/ysu34/hamlib/dia_e2e/vibbf3_18_3.txt,262144,12,spmv,didx_sym,1.630,0.464,0.005564,376
PREPCSV,/mnt/beegfs/ysu34/hamlib/dia_e2e/vibbf3_18_3.txt,262144,12,spmv,gopt,4.141,0.322,0.005843,764
PREPCSV,/mnt/beegfs/ysu34/hamlib/dia_e2e/vibbf3_18_3.txt,262144,12,spmspm,ours_flat,0.344,0.116,0.095379,5
PREPCSV,/mnt/beegfs/ysu34/hamlib/dia_e2e/vibbf3_18_3.txt,262144,12,spmspm,ours_sym,0.134,0.115,-1.000000,-1
PREPCSV,/mnt/beegfs/ysu34/hamlib/dia_e2e/vibbf3_18_3.txt,262144,12,spmspm,ours_sym,0.134,0.115,0.050999,5
SPMSPMCSV,/mnt/beegfs/ysu34/hamlib/dia_e2e/vibbf3_18_3.txt,262144,12,65,16457670,ours_flat,0.095609,0.000e+00
SPMSPMCSV,/mnt/beegfs/ysu34/hamlib/dia_e2e/vibbf3_18_3.txt,262144,12,65,16457670,ours_sym,0.051266,2.384e-07
CFILL,/mnt/beegfs/ysu34/hamlib/dia_e2e/vibbf3_18_3.txt,262144,65,16457670,1851392,0.1125
E2EEVCSV,/mnt/beegfs/ysu34/hamlib/dia_e2e/vibbf3_18_3.txt,262144,12,1000,3,didx,7.941,0.000,27.180,-1.000,-1.000,-1.000e+00
E2EOPCSV,/mnt/beegfs/ysu34/hamlib/dia_e2e/vibbf3_18_3.txt,262144,12,2,65,16457670,0.081,0.095,-1
E2EOPCSV,/mnt/beegfs/ysu34/hamlib/dia_e2e/vibbf3_18_3.txt,262144,12,3,177,43966330,0.260,0.461,-1
E2EOPBUILDCSV,/mnt/beegfs/ysu34/hamlib/dia_e2e/vibbf3_18_3.txt,262144,3,177,43966330,2.173,24.504,11.274
E2EOPBUILDCSV,/mnt/beegfs/ysu34/hamlib/dia_e2e/vibbf3_18_3.txt,262144,3,89,22114237,1.202,-1,-1
== [trim 3] atmosmodd ==
PREPCSV,/mnt/beegfs/ysu34/hamlib/dia_suitesparse/atmosmodd.txt,1270432,7,spmv,didx,21.008,1.829,0.025975,879
# didx_sym skipped: non-symmetric or Dup>128
PREPCSV,/mnt/beegfs/ysu34/hamlib/dia_suitesparse/atmosmodd.txt,1270432,7,spmv,gopt,16.349,1.402,0.015617,1137
PREPCSV,/mnt/beegfs/ysu34/hamlib/dia_suitesparse/atmosmodd.txt,1270432,7,spmspm,ours_flat,0.932,0.156,0.187036,6
PREPCSV,/mnt/beegfs/ysu34/hamlib/dia_suitesparse/atmosmodd.txt,1270432,7,spmspm,ours_sym,0.561,0.155,-1.000000,-1
PREPCSV,/mnt/beegfs/ysu34/hamlib/dia_suitesparse/atmosmodd.txt,1270432,7,spmspm,ours_sym,0.561,0.155,0.097201,7
SPMSPMCSV,/mnt/beegfs/ysu34/hamlib/dia_suitesparse/atmosmodd.txt,1270432,7,25,31452658,ours_flat,0.186914,0.000e+00
SPMSPMCSV,/mnt/beegfs/ysu34/hamlib/dia_suitesparse/atmosmodd.txt,1270432,7,25,31452658,ours_sym,0.097170,3.760e+06
CFILL,/mnt/beegfs/ysu34/hamlib/dia_suitesparse/atmosmodd.txt,1270432,25,31452658,31215208,0.9925
== [trim 3] ecology2 ==
PREPCSV,/mnt/beegfs/ysu34/hamlib/dia_suitesparse/ecology2.txt,999999,7,spmv,didx,11.514,1.113,0.010968,1151
PREPCSV,/mnt/beegfs/ysu34/hamlib/dia_suitesparse/ecology2.txt,999999,7,spmv,didx_sym,4.941,1.357,0.011806,533
PREPCSV,/mnt/beegfs/ysu34/hamlib/dia_suitesparse/ecology2.txt,999999,7,spmv,gopt,8.186,0.741,0.009706,920
PREPCSV,/mnt/beegfs/ysu34/hamlib/dia_suitesparse/ecology2.txt,999999,7,spmspm,ours_flat,0.712,0.135,0.122875,7
PREPCSV,/mnt/beegfs/ysu34/hamlib/dia_suitesparse/ecology2.txt,999999,7,spmspm,ours_sym,0.432,0.139,-1.000000,-1
PREPCSV,/mnt/beegfs/ysu34/hamlib/dia_suitesparse/ecology2.txt,999999,7,spmspm,ours_sym,0.432,0.139,0.067011,9
SPMSPMCSV,/mnt/beegfs/ysu34/hamlib/dia_suitesparse/ecology2.txt,999999,7,19,18979985,ours_flat,0.123203,0.000e+00
SPMSPMCSV,/mnt/beegfs/ysu34/hamlib/dia_suitesparse/ecology2.txt,999999,7,19,18979985,ours_sym,0.067152,1.526e-05
CFILL,/mnt/beegfs/ysu34/hamlib/dia_suitesparse/ecology2.txt,999999,19,18979985,12979975,0.6839
== [trim 3] Lin ==
PREPCSV,/mnt/beegfs/ysu34/hamlib/dia_suitesparse/Lin.txt,256000,7,spmv,didx,4.325,0.396,0.005641,837
PREPCSV,/mnt/beegfs/ysu34/hamlib/dia_suitesparse/Lin.txt,256000,7,spmv,didx_sym,1.477,0.389,0.005549,336
PREPCSV,/mnt/beegfs/ysu34/hamlib/dia_suitesparse/Lin.txt,256000,7,spmv,gopt,2.558,0.236,0.005577,501
PREPCSV,/mnt/beegfs/ysu34/hamlib/dia_suitesparse/Lin.txt,256000,7,spmspm,ours_flat,0.186,0.102,0.035883,8
PREPCSV,/mnt/beegfs/ysu34/hamlib/dia_suitesparse/Lin.txt,256000,7,spmspm,ours_sym,0.114,0.097,-1.000000,-1
PREPCSV,/mnt/beegfs/ysu34/hamlib/dia_suitesparse/Lin.txt,256000,7,spmspm,ours_sym,0.114,0.097,0.021043,10
SPMSPMCSV,/mnt/beegfs/ysu34/hamlib/dia_suitesparse/Lin.txt,256000,7,25,6309594,ours_flat,0.035712,0.000e+00
SPMSPMCSV,/mnt/beegfs/ysu34/hamlib/dia_suitesparse/Lin.txt,256000,7,25,6309594,ours_sym,0.021058,6.250e-02
CFILL,/mnt/beegfs/ysu34/hamlib/dia_suitesparse/Lin.txt,256000,25,6309594,6221600,0.9861
== amortization (trim) ==
# DIA_TRIM 1e-08: D 127 -> 109
AMORTCSV,/mnt/beegfs/ysu34/hamlib/dia_e2e/BH_20_7.txt,didx,1,112.925
AMORTCSV,/mnt/beegfs/ysu34/hamlib/dia_e2e/BH_20_7.txt,didx,10,111.158
AMORTCSV,/mnt/beegfs/ysu34/hamlib/dia_e2e/BH_20_7.txt,didx,100,115.466
AMORTCSV,/mnt/beegfs/ysu34/hamlib/dia_e2e/BH_20_7.txt,didx,1000,143.810
AMORTCSV,/mnt/beegfs/ysu34/hamlib/dia_e2e/BH_20_7.txt,didx,10000,467.703
AMORTCSV,/mnt/beegfs/ysu34/hamlib/dia_e2e/BH_20_7.txt,didx_sym,1,52.181
AMORTCSV,/mnt/beegfs/ysu34/hamlib/dia_e2e/BH_20_7.txt,didx_sym,10,53.959
AMORTCSV,/mnt/beegfs/ysu34/hamlib/dia_e2e/BH_20_7.txt,didx_sym,100,60.551
AMORTCSV,/mnt/beegfs/ysu34/hamlib/dia_e2e/BH_20_7.txt,didx_sym,1000,91.121
AMORTCSV,/mnt/beegfs/ysu34/hamlib/dia_e2e/BH_20_7.txt,didx_sym,10000,457.264
# DIA_TRIM 1e-08: D 127 -> 109
AMORTSPMSPM,/mnt/beegfs/ysu34/hamlib/dia_e2e/BH_20_7.txt,ours_flat,1,69.331
AMORTSPMSPM,/mnt/beegfs/ysu34/hamlib/dia_e2e/BH_20_7.txt,ours_flat,3,146.763
AMORTSPMSPM,/mnt/beegfs/ysu34/hamlib/dia_e2e/BH_20_7.txt,ours_flat,10,362.611
AMORTSPMSPM,/mnt/beegfs/ysu34/hamlib/dia_e2e/BH_20_7.txt,ours_flat,30,1034.779
AMORTSPMSPM,/mnt/beegfs/ysu34/hamlib/dia_e2e/BH_20_7.txt,ours_flat,100,3354.256
AMORTSPMSPM,/mnt/beegfs/ysu34/hamlib/dia_e2e/BH_20_7.txt,ours_sym,1,56.071
AMORTSPMSPM,/mnt/beegfs/ysu34/hamlib/dia_e2e/BH_20_7.txt,ours_sym,3,84.809
AMORTSPMSPM,/mnt/beegfs/ysu34/hamlib/dia_e2e/BH_20_7.txt,ours_sym,10,206.412
AMORTSPMSPM,/mnt/beegfs/ysu34/hamlib/dia_e2e/BH_20_7.txt,ours_sym,30,559.256
AMORTSPMSPM,/mnt/beegfs/ysu34/hamlib/dia_e2e/BH_20_7.txt,ours_sym,100,1898.139
# DIA_TRIM 1e-08: D 99 -> 85
AMORTCSV,/mnt/beegfs/ysu34/hamlib/dia_e2e/bhc_16_7.txt,didx,1,4.386
AMORTCSV,/mnt/beegfs/ysu34/hamlib/dia_e2e/bhc_16_7.txt,didx,10,4.406
AMORTCSV,/mnt/beegfs/ysu34/hamlib/dia_e2e/bhc_16_7.txt,didx,100,4.921
AMORTCSV,/mnt/beegfs/ysu34/hamlib/dia_e2e/bhc_16_7.txt,didx,1000,9.158
AMORTCSV,/mnt/beegfs/ysu34/hamlib/dia_e2e/bhc_16_7.txt,didx,10000,52.270
AMORTCSV,/mnt/beegfs/ysu34/hamlib/dia_e2e/bhc_16_7.txt,didx_sym,1,2.737
AMORTCSV,/mnt/beegfs/ysu34/hamlib/dia_e2e/bhc_16_7.txt,didx_sym,10,2.468
AMORTCSV,/mnt/beegfs/ysu34/hamlib/dia_e2e/bhc_16_7.txt,didx_sym,100,2.903
AMORTCSV,/mnt/beegfs/ysu34/hamlib/dia_e2e/bhc_16_7.txt,didx_sym,1000,7.340
AMORTCSV,/mnt/beegfs/ysu34/hamlib/dia_e2e/bhc_16_7.txt,didx_sym,10000,51.705
# DIA_TRIM 1e-08: D 99 -> 85
AMORTSPMSPM,/mnt/beegfs/ysu34/hamlib/dia_e2e/bhc_16_7.txt,ours_flat,1,4.138
AMORTSPMSPM,/mnt/beegfs/ysu34/hamlib/dia_e2e/bhc_16_7.txt,ours_flat,3,5.714
AMORTSPMSPM,/mnt/beegfs/ysu34/hamlib/dia_e2e/bhc_16_7.txt,ours_flat,10,11.899
AMORTSPMSPM,/mnt/beegfs/ysu34/hamlib/dia_e2e/bhc_16_7.txt,ours_flat,30,29.950
AMORTSPMSPM,/mnt/beegfs/ysu34/hamlib/dia_e2e/bhc_16_7.txt,ours_flat,100,93.713
AMORTSPMSPM,/mnt/beegfs/ysu34/hamlib/dia_e2e/bhc_16_7.txt,ours_sym,1,1.679
AMORTSPMSPM,/mnt/beegfs/ysu34/hamlib/dia_e2e/bhc_16_7.txt,ours_sym,3,2.769
AMORTSPMSPM,/mnt/beegfs/ysu34/hamlib/dia_e2e/bhc_16_7.txt,ours_sym,10,6.446
AMORTSPMSPM,/mnt/beegfs/ysu34/hamlib/dia_e2e/bhc_16_7.txt,ours_sym,30,16.916
AMORTSPMSPM,/mnt/beegfs/ysu34/hamlib/dia_e2e/bhc_16_7.txt,ours_sym,100,53.422
# DIA_TRIM 1e-08: D 112 -> 97
AMORTCSV,/mnt/beegfs/ysu34/hamlib/dia_e2e/bhc_18_7.txt,didx,1,21.356
AMORTCSV,/mnt/beegfs/ysu34/hamlib/dia_e2e/bhc_18_7.txt,didx,10,20.044
AMORTCSV,/mnt/beegfs/ysu34/hamlib/dia_e2e/bhc_18_7.txt,didx,100,21.176
AMORTCSV,/mnt/beegfs/ysu34/hamlib/dia_e2e/bhc_18_7.txt,didx,1000,29.548
AMORTCSV,/mnt/beegfs/ysu34/hamlib/dia_e2e/bhc_18_7.txt,didx,10000,117.172
AMORTCSV,/mnt/beegfs/ysu34/hamlib/dia_e2e/bhc_18_7.txt,didx_sym,1,13.540
AMORTCSV,/mnt/beegfs/ysu34/hamlib/dia_e2e/bhc_18_7.txt,didx_sym,10,13.758
AMORTCSV,/mnt/beegfs/ysu34/hamlib/dia_e2e/bhc_18_7.txt,didx_sym,100,12.591
AMORTCSV,/mnt/beegfs/ysu34/hamlib/dia_e2e/bhc_18_7.txt,didx_sym,1000,20.400
AMORTCSV,/mnt/beegfs/ysu34/hamlib/dia_e2e/bhc_18_7.txt,didx_sym,10000,99.812
# DIA_TRIM 1e-08: D 112 -> 97
AMORTSPMSPM,/mnt/beegfs/ysu34/hamlib/dia_e2e/bhc_18_7.txt,ours_flat,1,16.613
AMORTSPMSPM,/mnt/beegfs/ysu34/hamlib/dia_e2e/bhc_18_7.txt,ours_flat,3,27.651
AMORTSPMSPM,/mnt/beegfs/ysu34/hamlib/dia_e2e/bhc_18_7.txt,ours_flat,10,66.661
AMORTSPMSPM,/mnt/beegfs/ysu34/hamlib/dia_e2e/bhc_18_7.txt,ours_flat,30,180.568
AMORTSPMSPM,/mnt/beegfs/ysu34/hamlib/dia_e2e/bhc_18_7.txt,ours_flat,100,591.355
AMORTSPMSPM,/mnt/beegfs/ysu34/hamlib/dia_e2e/bhc_18_7.txt,ours_sym,1,9.196
AMORTSPMSPM,/mnt/beegfs/ysu34/hamlib/dia_e2e/bhc_18_7.txt,ours_sym,3,16.376
AMORTSPMSPM,/mnt/beegfs/ysu34/hamlib/dia_e2e/bhc_18_7.txt,ours_sym,10,37.613
AMORTSPMSPM,/mnt/beegfs/ysu34/hamlib/dia_e2e/bhc_18_7.txt,ours_sym,30,107.128
AMORTSPMSPM,/mnt/beegfs/ysu34/hamlib/dia_e2e/bhc_18_7.txt,ours_sym,100,345.495
# DIA_TRIM 1e-08: D 112 -> 97
AMORTCSV,/mnt/beegfs/ysu34/hamlib/dia_e2e/bhD1_18_7.txt,didx,1,20.566
AMORTCSV,/mnt/beegfs/ysu34/hamlib/dia_e2e/bhD1_18_7.txt,didx,10,21.264
AMORTCSV,/mnt/beegfs/ysu34/hamlib/dia_e2e/bhD1_18_7.txt,didx,100,20.955
AMORTCSV,/mnt/beegfs/ysu34/hamlib/dia_e2e/bhD1_18_7.txt,didx,1000,29.281
AMORTCSV,/mnt/beegfs/ysu34/hamlib/dia_e2e/bhD1_18_7.txt,didx,10000,117.970
AMORTCSV,/mnt/beegfs/ysu34/hamlib/dia_e2e/bhD1_18_7.txt,didx_sym,1,11.807
AMORTCSV,/mnt/beegfs/ysu34/hamlib/dia_e2e/bhD1_18_7.txt,didx_sym,10,13.779
AMORTCSV,/mnt/beegfs/ysu34/hamlib/dia_e2e/bhD1_18_7.txt,didx_sym,100,12.625
AMORTCSV,/mnt/beegfs/ysu34/hamlib/dia_e2e/bhD1_18_7.txt,didx_sym,1000,20.449
AMORTCSV,/mnt/beegfs/ysu34/hamlib/dia_e2e/bhD1_18_7.txt,didx_sym,10000,100.214
# DIA_TRIM 1e-08: D 112 -> 97
AMORTSPMSPM,/mnt/beegfs/ysu34/hamlib/dia_e2e/bhD1_18_7.txt,ours_flat,1,16.438
AMORTSPMSPM,/mnt/beegfs/ysu34/hamlib/dia_e2e/bhD1_18_7.txt,ours_flat,3,27.625
AMORTSPMSPM,/mnt/beegfs/ysu34/hamlib/dia_e2e/bhD1_18_7.txt,ours_flat,10,66.653
AMORTSPMSPM,/mnt/beegfs/ysu34/hamlib/dia_e2e/bhD1_18_7.txt,ours_flat,30,180.308
AMORTSPMSPM,/mnt/beegfs/ysu34/hamlib/dia_e2e/bhD1_18_7.txt,ours_flat,100,589.352
AMORTSPMSPM,/mnt/beegfs/ysu34/hamlib/dia_e2e/bhD1_18_7.txt,ours_sym,1,10.595
AMORTSPMSPM,/mnt/beegfs/ysu34/hamlib/dia_e2e/bhD1_18_7.txt,ours_sym,3,16.374
AMORTSPMSPM,/mnt/beegfs/ysu34/hamlib/dia_e2e/bhD1_18_7.txt,ours_sym,10,37.808
AMORTSPMSPM,/mnt/beegfs/ysu34/hamlib/dia_e2e/bhD1_18_7.txt,ours_sym,30,106.581
AMORTSPMSPM,/mnt/beegfs/ysu34/hamlib/dia_e2e/bhD1_18_7.txt,ours_sym,100,346.826
# DIA_TRIM 1e-08: D 9971 -> 7407
AMORTCSV,/mnt/beegfs/ysu34/hamlib/dia_e2e/C2c_18_4.txt,didx,1,1183.785
AMORTCSV,/mnt/beegfs/ysu34/hamlib/dia_e2e/C2c_18_4.txt,didx,10,1214.445
AMORTCSV,/mnt/beegfs/ysu34/hamlib/dia_e2e/C2c_18_4.txt,didx,100,1315.155
AMORTCSV,/mnt/beegfs/ysu34/hamlib/dia_e2e/C2c_18_4.txt,didx,1000,1872.188
AMORTCSV,/mnt/beegfs/ysu34/hamlib/dia_e2e/C2c_18_4.txt,didx,10000,8207.769
# didx_sym arm skipped (non-symmetric or Dup>128)
# DIA_TRIM 1e-08: D 9971 -> 7407
AMORTSPMSPM,/mnt/beegfs/ysu34/hamlib/dia_e2e/C2c_18_4.txt,ours_flat,1,OOM
AMORTSPMSPM,/mnt/beegfs/ysu34/hamlib/dia_e2e/C2c_18_4.txt,ours_sym,1,OOM
AMORTCSV,/mnt/beegfs/ysu34/hamlib/dia_e2e/fermi_16_5.txt,didx,1,1.926
AMORTCSV,/mnt/beegfs/ysu34/hamlib/dia_e2e/fermi_16_5.txt,didx,10,1.897
AMORTCSV,/mnt/beegfs/ysu34/hamlib/dia_e2e/fermi_16_5.txt,didx,100,2.314
AMORTCSV,/mnt/beegfs/ysu34/hamlib/dia_e2e/fermi_16_5.txt,didx,1000,6.444
AMORTCSV,/mnt/beegfs/ysu34/hamlib/dia_e2e/fermi_16_5.txt,didx,10000,47.651
AMORTCSV,/mnt/beegfs/ysu34/hamlib/dia_e2e/fermi_16_5.txt,didx_sym,1,1.111
AMORTCSV,/mnt/beegfs/ysu34/hamlib/dia_e2e/fermi_16_5.txt,didx_sym,10,1.136
AMORTCSV,/mnt/beegfs/ysu34/hamlib/dia_e2e/fermi_16_5.txt,didx_sym,100,1.551
AMORTCSV,/mnt/beegfs/ysu34/hamlib/dia_e2e/fermi_16_5.txt,didx_sym,1000,5.729
AMORTCSV,/mnt/beegfs/ysu34/hamlib/dia_e2e/fermi_16_5.txt,didx_sym,10000,47.596
AMORTSPMSPM,/mnt/beegfs/ysu34/hamlib/dia_e2e/fermi_16_5.txt,ours_flat,1,1.048
AMORTSPMSPM,/mnt/beegfs/ysu34/hamlib/dia_e2e/fermi_16_5.txt,ours_flat,3,1.047
AMORTSPMSPM,/mnt/beegfs/ysu34/hamlib/dia_e2e/fermi_16_5.txt,ours_flat,10,1.862
AMORTSPMSPM,/mnt/beegfs/ysu34/hamlib/dia_e2e/fermi_16_5.txt,ours_flat,30,4.451
AMORTSPMSPM,/mnt/beegfs/ysu34/hamlib/dia_e2e/fermi_16_5.txt,ours_flat,100,13.543
AMORTSPMSPM,/mnt/beegfs/ysu34/hamlib/dia_e2e/fermi_16_5.txt,ours_sym,1,0.514
AMORTSPMSPM,/mnt/beegfs/ysu34/hamlib/dia_e2e/fermi_16_5.txt,ours_sym,3,0.636
AMORTSPMSPM,/mnt/beegfs/ysu34/hamlib/dia_e2e/fermi_16_5.txt,ours_sym,10,1.206
AMORTSPMSPM,/mnt/beegfs/ysu34/hamlib/dia_e2e/fermi_16_5.txt,ours_sym,30,2.839
AMORTSPMSPM,/mnt/beegfs/ysu34/hamlib/dia_e2e/fermi_16_5.txt,ours_sym,100,8.601
AMORTCSV,/mnt/beegfs/ysu34/hamlib/dia_e2e/fermi_18_5.txt,didx,1,8.326
AMORTCSV,/mnt/beegfs/ysu34/hamlib/dia_e2e/fermi_18_5.txt,didx,10,8.352
AMORTCSV,/mnt/beegfs/ysu34/hamlib/dia_e2e/fermi_18_5.txt,didx,100,8.764
AMORTCSV,/mnt/beegfs/ysu34/hamlib/dia_e2e/fermi_18_5.txt,didx,1000,16.146
AMORTCSV,/mnt/beegfs/ysu34/hamlib/dia_e2e/fermi_18_5.txt,didx,10000,89.994
AMORTCSV,/mnt/beegfs/ysu34/hamlib/dia_e2e/fermi_18_5.txt,didx_sym,1,4.926
AMORTCSV,/mnt/beegfs/ysu34/hamlib/dia_e2e/fermi_18_5.txt,didx_sym,10,4.928
AMORTCSV,/mnt/beegfs/ysu34/hamlib/dia_e2e/fermi_18_5.txt,didx_sym,100,5.518
AMORTCSV,/mnt/beegfs/ysu34/hamlib/dia_e2e/fermi_18_5.txt,didx_sym,1000,12.638
AMORTCSV,/mnt/beegfs/ysu34/hamlib/dia_e2e/fermi_18_5.txt,didx_sym,10000,84.288
AMORTSPMSPM,/mnt/beegfs/ysu34/hamlib/dia_e2e/fermi_18_5.txt,ours_flat,1,3.046
AMORTSPMSPM,/mnt/beegfs/ysu34/hamlib/dia_e2e/fermi_18_5.txt,ours_flat,3,4.517
AMORTSPMSPM,/mnt/beegfs/ysu34/hamlib/dia_e2e/fermi_18_5.txt,ours_flat,10,9.703
AMORTSPMSPM,/mnt/beegfs/ysu34/hamlib/dia_e2e/fermi_18_5.txt,ours_flat,30,24.282
AMORTSPMSPM,/mnt/beegfs/ysu34/hamlib/dia_e2e/fermi_18_5.txt,ours_flat,100,75.602
AMORTSPMSPM,/mnt/beegfs/ysu34/hamlib/dia_e2e/fermi_18_5.txt,ours_sym,1,1.948
AMORTSPMSPM,/mnt/beegfs/ysu34/hamlib/dia_e2e/fermi_18_5.txt,ours_sym,3,2.799
AMORTSPMSPM,/mnt/beegfs/ysu34/hamlib/dia_e2e/fermi_18_5.txt,ours_sym,10,5.663
AMORTSPMSPM,/mnt/beegfs/ysu34/hamlib/dia_e2e/fermi_18_5.txt,ours_sym,30,13.865
AMORTSPMSPM,/mnt/beegfs/ysu34/hamlib/dia_e2e/fermi_18_5.txt,ours_sym,100,42.627
AMORTCSV,/mnt/beegfs/ysu34/hamlib/dia_e2e/fermi_20_5.txt,didx,1,54.821
AMORTCSV,/mnt/beegfs/ysu34/hamlib/dia_e2e/fermi_20_5.txt,didx,10,54.779
AMORTCSV,/mnt/beegfs/ysu34/hamlib/dia_e2e/fermi_20_5.txt,didx,100,57.991
AMORTCSV,/mnt/beegfs/ysu34/hamlib/dia_e2e/fermi_20_5.txt,didx,1000,86.099
AMORTCSV,/mnt/beegfs/ysu34/hamlib/dia_e2e/fermi_20_5.txt,didx,10000,369.168
AMORTCSV,/mnt/beegfs/ysu34/hamlib/dia_e2e/fermi_20_5.txt,didx_sym,1,21.842
AMORTCSV,/mnt/beegfs/ysu34/hamlib/dia_e2e/fermi_20_5.txt,didx_sym,10,23.235
AMORTCSV,/mnt/beegfs/ysu34/hamlib/dia_e2e/fermi_20_5.txt,didx_sym,100,24.325
AMORTCSV,/mnt/beegfs/ysu34/hamlib/dia_e2e/fermi_20_5.txt,didx_sym,1000,52.008
AMORTCSV,/mnt/beegfs/ysu34/hamlib/dia_e2e/fermi_20_5.txt,didx_sym,10000,337.133
AMORTSPMSPM,/mnt/beegfs/ysu34/hamlib/dia_e2e/fermi_20_5.txt,ours_flat,1,14.499
AMORTSPMSPM,/mnt/beegfs/ysu34/hamlib/dia_e2e/fermi_20_5.txt,ours_flat,3,22.674
AMORTSPMSPM,/mnt/beegfs/ysu34/hamlib/dia_e2e/fermi_20_5.txt,ours_flat,10,49.755
AMORTSPMSPM,/mnt/beegfs/ysu34/hamlib/dia_e2e/fermi_20_5.txt,ours_flat,30,128.828
AMORTSPMSPM,/mnt/beegfs/ysu34/hamlib/dia_e2e/fermi_20_5.txt,ours_flat,100,405.770
AMORTSPMSPM,/mnt/beegfs/ysu34/hamlib/dia_e2e/fermi_20_5.txt,ours_sym,1,9.494
AMORTSPMSPM,/mnt/beegfs/ysu34/hamlib/dia_e2e/fermi_20_5.txt,ours_sym,3,14.372
AMORTSPMSPM,/mnt/beegfs/ysu34/hamlib/dia_e2e/fermi_20_5.txt,ours_sym,10,29.950
AMORTSPMSPM,/mnt/beegfs/ysu34/hamlib/dia_e2e/fermi_20_5.txt,ours_sym,30,74.803
AMORTSPMSPM,/mnt/beegfs/ysu34/hamlib/dia_e2e/fermi_20_5.txt,ours_sym,100,249.803
AMORTCSV,/mnt/beegfs/ysu34/hamlib/dia_e2e/fermiFH_18_4.txt,didx,1,14.677
AMORTCSV,/mnt/beegfs/ysu34/hamlib/dia_e2e/fermiFH_18_4.txt,didx,10,14.184
AMORTCSV,/mnt/beegfs/ysu34/hamlib/dia_e2e/fermiFH_18_4.txt,didx,100,14.630
AMORTCSV,/mnt/beegfs/ysu34/hamlib/dia_e2e/fermiFH_18_4.txt,didx,1000,21.858
AMORTCSV,/mnt/beegfs/ysu34/hamlib/dia_e2e/fermiFH_18_4.txt,didx,10000,94.868
AMORTCSV,/mnt/beegfs/ysu34/hamlib/dia_e2e/fermiFH_18_4.txt,didx_sym,1,9.397
AMORTCSV,/mnt/beegfs/ysu34/hamlib/dia_e2e/fermiFH_18_4.txt,didx_sym,10,8.142
AMORTCSV,/mnt/beegfs/ysu34/hamlib/dia_e2e/fermiFH_18_4.txt,didx_sym,100,8.869
AMORTCSV,/mnt/beegfs/ysu34/hamlib/dia_e2e/fermiFH_18_4.txt,didx_sym,1000,16.130
AMORTCSV,/mnt/beegfs/ysu34/hamlib/dia_e2e/fermiFH_18_4.txt,didx_sym,10000,88.974
AMORTSPMSPM,/mnt/beegfs/ysu34/hamlib/dia_e2e/fermiFH_18_4.txt,ours_flat,1,8.732
AMORTSPMSPM,/mnt/beegfs/ysu34/hamlib/dia_e2e/fermiFH_18_4.txt,ours_flat,3,13.969
AMORTSPMSPM,/mnt/beegfs/ysu34/hamlib/dia_e2e/fermiFH_18_4.txt,ours_flat,10,32.297
AMORTSPMSPM,/mnt/beegfs/ysu34/hamlib/dia_e2e/fermiFH_18_4.txt,ours_flat,30,84.856
AMORTSPMSPM,/mnt/beegfs/ysu34/hamlib/dia_e2e/fermiFH_18_4.txt,ours_flat,100,271.623
AMORTSPMSPM,/mnt/beegfs/ysu34/hamlib/dia_e2e/fermiFH_18_4.txt,ours_sym,1,4.896
AMORTSPMSPM,/mnt/beegfs/ysu34/hamlib/dia_e2e/fermiFH_18_4.txt,ours_sym,3,8.200
AMORTSPMSPM,/mnt/beegfs/ysu34/hamlib/dia_e2e/fermiFH_18_4.txt,ours_sym,10,18.277
AMORTSPMSPM,/mnt/beegfs/ysu34/hamlib/dia_e2e/fermiFH_18_4.txt,ours_sym,30,46.920
AMORTSPMSPM,/mnt/beegfs/ysu34/hamlib/dia_e2e/fermiFH_18_4.txt,ours_sym,100,148.166
# DIA_TRIM 1e-08: D 8887 -> 6921
AMORTCSV,/mnt/beegfs/ysu34/hamlib/dia_e2e/H8c_16_4.txt,didx,1,259.174
AMORTCSV,/mnt/beegfs/ysu34/hamlib/dia_e2e/H8c_16_4.txt,didx,10,261.526
AMORTCSV,/mnt/beegfs/ysu34/hamlib/dia_e2e/H8c_16_4.txt,didx,100,288.976
AMORTCSV,/mnt/beegfs/ysu34/hamlib/dia_e2e/H8c_16_4.txt,didx,1000,472.927
AMORTCSV,/mnt/beegfs/ysu34/hamlib/dia_e2e/H8c_16_4.txt,didx,10000,2413.396
# didx_sym arm skipped (non-symmetric or Dup>128)
# DIA_TRIM 1e-08: D 8887 -> 6921
AMORTSPMSPM,/mnt/beegfs/ysu34/hamlib/dia_e2e/H8c_16_4.txt,ours_flat,1,8858.038
AMORTSPMSPM,/mnt/beegfs/ysu34/hamlib/dia_e2e/H8c_16_4.txt,ours_flat,3,17758.738
AMORTSPMSPM,/mnt/beegfs/ysu34/hamlib/dia_e2e/H8c_16_4.txt,ours_flat,10,49133.966
AMORTSPMSPM,/mnt/beegfs/ysu34/hamlib/dia_e2e/H8c_16_4.txt,ours_flat,30,138899.029
AMORTSPMSPM,/mnt/beegfs/ysu34/hamlib/dia_e2e/H8c_16_4.txt,ours_flat,100,452433.333
AMORTSPMSPM,/mnt/beegfs/ysu34/hamlib/dia_e2e/H8c_16_4.txt,ours_sym,1,2724.782
AMORTSPMSPM,/mnt/beegfs/ysu34/hamlib/dia_e2e/H8c_16_4.txt,ours_sym,3,7163.424
AMORTSPMSPM,/mnt/beegfs/ysu34/hamlib/dia_e2e/H8c_16_4.txt,ours_sym,10,22702.525
AMORTSPMSPM,/mnt/beegfs/ysu34/hamlib/dia_e2e/H8c_16_4.txt,ours_sym,30,67073.217
AMORTSPMSPM,/mnt/beegfs/ysu34/hamlib/dia_e2e/H8c_16_4.txt,ours_sym,100,222408.574
AMORTCSV,/mnt/beegfs/ysu34/hamlib/dia_e2e/heis_16_5.txt,didx,1,2.010
AMORTCSV,/mnt/beegfs/ysu34/hamlib/dia_e2e/heis_16_5.txt,didx,10,2.119
AMORTCSV,/mnt/beegfs/ysu34/hamlib/dia_e2e/heis_16_5.txt,didx,100,2.446
AMORTCSV,/mnt/beegfs/ysu34/hamlib/dia_e2e/heis_16_5.txt,didx,1000,6.582
AMORTCSV,/mnt/beegfs/ysu34/hamlib/dia_e2e/heis_16_5.txt,didx,10000,47.917
AMORTCSV,/mnt/beegfs/ysu34/hamlib/dia_e2e/heis_16_5.txt,didx_sym,1,1.170
AMORTCSV,/mnt/beegfs/ysu34/hamlib/dia_e2e/heis_16_5.txt,didx_sym,10,1.200
AMORTCSV,/mnt/beegfs/ysu34/hamlib/dia_e2e/heis_16_5.txt,didx_sym,100,1.617
AMORTCSV,/mnt/beegfs/ysu34/hamlib/dia_e2e/heis_16_5.txt,didx_sym,1000,5.817
AMORTCSV,/mnt/beegfs/ysu34/hamlib/dia_e2e/heis_16_5.txt,didx_sym,10000,47.829
AMORTSPMSPM,/mnt/beegfs/ysu34/hamlib/dia_e2e/heis_16_5.txt,ours_flat,1,1.136
AMORTSPMSPM,/mnt/beegfs/ysu34/hamlib/dia_e2e/heis_16_5.txt,ours_flat,3,1.156
AMORTSPMSPM,/mnt/beegfs/ysu34/hamlib/dia_e2e/heis_16_5.txt,ours_flat,10,2.088
AMORTSPMSPM,/mnt/beegfs/ysu34/hamlib/dia_e2e/heis_16_5.txt,ours_flat,30,5.032
AMORTSPMSPM,/mnt/beegfs/ysu34/hamlib/dia_e2e/heis_16_5.txt,ours_flat,100,15.351
AMORTSPMSPM,/mnt/beegfs/ysu34/hamlib/dia_e2e/heis_16_5.txt,ours_sym,1,0.528
AMORTSPMSPM,/mnt/beegfs/ysu34/hamlib/dia_e2e/heis_16_5.txt,ours_sym,3,0.698
AMORTSPMSPM,/mnt/beegfs/ysu34/hamlib/dia_e2e/heis_16_5.txt,ours_sym,10,1.321
AMORTSPMSPM,/mnt/beegfs/ysu34/hamlib/dia_e2e/heis_16_5.txt,ours_sym,30,3.171
AMORTSPMSPM,/mnt/beegfs/ysu34/hamlib/dia_e2e/heis_16_5.txt,ours_sym,100,9.660
AMORTCSV,/mnt/beegfs/ysu34/hamlib/dia_e2e/heis_18_5.txt,didx,1,8.984
AMORTCSV,/mnt/beegfs/ysu34/hamlib/dia_e2e/heis_18_5.txt,didx,10,8.959
AMORTCSV,/mnt/beegfs/ysu34/hamlib/dia_e2e/heis_18_5.txt,didx,100,9.664
AMORTCSV,/mnt/beegfs/ysu34/hamlib/dia_e2e/heis_18_5.txt,didx,1000,17.480
AMORTCSV,/mnt/beegfs/ysu34/hamlib/dia_e2e/heis_18_5.txt,didx,10000,97.998
AMORTCSV,/mnt/beegfs/ysu34/hamlib/dia_e2e/heis_18_5.txt,didx_sym,1,5.262
AMORTCSV,/mnt/beegfs/ysu34/hamlib/dia_e2e/heis_18_5.txt,didx_sym,10,5.187
AMORTCSV,/mnt/beegfs/ysu34/hamlib/dia_e2e/heis_18_5.txt,didx_sym,100,5.935
AMORTCSV,/mnt/beegfs/ysu34/hamlib/dia_e2e/heis_18_5.txt,didx_sym,1000,13.999
AMORTCSV,/mnt/beegfs/ysu34/hamlib/dia_e2e/heis_18_5.txt,didx_sym,10000,89.675
AMORTSPMSPM,/mnt/beegfs/ysu34/hamlib/dia_e2e/heis_18_5.txt,ours_flat,1,3.690
AMORTSPMSPM,/mnt/beegfs/ysu34/hamlib/dia_e2e/heis_18_5.txt,ours_flat,3,5.023
AMORTSPMSPM,/mnt/beegfs/ysu34/hamlib/dia_e2e/heis_18_5.txt,ours_flat,10,10.828
AMORTSPMSPM,/mnt/beegfs/ysu34/hamlib/dia_e2e/heis_18_5.txt,ours_flat,30,27.284
AMORTSPMSPM,/mnt/beegfs/ysu34/hamlib/dia_e2e/heis_18_5.txt,ours_flat,100,85.605
AMORTSPMSPM,/mnt/beegfs/ysu34/hamlib/dia_e2e/heis_18_5.txt,ours_sym,1,2.264
AMORTSPMSPM,/mnt/beegfs/ysu34/hamlib/dia_e2e/heis_18_5.txt,ours_sym,3,3.089
AMORTSPMSPM,/mnt/beegfs/ysu34/hamlib/dia_e2e/heis_18_5.txt,ours_sym,10,6.350
AMORTSPMSPM,/mnt/beegfs/ysu34/hamlib/dia_e2e/heis_18_5.txt,ours_sym,30,15.590
AMORTSPMSPM,/mnt/beegfs/ysu34/hamlib/dia_e2e/heis_18_5.txt,ours_sym,100,47.856
AMORTCSV,/mnt/beegfs/ysu34/hamlib/dia_e2e/heis_20_5.txt,didx,1,58.283
AMORTCSV,/mnt/beegfs/ysu34/hamlib/dia_e2e/heis_20_5.txt,didx,10,58.228
AMORTCSV,/mnt/beegfs/ysu34/hamlib/dia_e2e/heis_20_5.txt,didx,100,62.003
AMORTCSV,/mnt/beegfs/ysu34/hamlib/dia_e2e/heis_20_5.txt,didx,1000,90.623
AMORTCSV,/mnt/beegfs/ysu34/hamlib/dia_e2e/heis_20_5.txt,didx,10000,388.442
AMORTCSV,/mnt/beegfs/ysu34/hamlib/dia_e2e/heis_20_5.txt,didx_sym,1,27.689
AMORTCSV,/mnt/beegfs/ysu34/hamlib/dia_e2e/heis_20_5.txt,didx_sym,10,22.939
AMORTCSV,/mnt/beegfs/ysu34/hamlib/dia_e2e/heis_20_5.txt,didx_sym,100,27.104
AMORTCSV,/mnt/beegfs/ysu34/hamlib/dia_e2e/heis_20_5.txt,didx_sym,1000,53.758
AMORTCSV,/mnt/beegfs/ysu34/hamlib/dia_e2e/heis_20_5.txt,didx_sym,10000,353.146
AMORTSPMSPM,/mnt/beegfs/ysu34/hamlib/dia_e2e/heis_20_5.txt,ours_flat,1,15.114
AMORTSPMSPM,/mnt/beegfs/ysu34/hamlib/dia_e2e/heis_20_5.txt,ours_flat,3,24.915
AMORTSPMSPM,/mnt/beegfs/ysu34/hamlib/dia_e2e/heis_20_5.txt,ours_flat,10,55.118
AMORTSPMSPM,/mnt/beegfs/ysu34/hamlib/dia_e2e/heis_20_5.txt,ours_flat,30,143.848
AMORTSPMSPM,/mnt/beegfs/ysu34/hamlib/dia_e2e/heis_20_5.txt,ours_flat,100,456.207
AMORTSPMSPM,/mnt/beegfs/ysu34/hamlib/dia_e2e/heis_20_5.txt,ours_sym,1,10.039
AMORTSPMSPM,/mnt/beegfs/ysu34/hamlib/dia_e2e/heis_20_5.txt,ours_sym,3,15.699
AMORTSPMSPM,/mnt/beegfs/ysu34/hamlib/dia_e2e/heis_20_5.txt,ours_sym,10,33.104
AMORTSPMSPM,/mnt/beegfs/ysu34/hamlib/dia_e2e/heis_20_5.txt,ours_sym,30,83.975
AMORTSPMSPM,/mnt/beegfs/ysu34/hamlib/dia_e2e/heis_20_5.txt,ours_sym,100,289.869
AMORTCSV,/mnt/beegfs/ysu34/hamlib/dia_e2e/heis_20_6.txt,didx,1,58.691
AMORTCSV,/mnt/beegfs/ysu34/hamlib/dia_e2e/heis_20_6.txt,didx,10,59.494
AMORTCSV,/mnt/beegfs/ysu34/hamlib/dia_e2e/heis_20_6.txt,didx,100,61.682
AMORTCSV,/mnt/beegfs/ysu34/hamlib/dia_e2e/heis_20_6.txt,didx,1000,91.385
AMORTCSV,/mnt/beegfs/ysu34/hamlib/dia_e2e/heis_20_6.txt,didx,10000,386.764
AMORTCSV,/mnt/beegfs/ysu34/hamlib/dia_e2e/heis_20_6.txt,didx_sym,1,23.004
AMORTCSV,/mnt/beegfs/ysu34/hamlib/dia_e2e/heis_20_6.txt,didx_sym,10,23.294
AMORTCSV,/mnt/beegfs/ysu34/hamlib/dia_e2e/heis_20_6.txt,didx_sym,100,25.683
AMORTCSV,/mnt/beegfs/ysu34/hamlib/dia_e2e/heis_20_6.txt,didx_sym,1000,54.178
AMORTCSV,/mnt/beegfs/ysu34/hamlib/dia_e2e/heis_20_6.txt,didx_sym,10000,352.833
AMORTSPMSPM,/mnt/beegfs/ysu34/hamlib/dia_e2e/heis_20_6.txt,ours_flat,1,15.223
AMORTSPMSPM,/mnt/beegfs/ysu34/hamlib/dia_e2e/heis_20_6.txt,ours_flat,3,24.936
AMORTSPMSPM,/mnt/beegfs/ysu34/hamlib/dia_e2e/heis_20_6.txt,ours_flat,10,55.144
AMORTSPMSPM,/mnt/beegfs/ysu34/hamlib/dia_e2e/heis_20_6.txt,ours_flat,30,143.661
AMORTSPMSPM,/mnt/beegfs/ysu34/hamlib/dia_e2e/heis_20_6.txt,ours_flat,100,455.946
AMORTSPMSPM,/mnt/beegfs/ysu34/hamlib/dia_e2e/heis_20_6.txt,ours_sym,1,9.913
AMORTSPMSPM,/mnt/beegfs/ysu34/hamlib/dia_e2e/heis_20_6.txt,ours_sym,3,15.721
AMORTSPMSPM,/mnt/beegfs/ysu34/hamlib/dia_e2e/heis_20_6.txt,ours_sym,10,33.054
AMORTSPMSPM,/mnt/beegfs/ysu34/hamlib/dia_e2e/heis_20_6.txt,ours_sym,30,83.969
AMORTSPMSPM,/mnt/beegfs/ysu34/hamlib/dia_e2e/heis_20_6.txt,ours_sym,100,288.175
AMORTCSV,/mnt/beegfs/ysu34/hamlib/dia_e2e/maxcut_16_5.txt,didx,1,0.189
AMORTCSV,/mnt/beegfs/ysu34/hamlib/dia_e2e/maxcut_16_5.txt,didx,10,0.159
AMORTCSV,/mnt/beegfs/ysu34/hamlib/dia_e2e/maxcut_16_5.txt,didx,100,0.415
AMORTCSV,/mnt/beegfs/ysu34/hamlib/dia_e2e/maxcut_16_5.txt,didx,1000,2.993
AMORTCSV,/mnt/beegfs/ysu34/hamlib/dia_e2e/maxcut_16_5.txt,didx,10000,28.757
AMORTCSV,/mnt/beegfs/ysu34/hamlib/dia_e2e/maxcut_16_5.txt,didx_sym,1,0.131
AMORTCSV,/mnt/beegfs/ysu34/hamlib/dia_e2e/maxcut_16_5.txt,didx_sym,10,0.150
AMORTCSV,/mnt/beegfs/ysu34/hamlib/dia_e2e/maxcut_16_5.txt,didx_sym,100,0.414
AMORTCSV,/mnt/beegfs/ysu34/hamlib/dia_e2e/maxcut_16_5.txt,didx_sym,1000,3.018
AMORTCSV,/mnt/beegfs/ysu34/hamlib/dia_e2e/maxcut_16_5.txt,didx_sym,10000,29.068
AMORTSPMSPM,/mnt/beegfs/ysu34/hamlib/dia_e2e/maxcut_16_5.txt,ours_flat,1,0.358
AMORTSPMSPM,/mnt/beegfs/ysu34/hamlib/dia_e2e/maxcut_16_5.txt,ours_flat,3,0.196
AMORTSPMSPM,/mnt/beegfs/ysu34/hamlib/dia_e2e/maxcut_16_5.txt,ours_flat,10,0.190
AMORTSPMSPM,/mnt/beegfs/ysu34/hamlib/dia_e2e/maxcut_16_5.txt,ours_flat,30,0.276
AMORTSPMSPM,/mnt/beegfs/ysu34/hamlib/dia_e2e/maxcut_16_5.txt,ours_flat,100,0.590
AMORTSPMSPM,/mnt/beegfs/ysu34/hamlib/dia_e2e/maxcut_16_5.txt,ours_sym,1,0.170
AMORTSPMSPM,/mnt/beegfs/ysu34/hamlib/dia_e2e/maxcut_16_5.txt,ours_sym,3,0.118
AMORTSPMSPM,/mnt/beegfs/ysu34/hamlib/dia_e2e/maxcut_16_5.txt,ours_sym,10,0.159
AMORTSPMSPM,/mnt/beegfs/ysu34/hamlib/dia_e2e/maxcut_16_5.txt,ours_sym,30,0.288
AMORTSPMSPM,/mnt/beegfs/ysu34/hamlib/dia_e2e/maxcut_16_5.txt,ours_sym,100,0.737
AMORTCSV,/mnt/beegfs/ysu34/hamlib/dia_e2e/maxcut_18_5.txt,didx,1,0.639
AMORTCSV,/mnt/beegfs/ysu34/hamlib/dia_e2e/maxcut_18_5.txt,didx,10,0.600
AMORTCSV,/mnt/beegfs/ysu34/hamlib/dia_e2e/maxcut_18_5.txt,didx,100,0.907
AMORTCSV,/mnt/beegfs/ysu34/hamlib/dia_e2e/maxcut_18_5.txt,didx,1000,3.989
AMORTCSV,/mnt/beegfs/ysu34/hamlib/dia_e2e/maxcut_18_5.txt,didx,10000,34.721
AMORTCSV,/mnt/beegfs/ysu34/hamlib/dia_e2e/maxcut_18_5.txt,didx_sym,1,0.497
AMORTCSV,/mnt/beegfs/ysu34/hamlib/dia_e2e/maxcut_18_5.txt,didx_sym,10,0.520
AMORTCSV,/mnt/beegfs/ysu34/hamlib/dia_e2e/maxcut_18_5.txt,didx_sym,100,0.833
AMORTCSV,/mnt/beegfs/ysu34/hamlib/dia_e2e/maxcut_18_5.txt,didx_sym,1000,3.977
AMORTCSV,/mnt/beegfs/ysu34/hamlib/dia_e2e/maxcut_18_5.txt,didx_sym,10000,35.471
AMORTSPMSPM,/mnt/beegfs/ysu34/hamlib/dia_e2e/maxcut_18_5.txt,ours_flat,1,0.687
AMORTSPMSPM,/mnt/beegfs/ysu34/hamlib/dia_e2e/maxcut_18_5.txt,ours_flat,3,0.553
AMORTSPMSPM,/mnt/beegfs/ysu34/hamlib/dia_e2e/maxcut_18_5.txt,ours_flat,10,0.471
AMORTSPMSPM,/mnt/beegfs/ysu34/hamlib/dia_e2e/maxcut_18_5.txt,ours_flat,30,0.561
AMORTSPMSPM,/mnt/beegfs/ysu34/hamlib/dia_e2e/maxcut_18_5.txt,ours_flat,100,0.894
AMORTSPMSPM,/mnt/beegfs/ysu34/hamlib/dia_e2e/maxcut_18_5.txt,ours_sym,1,0.497
AMORTSPMSPM,/mnt/beegfs/ysu34/hamlib/dia_e2e/maxcut_18_5.txt,ours_sym,3,0.231
AMORTSPMSPM,/mnt/beegfs/ysu34/hamlib/dia_e2e/maxcut_18_5.txt,ours_sym,10,0.328
AMORTSPMSPM,/mnt/beegfs/ysu34/hamlib/dia_e2e/maxcut_18_5.txt,ours_sym,30,0.415
AMORTSPMSPM,/mnt/beegfs/ysu34/hamlib/dia_e2e/maxcut_18_5.txt,ours_sym,100,0.891
AMORTCSV,/mnt/beegfs/ysu34/hamlib/dia_e2e/maxcut_20_5.txt,didx,1,1.706
AMORTCSV,/mnt/beegfs/ysu34/hamlib/dia_e2e/maxcut_20_5.txt,didx,10,1.706
AMORTCSV,/mnt/beegfs/ysu34/hamlib/dia_e2e/maxcut_20_5.txt,didx,100,2.277
AMORTCSV,/mnt/beegfs/ysu34/hamlib/dia_e2e/maxcut_20_5.txt,didx,1000,8.041
AMORTCSV,/mnt/beegfs/ysu34/hamlib/dia_e2e/maxcut_20_5.txt,didx,10000,65.789
AMORTCSV,/mnt/beegfs/ysu34/hamlib/dia_e2e/maxcut_20_5.txt,didx_sym,1,1.489
AMORTCSV,/mnt/beegfs/ysu34/hamlib/dia_e2e/maxcut_20_5.txt,didx_sym,10,1.560
AMORTCSV,/mnt/beegfs/ysu34/hamlib/dia_e2e/maxcut_20_5.txt,didx_sym,100,2.139
AMORTCSV,/mnt/beegfs/ysu34/hamlib/dia_e2e/maxcut_20_5.txt,didx_sym,1000,8.038
AMORTCSV,/mnt/beegfs/ysu34/hamlib/dia_e2e/maxcut_20_5.txt,didx_sym,10000,67.310
AMORTSPMSPM,/mnt/beegfs/ysu34/hamlib/dia_e2e/maxcut_20_5.txt,ours_flat,1,1.936
AMORTSPMSPM,/mnt/beegfs/ysu34/hamlib/dia_e2e/maxcut_20_5.txt,ours_flat,3,1.490
AMORTSPMSPM,/mnt/beegfs/ysu34/hamlib/dia_e2e/maxcut_20_5.txt,ours_flat,10,1.414
AMORTSPMSPM,/mnt/beegfs/ysu34/hamlib/dia_e2e/maxcut_20_5.txt,ours_flat,30,1.553
AMORTSPMSPM,/mnt/beegfs/ysu34/hamlib/dia_e2e/maxcut_20_5.txt,ours_flat,100,2.054
AMORTSPMSPM,/mnt/beegfs/ysu34/hamlib/dia_e2e/maxcut_20_5.txt,ours_sym,1,1.386
AMORTSPMSPM,/mnt/beegfs/ysu34/hamlib/dia_e2e/maxcut_20_5.txt,ours_sym,3,0.609
AMORTSPMSPM,/mnt/beegfs/ysu34/hamlib/dia_e2e/maxcut_20_5.txt,ours_sym,10,0.674
AMORTSPMSPM,/mnt/beegfs/ysu34/hamlib/dia_e2e/maxcut_20_5.txt,ours_sym,30,0.877
AMORTSPMSPM,/mnt/beegfs/ysu34/hamlib/dia_e2e/maxcut_20_5.txt,ours_sym,100,1.579
# DIA_TRIM 1e-08: D 1243 -> 867
AMORTCSV,/mnt/beegfs/ysu34/hamlib/dia_e2e/O2c_16_5.txt,didx,1,43.620
AMORTCSV,/mnt/beegfs/ysu34/hamlib/dia_e2e/O2c_16_5.txt,didx,10,43.596
AMORTCSV,/mnt/beegfs/ysu34/hamlib/dia_e2e/O2c_16_5.txt,didx,100,46.725
AMORTCSV,/mnt/beegfs/ysu34/hamlib/dia_e2e/O2c_16_5.txt,didx,1000,73.639
AMORTCSV,/mnt/beegfs/ysu34/hamlib/dia_e2e/O2c_16_5.txt,didx,10000,352.456
# didx_sym arm skipped (non-symmetric or Dup>128)
# DIA_TRIM 1e-08: D 1243 -> 867
AMORTSPMSPM,/mnt/beegfs/ysu34/hamlib/dia_e2e/O2c_16_5.txt,ours_flat,1,421.597
AMORTSPMSPM,/mnt/beegfs/ysu34/hamlib/dia_e2e/O2c_16_5.txt,ours_flat,3,557.469
AMORTSPMSPM,/mnt/beegfs/ysu34/hamlib/dia_e2e/O2c_16_5.txt,ours_flat,10,1033.285
AMORTSPMSPM,/mnt/beegfs/ysu34/hamlib/dia_e2e/O2c_16_5.txt,ours_flat,30,2482.789
AMORTSPMSPM,/mnt/beegfs/ysu34/hamlib/dia_e2e/O2c_16_5.txt,ours_flat,100,7552.869
AMORTSPMSPM,/mnt/beegfs/ysu34/hamlib/dia_e2e/O2c_16_5.txt,ours_sym,1,55.086
AMORTSPMSPM,/mnt/beegfs/ysu34/hamlib/dia_e2e/O2c_16_5.txt,ours_sym,3,114.666
AMORTSPMSPM,/mnt/beegfs/ysu34/hamlib/dia_e2e/O2c_16_5.txt,ours_sym,10,345.368
AMORTSPMSPM,/mnt/beegfs/ysu34/hamlib/dia_e2e/O2c_16_5.txt,ours_sym,30,1046.287
AMORTSPMSPM,/mnt/beegfs/ysu34/hamlib/dia_e2e/O2c_16_5.txt,ours_sym,100,3451.630
# DIA_TRIM 1e-08: D 3359 -> 2367
AMORTCSV,/mnt/beegfs/ysu34/hamlib/dia_e2e/O2c_20_5.txt,didx,1,2301.368
AMORTCSV,/mnt/beegfs/ysu34/hamlib/dia_e2e/O2c_20_5.txt,didx,10,2301.700
AMORTCSV,/mnt/beegfs/ysu34/hamlib/dia_e2e/O2c_20_5.txt,didx,100,2470.611
AMORTCSV,/mnt/beegfs/ysu34/hamlib/dia_e2e/O2c_20_5.txt,didx,1000,4122.678
AMORTCSV,/mnt/beegfs/ysu34/hamlib/dia_e2e/O2c_20_5.txt,didx,10000,20389.236
# didx_sym arm skipped (non-symmetric or Dup>128)
# DIA_TRIM 1e-08: D 3359 -> 2367
AMORTSPMSPM,/mnt/beegfs/ysu34/hamlib/dia_e2e/O2c_20_5.txt,ours_flat,1,OOM
AMORTSPMSPM,/mnt/beegfs/ysu34/hamlib/dia_e2e/O2c_20_5.txt,ours_sym,1,OOM
AMORTCSV,/mnt/beegfs/ysu34/hamlib/dia_e2e/qmaxcut_16_4.txt,didx,1,1.401
AMORTCSV,/mnt/beegfs/ysu34/hamlib/dia_e2e/qmaxcut_16_4.txt,didx,10,1.391
AMORTCSV,/mnt/beegfs/ysu34/hamlib/dia_e2e/qmaxcut_16_4.txt,didx,100,1.786
AMORTCSV,/mnt/beegfs/ysu34/hamlib/dia_e2e/qmaxcut_16_4.txt,didx,1000,5.786
AMORTCSV,/mnt/beegfs/ysu34/hamlib/dia_e2e/qmaxcut_16_4.txt,didx,10000,45.361
AMORTCSV,/mnt/beegfs/ysu34/hamlib/dia_e2e/qmaxcut_16_4.txt,didx_sym,1,0.803
AMORTCSV,/mnt/beegfs/ysu34/hamlib/dia_e2e/qmaxcut_16_4.txt,didx_sym,10,0.879
AMORTCSV,/mnt/beegfs/ysu34/hamlib/dia_e2e/qmaxcut_16_4.txt,didx_sym,100,1.269
AMORTCSV,/mnt/beegfs/ysu34/hamlib/dia_e2e/qmaxcut_16_4.txt,didx_sym,1000,5.591
AMORTCSV,/mnt/beegfs/ysu34/hamlib/dia_e2e/qmaxcut_16_4.txt,didx_sym,10000,48.857
AMORTSPMSPM,/mnt/beegfs/ysu34/hamlib/dia_e2e/qmaxcut_16_4.txt,ours_flat,1,0.891
AMORTSPMSPM,/mnt/beegfs/ysu34/hamlib/dia_e2e/qmaxcut_16_4.txt,ours_flat,3,0.789
AMORTSPMSPM,/mnt/beegfs/ysu34/hamlib/dia_e2e/qmaxcut_16_4.txt,ours_flat,10,1.236
AMORTSPMSPM,/mnt/beegfs/ysu34/hamlib/dia_e2e/qmaxcut_16_4.txt,ours_flat,30,2.718
AMORTSPMSPM,/mnt/beegfs/ysu34/hamlib/dia_e2e/qmaxcut_16_4.txt,ours_flat,100,7.920
AMORTSPMSPM,/mnt/beegfs/ysu34/hamlib/dia_e2e/qmaxcut_16_4.txt,ours_sym,1,0.419
AMORTSPMSPM,/mnt/beegfs/ysu34/hamlib/dia_e2e/qmaxcut_16_4.txt,ours_sym,3,0.455
AMORTSPMSPM,/mnt/beegfs/ysu34/hamlib/dia_e2e/qmaxcut_16_4.txt,ours_sym,10,0.794
AMORTSPMSPM,/mnt/beegfs/ysu34/hamlib/dia_e2e/qmaxcut_16_4.txt,ours_sym,30,1.783
AMORTSPMSPM,/mnt/beegfs/ysu34/hamlib/dia_e2e/qmaxcut_16_4.txt,ours_sym,100,5.227
AMORTCSV,/mnt/beegfs/ysu34/hamlib/dia_e2e/qmaxcut_18_4.txt,didx,1,6.062
AMORTCSV,/mnt/beegfs/ysu34/hamlib/dia_e2e/qmaxcut_18_4.txt,didx,10,6.066
AMORTCSV,/mnt/beegfs/ysu34/hamlib/dia_e2e/qmaxcut_18_4.txt,didx,100,6.835
AMORTCSV,/mnt/beegfs/ysu34/hamlib/dia_e2e/qmaxcut_18_4.txt,didx,1000,14.920
AMORTCSV,/mnt/beegfs/ysu34/hamlib/dia_e2e/qmaxcut_18_4.txt,didx,10000,95.326
AMORTCSV,/mnt/beegfs/ysu34/hamlib/dia_e2e/qmaxcut_18_4.txt,didx_sym,1,3.412
AMORTCSV,/mnt/beegfs/ysu34/hamlib/dia_e2e/qmaxcut_18_4.txt,didx_sym,10,3.415
AMORTCSV,/mnt/beegfs/ysu34/hamlib/dia_e2e/qmaxcut_18_4.txt,didx_sym,100,4.174
AMORTCSV,/mnt/beegfs/ysu34/hamlib/dia_e2e/qmaxcut_18_4.txt,didx_sym,1000,12.121
AMORTCSV,/mnt/beegfs/ysu34/hamlib/dia_e2e/qmaxcut_18_4.txt,didx_sym,10000,91.882
AMORTSPMSPM,/mnt/beegfs/ysu34/hamlib/dia_e2e/qmaxcut_18_4.txt,ours_flat,1,2.501
AMORTSPMSPM,/mnt/beegfs/ysu34/hamlib/dia_e2e/qmaxcut_18_4.txt,ours_flat,3,2.754
AMORTSPMSPM,/mnt/beegfs/ysu34/hamlib/dia_e2e/qmaxcut_18_4.txt,ours_flat,10,5.033
AMORTSPMSPM,/mnt/beegfs/ysu34/hamlib/dia_e2e/qmaxcut_18_4.txt,ours_flat,30,12.164
AMORTSPMSPM,/mnt/beegfs/ysu34/hamlib/dia_e2e/qmaxcut_18_4.txt,ours_flat,100,37.209
AMORTSPMSPM,/mnt/beegfs/ysu34/hamlib/dia_e2e/qmaxcut_18_4.txt,ours_sym,1,1.252
AMORTSPMSPM,/mnt/beegfs/ysu34/hamlib/dia_e2e/qmaxcut_18_4.txt,ours_sym,3,1.579
AMORTSPMSPM,/mnt/beegfs/ysu34/hamlib/dia_e2e/qmaxcut_18_4.txt,ours_sym,10,3.176
AMORTSPMSPM,/mnt/beegfs/ysu34/hamlib/dia_e2e/qmaxcut_18_4.txt,ours_sym,30,7.734
AMORTSPMSPM,/mnt/beegfs/ysu34/hamlib/dia_e2e/qmaxcut_18_4.txt,ours_sym,100,23.705
AMORTCSV,/mnt/beegfs/ysu34/hamlib/dia_e2e/qmaxcut_20_4.txt,didx,1,32.810
AMORTCSV,/mnt/beegfs/ysu34/hamlib/dia_e2e/qmaxcut_20_4.txt,didx,10,33.044
AMORTCSV,/mnt/beegfs/ysu34/hamlib/dia_e2e/qmaxcut_20_4.txt,didx,100,35.508
AMORTCSV,/mnt/beegfs/ysu34/hamlib/dia_e2e/qmaxcut_20_4.txt,didx,1000,64.886
AMORTCSV,/mnt/beegfs/ysu34/hamlib/dia_e2e/qmaxcut_20_4.txt,didx,10000,361.769
AMORTCSV,/mnt/beegfs/ysu34/hamlib/dia_e2e/qmaxcut_20_4.txt,didx_sym,1,15.145
AMORTCSV,/mnt/beegfs/ysu34/hamlib/dia_e2e/qmaxcut_20_4.txt,didx_sym,10,15.707
AMORTCSV,/mnt/beegfs/ysu34/hamlib/dia_e2e/qmaxcut_20_4.txt,didx_sym,100,18.207
AMORTCSV,/mnt/beegfs/ysu34/hamlib/dia_e2e/qmaxcut_20_4.txt,didx_sym,1000,45.418
AMORTCSV,/mnt/beegfs/ysu34/hamlib/dia_e2e/qmaxcut_20_4.txt,didx_sym,10000,333.453
AMORTSPMSPM,/mnt/beegfs/ysu34/hamlib/dia_e2e/qmaxcut_20_4.txt,ours_flat,1,9.245
AMORTSPMSPM,/mnt/beegfs/ysu34/hamlib/dia_e2e/qmaxcut_20_4.txt,ours_flat,3,12.616
AMORTSPMSPM,/mnt/beegfs/ysu34/hamlib/dia_e2e/qmaxcut_20_4.txt,ours_flat,10,25.661
AMORTSPMSPM,/mnt/beegfs/ysu34/hamlib/dia_e2e/qmaxcut_20_4.txt,ours_flat,30,63.176
AMORTSPMSPM,/mnt/beegfs/ysu34/hamlib/dia_e2e/qmaxcut_20_4.txt,ours_flat,100,197.854
AMORTSPMSPM,/mnt/beegfs/ysu34/hamlib/dia_e2e/qmaxcut_20_4.txt,ours_sym,1,5.959
AMORTSPMSPM,/mnt/beegfs/ysu34/hamlib/dia_e2e/qmaxcut_20_4.txt,ours_sym,3,8.215
AMORTSPMSPM,/mnt/beegfs/ysu34/hamlib/dia_e2e/qmaxcut_20_4.txt,ours_sym,10,16.337
AMORTSPMSPM,/mnt/beegfs/ysu34/hamlib/dia_e2e/qmaxcut_20_4.txt,ours_sym,30,39.538
AMORTSPMSPM,/mnt/beegfs/ysu34/hamlib/dia_e2e/qmaxcut_20_4.txt,ours_sym,100,121.542
AMORTCSV,/mnt/beegfs/ysu34/hamlib/dia_e2e/qmaxcutC_18_4.txt,didx,1,18.949
AMORTCSV,/mnt/beegfs/ysu34/hamlib/dia_e2e/qmaxcutC_18_4.txt,didx,10,18.678
AMORTCSV,/mnt/beegfs/ysu34/hamlib/dia_e2e/qmaxcutC_18_4.txt,didx,100,20.193
AMORTCSV,/mnt/beegfs/ysu34/hamlib/dia_e2e/qmaxcutC_18_4.txt,didx,1000,34.209
AMORTCSV,/mnt/beegfs/ysu34/hamlib/dia_e2e/qmaxcutC_18_4.txt,didx,10000,177.251
AMORTCSV,/mnt/beegfs/ysu34/hamlib/dia_e2e/qmaxcutC_18_4.txt,didx_sym,1,11.429
AMORTCSV,/mnt/beegfs/ysu34/hamlib/dia_e2e/qmaxcutC_18_4.txt,didx_sym,10,11.470
AMORTCSV,/mnt/beegfs/ysu34/hamlib/dia_e2e/qmaxcutC_18_4.txt,didx_sym,100,11.927
AMORTCSV,/mnt/beegfs/ysu34/hamlib/dia_e2e/qmaxcutC_18_4.txt,didx_sym,1000,25.485
AMORTCSV,/mnt/beegfs/ysu34/hamlib/dia_e2e/qmaxcutC_18_4.txt,didx_sym,10000,161.109
AMORTSPMSPM,/mnt/beegfs/ysu34/hamlib/dia_e2e/qmaxcutC_18_4.txt,ours_flat,1,9.864
AMORTSPMSPM,/mnt/beegfs/ysu34/hamlib/dia_e2e/qmaxcutC_18_4.txt,ours_flat,3,16.928
AMORTSPMSPM,/mnt/beegfs/ysu34/hamlib/dia_e2e/qmaxcutC_18_4.txt,ours_flat,10,39.559
AMORTSPMSPM,/mnt/beegfs/ysu34/hamlib/dia_e2e/qmaxcutC_18_4.txt,ours_flat,30,104.748
AMORTSPMSPM,/mnt/beegfs/ysu34/hamlib/dia_e2e/qmaxcutC_18_4.txt,ours_flat,100,335.607
AMORTSPMSPM,/mnt/beegfs/ysu34/hamlib/dia_e2e/qmaxcutC_18_4.txt,ours_sym,1,6.169
AMORTSPMSPM,/mnt/beegfs/ysu34/hamlib/dia_e2e/qmaxcutC_18_4.txt,ours_sym,3,9.946
AMORTSPMSPM,/mnt/beegfs/ysu34/hamlib/dia_e2e/qmaxcutC_18_4.txt,ours_sym,10,22.474
AMORTSPMSPM,/mnt/beegfs/ysu34/hamlib/dia_e2e/qmaxcutC_18_4.txt,ours_sym,30,57.685
AMORTSPMSPM,/mnt/beegfs/ysu34/hamlib/dia_e2e/qmaxcutC_18_4.txt,ours_sym,100,183.829
AMORTCSV,/mnt/beegfs/ysu34/hamlib/dia_e2e/qmaxcutK_18_4.txt,didx,1,4.932
AMORTCSV,/mnt/beegfs/ysu34/hamlib/dia_e2e/qmaxcutK_18_4.txt,didx,10,4.996
AMORTCSV,/mnt/beegfs/ysu34/hamlib/dia_e2e/qmaxcutK_18_4.txt,didx,100,5.448
AMORTCSV,/mnt/beegfs/ysu34/hamlib/dia_e2e/qmaxcutK_18_4.txt,didx,1000,10.957
AMORTCSV,/mnt/beegfs/ysu34/hamlib/dia_e2e/qmaxcutK_18_4.txt,didx,10000,66.121
AMORTCSV,/mnt/beegfs/ysu34/hamlib/dia_e2e/qmaxcutK_18_4.txt,didx_sym,1,2.696
AMORTCSV,/mnt/beegfs/ysu34/hamlib/dia_e2e/qmaxcutK_18_4.txt,didx_sym,10,2.767
AMORTCSV,/mnt/beegfs/ysu34/hamlib/dia_e2e/qmaxcutK_18_4.txt,didx_sym,100,3.353
AMORTCSV,/mnt/beegfs/ysu34/hamlib/dia_e2e/qmaxcutK_18_4.txt,didx_sym,1000,9.336
AMORTCSV,/mnt/beegfs/ysu34/hamlib/dia_e2e/qmaxcutK_18_4.txt,didx_sym,10000,69.102
AMORTSPMSPM,/mnt/beegfs/ysu34/hamlib/dia_e2e/qmaxcutK_18_4.txt,ours_flat,1,1.810
AMORTSPMSPM,/mnt/beegfs/ysu34/hamlib/dia_e2e/qmaxcutK_18_4.txt,ours_flat,3,1.975
AMORTSPMSPM,/mnt/beegfs/ysu34/hamlib/dia_e2e/qmaxcutK_18_4.txt,ours_flat,10,3.421
AMORTSPMSPM,/mnt/beegfs/ysu34/hamlib/dia_e2e/qmaxcutK_18_4.txt,ours_flat,30,7.895
AMORTSPMSPM,/mnt/beegfs/ysu34/hamlib/dia_e2e/qmaxcutK_18_4.txt,ours_flat,100,23.879
AMORTSPMSPM,/mnt/beegfs/ysu34/hamlib/dia_e2e/qmaxcutK_18_4.txt,ours_sym,1,1.079
AMORTSPMSPM,/mnt/beegfs/ysu34/hamlib/dia_e2e/qmaxcutK_18_4.txt,ours_sym,3,1.165
AMORTSPMSPM,/mnt/beegfs/ysu34/hamlib/dia_e2e/qmaxcutK_18_4.txt,ours_sym,10,2.126
AMORTSPMSPM,/mnt/beegfs/ysu34/hamlib/dia_e2e/qmaxcutK_18_4.txt,ours_sym,30,4.960
AMORTSPMSPM,/mnt/beegfs/ysu34/hamlib/dia_e2e/qmaxcutK_18_4.txt,ours_sym,100,14.652
AMORTCSV,/mnt/beegfs/ysu34/hamlib/dia_e2e/qmaxcutR_18_3.txt,didx,1,2.398
AMORTCSV,/mnt/beegfs/ysu34/hamlib/dia_e2e/qmaxcutR_18_3.txt,didx,10,2.382
AMORTCSV,/mnt/beegfs/ysu34/hamlib/dia_e2e/qmaxcutR_18_3.txt,didx,100,2.809
AMORTCSV,/mnt/beegfs/ysu34/hamlib/dia_e2e/qmaxcutR_18_3.txt,didx,1000,7.039
AMORTCSV,/mnt/beegfs/ysu34/hamlib/dia_e2e/qmaxcutR_18_3.txt,didx,10000,49.259
AMORTCSV,/mnt/beegfs/ysu34/hamlib/dia_e2e/qmaxcutR_18_3.txt,didx_sym,1,1.451
AMORTCSV,/mnt/beegfs/ysu34/hamlib/dia_e2e/qmaxcutR_18_3.txt,didx_sym,10,1.592
AMORTCSV,/mnt/beegfs/ysu34/hamlib/dia_e2e/qmaxcutR_18_3.txt,didx_sym,100,1.998
AMORTCSV,/mnt/beegfs/ysu34/hamlib/dia_e2e/qmaxcutR_18_3.txt,didx_sym,1000,6.877
AMORTCSV,/mnt/beegfs/ysu34/hamlib/dia_e2e/qmaxcutR_18_3.txt,didx_sym,10000,55.672
AMORTSPMSPM,/mnt/beegfs/ysu34/hamlib/dia_e2e/qmaxcutR_18_3.txt,ours_flat,1,1.096
AMORTSPMSPM,/mnt/beegfs/ysu34/hamlib/dia_e2e/qmaxcutR_18_3.txt,ours_flat,3,0.975
AMORTSPMSPM,/mnt/beegfs/ysu34/hamlib/dia_e2e/qmaxcutR_18_3.txt,ours_flat,10,1.228
AMORTSPMSPM,/mnt/beegfs/ysu34/hamlib/dia_e2e/qmaxcutR_18_3.txt,ours_flat,30,2.336
AMORTSPMSPM,/mnt/beegfs/ysu34/hamlib/dia_e2e/qmaxcutR_18_3.txt,ours_flat,100,6.223
AMORTSPMSPM,/mnt/beegfs/ysu34/hamlib/dia_e2e/qmaxcutR_18_3.txt,ours_sym,1,0.715
AMORTSPMSPM,/mnt/beegfs/ysu34/hamlib/dia_e2e/qmaxcutR_18_3.txt,ours_sym,3,0.577
AMORTSPMSPM,/mnt/beegfs/ysu34/hamlib/dia_e2e/qmaxcutR_18_3.txt,ours_sym,10,0.823
AMORTSPMSPM,/mnt/beegfs/ysu34/hamlib/dia_e2e/qmaxcutR_18_3.txt,ours_sym,30,1.617
AMORTSPMSPM,/mnt/beegfs/ysu34/hamlib/dia_e2e/qmaxcutR_18_3.txt,ours_sym,100,4.173
AMORTCSV,/mnt/beegfs/ysu34/hamlib/dia_e2e/tfim_16_4.txt,didx,1,3.135
AMORTCSV,/mnt/beegfs/ysu34/hamlib/dia_e2e/tfim_16_4.txt,didx,10,2.732
AMORTCSV,/mnt/beegfs/ysu34/hamlib/dia_e2e/tfim_16_4.txt,didx,100,3.149
AMORTCSV,/mnt/beegfs/ysu34/hamlib/dia_e2e/tfim_16_4.txt,didx,1000,7.483
AMORTCSV,/mnt/beegfs/ysu34/hamlib/dia_e2e/tfim_16_4.txt,didx,10000,50.814
AMORTCSV,/mnt/beegfs/ysu34/hamlib/dia_e2e/tfim_16_4.txt,didx_sym,1,1.407
AMORTCSV,/mnt/beegfs/ysu34/hamlib/dia_e2e/tfim_16_4.txt,didx_sym,10,1.435
AMORTCSV,/mnt/beegfs/ysu34/hamlib/dia_e2e/tfim_16_4.txt,didx_sym,100,1.851
AMORTCSV,/mnt/beegfs/ysu34/hamlib/dia_e2e/tfim_16_4.txt,didx_sym,1000,6.014
AMORTCSV,/mnt/beegfs/ysu34/hamlib/dia_e2e/tfim_16_4.txt,didx_sym,10000,47.558
AMORTSPMSPM,/mnt/beegfs/ysu34/hamlib/dia_e2e/tfim_16_4.txt,ours_flat,1,1.214
AMORTSPMSPM,/mnt/beegfs/ysu34/hamlib/dia_e2e/tfim_16_4.txt,ours_flat,3,1.235
AMORTSPMSPM,/mnt/beegfs/ysu34/hamlib/dia_e2e/tfim_16_4.txt,ours_flat,10,2.237
AMORTSPMSPM,/mnt/beegfs/ysu34/hamlib/dia_e2e/tfim_16_4.txt,ours_flat,30,5.388
AMORTSPMSPM,/mnt/beegfs/ysu34/hamlib/dia_e2e/tfim_16_4.txt,ours_flat,100,16.439
AMORTSPMSPM,/mnt/beegfs/ysu34/hamlib/dia_e2e/tfim_16_4.txt,ours_sym,1,0.544
AMORTSPMSPM,/mnt/beegfs/ysu34/hamlib/dia_e2e/tfim_16_4.txt,ours_sym,3,0.737
AMORTSPMSPM,/mnt/beegfs/ysu34/hamlib/dia_e2e/tfim_16_4.txt,ours_sym,10,1.406
AMORTSPMSPM,/mnt/beegfs/ysu34/hamlib/dia_e2e/tfim_16_4.txt,ours_sym,30,3.398
AMORTSPMSPM,/mnt/beegfs/ysu34/hamlib/dia_e2e/tfim_16_4.txt,ours_sym,100,10.329
AMORTCSV,/mnt/beegfs/ysu34/hamlib/dia_e2e/tfim_16_5.txt,didx,1,3.112
AMORTCSV,/mnt/beegfs/ysu34/hamlib/dia_e2e/tfim_16_5.txt,didx,10,2.736
AMORTCSV,/mnt/beegfs/ysu34/hamlib/dia_e2e/tfim_16_5.txt,didx,100,3.261
AMORTCSV,/mnt/beegfs/ysu34/hamlib/dia_e2e/tfim_16_5.txt,didx,1000,7.602
AMORTCSV,/mnt/beegfs/ysu34/hamlib/dia_e2e/tfim_16_5.txt,didx,10000,50.825
AMORTCSV,/mnt/beegfs/ysu34/hamlib/dia_e2e/tfim_16_5.txt,didx_sym,1,1.509
AMORTCSV,/mnt/beegfs/ysu34/hamlib/dia_e2e/tfim_16_5.txt,didx_sym,10,1.454
AMORTCSV,/mnt/beegfs/ysu34/hamlib/dia_e2e/tfim_16_5.txt,didx_sym,100,1.877
AMORTCSV,/mnt/beegfs/ysu34/hamlib/dia_e2e/tfim_16_5.txt,didx_sym,1000,6.098
AMORTCSV,/mnt/beegfs/ysu34/hamlib/dia_e2e/tfim_16_5.txt,didx_sym,10000,48.341
AMORTSPMSPM,/mnt/beegfs/ysu34/hamlib/dia_e2e/tfim_16_5.txt,ours_flat,1,1.199
AMORTSPMSPM,/mnt/beegfs/ysu34/hamlib/dia_e2e/tfim_16_5.txt,ours_flat,3,1.245
AMORTSPMSPM,/mnt/beegfs/ysu34/hamlib/dia_e2e/tfim_16_5.txt,ours_flat,10,2.246
AMORTSPMSPM,/mnt/beegfs/ysu34/hamlib/dia_e2e/tfim_16_5.txt,ours_flat,30,5.392
AMORTSPMSPM,/mnt/beegfs/ysu34/hamlib/dia_e2e/tfim_16_5.txt,ours_flat,100,16.437
AMORTSPMSPM,/mnt/beegfs/ysu34/hamlib/dia_e2e/tfim_16_5.txt,ours_sym,1,0.542
AMORTSPMSPM,/mnt/beegfs/ysu34/hamlib/dia_e2e/tfim_16_5.txt,ours_sym,3,0.739
AMORTSPMSPM,/mnt/beegfs/ysu34/hamlib/dia_e2e/tfim_16_5.txt,ours_sym,10,1.407
AMORTSPMSPM,/mnt/beegfs/ysu34/hamlib/dia_e2e/tfim_16_5.txt,ours_sym,30,3.406
AMORTSPMSPM,/mnt/beegfs/ysu34/hamlib/dia_e2e/tfim_16_5.txt,ours_sym,100,10.327
AMORTCSV,/mnt/beegfs/ysu34/hamlib/dia_e2e/tfim_18_4.txt,didx,1,14.520
AMORTCSV,/mnt/beegfs/ysu34/hamlib/dia_e2e/tfim_18_4.txt,didx,10,13.151
AMORTCSV,/mnt/beegfs/ysu34/hamlib/dia_e2e/tfim_18_4.txt,didx,100,13.616
AMORTCSV,/mnt/beegfs/ysu34/hamlib/dia_e2e/tfim_18_4.txt,didx,1000,24.380
AMORTCSV,/mnt/beegfs/ysu34/hamlib/dia_e2e/tfim_18_4.txt,didx,10000,131.134
AMORTCSV,/mnt/beegfs/ysu34/hamlib/dia_e2e/tfim_18_4.txt,didx_sym,1,6.910
AMORTCSV,/mnt/beegfs/ysu34/hamlib/dia_e2e/tfim_18_4.txt,didx_sym,10,6.734
AMORTCSV,/mnt/beegfs/ysu34/hamlib/dia_e2e/tfim_18_4.txt,didx_sym,100,7.343
AMORTCSV,/mnt/beegfs/ysu34/hamlib/dia_e2e/tfim_18_4.txt,didx_sym,1000,16.184
AMORTCSV,/mnt/beegfs/ysu34/hamlib/dia_e2e/tfim_18_4.txt,didx_sym,10000,104.555
AMORTSPMSPM,/mnt/beegfs/ysu34/hamlib/dia_e2e/tfim_18_4.txt,ours_flat,1,3.488
AMORTSPMSPM,/mnt/beegfs/ysu34/hamlib/dia_e2e/tfim_18_4.txt,ours_flat,3,5.324
AMORTSPMSPM,/mnt/beegfs/ysu34/hamlib/dia_e2e/tfim_18_4.txt,ours_flat,10,11.557
AMORTSPMSPM,/mnt/beegfs/ysu34/hamlib/dia_e2e/tfim_18_4.txt,ours_flat,30,29.211
AMORTSPMSPM,/mnt/beegfs/ysu34/hamlib/dia_e2e/tfim_18_4.txt,ours_flat,100,91.275
AMORTSPMSPM,/mnt/beegfs/ysu34/hamlib/dia_e2e/tfim_18_4.txt,ours_sym,1,2.242
AMORTSPMSPM,/mnt/beegfs/ysu34/hamlib/dia_e2e/tfim_18_4.txt,ours_sym,3,3.267
AMORTSPMSPM,/mnt/beegfs/ysu34/hamlib/dia_e2e/tfim_18_4.txt,ours_sym,10,6.698
AMORTSPMSPM,/mnt/beegfs/ysu34/hamlib/dia_e2e/tfim_18_4.txt,ours_sym,30,16.533
AMORTSPMSPM,/mnt/beegfs/ysu34/hamlib/dia_e2e/tfim_18_4.txt,ours_sym,100,50.863
AMORTCSV,/mnt/beegfs/ysu34/hamlib/dia_e2e/tfim_18_5.txt,didx,1,13.677
AMORTCSV,/mnt/beegfs/ysu34/hamlib/dia_e2e/tfim_18_5.txt,didx,10,12.524
AMORTCSV,/mnt/beegfs/ysu34/hamlib/dia_e2e/tfim_18_5.txt,didx,100,13.514
AMORTCSV,/mnt/beegfs/ysu34/hamlib/dia_e2e/tfim_18_5.txt,didx,1000,24.148
AMORTCSV,/mnt/beegfs/ysu34/hamlib/dia_e2e/tfim_18_5.txt,didx,10000,130.965
AMORTCSV,/mnt/beegfs/ysu34/hamlib/dia_e2e/tfim_18_5.txt,didx_sym,1,6.500
AMORTCSV,/mnt/beegfs/ysu34/hamlib/dia_e2e/tfim_18_5.txt,didx_sym,10,6.469
AMORTCSV,/mnt/beegfs/ysu34/hamlib/dia_e2e/tfim_18_5.txt,didx_sym,100,7.225
AMORTCSV,/mnt/beegfs/ysu34/hamlib/dia_e2e/tfim_18_5.txt,didx_sym,1000,15.975
AMORTCSV,/mnt/beegfs/ysu34/hamlib/dia_e2e/tfim_18_5.txt,didx_sym,10000,103.496
AMORTSPMSPM,/mnt/beegfs/ysu34/hamlib/dia_e2e/tfim_18_5.txt,ours_flat,1,3.486
AMORTSPMSPM,/mnt/beegfs/ysu34/hamlib/dia_e2e/tfim_18_5.txt,ours_flat,3,5.351
AMORTSPMSPM,/mnt/beegfs/ysu34/hamlib/dia_e2e/tfim_18_5.txt,ours_flat,10,11.520
AMORTSPMSPM,/mnt/beegfs/ysu34/hamlib/dia_e2e/tfim_18_5.txt,ours_flat,30,29.268
AMORTSPMSPM,/mnt/beegfs/ysu34/hamlib/dia_e2e/tfim_18_5.txt,ours_flat,100,91.314
AMORTSPMSPM,/mnt/beegfs/ysu34/hamlib/dia_e2e/tfim_18_5.txt,ours_sym,1,2.242
AMORTSPMSPM,/mnt/beegfs/ysu34/hamlib/dia_e2e/tfim_18_5.txt,ours_sym,3,3.254
AMORTSPMSPM,/mnt/beegfs/ysu34/hamlib/dia_e2e/tfim_18_5.txt,ours_sym,10,6.697
AMORTSPMSPM,/mnt/beegfs/ysu34/hamlib/dia_e2e/tfim_18_5.txt,ours_sym,30,16.528
AMORTSPMSPM,/mnt/beegfs/ysu34/hamlib/dia_e2e/tfim_18_5.txt,ours_sym,100,50.889
AMORTCSV,/mnt/beegfs/ysu34/hamlib/dia_e2e/tfim_20_5.txt,didx,1,106.843
AMORTCSV,/mnt/beegfs/ysu34/hamlib/dia_e2e/tfim_20_5.txt,didx,10,106.748
AMORTCSV,/mnt/beegfs/ysu34/hamlib/dia_e2e/tfim_20_5.txt,didx,100,111.743
AMORTCSV,/mnt/beegfs/ysu34/hamlib/dia_e2e/tfim_20_5.txt,didx,1000,165.359
AMORTCSV,/mnt/beegfs/ysu34/hamlib/dia_e2e/tfim_20_5.txt,didx,10000,701.266
AMORTCSV,/mnt/beegfs/ysu34/hamlib/dia_e2e/tfim_20_5.txt,didx_sym,1,31.195
AMORTCSV,/mnt/beegfs/ysu34/hamlib/dia_e2e/tfim_20_5.txt,didx_sym,10,30.677
AMORTCSV,/mnt/beegfs/ysu34/hamlib/dia_e2e/tfim_20_5.txt,didx_sym,100,34.226
AMORTCSV,/mnt/beegfs/ysu34/hamlib/dia_e2e/tfim_20_5.txt,didx_sym,1000,70.145
AMORTCSV,/mnt/beegfs/ysu34/hamlib/dia_e2e/tfim_20_5.txt,didx_sym,10000,467.711
AMORTSPMSPM,/mnt/beegfs/ysu34/hamlib/dia_e2e/tfim_20_5.txt,ours_flat,1,15.733
AMORTSPMSPM,/mnt/beegfs/ysu34/hamlib/dia_e2e/tfim_20_5.txt,ours_flat,3,26.444
AMORTSPMSPM,/mnt/beegfs/ysu34/hamlib/dia_e2e/tfim_20_5.txt,ours_flat,10,58.230
AMORTSPMSPM,/mnt/beegfs/ysu34/hamlib/dia_e2e/tfim_20_5.txt,ours_flat,30,151.195
AMORTSPMSPM,/mnt/beegfs/ysu34/hamlib/dia_e2e/tfim_20_5.txt,ours_flat,100,481.637
AMORTSPMSPM,/mnt/beegfs/ysu34/hamlib/dia_e2e/tfim_20_5.txt,ours_sym,1,10.084
AMORTSPMSPM,/mnt/beegfs/ysu34/hamlib/dia_e2e/tfim_20_5.txt,ours_sym,3,16.457
AMORTSPMSPM,/mnt/beegfs/ysu34/hamlib/dia_e2e/tfim_20_5.txt,ours_sym,10,34.924
AMORTSPMSPM,/mnt/beegfs/ysu34/hamlib/dia_e2e/tfim_20_5.txt,ours_sym,30,91.333
AMORTSPMSPM,/mnt/beegfs/ysu34/hamlib/dia_e2e/tfim_20_5.txt,ours_sym,100,303.078
AMORTCSV,/mnt/beegfs/ysu34/hamlib/dia_e2e/tsp_18_4.txt,didx,1,0.658
AMORTCSV,/mnt/beegfs/ysu34/hamlib/dia_e2e/tsp_18_4.txt,didx,10,0.597
AMORTCSV,/mnt/beegfs/ysu34/hamlib/dia_e2e/tsp_18_4.txt,didx,100,0.908
AMORTCSV,/mnt/beegfs/ysu34/hamlib/dia_e2e/tsp_18_4.txt,didx,1000,4.017
AMORTCSV,/mnt/beegfs/ysu34/hamlib/dia_e2e/tsp_18_4.txt,didx,10000,35.100
AMORTCSV,/mnt/beegfs/ysu34/hamlib/dia_e2e/tsp_18_4.txt,didx_sym,1,0.498
AMORTCSV,/mnt/beegfs/ysu34/hamlib/dia_e2e/tsp_18_4.txt,didx_sym,10,0.522
AMORTCSV,/mnt/beegfs/ysu34/hamlib/dia_e2e/tsp_18_4.txt,didx_sym,100,0.833
AMORTCSV,/mnt/beegfs/ysu34/hamlib/dia_e2e/tsp_18_4.txt,didx_sym,1000,4.000
AMORTCSV,/mnt/beegfs/ysu34/hamlib/dia_e2e/tsp_18_4.txt,didx_sym,10000,35.670
AMORTSPMSPM,/mnt/beegfs/ysu34/hamlib/dia_e2e/tsp_18_4.txt,ours_flat,1,0.724
AMORTSPMSPM,/mnt/beegfs/ysu34/hamlib/dia_e2e/tsp_18_4.txt,ours_flat,3,0.558
AMORTSPMSPM,/mnt/beegfs/ysu34/hamlib/dia_e2e/tsp_18_4.txt,ours_flat,10,0.472
AMORTSPMSPM,/mnt/beegfs/ysu34/hamlib/dia_e2e/tsp_18_4.txt,ours_flat,30,0.561
AMORTSPMSPM,/mnt/beegfs/ysu34/hamlib/dia_e2e/tsp_18_4.txt,ours_flat,100,0.877
AMORTSPMSPM,/mnt/beegfs/ysu34/hamlib/dia_e2e/tsp_18_4.txt,ours_sym,1,0.490
AMORTSPMSPM,/mnt/beegfs/ysu34/hamlib/dia_e2e/tsp_18_4.txt,ours_sym,3,0.237
AMORTSPMSPM,/mnt/beegfs/ysu34/hamlib/dia_e2e/tsp_18_4.txt,ours_sym,10,0.276
AMORTSPMSPM,/mnt/beegfs/ysu34/hamlib/dia_e2e/tsp_18_4.txt,ours_sym,30,0.460
AMORTSPMSPM,/mnt/beegfs/ysu34/hamlib/dia_e2e/tsp_18_4.txt,ours_sym,100,0.925
AMORTCSV,/mnt/beegfs/ysu34/hamlib/dia_e2e/vibbf3_18_3.txt,didx,1,3.103
AMORTCSV,/mnt/beegfs/ysu34/hamlib/dia_e2e/vibbf3_18_3.txt,didx,10,3.126
AMORTCSV,/mnt/beegfs/ysu34/hamlib/dia_e2e/vibbf3_18_3.txt,didx,100,3.550
AMORTCSV,/mnt/beegfs/ysu34/hamlib/dia_e2e/vibbf3_18_3.txt,didx,1000,7.845
AMORTCSV,/mnt/beegfs/ysu34/hamlib/dia_e2e/vibbf3_18_3.txt,didx,10000,50.926
AMORTCSV,/mnt/beegfs/ysu34/hamlib/dia_e2e/vibbf3_18_3.txt,didx_sym,1,1.976
AMORTCSV,/mnt/beegfs/ysu34/hamlib/dia_e2e/vibbf3_18_3.txt,didx_sym,10,1.856
AMORTCSV,/mnt/beegfs/ysu34/hamlib/dia_e2e/vibbf3_18_3.txt,didx_sym,100,2.346
AMORTCSV,/mnt/beegfs/ysu34/hamlib/dia_e2e/vibbf3_18_3.txt,didx_sym,1000,7.336
AMORTCSV,/mnt/beegfs/ysu34/hamlib/dia_e2e/vibbf3_18_3.txt,didx_sym,10000,57.119
AMORTSPMSPM,/mnt/beegfs/ysu34/hamlib/dia_e2e/vibbf3_18_3.txt,ours_flat,1,1.143
AMORTSPMSPM,/mnt/beegfs/ysu34/hamlib/dia_e2e/vibbf3_18_3.txt,ours_flat,3,1.156
AMORTSPMSPM,/mnt/beegfs/ysu34/hamlib/dia_e2e/vibbf3_18_3.txt,ours_flat,10,1.748
AMORTSPMSPM,/mnt/beegfs/ysu34/hamlib/dia_e2e/vibbf3_18_3.txt,ours_flat,30,3.622
AMORTSPMSPM,/mnt/beegfs/ysu34/hamlib/dia_e2e/vibbf3_18_3.txt,ours_flat,100,10.296
AMORTSPMSPM,/mnt/beegfs/ysu34/hamlib/dia_e2e/vibbf3_18_3.txt,ours_sym,1,0.854
AMORTSPMSPM,/mnt/beegfs/ysu34/hamlib/dia_e2e/vibbf3_18_3.txt,ours_sym,3,0.755
AMORTSPMSPM,/mnt/beegfs/ysu34/hamlib/dia_e2e/vibbf3_18_3.txt,ours_sym,10,1.138
AMORTSPMSPM,/mnt/beegfs/ysu34/hamlib/dia_e2e/vibbf3_18_3.txt,ours_sym,30,2.367
AMORTSPMSPM,/mnt/beegfs/ysu34/hamlib/dia_e2e/vibbf3_18_3.txt,ours_sym,100,6.701
AMORTCSV,/mnt/beegfs/ysu34/hamlib/dia_suitesparse/atmosmodd.txt,didx,1,20.578
AMORTCSV,/mnt/beegfs/ysu34/hamlib/dia_suitesparse/atmosmodd.txt,didx,10,20.774
AMORTCSV,/mnt/beegfs/ysu34/hamlib/dia_suitesparse/atmosmodd.txt,didx,100,23.064
AMORTCSV,/mnt/beegfs/ysu34/hamlib/dia_suitesparse/atmosmodd.txt,didx,1000,46.244
AMORTCSV,/mnt/beegfs/ysu34/hamlib/dia_suitesparse/atmosmodd.txt,didx,10000,279.640
# didx_sym arm skipped (non-symmetric or Dup>128)
AMORTSPMSPM,/mnt/beegfs/ysu34/hamlib/dia_suitesparse/atmosmodd.txt,ours_flat,1,3.531
AMORTSPMSPM,/mnt/beegfs/ysu34/hamlib/dia_suitesparse/atmosmodd.txt,ours_flat,3,3.393
AMORTSPMSPM,/mnt/beegfs/ysu34/hamlib/dia_suitesparse/atmosmodd.txt,ours_flat,10,4.507
AMORTSPMSPM,/mnt/beegfs/ysu34/hamlib/dia_suitesparse/atmosmodd.txt,ours_flat,30,8.292
AMORTSPMSPM,/mnt/beegfs/ysu34/hamlib/dia_suitesparse/atmosmodd.txt,ours_flat,100,21.285
# ours_sym skipped: not numerically symmetric
AMORTCSV,/mnt/beegfs/ysu34/hamlib/dia_suitesparse/ecology2.txt,didx,1,10.153
AMORTCSV,/mnt/beegfs/ysu34/hamlib/dia_suitesparse/ecology2.txt,didx,10,9.997
AMORTCSV,/mnt/beegfs/ysu34/hamlib/dia_suitesparse/ecology2.txt,didx,100,10.955
AMORTCSV,/mnt/beegfs/ysu34/hamlib/dia_suitesparse/ecology2.txt,didx,1000,21.424
AMORTCSV,/mnt/beegfs/ysu34/hamlib/dia_suitesparse/ecology2.txt,didx,10000,120.325
AMORTCSV,/mnt/beegfs/ysu34/hamlib/dia_suitesparse/ecology2.txt,didx_sym,1,5.723
AMORTCSV,/mnt/beegfs/ysu34/hamlib/dia_suitesparse/ecology2.txt,didx_sym,10,5.708
AMORTCSV,/mnt/beegfs/ysu34/hamlib/dia_suitesparse/ecology2.txt,didx_sym,100,6.757
AMORTCSV,/mnt/beegfs/ysu34/hamlib/dia_suitesparse/ecology2.txt,didx_sym,1000,17.204
AMORTCSV,/mnt/beegfs/ysu34/hamlib/dia_suitesparse/ecology2.txt,didx_sym,10000,122.086
AMORTSPMSPM,/mnt/beegfs/ysu34/hamlib/dia_suitesparse/ecology2.txt,ours_flat,1,2.537
AMORTSPMSPM,/mnt/beegfs/ysu34/hamlib/dia_suitesparse/ecology2.txt,ours_flat,3,2.487
AMORTSPMSPM,/mnt/beegfs/ysu34/hamlib/dia_suitesparse/ecology2.txt,ours_flat,10,3.224
AMORTSPMSPM,/mnt/beegfs/ysu34/hamlib/dia_suitesparse/ecology2.txt,ours_flat,30,5.620
AMORTSPMSPM,/mnt/beegfs/ysu34/hamlib/dia_suitesparse/ecology2.txt,ours_flat,100,14.224
AMORTSPMSPM,/mnt/beegfs/ysu34/hamlib/dia_suitesparse/ecology2.txt,ours_sym,1,2.102
AMORTSPMSPM,/mnt/beegfs/ysu34/hamlib/dia_suitesparse/ecology2.txt,ours_sym,3,1.494
AMORTSPMSPM,/mnt/beegfs/ysu34/hamlib/dia_suitesparse/ecology2.txt,ours_sym,10,2.245
AMORTSPMSPM,/mnt/beegfs/ysu34/hamlib/dia_suitesparse/ecology2.txt,ours_sym,30,3.682
AMORTSPMSPM,/mnt/beegfs/ysu34/hamlib/dia_suitesparse/ecology2.txt,ours_sym,100,9.402
AMORTCSV,/mnt/beegfs/ysu34/hamlib/dia_suitesparse/Lin.txt,didx,1,3.051
AMORTCSV,/mnt/beegfs/ysu34/hamlib/dia_suitesparse/Lin.txt,didx,10,3.035
AMORTCSV,/mnt/beegfs/ysu34/hamlib/dia_suitesparse/Lin.txt,didx,100,3.529
AMORTCSV,/mnt/beegfs/ysu34/hamlib/dia_suitesparse/Lin.txt,didx,1000,8.587
AMORTCSV,/mnt/beegfs/ysu34/hamlib/dia_suitesparse/Lin.txt,didx,10000,59.158
AMORTCSV,/mnt/beegfs/ysu34/hamlib/dia_suitesparse/Lin.txt,didx_sym,1,1.762
AMORTCSV,/mnt/beegfs/ysu34/hamlib/dia_suitesparse/Lin.txt,didx_sym,10,1.800
AMORTCSV,/mnt/beegfs/ysu34/hamlib/dia_suitesparse/Lin.txt,didx_sym,100,2.292
AMORTCSV,/mnt/beegfs/ysu34/hamlib/dia_suitesparse/Lin.txt,didx_sym,1000,7.249
AMORTCSV,/mnt/beegfs/ysu34/hamlib/dia_suitesparse/Lin.txt,didx_sym,10000,56.938
AMORTSPMSPM,/mnt/beegfs/ysu34/hamlib/dia_suitesparse/Lin.txt,ours_flat,1,0.961
AMORTSPMSPM,/mnt/beegfs/ysu34/hamlib/dia_suitesparse/Lin.txt,ours_flat,3,0.825
AMORTSPMSPM,/mnt/beegfs/ysu34/hamlib/dia_suitesparse/Lin.txt,ours_flat,10,0.951
AMORTSPMSPM,/mnt/beegfs/ysu34/hamlib/dia_suitesparse/Lin.txt,ours_flat,30,1.664
AMORTSPMSPM,/mnt/beegfs/ysu34/hamlib/dia_suitesparse/Lin.txt,ours_flat,100,4.160
AMORTSPMSPM,/mnt/beegfs/ysu34/hamlib/dia_suitesparse/Lin.txt,ours_sym,1,0.627
AMORTSPMSPM,/mnt/beegfs/ysu34/hamlib/dia_suitesparse/Lin.txt,ours_sym,3,0.510
AMORTSPMSPM,/mnt/beegfs/ysu34/hamlib/dia_suitesparse/Lin.txt,ours_sym,10,0.639
AMORTSPMSPM,/mnt/beegfs/ysu34/hamlib/dia_suitesparse/Lin.txt,ours_sym,30,1.163
AMORTSPMSPM,/mnt/beegfs/ysu34/hamlib/dia_suitesparse/Lin.txt,ours_sym,100,2.993
== energy (trim) ==
== energy BH_20_7 ==
# DIA_TRIM 1e-08: D 127 -> 109
ENERGYRAW,1.055015e-02,381.4,110.7,174597
PREPCSV,/mnt/beegfs/ysu34/hamlib/dia_e2e/BH_20_7.txt,1048576,109,spmv,didx,112.185,2.190,0.034365,3328
ENERGYRAW,1.254699e-02,396.2,110.7,156884
PREPCSV,/mnt/beegfs/ysu34/hamlib/dia_e2e/BH_20_7.txt,1048576,109,spmv,didx_sym,49.541,12.965,0.038245,1634
ENERGYRAW,2.774032e-02,397.1,110.7,63202
PREPCSV,/mnt/beegfs/ysu34/hamlib/dia_e2e/BH_20_7.txt,1048576,109,spmv,gopt,123.439,7.071,0.094933,1375
ENERGYRAW,9.807886e+00,399.6,110.7,175
PREPCSV,/mnt/beegfs/ysu34/hamlib/dia_e2e/BH_20_7.txt,1048576,109,spmspm,ours_flat,22.039,1.458,34.103287,1
PREPCSV,/mnt/beegfs/ysu34/hamlib/dia_e2e/BH_20_7.txt,1048576,109,spmspm,ours_sym,8.287,8.181,-1.000000,-1
ENERGYRAW,4.882515e+00,399.4,110.7,357
PREPCSV,/mnt/beegfs/ysu34/hamlib/dia_e2e/BH_20_7.txt,1048576,109,spmspm,ours_sym,8.287,8.181,16.768042,1
# DIA_TRIM 1e-08: D 127 -> 109
ENERGYRAW,5.954006e+00,379.4,201.5,185
SPMSPMCSV,/mnt/beegfs/ysu34/hamlib/dia_e2e/BH_20_7.txt,1048576,109,4193,3845136356,ours_flat,32.303265,0.000e+00
ENERGYRAW,3.239965e+00,395.7,201.5,389
SPMSPMCSV,/mnt/beegfs/ysu34/hamlib/dia_e2e/BH_20_7.txt,1048576,109,4193,3845136356,ours_sym,15.414499,7.629e-06
== energy bhc_16_7 ==
# DIA_TRIM 1e-08: D 99 -> 85
ENERGYRAW,2.159832e-04,189.1,145.3,1170777
PREPCSV,/mnt/beegfs/ysu34/hamlib/dia_e2e/bhc_16_7.txt,65536,85,spmv,didx,4.471,0.204,0.005125,912
ENERGYRAW,3.190672e-04,208.5,145.3,1151366
PREPCSV,/mnt/beegfs/ysu34/hamlib/dia_e2e/bhc_16_7.txt,65536,85,spmv,didx_sym,2.382,0.645,0.005211,581
ENERGYRAW,2.346490e-04,155.3,145.3,253070
PREPCSV,/mnt/beegfs/ysu34/hamlib/dia_e2e/bhc_16_7.txt,65536,85,spmv,gopt,7.456,0.537,0.023709,337
ENERGYRAW,2.329298e-01,384.3,145.3,6640
PREPCSV,/mnt/beegfs/ysu34/hamlib/dia_e2e/bhc_16_7.txt,65536,85,spmspm,ours_flat,2.158,0.235,0.903560,3
PREPCSV,/mnt/beegfs/ysu34/hamlib/dia_e2e/bhc_16_7.txt,65536,85,spmspm,ours_sym,0.381,0.863,-1.000000,-1
ENERGYRAW,1.233189e-01,399.9,145.3,12952
PREPCSV,/mnt/beegfs/ysu34/hamlib/dia_e2e/bhc_16_7.txt,65536,85,spmspm,ours_sym,0.381,0.863,0.463240,3
# DIA_TRIM 1e-08: D 99 -> 85
ENERGYRAW,2.297124e-01,380.0,145.0,6628
SPMSPMCSV,/mnt/beegfs/ysu34/hamlib/dia_e2e/bhc_16_7.txt,65536,85,2309,126547940,ours_flat,0.905168,0.000e+00
ENERGYRAW,1.216566e-01,395.4,145.0,13232
SPMSPMCSV,/mnt/beegfs/ysu34/hamlib/dia_e2e/bhc_16_7.txt,65536,85,2309,126547940,ours_sym,0.453419,7.629e-06
== energy bhc_18_7 ==
# DIA_TRIM 1e-08: D 112 -> 97
ENERGYRAW,1.477133e-03,281.1,127.2,616370
PREPCSV,/mnt/beegfs/ysu34/hamlib/dia_e2e/bhc_18_7.txt,262144,97,spmv,didx,22.262,0.627,0.009734,2351
ENERGYRAW,1.939663e-03,349.6,127.2,667259
PREPCSV,/mnt/beegfs/ysu34/hamlib/dia_e2e/bhc_18_7.txt,262144,97,spmv,didx_sym,10.867,3.033,0.008992,1546
ENERGYRAW,7.147280e-03,316.4,127.2,157967
PREPCSV,/mnt/beegfs/ysu34/hamlib/dia_e2e/bhc_18_7.txt,262144,97,spmv,gopt,28.122,1.989,0.037982,793
ENERGYRAW,1.672219e+00,397.8,127.2,1041
PREPCSV,/mnt/beegfs/ysu34/hamlib/dia_e2e/bhc_18_7.txt,262144,97,spmspm,ours_flat,5.875,0.382,5.762711,1
PREPCSV,/mnt/beegfs/ysu34/hamlib/dia_e2e/bhc_18_7.txt,262144,97,spmspm,ours_sym,1.712,3.305,-1.000000,-1
ENERGYRAW,8.103699e-01,400.0,127.2,2147
PREPCSV,/mnt/beegfs/ysu34/hamlib/dia_e2e/bhc_18_7.txt,262144,97,spmspm,ours_sym,1.712,3.305,2.794096,2
# DIA_TRIM 1e-08: D 112 -> 97
ENERGYRAW,1.397900e+00,381.8,154.7,1043
SPMSPMCSV,/mnt/beegfs/ysu34/hamlib/dia_e2e/bhc_18_7.txt,262144,97,3179,714866660,ours_flat,5.752418,0.000e+00
ENERGYRAW,6.797093e-01,384.8,154.7,2232
SPMSPMCSV,/mnt/beegfs/ysu34/hamlib/dia_e2e/bhc_18_7.txt,262144,97,3179,714866660,ours_sym,2.687155,7.629e-06
== energy bhD1_18_7 ==
# DIA_TRIM 1e-08: D 112 -> 97
ENERGYRAW,1.486894e-03,281.1,128.7,607189
PREPCSV,/mnt/beegfs/ysu34/hamlib/dia_e2e/bhD1_18_7.txt,262144,97,spmv,didx,22.509,0.648,0.009882,2343
ENERGYRAW,1.927757e-03,346.2,128.7,661375
PREPCSV,/mnt/beegfs/ysu34/hamlib/dia_e2e/bhD1_18_7.txt,262144,97,spmv,didx_sym,11.140,3.036,0.009072,1563
ENERGYRAW,7.158111e-03,317.3,128.7,157549
PREPCSV,/mnt/beegfs/ysu34/hamlib/dia_e2e/bhD1_18_7.txt,262144,97,spmv,gopt,28.529,1.958,0.038083,801
ENERGYRAW,1.662208e+00,397.5,128.7,1040
PREPCSV,/mnt/beegfs/ysu34/hamlib/dia_e2e/bhD1_18_7.txt,262144,97,spmspm,ours_flat,5.953,0.412,5.767971,1
PREPCSV,/mnt/beegfs/ysu34/hamlib/dia_e2e/bhD1_18_7.txt,262144,97,spmspm,ours_sym,1.693,2.386,-1.000000,-1
ENERGYRAW,8.037953e-01,399.1,128.7,2158
PREPCSV,/mnt/beegfs/ysu34/hamlib/dia_e2e/bhD1_18_7.txt,262144,97,spmspm,ours_sym,1.693,2.386,2.779242,1
# DIA_TRIM 1e-08: D 112 -> 97
ENERGYRAW,1.383239e+00,380.4,155.2,1043
SPMSPMCSV,/mnt/beegfs/ysu34/hamlib/dia_e2e/bhD1_18_7.txt,262144,97,3179,714866660,ours_flat,5.751125,0.000e+00
ENERGYRAW,6.752530e-01,384.5,155.2,2244
SPMSPMCSV,/mnt/beegfs/ysu34/hamlib/dia_e2e/bhD1_18_7.txt,262144,97,3179,714866660,ours_sym,2.672704,7.629e-06
== energy C2c_18_4 ==
# DIA_TRIM 1e-08: D 9971 -> 7407
ENERGYRAW,1.087003e-01,273.1,118.4,8564
PREPCSV,/mnt/beegfs/ysu34/hamlib/dia_e2e/C2c_18_4.txt,262144,7407,spmv,didx,1188.780,4.479,0.700526,1703
# didx_sym skipped: non-symmetric or Dup>128
ENERGYRAW,1.831115e-01,284.6,118.4,5442
PREPCSV,/mnt/beegfs/ysu34/hamlib/dia_e2e/C2c_18_4.txt,262144,7407,spmv,gopt,1301.851,38.641,1.102360,1216
CUDA prep_driver.cu:324 out of memory
# DIA_TRIM 1e-08: D 9971 -> 7407
CUDA spmspm_driver.cu:94 out of memory
== energy fermi_16_5 ==
ENERGYRAW,2.692816e-04,168.0,110.8,1234364
PREPCSV,/mnt/beegfs/ysu34/hamlib/dia_e2e/fermi_16_5.txt,65536,29,spmv,didx,2.360,0.175,0.004861,521
ENERGYRAW,3.531399e-04,185.2,110.8,1236399
PREPCSV,/mnt/beegfs/ysu34/hamlib/dia_e2e/fermi_16_5.txt,65536,29,spmv,didx_sym,0.999,0.337,0.004853,275
ENERGYRAW,3.537729e-04,143.9,110.8,549853
PREPCSV,/mnt/beegfs/ysu34/hamlib/dia_e2e/fermi_16_5.txt,65536,29,spmv,gopt,3.090,0.233,0.010912,305
ENERGYRAW,3.569008e-02,378.9,110.8,46162
PREPCSV,/mnt/beegfs/ysu34/hamlib/dia_e2e/fermi_16_5.txt,65536,29,spmspm,ours_flat,0.271,0.136,0.129974,3
PREPCSV,/mnt/beegfs/ysu34/hamlib/dia_e2e/fermi_16_5.txt,65536,29,spmspm,ours_sym,0.082,0.125,-1.000000,-1
ENERGYRAW,2.016424e-02,398.7,110.8,85528
PREPCSV,/mnt/beegfs/ysu34/hamlib/dia_e2e/fermi_16_5.txt,65536,29,spmspm,ours_sym,0.082,0.125,0.070152,3
ENERGYRAW,3.125241e-02,379.0,147.6,46252
SPMSPMCSV,/mnt/beegfs/ysu34/hamlib/dia_e2e/fermi_16_5.txt,65536,29,353,21513010,ours_flat,0.129723,0.000e+00
ENERGYRAW,1.783354e-02,399.0,147.6,86759
SPMSPMCSV,/mnt/beegfs/ysu34/hamlib/dia_e2e/fermi_16_5.txt,65536,29,353,21513010,ours_sym,0.069157,0.000e+00
== energy fermi_18_5 ==
ENERGYRAW,1.097172e-03,277.8,142.3,728014
PREPCSV,/mnt/beegfs/ysu34/hamlib/dia_e2e/fermi_18_5.txt,262144,33,spmv,didx,8.663,0.582,0.008242,1122
ENERGYRAW,1.451109e-03,325.6,142.3,737318
PREPCSV,/mnt/beegfs/ysu34/hamlib/dia_e2e/fermi_18_5.txt,262144,33,spmv,didx_sym,4.378,1.332,0.008138,702
ENERGYRAW,1.060028e-03,233.8,142.3,509095
PREPCSV,/mnt/beegfs/ysu34/hamlib/dia_e2e/fermi_18_5.txt,262144,33,spmv,gopt,11.111,0.861,0.011786,1016
ENERGYRAW,1.961075e-01,388.9,142.3,8181
PREPCSV,/mnt/beegfs/ysu34/hamlib/dia_e2e/fermi_18_5.txt,262144,33,spmspm,ours_flat,0.823,0.219,0.733362,1
PREPCSV,/mnt/beegfs/ysu34/hamlib/dia_e2e/fermi_18_5.txt,262144,33,spmspm,ours_sym,0.328,0.474,-1.000000,-1
ENERGYRAW,9.634218e-02,399.2,142.3,16701
PREPCSV,/mnt/beegfs/ysu34/hamlib/dia_e2e/fermi_18_5.txt,262144,33,spmspm,ours_sym,0.328,0.474,0.359245,2
ENERGYRAW,1.865507e-01,381.2,147.1,8186
SPMSPMCSV,/mnt/beegfs/ysu34/hamlib/dia_e2e/fermi_18_5.txt,262144,33,465,114362994,ours_flat,0.732917,0.000e+00
ENERGYRAW,9.305826e-02,395.6,147.1,17331
SPMSPMCSV,/mnt/beegfs/ysu34/hamlib/dia_e2e/fermi_18_5.txt,262144,33,465,114362994,ours_sym,0.346182,0.000e+00
== energy fermi_20_5 ==
ENERGYRAW,8.673569e-03,381.0,127.0,194270
PREPCSV,/mnt/beegfs/ysu34/hamlib/dia_e2e/fermi_20_5.txt,1048576,37,spmv,didx,55.542,2.016,0.030885,1864
ENERGYRAW,9.712969e-03,399.2,127.0,191355
PREPCSV,/mnt/beegfs/ysu34/hamlib/dia_e2e/fermi_20_5.txt,1048576,37,spmv,didx_sym,19.794,4.958,0.031355,789
ENERGYRAW,1.186022e-02,399.8,127.0,138519
PREPCSV,/mnt/beegfs/ysu34/hamlib/dia_e2e/fermi_20_5.txt,1048576,37,spmv,gopt,49.021,3.246,0.043315,1207
ENERGYRAW,1.188648e+00,399.9,127.0,1448
PREPCSV,/mnt/beegfs/ysu34/hamlib/dia_e2e/fermi_20_5.txt,1048576,37,spmspm,ours_flat,3.466,0.434,4.143476,1
PREPCSV,/mnt/beegfs/ysu34/hamlib/dia_e2e/fermi_20_5.txt,1048576,37,spmspm,ours_sym,1.569,0.730,-1.000000,-1
ENERGYRAW,5.873586e-01,399.7,127.0,3009
PREPCSV,/mnt/beegfs/ysu34/hamlib/dia_e2e/fermi_20_5.txt,1048576,37,spmspm,ours_sym,1.569,0.730,1.993376,1
ENERGYRAW,1.009109e+00,382.0,147.6,1510
SPMSPMCSV,/mnt/beegfs/ysu34/hamlib/dia_e2e/fermi_20_5.txt,1048576,37,593,587472114,ours_flat,3.972390,0.000e+00
ENERGYRAW,5.069494e-01,384.7,147.6,3109
SPMSPMCSV,/mnt/beegfs/ysu34/hamlib/dia_e2e/fermi_20_5.txt,1048576,37,593,587472114,ours_sym,1.929470,0.000e+00
== energy fermiFH_18_4 ==
ENERGYRAW,1.073750e-03,270.3,138.8,718115
PREPCSV,/mnt/beegfs/ysu34/hamlib/dia_e2e/fermiFH_18_4.txt,262144,64,spmv,didx,15.919,0.577,0.008355,1974
ENERGYRAW,1.488109e-03,320.5,138.8,715103
PREPCSV,/mnt/beegfs/ysu34/hamlib/dia_e2e/fermiFH_18_4.txt,262144,64,spmv,didx_sym,7.448,2.310,0.008390,1163
ENERGYRAW,1.667766e-03,241.3,138.8,361306
PREPCSV,/mnt/beegfs/ysu34/hamlib/dia_e2e/fermiFH_18_4.txt,262144,64,spmv,gopt,20.394,1.321,0.016606,1308
ENERGYRAW,7.261184e-01,391.4,138.8,2263
PREPCSV,/mnt/beegfs/ysu34/hamlib/dia_e2e/fermiFH_18_4.txt,262144,64,spmspm,ours_flat,2.552,0.270,2.651301,1
PREPCSV,/mnt/beegfs/ysu34/hamlib/dia_e2e/fermiFH_18_4.txt,262144,64,spmspm,ours_sym,0.890,2.093,-1.000000,-1
ENERGYRAW,3.554578e-01,399.0,138.8,4662
PREPCSV,/mnt/beegfs/ysu34/hamlib/dia_e2e/fermiFH_18_4.txt,262144,64,spmspm,ours_sym,0.890,2.093,1.286915,2
ENERGYRAW,6.801685e-01,381.3,145.2,2267
SPMSPMCSV,/mnt/beegfs/ysu34/hamlib/dia_e2e/fermiFH_18_4.txt,262144,64,1549,366904380,ours_flat,2.645906,0.000e+00
ENERGYRAW,3.291769e-01,386.9,145.2,4868
SPMSPMCSV,/mnt/beegfs/ysu34/hamlib/dia_e2e/fermiFH_18_4.txt,262144,64,1549,366904380,ours_sym,1.232357,0.000e+00
== energy H8c_16_4 ==
# DIA_TRIM 1e-08: D 8887 -> 6921
ENERGYRAW,2.643481e-02,243.3,117.3,28062
PREPCSV,/mnt/beegfs/ysu34/hamlib/dia_e2e/H8c_16_4.txt,65536,6921,spmv,didx,263.762,1.917,0.213811,1243
# didx_sym skipped: non-symmetric or Dup>128
ENERGYRAW,7.969426e-02,180.0,117.3,4722
PREPCSV,/mnt/beegfs/ysu34/hamlib/dia_e2e/H8c_16_4.txt,65536,6921,spmv,gopt,307.015,14.143,1.270603,253
ENERGYRAW,1.262321e+03,399.1,117.3,32
PREPCSV,/mnt/beegfs/ysu34/hamlib/dia_e2e/H8c_16_4.txt,65536,6921,spmspm,ours_flat,4433.245,41.217,4479.264160,1
PREPCSV,/mnt/beegfs/ysu34/hamlib/dia_e2e/H8c_16_4.txt,65536,6921,spmspm,ours_sym,454.727,22.933,-1.000000,-1
ENERGYRAW,6.248998e+02,399.0,117.3,32
PREPCSV,/mnt/beegfs/ysu34/hamlib/dia_e2e/H8c_16_4.txt,65536,6921,spmspm,ours_sym,454.727,22.933,2218.428711,0
# DIA_TRIM 1e-08: D 8887 -> 6921
ENERGYRAW,8.885508e+02,398.3,200.0,32
SPMSPMCSV,/mnt/beegfs/ysu34/hamlib/dia_e2e/H8c_16_4.txt,65536,6921,65535,2147483648,ours_flat,4480.420898,0.000e+00
ENERGYRAW,4.424595e+02,399.2,200.0,32
SPMSPMCSV,/mnt/beegfs/ysu34/hamlib/dia_e2e/H8c_16_4.txt,65536,6921,65535,2147483648,ours_sym,2219.882080,6.104e-05
== energy heis_16_5 ==
ENERGYRAW,1.842556e-04,191.8,151.6,1259657
PREPCSV,/mnt/beegfs/ysu34/hamlib/dia_e2e/heis_16_5.txt,65536,31,spmv,didx,2.487,0.185,0.004763,561
ENERGYRAW,2.614126e-04,205.5,151.6,1204238
PREPCSV,/mnt/beegfs/ysu34/hamlib/dia_e2e/heis_16_5.txt,65536,31,spmv,didx_sym,1.059,0.356,0.004982,284
ENERGYRAW,2.804343e-05,154.1,151.6,517384
PREPCSV,/mnt/beegfs/ysu34/hamlib/dia_e2e/heis_16_5.txt,65536,31,spmv,gopt,3.261,0.246,0.011597,302
ENERGYRAW,3.503493e-02,379.6,151.6,40783
PREPCSV,/mnt/beegfs/ysu34/hamlib/dia_e2e/heis_16_5.txt,65536,31,spmspm,ours_flat,0.504,0.141,0.147118,4
PREPCSV,/mnt/beegfs/ysu34/hamlib/dia_e2e/heis_16_5.txt,65536,31,spmspm,ours_sym,0.086,0.139,-1.000000,-1
ENERGYRAW,1.993589e-02,399.6,151.6,73824
PREPCSV,/mnt/beegfs/ysu34/hamlib/dia_e2e/heis_16_5.txt,65536,31,spmspm,ours_sym,0.086,0.139,0.081274,3
ENERGYRAW,3.459816e-02,379.5,155.3,40572
SPMSPMCSV,/mnt/beegfs/ysu34/hamlib/dia_e2e/heis_16_5.txt,65536,31,399,24395762,ours_flat,0.147882,0.000e+00
ENERGYRAW,1.968437e-02,399.9,155.3,76622
SPMSPMCSV,/mnt/beegfs/ysu34/hamlib/dia_e2e/heis_16_5.txt,65536,31,399,24395762,ours_sym,0.078306,0.000e+00
== energy heis_18_5 ==
ENERGYRAW,1.165304e-03,279.2,147.1,668806
PREPCSV,/mnt/beegfs/ysu34/hamlib/dia_e2e/heis_18_5.txt,262144,35,spmv,didx,10.633,0.606,0.008971,1253
ENERGYRAW,1.537214e-03,330.1,147.1,695474
PREPCSV,/mnt/beegfs/ysu34/hamlib/dia_e2e/heis_18_5.txt,262144,35,spmv,didx_sym,4.649,1.424,0.008627,704
ENERGYRAW,1.112934e-03,240.6,147.1,495507
PREPCSV,/mnt/beegfs/ysu34/hamlib/dia_e2e/heis_18_5.txt,262144,35,spmv,gopt,11.552,0.969,0.012109,1034
ENERGYRAW,2.149625e-01,389.0,147.1,7269
PREPCSV,/mnt/beegfs/ysu34/hamlib/dia_e2e/heis_18_5.txt,262144,35,spmspm,ours_flat,0.917,0.229,0.825325,1
PREPCSV,/mnt/beegfs/ysu34/hamlib/dia_e2e/heis_18_5.txt,262144,35,spmspm,ours_sym,0.361,0.522,-1.000000,-1
ENERGYRAW,1.059295e-01,399.5,147.1,14256
PREPCSV,/mnt/beegfs/ysu34/hamlib/dia_e2e/heis_18_5.txt,262144,35,spmspm,ours_sym,0.361,0.522,0.420862,2
ENERGYRAW,2.131804e-01,381.1,141.7,7273
SPMSPMCSV,/mnt/beegfs/ysu34/hamlib/dia_e2e/heis_18_5.txt,262144,35,519,127991794,ours_flat,0.824882,0.000e+00
ENERGYRAW,1.063121e-01,395.1,141.7,15377
SPMSPMCSV,/mnt/beegfs/ysu34/hamlib/dia_e2e/heis_18_5.txt,262144,35,519,127991794,ours_sym,0.390179,0.000e+00
== energy heis_20_5 ==
ENERGYRAW,8.966614e-03,380.4,129.5,186557
PREPCSV,/mnt/beegfs/ysu34/hamlib/dia_e2e/heis_20_5.txt,1048576,39,spmv,didx,56.785,2.061,0.032162,1830
ENERGYRAW,9.938494e-03,399.8,129.5,183535
PREPCSV,/mnt/beegfs/ysu34/hamlib/dia_e2e/heis_20_5.txt,1048576,39,spmv,didx_sym,20.792,5.252,0.032691,797
ENERGYRAW,1.211915e-02,398.1,129.5,133599
PREPCSV,/mnt/beegfs/ysu34/hamlib/dia_e2e/heis_20_5.txt,1048576,39,spmv,gopt,51.262,3.332,0.044910,1216
ENERGYRAW,1.295035e+00,399.3,129.5,1295
PREPCSV,/mnt/beegfs/ysu34/hamlib/dia_e2e/heis_20_5.txt,1048576,39,spmspm,ours_flat,3.741,0.411,4.631749,1
PREPCSV,/mnt/beegfs/ysu34/hamlib/dia_e2e/heis_20_5.txt,1048576,39,spmspm,ours_sym,1.704,0.567,-1.000000,-1
ENERGYRAW,6.453142e-01,400.5,129.5,2601
PREPCSV,/mnt/beegfs/ysu34/hamlib/dia_e2e/heis_20_5.txt,1048576,39,spmspm,ours_sym,1.704,0.567,2.306666,1
ENERGYRAW,1.094936e+00,380.6,150.0,1357
SPMSPMCSV,/mnt/beegfs/ysu34/hamlib/dia_e2e/heis_20_5.txt,1048576,39,655,650379250,ours_flat,4.420643,0.000e+00
ENERGYRAW,5.516459e-01,384.0,150.0,2801
SPMSPMCSV,/mnt/beegfs/ysu34/hamlib/dia_e2e/heis_20_5.txt,1048576,39,655,650379250,ours_sym,2.141878,0.000e+00
== energy heis_20_6 ==
ENERGYRAW,9.010785e-03,381.1,129.0,187247
PREPCSV,/mnt/beegfs/ysu34/hamlib/dia_e2e/heis_20_6.txt,1048576,39,spmv,didx,58.093,2.077,0.032043,1878
ENERGYRAW,9.922100e-03,399.1,129.0,187350
PREPCSV,/mnt/beegfs/ysu34/hamlib/dia_e2e/heis_20_6.txt,1048576,39,spmv,didx_sym,20.985,5.248,0.032026,819
ENERGYRAW,1.208031e-02,397.6,129.0,133708
PREPCSV,/mnt/beegfs/ysu34/hamlib/dia_e2e/heis_20_6.txt,1048576,39,spmv,gopt,51.529,3.322,0.044874,1222
ENERGYRAW,1.298903e+00,399.6,129.0,1251
PREPCSV,/mnt/beegfs/ysu34/hamlib/dia_e2e/heis_20_6.txt,1048576,39,spmspm,ours_flat,3.767,0.445,4.793064,1
PREPCSV,/mnt/beegfs/ysu34/hamlib/dia_e2e/heis_20_6.txt,1048576,39,spmspm,ours_sym,1.718,1.967,-1.000000,-1
ENERGYRAW,6.458385e-01,400.2,129.0,2729
PREPCSV,/mnt/beegfs/ysu34/hamlib/dia_e2e/heis_20_6.txt,1048576,39,spmspm,ours_sym,1.718,1.967,2.198563,2
ENERGYRAW,1.099186e+00,380.8,149.5,1355
SPMSPMCSV,/mnt/beegfs/ysu34/hamlib/dia_e2e/heis_20_6.txt,1048576,39,655,650379250,ours_flat,4.427619,0.000e+00
ENERGYRAW,5.535157e-01,383.9,149.5,2800
SPMSPMCSV,/mnt/beegfs/ysu34/hamlib/dia_e2e/heis_20_6.txt,1048576,39,655,650379250,ours_sym,2.142176,0.000e+00
== energy maxcut_16_5 ==
ENERGYRAW,-2.116391e-05,144.7,151.9,1902587
PREPCSV,/mnt/beegfs/ysu34/hamlib/dia_e2e/maxcut_16_5.txt,65536,1,spmv,didx,0.221,0.052,0.003154,87
ENERGYRAW,-2.775117e-05,142.5,151.9,1826595
PREPCSV,/mnt/beegfs/ysu34/hamlib/dia_e2e/maxcut_16_5.txt,65536,1,spmv,didx_sym,0.265,0.107,0.003285,113
ENERGYRAW,-5.684957e-05,132.5,151.9,1926040
PREPCSV,/mnt/beegfs/ysu34/hamlib/dia_e2e/maxcut_16_5.txt,65536,1,spmv,gopt,0.095,0.045,0.003115,45
ENERGYRAW,-9.147699e-05,131.0,151.9,1323685
PREPCSV,/mnt/beegfs/ysu34/hamlib/dia_e2e/maxcut_16_5.txt,65536,1,spmspm,ours_flat,0.042,0.028,0.004533,16
PREPCSV,/mnt/beegfs/ysu34/hamlib/dia_e2e/maxcut_16_5.txt,65536,1,spmspm,ours_sym,0.058,0.054,-1.000000,-1
ENERGYRAW,-9.615803e-05,129.9,151.9,1310730
PREPCSV,/mnt/beegfs/ysu34/hamlib/dia_e2e/maxcut_16_5.txt,65536,1,spmspm,ours_sym,0.058,0.054,0.004578,24
ENERGYRAW,4.541715e-05,129.3,118.8,1343604
SPMSPMCSV,/mnt/beegfs/ysu34/hamlib/dia_e2e/maxcut_16_5.txt,65536,1,1,65536,ours_flat,0.004466,0.000e+00
ENERGYRAW,4.753107e-05,129.9,118.8,1354768
SPMSPMCSV,/mnt/beegfs/ysu34/hamlib/dia_e2e/maxcut_16_5.txt,65536,1,1,65536,ours_sym,0.004429,0.000e+00
== energy maxcut_18_5 ==
ENERGYRAW,2.459663e-04,185.4,118.0,1588983
PREPCSV,/mnt/beegfs/ysu34/hamlib/dia_e2e/maxcut_18_5.txt,262144,1,spmv,didx,1.075,0.211,0.003776,340
ENERGYRAW,2.729407e-04,192.9,118.0,1572986
PREPCSV,/mnt/beegfs/ysu34/hamlib/dia_e2e/maxcut_18_5.txt,262144,1,spmv,didx_sym,0.338,0.287,0.003814,164
ENERGYRAW,1.498399e-04,163.9,118.0,1766368
PREPCSV,/mnt/beegfs/ysu34/hamlib/dia_e2e/maxcut_18_5.txt,262144,1,spmv,gopt,0.475,0.140,0.003397,181
ENERGYRAW,2.102249e-04,162.5,118.0,1235177
PREPCSV,/mnt/beegfs/ysu34/hamlib/dia_e2e/maxcut_18_5.txt,262144,1,spmspm,ours_flat,0.163,0.061,0.004858,46
PREPCSV,/mnt/beegfs/ysu34/hamlib/dia_e2e/maxcut_18_5.txt,262144,1,spmspm,ours_sym,0.233,0.108,-1.000000,-1
ENERGYRAW,2.097674e-04,162.4,118.0,1244606
PREPCSV,/mnt/beegfs/ysu34/hamlib/dia_e2e/maxcut_18_5.txt,262144,1,spmspm,ours_sym,0.233,0.108,0.004821,71
ENERGYRAW,1.706786e-04,158.9,121.4,1270325
SPMSPMCSV,/mnt/beegfs/ysu34/hamlib/dia_e2e/maxcut_18_5.txt,262144,1,1,262144,ours_flat,0.004723,0.000e+00
ENERGYRAW,1.927354e-04,163.7,121.4,1269035
SPMSPMCSV,/mnt/beegfs/ysu34/hamlib/dia_e2e/maxcut_18_5.txt,262144,1,1,262144,ours_sym,0.004728,0.000e+00
== energy maxcut_20_5 ==
ENERGYRAW,8.515796e-04,252.2,121.0,906453
PREPCSV,/mnt/beegfs/ysu34/hamlib/dia_e2e/maxcut_20_5.txt,1048576,1,spmv,didx,2.998,0.365,0.006619,508
ENERGYRAW,9.772919e-04,269.8,121.0,886734
PREPCSV,/mnt/beegfs/ysu34/hamlib/dia_e2e/maxcut_20_5.txt,1048576,1,spmv,didx_sym,1.569,0.417,0.006766,294
ENERGYRAW,4.850990e-04,219.6,121.0,1194647
PREPCSV,/mnt/beegfs/ysu34/hamlib/dia_e2e/maxcut_20_5.txt,1048576,1,spmv,gopt,1.744,0.193,0.005022,386
ENERGYRAW,8.299016e-04,235.5,121.0,811161
PREPCSV,/mnt/beegfs/ysu34/hamlib/dia_e2e/maxcut_20_5.txt,1048576,1,spmspm,ours_flat,0.790,0.091,0.007397,119
PREPCSV,/mnt/beegfs/ysu34/hamlib/dia_e2e/maxcut_20_5.txt,1048576,1,spmspm,ours_sym,0.442,0.101,-1.000000,-1
ENERGYRAW,8.556935e-04,239.2,121.0,812391
PREPCSV,/mnt/beegfs/ysu34/hamlib/dia_e2e/maxcut_20_5.txt,1048576,1,spmspm,ours_sym,0.442,0.101,0.007386,73
ENERGYRAW,6.806542e-04,226.9,132.0,816993
SPMSPMCSV,/mnt/beegfs/ysu34/hamlib/dia_e2e/maxcut_20_5.txt,1048576,1,1,1048576,ours_flat,0.007344,0.000e+00
ENERGYRAW,7.671852e-04,239.0,132.0,817527
SPMSPMCSV,/mnt/beegfs/ysu34/hamlib/dia_e2e/maxcut_20_5.txt,1048576,1,1,1048576,ours_sym,0.007339,0.000e+00
== energy O2c_16_5 ==
# DIA_TRIM 1e-08: D 1243 -> 867
ENERGYRAW,3.850745e-03,243.0,119.3,192426
PREPCSV,/mnt/beegfs/ysu34/hamlib/dia_e2e/O2c_16_5.txt,65536,867,spmv,didx,43.780,0.910,0.031181,1433
# didx_sym skipped: non-symmetric or Dup>128
ENERGYRAW,1.533889e-02,186.3,119.3,26165
PREPCSV,/mnt/beegfs/ysu34/hamlib/dia_e2e/O2c_16_5.txt,65536,867,spmv,gopt,52.137,2.811,0.229310,240
ENERGYRAW,2.010494e+01,399.6,119.3,83
PREPCSV,/mnt/beegfs/ysu34/hamlib/dia_e2e/O2c_16_5.txt,65536,867,spmspm,ours_flat,347.240,1.542,71.892006,5
PREPCSV,/mnt/beegfs/ysu34/hamlib/dia_e2e/O2c_16_5.txt,65536,867,spmspm,ours_sym,15.833,1.932,-1.000000,-1
ENERGYRAW,9.379581e+00,399.6,119.3,178
PREPCSV,/mnt/beegfs/ysu34/hamlib/dia_e2e/O2c_16_5.txt,65536,867,spmspm,ours_sym,15.833,1.932,33.663620,1
# DIA_TRIM 1e-08: D 1243 -> 867
ENERGYRAW,1.291514e+01,378.1,198.0,82
SPMSPMCSV,/mnt/beegfs/ysu34/hamlib/dia_e2e/O2c_16_5.txt,65536,867,35219,1308482828,ours_flat,72.444962,0.000e+00
ENERGYRAW,6.801702e+00,400.4,198.0,185
SPMSPMCSV,/mnt/beegfs/ysu34/hamlib/dia_e2e/O2c_16_5.txt,65536,867,35219,1308482828,ours_sym,32.330734,1.221e-04
== energy O2c_20_5 ==
# DIA_TRIM 1e-08: D 3359 -> 2367
ENERGYRAW,4.549596e-01,374.0,122.4,3523
PREPCSV,/mnt/beegfs/ysu34/hamlib/dia_e2e/O2c_20_5.txt,1048576,2367,spmv,didx,2296.337,28.440,1.702997,1365
# didx_sym skipped: non-symmetric or Dup>128
ENERGYRAW,3.344397e-01,380.2,122.4,4821
PREPCSV,/mnt/beegfs/ysu34/hamlib/dia_e2e/O2c_20_5.txt,1048576,2367,spmv,gopt,2168.750,79.349,1.244371,1807
CUDA prep_driver.cu:324 out of memory
# DIA_TRIM 1e-08: D 3359 -> 2367
CUDA spmspm_driver.cu:94 out of memory
== energy qmaxcut_16_4 ==
ENERGYRAW,2.840139e-04,175.4,112.5,1287774
PREPCSV,/mnt/beegfs/ysu34/hamlib/dia_e2e/qmaxcut_16_4.txt,65536,31,spmv,didx,1.852,0.184,0.004659,437
ENERGYRAW,3.906565e-04,192.4,112.5,1195409
PREPCSV,/mnt/beegfs/ysu34/hamlib/dia_e2e/qmaxcut_16_4.txt,65536,31,spmv,didx_sym,0.725,0.297,0.005019,204
ENERGYRAW,2.566616e-04,144.6,112.5,741106
PREPCSV,/mnt/beegfs/ysu34/hamlib/dia_e2e/qmaxcut_16_4.txt,65536,31,spmv,gopt,1.857,0.196,0.008096,254
ENERGYRAW,2.019558e-02,377.1,112.5,80728
PREPCSV,/mnt/beegfs/ysu34/hamlib/dia_e2e/qmaxcut_16_4.txt,65536,31,spmspm,ours_flat,0.244,0.121,0.074323,5
PREPCSV,/mnt/beegfs/ysu34/hamlib/dia_e2e/qmaxcut_16_4.txt,65536,31,spmspm,ours_sym,0.070,0.130,-1.000000,-1
ENERGYRAW,1.132858e-02,398.7,112.5,146062
PREPCSV,/mnt/beegfs/ysu34/hamlib/dia_e2e/qmaxcut_16_4.txt,65536,31,spmspm,ours_sym,0.070,0.130,0.041078,5
ENERGYRAW,1.787301e-02,378.5,147.4,80972
SPMSPMCSV,/mnt/beegfs/ysu34/hamlib/dia_e2e/qmaxcut_16_4.txt,65536,31,481,15138746,ours_flat,0.074099,0.000e+00
ENERGYRAW,1.005386e-02,398.3,147.4,147417
SPMSPMCSV,/mnt/beegfs/ysu34/hamlib/dia_e2e/qmaxcut_16_4.txt,65536,31,481,15138746,ours_sym,0.040701,0.000e+00
== energy qmaxcut_18_4 ==
ENERGYRAW,1.134482e-03,277.1,145.9,683682
PREPCSV,/mnt/beegfs/ysu34/hamlib/dia_e2e/qmaxcut_18_4.txt,262144,35,spmv,didx,6.877,0.557,0.008776,847
ENERGYRAW,1.642423e-03,335.5,145.9,675919
PREPCSV,/mnt/beegfs/ysu34/hamlib/dia_e2e/qmaxcut_18_4.txt,262144,35,spmv,didx_sym,3.002,0.807,0.008877,429
ENERGYRAW,7.861806e-04,234.9,145.9,667141
PREPCSV,/mnt/beegfs/ysu34/hamlib/dia_e2e/qmaxcut_18_4.txt,262144,35,spmv,gopt,6.038,0.580,0.008994,736
ENERGYRAW,9.455954e-02,388.2,145.9,16765
PREPCSV,/mnt/beegfs/ysu34/hamlib/dia_e2e/qmaxcut_18_4.txt,262144,35,spmspm,ours_flat,0.806,0.186,0.357886,3
PREPCSV,/mnt/beegfs/ysu34/hamlib/dia_e2e/qmaxcut_18_4.txt,262144,35,spmspm,ours_sym,0.270,0.362,-1.000000,-1
ENERGYRAW,5.040062e-02,400.0,145.9,30622
PREPCSV,/mnt/beegfs/ysu34/hamlib/dia_e2e/qmaxcut_18_4.txt,262144,35,spmspm,ours_sym,0.270,0.362,0.195931,3
ENERGYRAW,9.035513e-02,380.9,149.8,16758
SPMSPMCSV,/mnt/beegfs/ysu34/hamlib/dia_e2e/qmaxcut_18_4.txt,262144,35,613,77332402,ours_flat,0.358035,0.000e+00
ENERGYRAW,4.919004e-02,397.4,149.8,32553
SPMSPMCSV,/mnt/beegfs/ysu34/hamlib/dia_e2e/qmaxcut_18_4.txt,262144,35,613,77332402,ours_sym,0.184314,0.000e+00
== energy qmaxcut_20_4 ==
ENERGYRAW,9.023091e-03,381.2,129.8,184738
PREPCSV,/mnt/beegfs/ysu34/hamlib/dia_e2e/qmaxcut_20_4.txt,1048576,39,spmv,didx,32.459,2.101,0.032478,1064
ENERGYRAW,9.794396e-03,398.8,129.8,191884
PREPCSV,/mnt/beegfs/ysu34/hamlib/dia_e2e/qmaxcut_20_4.txt,1048576,39,spmv,didx_sym,13.548,3.326,0.031269,540
ENERGYRAW,8.341293e-03,399.9,129.8,190966
PREPCSV,/mnt/beegfs/ysu34/hamlib/dia_e2e/qmaxcut_20_4.txt,1048576,39,spmv,gopt,28.608,2.229,0.031419,981
ENERGYRAW,5.713075e-01,400.3,129.8,3125
PREPCSV,/mnt/beegfs/ysu34/hamlib/dia_e2e/qmaxcut_20_4.txt,1048576,39,spmspm,ours_flat,2.595,0.281,1.919917,1
PREPCSV,/mnt/beegfs/ysu34/hamlib/dia_e2e/qmaxcut_20_4.txt,1048576,39,spmspm,ours_sym,1.147,0.338,-1.000000,-1
ENERGYRAW,2.894378e-01,400.4,129.8,6048
PREPCSV,/mnt/beegfs/ysu34/hamlib/dia_e2e/qmaxcut_20_4.txt,1048576,39,spmspm,ours_sym,1.147,0.338,0.991910,1
ENERGYRAW,5.046827e-01,380.8,140.0,3204
SPMSPMCSV,/mnt/beegfs/ysu34/hamlib/dia_e2e/qmaxcut_20_4.txt,1048576,39,761,384827306,ours_flat,1.872158,0.000e+00
ENERGYRAW,2.619058e-01,386.1,140.0,6308
SPMSPMCSV,/mnt/beegfs/ysu34/hamlib/dia_e2e/qmaxcut_20_4.txt,1048576,39,761,384827306,ours_sym,0.951078,0.000e+00
== energy qmaxcutC_18_4 ==
ENERGYRAW,2.717589e-03,305.1,135.6,370699
PREPCSV,/mnt/beegfs/ysu34/hamlib/dia_e2e/qmaxcutC_18_4.txt,262144,73,spmv,didx,19.921,0.888,0.016186,1286
ENERGYRAW,3.550170e-03,373.4,135.6,395277
PREPCSV,/mnt/beegfs/ysu34/hamlib/dia_e2e/qmaxcutC_18_4.txt,262144,73,spmv,didx_sym,9.298,2.543,0.015179,780
ENERGYRAW,5.554248e-03,318.0,135.6,190162
PREPCSV,/mnt/beegfs/ysu34/hamlib/dia_e2e/qmaxcutC_18_4.txt,262144,73,spmv,gopt,21.576,1.717,0.031552,738
ENERGYRAW,9.454851e-01,397.0,135.6,1798
PREPCSV,/mnt/beegfs/ysu34/hamlib/dia_e2e/qmaxcutC_18_4.txt,262144,73,spmspm,ours_flat,3.044,0.291,3.337006,1
PREPCSV,/mnt/beegfs/ysu34/hamlib/dia_e2e/qmaxcutC_18_4.txt,262144,73,spmspm,ours_sym,1.095,1.923,-1.000000,-1
ENERGYRAW,4.516268e-01,399.3,135.6,3818
PREPCSV,/mnt/beegfs/ysu34/hamlib/dia_e2e/qmaxcutC_18_4.txt,262144,73,spmspm,ours_sym,1.095,1.923,1.571299,2
ENERGYRAW,8.416587e-01,381.0,147.0,1808
SPMSPMCSV,/mnt/beegfs/ysu34/hamlib/dia_e2e/qmaxcutC_18_4.txt,262144,73,1995,447316210,ours_flat,3.317331,0.000e+00
ENERGYRAW,4.035179e-01,385.0,147.0,3928
SPMSPMCSV,/mnt/beegfs/ysu34/hamlib/dia_e2e/qmaxcutC_18_4.txt,262144,73,1995,447316210,ours_sym,1.527376,0.000e+00
== energy qmaxcutK_18_4 ==
ENERGYRAW,6.937903e-04,263.8,149.4,963514
PREPCSV,/mnt/beegfs/ysu34/hamlib/dia_e2e/qmaxcutK_18_4.txt,262144,19,spmv,didx,6.415,0.427,0.006227,1099
ENERGYRAW,1.039767e-03,309.0,149.4,889468
PREPCSV,/mnt/beegfs/ysu34/hamlib/dia_e2e/qmaxcutK_18_4.txt,262144,19,spmv,didx_sym,2.558,0.770,0.006746,493
ENERGYRAW,7.519412e-04,234.9,149.4,664775
PREPCSV,/mnt/beegfs/ysu34/hamlib/dia_e2e/qmaxcutK_18_4.txt,262144,19,spmv,gopt,7.813,0.651,0.009026,938
ENERGYRAW,5.926938e-02,388.5,149.4,26274
PREPCSV,/mnt/beegfs/ysu34/hamlib/dia_e2e/qmaxcutK_18_4.txt,262144,19,spmspm,ours_flat,0.380,0.171,0.228355,2
PREPCSV,/mnt/beegfs/ysu34/hamlib/dia_e2e/qmaxcutK_18_4.txt,262144,19,spmspm,ours_sym,0.234,0.181,-1.000000,-1
ENERGYRAW,3.107466e-02,399.2,149.4,48295
PREPCSV,/mnt/beegfs/ysu34/hamlib/dia_e2e/qmaxcutK_18_4.txt,262144,19,spmspm,ours_sym,0.234,0.181,0.124235,3
ENERGYRAW,5.780679e-02,381.1,149.3,26285
SPMSPMCSV,/mnt/beegfs/ysu34/hamlib/dia_e2e/qmaxcutK_18_4.txt,262144,19,147,37034376,ours_flat,0.228259,0.000e+00
ENERGYRAW,3.112890e-02,398.7,149.3,51171
SPMSPMCSV,/mnt/beegfs/ysu34/hamlib/dia_e2e/qmaxcutK_18_4.txt,262144,19,147,37034376,ours_sym,0.117253,0.000e+00
== energy qmaxcutR_18_3 ==
ENERGYRAW,4.377088e-04,244.7,152.0,1230718
PREPCSV,/mnt/beegfs/ysu34/hamlib/dia_e2e/qmaxcutR_18_3.txt,262144,9,spmv,didx,3.218,0.262,0.004875,714
ENERGYRAW,6.418217e-04,271.3,152.0,1078515
PREPCSV,/mnt/beegfs/ysu34/hamlib/dia_e2e/qmaxcutR_18_3.txt,262144,9,spmv,didx_sym,1.310,0.458,0.005563,318
ENERGYRAW,2.770386e-04,204.2,152.0,1097775
PREPCSV,/mnt/beegfs/ysu34/hamlib/dia_e2e/qmaxcutR_18_3.txt,262144,9,spmv,gopt,3.831,0.223,0.005466,742
ENERGYRAW,1.344281e-02,384.9,152.0,108243
PREPCSV,/mnt/beegfs/ysu34/hamlib/dia_e2e/qmaxcutR_18_3.txt,262144,9,spmspm,ours_flat,0.444,0.112,0.055430,10
PREPCSV,/mnt/beegfs/ysu34/hamlib/dia_e2e/qmaxcutR_18_3.txt,262144,9,spmspm,ours_sym,0.171,0.122,-1.000000,-1
ENERGYRAW,7.253529e-03,389.0,152.0,191336
PREPCSV,/mnt/beegfs/ysu34/hamlib/dia_e2e/qmaxcutR_18_3.txt,262144,9,spmspm,ours_sym,0.171,0.122,0.031358,9
ENERGYRAW,1.292948e-02,378.7,154.8,108453
SPMSPMCSV,/mnt/beegfs/ysu34/hamlib/dia_e2e/qmaxcutR_18_3.txt,262144,9,35,9027634,ours_flat,0.055323,0.000e+00
ENERGYRAW,7.356457e-03,396.5,154.8,189806
SPMSPMCSV,/mnt/beegfs/ysu34/hamlib/dia_e2e/qmaxcutR_18_3.txt,262144,9,35,9027634,ours_sym,0.031611,0.000e+00
== energy tfim_16_4 ==
ENERGYRAW,3.038921e-04,215.3,153.4,1179245
PREPCSV,/mnt/beegfs/ysu34/hamlib/dia_e2e/tfim_16_4.txt,65536,33,spmv,didx,3.179,0.276,0.005088,679
ENERGYRAW,3.659666e-04,230.2,153.4,1213199
PREPCSV,/mnt/beegfs/ysu34/hamlib/dia_e2e/tfim_16_4.txt,65536,33,spmv,didx_sym,1.297,0.420,0.004946,347
ENERGYRAW,4.916948e-05,157.2,153.4,463994
PREPCSV,/mnt/beegfs/ysu34/hamlib/dia_e2e/tfim_16_4.txt,65536,33,spmv,gopt,3.827,0.270,0.012931,317
ENERGYRAW,3.785958e-02,381.8,153.4,38097
PREPCSV,/mnt/beegfs/ysu34/hamlib/dia_e2e/tfim_16_4.txt,65536,33,spmspm,ours_flat,0.324,0.140,0.157491,3
PREPCSV,/mnt/beegfs/ysu34/hamlib/dia_e2e/tfim_16_4.txt,65536,33,spmspm,ours_sym,0.092,0.140,-1.000000,-1
ENERGYRAW,2.140401e-02,399.8,153.4,67943
PREPCSV,/mnt/beegfs/ysu34/hamlib/dia_e2e/tfim_16_4.txt,65536,33,spmspm,ours_sym,0.092,0.140,0.088309,3
ENERGYRAW,3.802235e-02,379.2,149.9,37944
SPMSPMCSV,/mnt/beegfs/ysu34/hamlib/dia_e2e/tfim_16_4.txt,65536,33,455,26181618,ours_flat,0.158125,0.000e+00
ENERGYRAW,2.151935e-02,398.7,149.9,71579
SPMSPMCSV,/mnt/beegfs/ysu34/hamlib/dia_e2e/tfim_16_4.txt,65536,33,455,26181618,ours_sym,0.083822,0.000e+00
== energy tfim_16_5 ==
ENERGYRAW,2.980845e-04,216.3,154.9,1194647
PREPCSV,/mnt/beegfs/ysu34/hamlib/dia_e2e/tfim_16_5.txt,65536,33,spmv,didx,3.131,0.267,0.005022,677
ENERGYRAW,3.575517e-04,230.0,154.9,1216347
PREPCSV,/mnt/beegfs/ysu34/hamlib/dia_e2e/tfim_16_5.txt,65536,33,spmv,didx_sym,1.292,0.421,0.004933,347
ENERGYRAW,3.295347e-05,157.5,154.9,463535
PREPCSV,/mnt/beegfs/ysu34/hamlib/dia_e2e/tfim_16_5.txt,65536,33,spmv,gopt,3.556,0.270,0.012944,296
ENERGYRAW,3.765881e-02,382.4,154.9,38051
PREPCSV,/mnt/beegfs/ysu34/hamlib/dia_e2e/tfim_16_5.txt,65536,33,spmspm,ours_flat,0.320,0.139,0.157680,3
PREPCSV,/mnt/beegfs/ysu34/hamlib/dia_e2e/tfim_16_5.txt,65536,33,spmspm,ours_sym,0.203,0.268,-1.000000,-1
ENERGYRAW,2.122400e-02,399.6,154.9,70372
PREPCSV,/mnt/beegfs/ysu34/hamlib/dia_e2e/tfim_16_5.txt,65536,33,spmspm,ours_sym,0.203,0.268,0.085261,6
ENERGYRAW,3.790339e-02,380.2,152.5,38006
SPMSPMCSV,/mnt/beegfs/ysu34/hamlib/dia_e2e/tfim_16_5.txt,65536,33,455,26181618,ours_flat,0.157867,0.000e+00
ENERGYRAW,2.140077e-02,399.3,152.5,72126
SPMSPMCSV,/mnt/beegfs/ysu34/hamlib/dia_e2e/tfim_16_5.txt,65536,33,455,26181618,ours_sym,0.083187,0.000e+00
== energy tfim_18_4 ==
ENERGYRAW,2.262280e-03,333.7,142.9,497941
PREPCSV,/mnt/beegfs/ysu34/hamlib/dia_e2e/tfim_18_4.txt,262144,37,spmv,didx,13.582,0.911,0.012050,1203
ENERGYRAW,2.363984e-03,387.0,142.9,607976
PREPCSV,/mnt/beegfs/ysu34/hamlib/dia_e2e/tfim_18_4.txt,262144,37,spmv,didx_sym,5.911,1.535,0.009869,755
ENERGYRAW,1.596323e-03,265.2,142.9,452297
PREPCSV,/mnt/beegfs/ysu34/hamlib/dia_e2e/tfim_18_4.txt,262144,37,spmv,gopt,12.441,1.193,0.013266,1028
ENERGYRAW,2.399981e-01,390.7,142.9,6778
PREPCSV,/mnt/beegfs/ysu34/hamlib/dia_e2e/tfim_18_4.txt,262144,37,spmspm,ours_flat,1.003,0.200,0.885208,1
PREPCSV,/mnt/beegfs/ysu34/hamlib/dia_e2e/tfim_18_4.txt,262144,37,spmspm,ours_sym,0.391,0.498,-1.000000,-1
ENERGYRAW,1.171848e-01,400.2,142.9,13833
PREPCSV,/mnt/beegfs/ysu34/hamlib/dia_e2e/tfim_18_4.txt,262144,37,spmspm,ours_sym,0.391,0.498,0.433744,2
ENERGYRAW,2.286634e-01,381.2,144.8,6778
SPMSPMCSV,/mnt/beegfs/ysu34/hamlib/dia_e2e/tfim_18_4.txt,262144,37,583,136183794,ours_flat,0.885098,0.000e+00
ENERGYRAW,1.132233e-01,394.9,144.8,14442
SPMSPMCSV,/mnt/beegfs/ysu34/hamlib/dia_e2e/tfim_18_4.txt,262144,37,583,136183794,ours_sym,0.415430,0.000e+00
== energy tfim_18_5 ==
ENERGYRAW,2.259694e-03,332.2,143.2,495834
PREPCSV,/mnt/beegfs/ysu34/hamlib/dia_e2e/tfim_18_5.txt,262144,37,spmv,didx,11.706,0.892,0.012101,1041
ENERGYRAW,2.382012e-03,385.9,143.2,597704
PREPCSV,/mnt/beegfs/ysu34/hamlib/dia_e2e/tfim_18_5.txt,262144,37,spmv,didx_sym,5.664,1.564,0.010038,720
ENERGYRAW,1.571026e-03,262.5,143.2,448242
PREPCSV,/mnt/beegfs/ysu34/hamlib/dia_e2e/tfim_18_5.txt,262144,37,spmv,gopt,13.133,1.212,0.013386,1072
ENERGYRAW,2.396010e-01,390.5,143.2,6776
PREPCSV,/mnt/beegfs/ysu34/hamlib/dia_e2e/tfim_18_5.txt,262144,37,spmspm,ours_flat,1.096,0.195,0.885352,1
PREPCSV,/mnt/beegfs/ysu34/hamlib/dia_e2e/tfim_18_5.txt,262144,37,spmspm,ours_sym,0.393,0.496,-1.000000,-1
ENERGYRAW,1.169523e-01,399.7,143.2,13060
PREPCSV,/mnt/beegfs/ysu34/hamlib/dia_e2e/tfim_18_5.txt,262144,37,spmspm,ours_sym,0.393,0.496,0.459392,2
ENERGYRAW,2.277514e-01,381.2,145.5,6778
SPMSPMCSV,/mnt/beegfs/ysu34/hamlib/dia_e2e/tfim_18_5.txt,262144,37,583,136183794,ours_flat,0.885176,0.000e+00
ENERGYRAW,1.128889e-01,395.2,145.5,14440
SPMSPMCSV,/mnt/beegfs/ysu34/hamlib/dia_e2e/tfim_18_5.txt,262144,37,583,136183794,ours_sym,0.415501,0.000e+00
== energy tfim_20_5 ==
ENERGYRAW,1.662787e-02,380.5,127.5,101755
PREPCSV,/mnt/beegfs/ysu34/hamlib/dia_e2e/tfim_20_5.txt,1048576,41,spmv,didx,105.622,3.631,0.058965,1853
ENERGYRAW,1.338119e-02,399.6,127.5,145597
PREPCSV,/mnt/beegfs/ysu34/hamlib/dia_e2e/tfim_20_5.txt,1048576,41,spmv,didx_sym,27.224,5.825,0.041210,802
ENERGYRAW,1.534555e-02,399.6,127.5,107823
PREPCSV,/mnt/beegfs/ysu34/hamlib/dia_e2e/tfim_20_5.txt,1048576,41,spmv,gopt,57.683,4.259,0.055646,1113
ENERGYRAW,1.412483e+00,400.2,127.5,1222
PREPCSV,/mnt/beegfs/ysu34/hamlib/dia_e2e/tfim_20_5.txt,1048576,41,spmspm,ours_flat,4.376,0.364,4.908170,1
PREPCSV,/mnt/beegfs/ysu34/hamlib/dia_e2e/tfim_20_5.txt,1048576,41,spmspm,ours_sym,1.796,1.615,-1.000000,-1
ENERGYRAW,7.000887e-01,399.6,127.5,2541
PREPCSV,/mnt/beegfs/ysu34/hamlib/dia_e2e/tfim_20_5.txt,1048576,41,spmspm,ours_sym,1.796,1.615,2.361131,1
ENERGYRAW,1.172190e+00,381.1,151.4,1261
SPMSPMCSV,/mnt/beegfs/ysu34/hamlib/dia_e2e/tfim_20_5.txt,1048576,41,727,687341554,ours_flat,4.756160,0.000e+00
ENERGYRAW,5.903413e-01,384.3,151.4,2611
SPMSPMCSV,/mnt/beegfs/ysu34/hamlib/dia_e2e/tfim_20_5.txt,1048576,41,727,687341554,ours_sym,2.297742,0.000e+00
== energy tsp_18_4 ==
ENERGYRAW,1.539617e-04,196.8,153.0,1641137
PREPCSV,/mnt/beegfs/ysu34/hamlib/dia_e2e/tsp_18_4.txt,262144,1,spmv,didx,1.053,0.213,0.003656,346
ENERGYRAW,1.727201e-04,202.1,153.0,1646180
PREPCSV,/mnt/beegfs/ysu34/hamlib/dia_e2e/tsp_18_4.txt,262144,1,spmv,didx_sym,0.332,0.266,0.003645,164
ENERGYRAW,4.766337e-05,168.1,153.0,1832844
PREPCSV,/mnt/beegfs/ysu34/hamlib/dia_e2e/tsp_18_4.txt,262144,1,spmv,gopt,0.552,0.137,0.003274,210
ENERGYRAW,5.886823e-05,165.8,153.0,1268606
PREPCSV,/mnt/beegfs/ysu34/hamlib/dia_e2e/tsp_18_4.txt,262144,1,spmspm,ours_flat,0.174,0.062,0.004730,50
PREPCSV,/mnt/beegfs/ysu34/hamlib/dia_e2e/tsp_18_4.txt,262144,1,spmspm,ours_sym,0.228,0.137,-1.000000,-1
ENERGYRAW,5.816810e-05,165.8,153.0,1270755
PREPCSV,/mnt/beegfs/ysu34/hamlib/dia_e2e/tsp_18_4.txt,262144,1,spmspm,ours_sym,0.228,0.137,0.004722,77
ENERGYRAW,1.689424e-04,159.3,123.0,1240900
SPMSPMCSV,/mnt/beegfs/ysu34/hamlib/dia_e2e/tsp_18_4.txt,262144,1,1,262144,ours_flat,0.004835,0.000e+00
ENERGYRAW,1.888811e-04,163.6,123.0,1249167
SPMSPMCSV,/mnt/beegfs/ysu34/hamlib/dia_e2e/tsp_18_4.txt,262144,1,1,262144,ours_sym,0.004803,0.000e+00
== energy vibbf3_18_3 ==
ENERGYRAW,6.029685e-04,243.7,119.6,1199232
PREPCSV,/mnt/beegfs/ysu34/hamlib/dia_e2e/vibbf3_18_3.txt,262144,12,spmv,didx,3.933,0.301,0.005003,846
ENERGYRAW,8.098229e-04,265.6,119.6,1040799
PREPCSV,/mnt/beegfs/ysu34/hamlib/dia_e2e/vibbf3_18_3.txt,262144,12,spmv,didx_sym,1.659,0.548,0.005765,383
ENERGYRAW,5.474650e-04,214.0,119.6,1004284
PREPCSV,/mnt/beegfs/ysu34/hamlib/dia_e2e/vibbf3_18_3.txt,262144,12,spmv,gopt,4.818,0.317,0.005974,859
ENERGYRAW,2.721682e-02,386.7,119.6,62911
PREPCSV,/mnt/beegfs/ysu34/hamlib/dia_e2e/vibbf3_18_3.txt,262144,12,spmspm,ours_flat,0.344,0.124,0.095373,5
PREPCSV,/mnt/beegfs/ysu34/hamlib/dia_e2e/vibbf3_18_3.txt,262144,12,spmspm,ours_sym,0.136,0.136,-1.000000,-1
ENERGYRAW,1.510987e-02,398.8,119.6,111170
PREPCSV,/mnt/beegfs/ysu34/hamlib/dia_e2e/vibbf3_18_3.txt,262144,12,spmspm,ours_sym,0.136,0.136,0.053971,5
ENERGYRAW,2.407777e-02,380.3,145.5,62692
SPMSPMCSV,/mnt/beegfs/ysu34/hamlib/dia_e2e/vibbf3_18_3.txt,262144,12,65,16457670,ours_flat,0.095706,0.000e+00
ENERGYRAW,1.372768e-02,399.0,145.5,115164
SPMSPMCSV,/mnt/beegfs/ysu34/hamlib/dia_e2e/vibbf3_18_3.txt,262144,12,65,16457670,ours_sym,0.052099,2.384e-07
== energy atmosmodd ==
ENERGYRAW,6.850762e-03,380.3,134.5,230953
PREPCSV,/mnt/beegfs/ysu34/hamlib/dia_suitesparse/atmosmodd.txt,1270432,7,spmv,didx,20.866,1.776,0.025979,872
# didx_sym skipped: non-symmetric or Dup>128
ENERGYRAW,4.221209e-03,398.5,134.5,346324
PREPCSV,/mnt/beegfs/ysu34/hamlib/dia_suitesparse/atmosmodd.txt,1270432,7,spmv,gopt,16.008,1.365,0.017325,1003
ENERGYRAW,5.653336e-02,400.3,134.5,30800
PREPCSV,/mnt/beegfs/ysu34/hamlib/dia_suitesparse/atmosmodd.txt,1270432,7,spmspm,ours_flat,1.419,0.124,0.194802,8
PREPCSV,/mnt/beegfs/ysu34/hamlib/dia_suitesparse/atmosmodd.txt,1270432,7,spmspm,ours_sym,0.562,0.151,-1.000000,-1
ENERGYRAW,2.867866e-02,400.3,134.5,56041
PREPCSV,/mnt/beegfs/ysu34/hamlib/dia_suitesparse/atmosmodd.txt,1270432,7,spmspm,ours_sym,0.562,0.151,0.107064,7
ENERGYRAW,5.050178e-02,381.1,141.3,32017
SPMSPMCSV,/mnt/beegfs/ysu34/hamlib/dia_suitesparse/atmosmodd.txt,1270432,7,25,31452658,ours_flat,0.187400,0.000e+00
ENERGYRAW,2.798134e-02,399.9,141.3,59612
SPMSPMCSV,/mnt/beegfs/ysu34/hamlib/dia_suitesparse/atmosmodd.txt,1270432,7,25,31452658,ours_sym,0.100650,3.760e+06
== energy ecology2 ==
ENERGYRAW,2.563738e-03,374.7,145.5,542142
PREPCSV,/mnt/beegfs/ysu34/hamlib/dia_suitesparse/ecology2.txt,999999,7,spmv,didx,11.234,1.122,0.011067,1116
ENERGYRAW,3.047616e-03,400.0,145.5,488090
PREPCSV,/mnt/beegfs/ysu34/hamlib/dia_suitesparse/ecology2.txt,999999,7,spmv,didx_sym,4.972,1.380,0.012293,517
ENERGYRAW,1.464972e-03,296.1,145.5,600672
PREPCSV,/mnt/beegfs/ysu34/hamlib/dia_suitesparse/ecology2.txt,999999,7,spmv,gopt,9.186,0.763,0.009989,996
ENERGYRAW,3.366113e-02,392.5,145.5,48500
PREPCSV,/mnt/beegfs/ysu34/hamlib/dia_suitesparse/ecology2.txt,999999,7,spmspm,ours_flat,0.775,0.151,0.123710,7
PREPCSV,/mnt/beegfs/ysu34/hamlib/dia_suitesparse/ecology2.txt,999999,7,spmspm,ours_sym,0.431,0.138,-1.000000,-1
ENERGYRAW,1.824427e-02,399.4,145.5,79756
PREPCSV,/mnt/beegfs/ysu34/hamlib/dia_suitesparse/ecology2.txt,999999,7,spmspm,ours_sym,0.431,0.138,0.075229,8
ENERGYRAW,3.194548e-02,380.8,145.4,48626
SPMSPMCSV,/mnt/beegfs/ysu34/hamlib/dia_suitesparse/ecology2.txt,999999,7,19,18979985,ours_flat,0.123389,0.000e+00
ENERGYRAW,1.817114e-02,399.0,145.4,87737
SPMSPMCSV,/mnt/beegfs/ysu34/hamlib/dia_suitesparse/ecology2.txt,999999,7,19,18979985,ours_sym,0.068386,1.526e-05
== energy Lin ==
ENERGYRAW,6.973065e-04,270.5,145.3,1051303
PREPCSV,/mnt/beegfs/ysu34/hamlib/dia_suitesparse/Lin.txt,256000,7,spmv,didx,3.589,0.389,0.005707,697
ENERGYRAW,8.671762e-04,303.2,145.3,1047778
PREPCSV,/mnt/beegfs/ysu34/hamlib/dia_suitesparse/Lin.txt,256000,7,spmv,didx_sym,1.491,0.440,0.005726,337
ENERGYRAW,4.060272e-04,218.7,145.3,1055446
PREPCSV,/mnt/beegfs/ysu34/hamlib/dia_suitesparse/Lin.txt,256000,7,spmv,gopt,2.692,0.258,0.005685,519
ENERGYRAW,8.687227e-03,383.3,145.3,167142
PREPCSV,/mnt/beegfs/ysu34/hamlib/dia_suitesparse/Lin.txt,256000,7,spmspm,ours_flat,0.188,0.114,0.035898,8
PREPCSV,/mnt/beegfs/ysu34/hamlib/dia_suitesparse/Lin.txt,256000,7,spmspm,ours_sym,0.343,0.114,-1.000000,-1
ENERGYRAW,5.117207e-03,388.5,145.3,278148
PREPCSV,/mnt/beegfs/ysu34/hamlib/dia_suitesparse/Lin.txt,256000,7,spmspm,ours_sym,0.343,0.114,0.021571,21
ENERGYRAW,8.295348e-03,375.9,148.5,166563
SPMSPMCSV,/mnt/beegfs/ysu34/hamlib/dia_suitesparse/Lin.txt,256000,7,25,6309594,ours_flat,0.036022,0.000e+00
ENERGYRAW,5.023416e-03,387.1,148.5,279308
SPMSPMCSV,/mnt/beegfs/ysu34/hamlib/dia_suitesparse/Lin.txt,256000,7,25,6309594,ours_sym,0.021482,6.250e-02
== TRIM PAPER SET DONE 2026-08-02T07:39:14-04:00
