# 2026-07-31T00:14:08-04:00 host=c29 ITERS=50 int32-guard patch of 268657-resume  PREPCSV,file,n,D,stage,variant,prep_host_ms,upload_ms,kernel_ms,amort_applies
PREPCSV,/mnt/beegfs/ysu34/hamlib/dia_e2e/BH_20_7.txt,1048576,127,spmv,didx,230.199,4.107,0.086896,2696
PREPCSV,/mnt/beegfs/ysu34/hamlib/dia_e2e/BH_20_7.txt,1048576,127,spmv,stream,0.001,14.299,0.195655,73
PREPCSV,/mnt/beegfs/ysu34/hamlib/dia_e2e/BH_20_7.txt,1048576,127,spmv,gopt,289.838,9.420,0.129521,2311
PREPCSV,/mnt/beegfs/ysu34/hamlib/dia_e2e/BH_20_7.txt,1048576,127,spmv,csr_zskip,992.465,6.549,0.119170,8383
PREPCSV,/mnt/beegfs/ysu34/hamlib/dia_e2e/BH_20_7.txt,1048576,127,spmv,cusparse_csr,473.216,29.677,0.606056,830
PREPCSV,/mnt/beegfs/ysu34/hamlib/dia_e2e/BH_20_7.txt,1048576,127,spmspm,ours_flat,28.901,1.964,44.682884,1
PREPCSV,/mnt/beegfs/ysu34/hamlib/dia_e2e/BH_20_7.txt,1048576,127,spmspm,ours_sym,11.038,6.248,-1.000000,-1
PREPCSV,/mnt/beegfs/ysu34/hamlib/dia_e2e/BH_20_7.txt,1048576,127,spmspm,ours_sym,11.038,6.248,19.836483,1
PREPCSV,/mnt/beegfs/ysu34/hamlib/dia_e2e/BH_24_8.txt,16777216,155,spmv,didx,5261.782,72.516,2.015356,2647
PREPCSV,/mnt/beegfs/ysu34/hamlib/dia_e2e/BH_24_8.txt,16777216,155,spmv,stream,0.010,277.494,3.781447,73
PREPCSV,/mnt/beegfs/ysu34/hamlib/dia_e2e/BH_24_8.txt,16777216,155,spmv,gopt,6386.118,160.283,1.880489,3481
PREPCSV,/mnt/beegfs/ysu34/hamlib/dia_e2e/BH_24_8.txt,16777216,155,spmv,csr_zskip,20241.604,117.552,2.896578,7029
PREPCSV,/mnt/beegfs/ysu34/hamlib/dia_e2e/O2_16_5.txt,65536,1243,spmv,didx,66.149,1.132,0.035008,1922
PREPCSV,/mnt/beegfs/ysu34/hamlib/dia_e2e/O2_16_5.txt,65536,1243,spmv,stream,0.004,7.459,0.179254,42
PREPCSV,/mnt/beegfs/ysu34/hamlib/dia_e2e/O2_16_5.txt,65536,1243,spmv,gopt,104.422,3.861,0.312751,346
PREPCSV,/mnt/beegfs/ysu34/hamlib/dia_e2e/O2_16_5.txt,65536,1243,spmv,csr_zskip,123.309,1.453,0.028600,4362
PREPCSV,/mnt/beegfs/ysu34/hamlib/dia_e2e/O2_16_5.txt,65536,1243,spmv,cusparse_csr,312.651,15.821,0.239208,1373
PREPCSV,/mnt/beegfs/ysu34/hamlib/dia_e2e/O2_16_5.txt,65536,1243,spmspm,ours_flat,1142.594,3.254,152.939819,7
PREPCSV,/mnt/beegfs/ysu34/hamlib/dia_e2e/O2_16_5.txt,65536,1243,spmspm,ours_sym,54.348,4.894,-1.000000,-1
PREPCSV,/mnt/beegfs/ysu34/hamlib/dia_e2e/O2_16_7.txt,65536,1243,spmv,didx,66.618,1.155,0.034934,1940
PREPCSV,/mnt/beegfs/ysu34/hamlib/dia_e2e/O2_16_7.txt,65536,1243,spmv,stream,0.003,7.516,0.179343,42
PREPCSV,/mnt/beegfs/ysu34/hamlib/dia_e2e/O2_16_7.txt,65536,1243,spmv,gopt,105.017,3.937,0.312534,349
PREPCSV,/mnt/beegfs/ysu34/hamlib/dia_e2e/O2_16_7.txt,65536,1243,spmv,csr_zskip,120.476,1.493,0.028808,4234
PREPCSV,/mnt/beegfs/ysu34/hamlib/dia_e2e/O2_16_7.txt,65536,1243,spmv,cusparse_csr,318.872,15.859,0.240004,1395
PREPCSV,/mnt/beegfs/ysu34/hamlib/dia_e2e/O2_16_7.txt,65536,1243,spmspm,ours_flat,1133.722,3.255,154.426422,7
PREPCSV,/mnt/beegfs/ysu34/hamlib/dia_e2e/O2_16_7.txt,65536,1243,spmspm,ours_sym,50.977,4.824,-1.000000,-1
PREPCSV,/mnt/beegfs/ysu34/hamlib/dia_e2e/O2_20_5.txt,1048576,3359,spmv,didx,3400.162,35.365,2.252586,1525
PREPCSV,/mnt/beegfs/ysu34/hamlib/dia_e2e/O2_20_5.txt,1048576,3359,spmv,stream,0.008,323.164,4.744268,68
PREPCSV,/mnt/beegfs/ysu34/hamlib/dia_e2e/O2_20_5.txt,1048576,3359,spmv,gopt,4127.559,113.371,1.778148,2385
PREPCSV,/mnt/beegfs/ysu34/hamlib/dia_e2e/O2_20_5.txt,1048576,3359,spmv,csr_zskip,6874.607,48.484,1.656714,4179
PREPCSV,/mnt/beegfs/ysu34/hamlib/dia_e2e/O2_20_8.txt,1048576,3359,spmv,didx,3388.422,35.242,2.267954,1510
PREPCSV,/mnt/beegfs/ysu34/hamlib/dia_e2e/O2_20_8.txt,1048576,3359,spmv,stream,0.009,320.133,4.749452,67
PREPCSV,/mnt/beegfs/ysu34/hamlib/dia_e2e/O2_20_8.txt,1048576,3359,spmv,gopt,4130.962,112.500,1.774376,2392
PREPCSV,/mnt/beegfs/ysu34/hamlib/dia_e2e/O2_20_8.txt,1048576,3359,spmv,csr_zskip,6837.671,48.070,1.668589,4127
PREPCSV,/mnt/beegfs/ysu34/hamlib/dia_e2e/heis_20_5.txt,1048576,39,spmv,didx,64.657,2.043,0.032000,2084
PREPCSV,/mnt/beegfs/ysu34/hamlib/dia_e2e/heis_20_5.txt,1048576,39,spmv,stream,0.001,4.825,0.065155,74
PREPCSV,/mnt/beegfs/ysu34/hamlib/dia_e2e/heis_20_5.txt,1048576,39,spmv,gopt,80.117,3.330,0.044559,1873
PREPCSV,/mnt/beegfs/ysu34/hamlib/dia_e2e/heis_20_5.txt,1048576,39,spmv,csr_zskip,411.000,3.196,0.040879,10132
PREPCSV,/mnt/beegfs/ysu34/hamlib/dia_e2e/heis_20_5.txt,1048576,39,spmv,cusparse_csr,100.959,10.317,0.199768,557
PREPCSV,/mnt/beegfs/ysu34/hamlib/dia_e2e/heis_20_5.txt,1048576,39,spmspm,ours_flat,4.150,0.499,4.367347,1
PREPCSV,/mnt/beegfs/ysu34/hamlib/dia_e2e/heis_20_5.txt,1048576,39,spmspm,hm_atomic,433.199,5.939,7.305676,60
PREPCSV,/mnt/beegfs/ysu34/hamlib/dia_e2e/heis_20_5.txt,1048576,39,spmspm,ours_sym,1.774,0.955,-1.000000,-1
PREPCSV,/mnt/beegfs/ysu34/hamlib/dia_e2e/heis_20_5.txt,1048576,39,spmspm,ours_sym,1.774,0.955,1.897942,1
PREPCSV,/mnt/beegfs/ysu34/hamlib/dia_e2e/heis_20_6.txt,1048576,39,spmv,didx,65.696,1.983,0.031983,2116
PREPCSV,/mnt/beegfs/ysu34/hamlib/dia_e2e/heis_20_6.txt,1048576,39,spmv,stream,0.001,4.727,0.065146,73
PREPCSV,/mnt/beegfs/ysu34/hamlib/dia_e2e/heis_20_6.txt,1048576,39,spmv,gopt,78.946,3.282,0.044632,1842
PREPCSV,/mnt/beegfs/ysu34/hamlib/dia_e2e/heis_20_6.txt,1048576,39,spmv,csr_zskip,414.212,3.048,0.040967,10185
PREPCSV,/mnt/beegfs/ysu34/hamlib/dia_e2e/heis_20_6.txt,1048576,39,spmv,cusparse_csr,101.598,10.176,0.199027,562
PREPCSV,/mnt/beegfs/ysu34/hamlib/dia_e2e/heis_20_6.txt,1048576,39,spmspm,ours_flat,3.708,0.513,4.374433,1
PREPCSV,/mnt/beegfs/ysu34/hamlib/dia_e2e/heis_20_6.txt,1048576,39,spmspm,hm_atomic,434.176,5.946,7.307027,60
PREPCSV,/mnt/beegfs/ysu34/hamlib/dia_e2e/heis_20_6.txt,1048576,39,spmspm,ours_sym,1.969,0.948,-1.000000,-1
PREPCSV,/mnt/beegfs/ysu34/hamlib/dia_e2e/heis_20_6.txt,1048576,39,spmspm,ours_sym,1.969,0.948,1.897811,2
PREPCSV,/mnt/beegfs/ysu34/hamlib/dia_e2e/heis_22_5.txt,4194304,43,spmv,didx,301.659,7.668,0.118957,2600
PREPCSV,/mnt/beegfs/ysu34/hamlib/dia_e2e/heis_22_5.txt,4194304,43,spmv,stream,0.001,20.072,0.248945,81
PREPCSV,/mnt/beegfs/ysu34/hamlib/dia_e2e/heis_22_5.txt,4194304,43,spmv,gopt,354.047,12.307,0.151777,2414
PREPCSV,/mnt/beegfs/ysu34/hamlib/dia_e2e/heis_22_5.txt,4194304,43,spmv,csr_zskip,1781.515,12.022,0.163380,10978
PREPCSV,/mnt/beegfs/ysu34/hamlib/dia_e2e/heis_22_5.txt,4194304,43,spmv,cusparse_csr,442.279,41.396,0.877933,551
PREPCSV,/mnt/beegfs/ysu34/hamlib/dia_e2e/heis_22_5.txt,4194304,43,spmspm,ours_flat,16.441,1.247,24.498896,1
PREPCSV,/mnt/beegfs/ysu34/hamlib/dia_e2e/heis_22_5.txt,4194304,43,spmspm,ours_sym,7.821,3.284,-1.000000,-1
PREPCSV,/mnt/beegfs/ysu34/hamlib/dia_e2e/heis_22_5.txt,4194304,43,spmspm,ours_sym,7.821,3.284,10.892618,1
PREPCSV,/mnt/beegfs/ysu34/hamlib/dia_e2e/heis_22_6.txt,4194304,43,spmv,didx,300.072,7.635,0.118355,2600
PREPCSV,/mnt/beegfs/ysu34/hamlib/dia_e2e/heis_22_6.txt,4194304,43,spmv,stream,0.001,20.014,0.248213,81
PREPCSV,/mnt/beegfs/ysu34/hamlib/dia_e2e/heis_22_6.txt,4194304,43,spmv,gopt,356.423,12.258,0.151716,2430
PREPCSV,/mnt/beegfs/ysu34/hamlib/dia_e2e/heis_22_6.txt,4194304,43,spmv,csr_zskip,1798.849,12.070,0.161663,11202
PREPCSV,/mnt/beegfs/ysu34/hamlib/dia_e2e/heis_22_6.txt,4194304,43,spmv,cusparse_csr,443.220,41.277,0.876475,553
PREPCSV,/mnt/beegfs/ysu34/hamlib/dia_e2e/heis_22_6.txt,4194304,43,spmspm,ours_flat,16.638,1.394,24.583376,1
PREPCSV,/mnt/beegfs/ysu34/hamlib/dia_e2e/heis_22_6.txt,4194304,43,spmspm,ours_sym,8.554,3.336,-1.000000,-1
PREPCSV,/mnt/beegfs/ysu34/hamlib/dia_e2e/heis_22_6.txt,4194304,43,spmspm,ours_sym,8.554,3.336,10.470855,1
PREPCSV,/mnt/beegfs/ysu34/hamlib/dia_e2e/heis_24_5.txt,16777216,47,spmv,didx,1350.361,31.679,0.528668,2614
PREPCSV,/mnt/beegfs/ysu34/hamlib/dia_e2e/heis_24_5.txt,16777216,47,spmv,stream,0.004,87.185,1.120755,78
PREPCSV,/mnt/beegfs/ysu34/hamlib/dia_e2e/heis_24_5.txt,16777216,47,spmv,gopt,1689.340,50.018,0.600843,2895
PREPCSV,/mnt/beegfs/ysu34/hamlib/dia_e2e/heis_24_5.txt,16777216,47,spmv,csr_zskip,7543.187,50.620,0.739026,10275
PREPCSV,/mnt/beegfs/ysu34/hamlib/dia_e2e/heis_24_5.txt,16777216,47,spmv,cusparse_csr,2088.411,177.694,4.156679,545
PREPCSV,/mnt/beegfs/ysu34/hamlib/dia_e2e/heis_24_5.txt,16777216,47,spmspm,ours_flat,77.536,5.186,122.781960,1
PREPCSV,/mnt/beegfs/ysu34/hamlib/dia_e2e/heis_24_5.txt,16777216,47,spmspm,ours_sym,40.546,15.711,-1.000000,-1
PREPCSV,/mnt/beegfs/ysu34/hamlib/dia_e2e/heis_24_5.txt,16777216,47,spmspm,ours_sym,40.546,15.711,55.109581,1
PREPCSV,/mnt/beegfs/ysu34/hamlib/dia_e2e/heis_24_6.txt,16777216,47,spmv,didx,1353.142,31.185,0.529335,2615
PREPCSV,/mnt/beegfs/ysu34/hamlib/dia_e2e/heis_24_6.txt,16777216,47,spmv,stream,0.005,85.456,1.121432,76
PREPCSV,/mnt/beegfs/ysu34/hamlib/dia_e2e/heis_24_6.txt,16777216,47,spmv,gopt,1662.350,49.276,0.600780,2849
PREPCSV,/mnt/beegfs/ysu34/hamlib/dia_e2e/heis_24_6.txt,16777216,47,spmv,csr_zskip,7549.707,51.190,0.735695,10332
PREPCSV,/mnt/beegfs/ysu34/hamlib/dia_e2e/heis_24_6.txt,16777216,47,spmv,cusparse_csr,2040.467,176.789,4.162940,533
PREPCSV,/mnt/beegfs/ysu34/hamlib/dia_e2e/heis_24_6.txt,16777216,47,spmspm,ours_flat,84.856,5.297,123.131004,1
PREPCSV,/mnt/beegfs/ysu34/hamlib/dia_e2e/heis_24_6.txt,16777216,47,spmspm,ours_sym,36.546,33.941,-1.000000,-1
PREPCSV,/mnt/beegfs/ysu34/hamlib/dia_e2e/heis_24_6.txt,16777216,47,spmspm,ours_sym,36.546,33.941,55.299072,1
PREPCSV,/mnt/beegfs/ysu34/hamlib/dia_e2e/tfim_20_5.txt,1048576,41,spmv,didx,121.193,3.593,0.058381,2137
PREPCSV,/mnt/beegfs/ysu34/hamlib/dia_e2e/tfim_20_5.txt,1048576,41,spmv,stream,0.002,4.981,0.067327,74
PREPCSV,/mnt/beegfs/ysu34/hamlib/dia_e2e/tfim_20_5.txt,1048576,41,spmv,gopt,88.487,4.187,0.054979,1686
PREPCSV,/mnt/beegfs/ysu34/hamlib/dia_e2e/tfim_20_5.txt,1048576,41,spmv,csr_zskip,548.614,5.558,0.082552,6713
PREPCSV,/mnt/beegfs/ysu34/hamlib/dia_e2e/tfim_20_5.txt,1048576,41,spmv,cusparse_csr,102.177,10.527,0.203246,555
PREPCSV,/mnt/beegfs/ysu34/hamlib/dia_e2e/tfim_20_5.txt,1048576,41,spmspm,ours_flat,3.918,0.544,4.763840,1
PREPCSV,/mnt/beegfs/ysu34/hamlib/dia_e2e/tfim_20_5.txt,1048576,41,spmspm,hm_atomic,456.149,6.110,7.720071,60
PREPCSV,/mnt/beegfs/ysu34/hamlib/dia_e2e/tfim_20_5.txt,1048576,41,spmspm,ours_sym,1.864,1.040,-1.000000,-1
PREPCSV,/mnt/beegfs/ysu34/hamlib/dia_e2e/tfim_20_5.txt,1048576,41,spmspm,ours_sym,1.864,1.040,2.039856,1
PREPCSV,/mnt/beegfs/ysu34/hamlib/dia_e2e/tfim_22_5.txt,4194304,45,spmv,didx,565.567,14.440,0.249684,2323
PREPCSV,/mnt/beegfs/ysu34/hamlib/dia_e2e/tfim_22_5.txt,4194304,45,spmv,stream,0.003,20.453,0.265742,77
PREPCSV,/mnt/beegfs/ysu34/hamlib/dia_e2e/tfim_22_5.txt,4194304,45,spmv,gopt,498.790,15.917,0.198113,2598
PREPCSV,/mnt/beegfs/ysu34/hamlib/dia_e2e/tfim_22_5.txt,4194304,45,spmv,csr_zskip,2263.403,23.540,0.437978,5222
PREPCSV,/mnt/beegfs/ysu34/hamlib/dia_e2e/tfim_22_5.txt,4194304,45,spmv,cusparse_csr,372.542,41.513,0.903383,458
PREPCSV,/mnt/beegfs/ysu34/hamlib/dia_e2e/tfim_22_5.txt,4194304,45,spmspm,ours_flat,17.353,1.431,26.311989,1
PREPCSV,/mnt/beegfs/ysu34/hamlib/dia_e2e/tfim_22_5.txt,4194304,45,spmspm,ours_sym,8.150,3.484,-1.000000,-1
PREPCSV,/mnt/beegfs/ysu34/hamlib/dia_e2e/tfim_22_5.txt,4194304,45,spmspm,ours_sym,8.150,3.484,12.039289,1
PREPCSV,/mnt/beegfs/ysu34/hamlib/dia_e2e/tfim_24_5.txt,16777216,49,spmv,didx,2534.965,60.579,1.165126,2228
PREPCSV,/mnt/beegfs/ysu34/hamlib/dia_e2e/tfim_24_5.txt,16777216,49,spmv,stream,0.008,88.879,1.181531,75
PREPCSV,/mnt/beegfs/ysu34/hamlib/dia_e2e/tfim_24_5.txt,16777216,49,spmv,gopt,2265.634,66.615,0.814892,2862
PREPCSV,/mnt/beegfs/ysu34/hamlib/dia_e2e/tfim_24_5.txt,16777216,49,spmv,csr_zskip,9471.889,97.874,1.774703,5392
PREPCSV,/mnt/beegfs/ysu34/hamlib/dia_e2e/tfim_24_5.txt,16777216,49,spmv,cusparse_csr,2087.523,180.504,4.273367,531
PREPCSV,/mnt/beegfs/ysu34/hamlib/dia_e2e/tfim_24_5.txt,16777216,49,spmspm,ours_flat,80.520,5.358,131.044998,1
PREPCSV,/mnt/beegfs/ysu34/hamlib/dia_e2e/tfim_24_5.txt,16777216,49,spmspm,ours_sym,38.665,53.863,-1.000000,-1
PREPCSV,/mnt/beegfs/ysu34/hamlib/dia_e2e/tfim_24_5.txt,16777216,49,spmspm,ours_sym,38.665,53.863,58.715431,2
PREPCSV,/mnt/beegfs/ysu34/hamlib/dia_e2e/BH_24_8.txt,16777216,155,spmv,didx,5272.301,72.336,2.014630,2653
PREPCSV,/mnt/beegfs/ysu34/hamlib/dia_e2e/BH_24_8.txt,16777216,155,spmv,stream,0.010,275.085,3.758032,73
PREPCSV,/mnt/beegfs/ysu34/hamlib/dia_e2e/BH_24_8.txt,16777216,155,spmv,gopt,6563.526,168.580,1.879948,3581
PREPCSV,/mnt/beegfs/ysu34/hamlib/dia_e2e/BH_24_8.txt,16777216,155,spmv,csr_zskip,20193.589,118.023,2.873206,7069
PREPCSV,/mnt/beegfs/ysu34/hamlib/dia_e2e/BH_24_8.txt,16777216,155,spmv,cusparse_csr_64i,12111.547,833.875,16.567455,781
PREPCSV,/mnt/beegfs/ysu34/hamlib/dia_e2e/O2_20_5.txt,1048576,3359,spmv,didx,3479.434,35.293,2.257343,1557
PREPCSV,/mnt/beegfs/ysu34/hamlib/dia_e2e/O2_20_5.txt,1048576,3359,spmv,stream,0.009,325.204,4.731514,69
PREPCSV,/mnt/beegfs/ysu34/hamlib/dia_e2e/O2_20_5.txt,1048576,3359,spmv,gopt,4165.988,113.931,1.781013,2403
PREPCSV,/mnt/beegfs/ysu34/hamlib/dia_e2e/O2_20_5.txt,1048576,3359,spmv,csr_zskip,6836.557,48.604,1.643082,4190
PREPCSV,/mnt/beegfs/ysu34/hamlib/dia_e2e/O2_20_5.txt,1048576,3359,spmv,cusparse_csr_64i,16350.312,979.931,19.011005,912
PREPCSV,/mnt/beegfs/ysu34/hamlib/dia_e2e/O2_20_8.txt,1048576,3359,spmv,didx,3454.872,35.733,2.252416,1550
PREPCSV,/mnt/beegfs/ysu34/hamlib/dia_e2e/O2_20_8.txt,1048576,3359,spmv,stream,0.009,325.588,4.738936,69
PREPCSV,/mnt/beegfs/ysu34/hamlib/dia_e2e/O2_20_8.txt,1048576,3359,spmv,gopt,4160.370,112.662,1.784215,2395
PREPCSV,/mnt/beegfs/ysu34/hamlib/dia_e2e/O2_20_8.txt,1048576,3359,spmv,csr_zskip,6850.256,48.559,1.666899,4139
PREPCSV,/mnt/beegfs/ysu34/hamlib/dia_e2e/O2_20_8.txt,1048576,3359,spmv,cusparse_csr_64i,16360.276,976.963,19.129709,906
PREPCSV,/mnt/beegfs/ysu34/hamlib/dia_suitesparse/ecology2.txt,999999,7,spmv,didx,14.470,1.081,0.011055,1407
PREPCSV,/mnt/beegfs/ysu34/hamlib/dia_suitesparse/ecology2.txt,999999,7,spmv,stream,0.000,0.888,0.011697,76
PREPCSV,/mnt/beegfs/ysu34/hamlib/dia_suitesparse/ecology2.txt,999999,7,spmv,gopt,12.467,0.776,0.009910,1336
PREPCSV,/mnt/beegfs/ysu34/hamlib/dia_suitesparse/ecology2.txt,999999,7,spmv,csr_zskip,124.557,1.563,0.020447,6168
PREPCSV,/mnt/beegfs/ysu34/hamlib/dia_suitesparse/ecology2.txt,999999,7,spmv,cusparse_csr,11.477,2.590,0.044918,313
PREPCSV,/mnt/beegfs/ysu34/hamlib/dia_suitesparse/ecology2.txt,999999,7,spmspm,ours_flat,0.674,0.131,0.123220,7
PREPCSV,/mnt/beegfs/ysu34/hamlib/dia_suitesparse/ecology2.txt,999999,7,spmspm,hm_atomic,15.083,1.613,0.213272,78
PREPCSV,/mnt/beegfs/ysu34/hamlib/dia_suitesparse/ecology2.txt,999999,7,spmspm,ours_sym,0.420,0.193,-1.000000,-1
PREPCSV,/mnt/beegfs/ysu34/hamlib/dia_suitesparse/ecology2.txt,999999,7,spmspm,ours_sym,0.420,0.193,0.057327,11
PREPCSV,/mnt/beegfs/ysu34/hamlib/dia_suitesparse/atmosmodd.txt,1270432,7,spmv,didx,25.944,1.779,0.025979,1067
PREPCSV,/mnt/beegfs/ysu34/hamlib/dia_suitesparse/atmosmodd.txt,1270432,7,spmv,stream,0.001,1.191,0.015633,76
PREPCSV,/mnt/beegfs/ysu34/hamlib/dia_suitesparse/atmosmodd.txt,1270432,7,spmv,gopt,26.663,1.368,0.015718,1783
PREPCSV,/mnt/beegfs/ysu34/hamlib/dia_suitesparse/atmosmodd.txt,1270432,7,spmv,csr_zskip,193.140,2.566,0.032300,6059
PREPCSV,/mnt/beegfs/ysu34/hamlib/dia_suitesparse/atmosmodd.txt,1270432,7,spmv,cusparse_csr,22.720,3.042,0.052310,492
PREPCSV,/mnt/beegfs/ysu34/hamlib/dia_suitesparse/atmosmodd.txt,1270432,7,spmspm,ours_flat,1.428,0.142,0.187231,8
PREPCSV,/mnt/beegfs/ysu34/hamlib/dia_suitesparse/atmosmodd.txt,1270432,7,spmspm,hm_atomic,29.305,1.657,0.303007,102
PREPCSV,/mnt/beegfs/ysu34/hamlib/dia_suitesparse/atmosmodd.txt,1270432,7,spmspm,ours_sym,0.851,0.175,-1.000000,-1
PREPCSV,/mnt/beegfs/ysu34/hamlib/dia_suitesparse/atmosmodd.txt,1270432,7,spmspm,ours_sym,0.851,0.175,0.082398,12
PREPCSV,/mnt/beegfs/ysu34/hamlib/dia_suitesparse/Lin.txt,256000,7,spmv,didx,4.371,0.397,0.005620,848
PREPCSV,/mnt/beegfs/ysu34/hamlib/dia_suitesparse/Lin.txt,256000,7,spmv,stream,0.000,0.246,0.005041,49
PREPCSV,/mnt/beegfs/ysu34/hamlib/dia_suitesparse/Lin.txt,256000,7,spmv,gopt,3.058,0.245,0.005559,594
PREPCSV,/mnt/beegfs/ysu34/hamlib/dia_suitesparse/Lin.txt,256000,7,spmv,csr_zskip,35.041,0.749,0.006200,5772
PREPCSV,/mnt/beegfs/ysu34/hamlib/dia_suitesparse/Lin.txt,256000,7,spmv,cusparse_csr,2.602,0.992,0.022259,161
PREPCSV,/mnt/beegfs/ysu34/hamlib/dia_suitesparse/Lin.txt,256000,7,spmspm,ours_flat,0.192,0.129,0.035795,9
PREPCSV,/mnt/beegfs/ysu34/hamlib/dia_suitesparse/Lin.txt,256000,7,spmspm,hm_atomic,1.171,0.397,0.046193,34
PREPCSV,/mnt/beegfs/ysu34/hamlib/dia_suitesparse/Lin.txt,256000,7,spmspm,ours_sym,0.113,0.104,-1.000000,-1
PREPCSV,/mnt/beegfs/ysu34/hamlib/dia_suitesparse/Lin.txt,256000,7,spmspm,ours_sym,0.113,0.104,0.017363,12
PREPCSV,/mnt/beegfs/ysu34/hamlib/dia_e2e/BH_20_7.txt,1048576,127,spmv,didx,231.631,4.105,0.087364,2698
PREPCSV,/mnt/beegfs/ysu34/hamlib/dia_e2e/BH_20_7.txt,1048576,127,spmv,gopt,301.536,9.511,0.129703,2398
PREPCSV,/mnt/beegfs/ysu34/hamlib/dia_e2e/BH_20_7.txt,1048576,127,spmv,cusparse_csr,473.216,7.097,0.130316,3686
PREPCSV,/mnt/beegfs/ysu34/hamlib/dia_e2e/BH_20_7.txt,1048576,127,spmspm,ours_flat,43.040,2.008,44.567867,1
PREPCSV,/mnt/beegfs/ysu34/hamlib/dia_e2e/BH_20_7.txt,1048576,127,spmspm,ours_sym,14.634,12.473,-1.000000,-1
PREPCSV,/mnt/beegfs/ysu34/hamlib/dia_e2e/BH_20_7.txt,1048576,127,spmspm,ours_sym,14.634,12.473,22.354748,1
PREPCSV,/mnt/beegfs/ysu34/hamlib/dia_e2e/BH_20_7.txt,1048576,127,spmv,didx,207.682,4.043,0.086999,2434
PREPCSV,/mnt/beegfs/ysu34/hamlib/dia_e2e/BH_20_7.txt,1048576,127,spmv,gopt,175.802,9.598,0.129393,1433
PREPCSV,/mnt/beegfs/ysu34/hamlib/dia_e2e/BH_20_7.txt,1048576,127,spmv,cusparse_csr,335.473,7.127,0.129761,2640
PREPCSV,/mnt/beegfs/ysu34/hamlib/dia_e2e/BH_20_7.txt,1048576,127,spmspm,ours_flat,32.471,1.888,44.524899,1
PREPCSV,/mnt/beegfs/ysu34/hamlib/dia_e2e/BH_20_7.txt,1048576,127,spmspm,ours_sym,12.208,12.259,-1.000000,-1
PREPCSV,/mnt/beegfs/ysu34/hamlib/dia_e2e/BH_20_7.txt,1048576,127,spmspm,ours_sym,12.208,12.259,22.272959,1
PREPCSV,/mnt/beegfs/ysu34/hamlib/dia_e2e/fermi_16_5.txt,65536,29,spmv,didx,2.200,0.172,0.004689,506
PREPCSV,/mnt/beegfs/ysu34/hamlib/dia_e2e/fermi_16_5.txt,65536,29,spmv,didx_sym,0.925,0.280,0.004676,258
PREPCSV,/mnt/beegfs/ysu34/hamlib/dia_e2e/fermi_16_5.txt,65536,29,spmv,gopt,2.873,0.202,0.010752,286
PREPCSV,/mnt/beegfs/ysu34/hamlib/dia_e2e/fermi_16_5.txt,65536,29,spmv,cusparse_csr,5.874,0.537,0.015228,421
PREPCSV,/mnt/beegfs/ysu34/hamlib/dia_e2e/fermi_16_5.txt,65536,29,spmspm,ours_flat,0.243,0.118,0.129615,3
PREPCSV,/mnt/beegfs/ysu34/hamlib/dia_e2e/fermi_16_5.txt,65536,29,spmspm,hm_atomic,4.880,0.551,0.174814,31
PREPCSV,/mnt/beegfs/ysu34/hamlib/dia_e2e/fermi_16_5.txt,65536,29,spmspm,ours_sym,0.080,0.141,-1.000000,-1
PREPCSV,/mnt/beegfs/ysu34/hamlib/dia_e2e/fermi_16_5.txt,65536,29,spmspm,ours_sym,0.080,0.141,0.068733,3
PREPCSV,/mnt/beegfs/ysu34/hamlib/dia_e2e/heis_16_5.txt,65536,31,spmv,didx,2.344,0.183,0.004796,527
PREPCSV,/mnt/beegfs/ysu34/hamlib/dia_e2e/heis_16_5.txt,65536,31,spmv,didx_sym,0.920,0.288,0.005025,240
PREPCSV,/mnt/beegfs/ysu34/hamlib/dia_e2e/heis_16_5.txt,65536,31,spmv,gopt,2.989,0.214,0.011593,276
PREPCSV,/mnt/beegfs/ysu34/hamlib/dia_e2e/heis_16_5.txt,65536,31,spmv,cusparse_csr,6.247,0.534,0.015661,433
PREPCSV,/mnt/beegfs/ysu34/hamlib/dia_e2e/heis_16_5.txt,65536,31,spmspm,ours_flat,0.279,0.137,0.147292,3
PREPCSV,/mnt/beegfs/ysu34/hamlib/dia_e2e/heis_16_5.txt,65536,31,spmspm,hm_atomic,5.832,0.543,0.203679,31
PREPCSV,/mnt/beegfs/ysu34/hamlib/dia_e2e/heis_16_5.txt,65536,31,spmspm,ours_sym,0.085,0.148,-1.000000,-1
PREPCSV,/mnt/beegfs/ysu34/hamlib/dia_e2e/heis_16_5.txt,65536,31,spmspm,ours_sym,0.085,0.148,0.077481,3
PREPCSV,/mnt/beegfs/ysu34/hamlib/dia_e2e/heis_18_5.txt,262144,35,spmv,didx,9.013,0.609,0.008772,1097
PREPCSV,/mnt/beegfs/ysu34/hamlib/dia_e2e/heis_18_5.txt,262144,35,spmv,didx_sym,4.844,1.326,0.008324,741
PREPCSV,/mnt/beegfs/ysu34/hamlib/dia_e2e/heis_18_5.txt,262144,35,spmv,gopt,10.896,0.998,0.011860,1003
PREPCSV,/mnt/beegfs/ysu34/hamlib/dia_e2e/heis_18_5.txt,262144,35,spmv,cusparse_csr,26.093,1.220,0.025278,1081
PREPCSV,/mnt/beegfs/ysu34/hamlib/dia_e2e/heis_18_5.txt,262144,35,spmspm,ours_flat,0.908,0.200,0.825045,1
PREPCSV,/mnt/beegfs/ysu34/hamlib/dia_e2e/heis_18_5.txt,262144,35,spmspm,hm_atomic,32.972,1.736,1.406644,25
PREPCSV,/mnt/beegfs/ysu34/hamlib/dia_e2e/heis_18_5.txt,262144,35,spmspm,ours_sym,0.365,0.243,-1.000000,-1
PREPCSV,/mnt/beegfs/ysu34/hamlib/dia_e2e/heis_18_5.txt,262144,35,spmspm,ours_sym,0.365,0.243,0.398686,2
PREPCSV,/mnt/beegfs/ysu34/hamlib/dia_e2e/heis_20_5.txt,1048576,39,spmv,didx,55.795,2.092,0.032145,1801
PREPCSV,/mnt/beegfs/ysu34/hamlib/dia_e2e/heis_20_5.txt,1048576,39,spmv,didx_sym,20.795,5.196,0.031639,821
PREPCSV,/mnt/beegfs/ysu34/hamlib/dia_e2e/heis_20_5.txt,1048576,39,spmv,gopt,48.454,3.293,0.044702,1158
PREPCSV,/mnt/beegfs/ysu34/hamlib/dia_e2e/heis_20_5.txt,1048576,39,spmv,cusparse_csr,116.323,3.459,0.059571,2011
PREPCSV,/mnt/beegfs/ysu34/hamlib/dia_e2e/heis_20_5.txt,1048576,39,spmspm,ours_flat,3.694,0.421,4.393620,1
PREPCSV,/mnt/beegfs/ysu34/hamlib/dia_e2e/heis_20_5.txt,1048576,39,spmspm,hm_atomic,166.851,5.886,7.309240,24
PREPCSV,/mnt/beegfs/ysu34/hamlib/dia_e2e/heis_20_5.txt,1048576,39,spmspm,ours_sym,1.709,1.860,-1.000000,-1
PREPCSV,/mnt/beegfs/ysu34/hamlib/dia_e2e/heis_20_5.txt,1048576,39,spmspm,ours_sym,1.709,1.860,2.167974,2
PREPCSV,/mnt/beegfs/ysu34/hamlib/dia_e2e/heis_20_6.txt,1048576,39,spmv,didx,54.674,2.058,0.031924,1777
PREPCSV,/mnt/beegfs/ysu34/hamlib/dia_e2e/heis_20_6.txt,1048576,39,spmv,didx_sym,21.792,5.249,0.031601,856
PREPCSV,/mnt/beegfs/ysu34/hamlib/dia_e2e/heis_20_6.txt,1048576,39,spmv,gopt,48.513,3.258,0.044548,1162
PREPCSV,/mnt/beegfs/ysu34/hamlib/dia_e2e/heis_20_6.txt,1048576,39,spmv,cusparse_csr,112.500,3.507,0.059180,1960
PREPCSV,/mnt/beegfs/ysu34/hamlib/dia_e2e/heis_20_6.txt,1048576,39,spmspm,ours_flat,3.701,0.446,4.403414,1
PREPCSV,/mnt/beegfs/ysu34/hamlib/dia_e2e/heis_20_6.txt,1048576,39,spmspm,hm_atomic,166.339,5.907,7.313086,24
PREPCSV,/mnt/beegfs/ysu34/hamlib/dia_e2e/heis_20_6.txt,1048576,39,spmspm,ours_sym,1.713,0.755,-1.000000,-1
PREPCSV,/mnt/beegfs/ysu34/hamlib/dia_e2e/heis_20_6.txt,1048576,39,spmspm,ours_sym,1.713,0.755,2.186515,1
PREPCSV,/mnt/beegfs/ysu34/hamlib/dia_e2e/maxcut_16_5.txt,65536,1,spmv,didx,0.229,0.054,0.003081,92
PREPCSV,/mnt/beegfs/ysu34/hamlib/dia_e2e/maxcut_16_5.txt,65536,1,spmv,didx_sym,0.123,0.055,0.003039,59
PREPCSV,/mnt/beegfs/ysu34/hamlib/dia_e2e/maxcut_16_5.txt,65536,1,spmv,gopt,0.077,0.038,0.003055,37
PREPCSV,/mnt/beegfs/ysu34/hamlib/dia_e2e/maxcut_16_5.txt,65536,1,spmv,cusparse_csr,0.215,0.401,0.018560,33
PREPCSV,/mnt/beegfs/ysu34/hamlib/dia_e2e/maxcut_16_5.txt,65536,1,spmspm,ours_flat,0.040,0.028,0.004486,15
PREPCSV,/mnt/beegfs/ysu34/hamlib/dia_e2e/maxcut_16_5.txt,65536,1,spmspm,hm_atomic,0.175,0.077,0.005468,46
PREPCSV,/mnt/beegfs/ysu34/hamlib/dia_e2e/maxcut_16_5.txt,65536,1,spmspm,ours_sym,0.026,0.027,-1.000000,-1
PREPCSV,/mnt/beegfs/ysu34/hamlib/dia_e2e/maxcut_16_5.txt,65536,1,spmspm,ours_sym,0.026,0.027,0.004376,12
PREPCSV,/mnt/beegfs/ysu34/hamlib/dia_e2e/maxcut_18_5.txt,262144,1,spmv,didx,1.082,0.207,0.003702,348
PREPCSV,/mnt/beegfs/ysu34/hamlib/dia_e2e/maxcut_18_5.txt,262144,1,spmv,didx_sym,0.314,0.212,0.003654,144
PREPCSV,/mnt/beegfs/ysu34/hamlib/dia_e2e/maxcut_18_5.txt,262144,1,spmv,gopt,0.454,0.108,0.003313,170
PREPCSV,/mnt/beegfs/ysu34/hamlib/dia_e2e/maxcut_18_5.txt,262144,1,spmv,cusparse_csr,1.093,0.515,0.017191,94
PREPCSV,/mnt/beegfs/ysu34/hamlib/dia_e2e/maxcut_18_5.txt,262144,1,spmspm,ours_flat,0.152,0.063,0.004758,45
PREPCSV,/mnt/beegfs/ysu34/hamlib/dia_e2e/maxcut_18_5.txt,262144,1,spmspm,hm_atomic,0.507,0.194,0.006242,112
PREPCSV,/mnt/beegfs/ysu34/hamlib/dia_e2e/maxcut_18_5.txt,262144,1,spmspm,ours_sym,0.096,0.065,-1.000000,-1
PREPCSV,/mnt/beegfs/ysu34/hamlib/dia_e2e/maxcut_18_5.txt,262144,1,spmspm,ours_sym,0.096,0.065,0.004732,34
PREPCSV,/mnt/beegfs/ysu34/hamlib/dia_e2e/maxcut_20_5.txt,1048576,1,spmv,didx,2.873,0.370,0.006567,494
PREPCSV,/mnt/beegfs/ysu34/hamlib/dia_e2e/maxcut_20_5.txt,1048576,1,spmv,didx_sym,1.462,0.368,0.006660,275
PREPCSV,/mnt/beegfs/ysu34/hamlib/dia_e2e/maxcut_20_5.txt,1048576,1,spmv,gopt,1.259,0.169,0.004932,290
PREPCSV,/mnt/beegfs/ysu34/hamlib/dia_e2e/maxcut_20_5.txt,1048576,1,spmv,cusparse_csr,2.915,0.782,0.029736,124
PREPCSV,/mnt/beegfs/ysu34/hamlib/dia_e2e/maxcut_20_5.txt,1048576,1,spmspm,ours_flat,0.597,0.098,0.007290,95
PREPCSV,/mnt/beegfs/ysu34/hamlib/dia_e2e/maxcut_20_5.txt,1048576,1,spmspm,hm_atomic,2.735,0.467,0.010528,304
PREPCSV,/mnt/beegfs/ysu34/hamlib/dia_e2e/maxcut_20_5.txt,1048576,1,spmspm,ours_sym,0.376,0.093,-1.000000,-1
PREPCSV,/mnt/beegfs/ysu34/hamlib/dia_e2e/maxcut_20_5.txt,1048576,1,spmspm,ours_sym,0.376,0.093,0.007260,64
PREPCSV,/mnt/beegfs/ysu34/hamlib/dia_e2e/O2_16_5.txt,65536,1243,spmv,didx,56.345,1.123,0.035041,1640
PREPCSV,/mnt/beegfs/ysu34/hamlib/dia_e2e/O2_16_5.txt,65536,1243,spmv,gopt,66.615,3.871,0.312915,225
PREPCSV,/mnt/beegfs/ysu34/hamlib/dia_e2e/O2_16_5.txt,65536,1243,spmv,cusparse_csr,247.295,1.778,0.033371,7464
PREPCSV,/mnt/beegfs/ysu34/hamlib/dia_e2e/O2_16_5.txt,65536,1243,spmspm,ours_flat,1210.437,3.310,154.909058,8
PREPCSV,/mnt/beegfs/ysu34/hamlib/dia_e2e/O2_16_5.txt,65536,1243,spmspm,ours_sym,54.155,4.954,-1.000000,-1
PREPCSV,/mnt/beegfs/ysu34/hamlib/dia_e2e/O2_16_5.txt,65536,1243,spmspm,ours_sym,54.155,4.954,73.505089,1
PREPCSV,/mnt/beegfs/ysu34/hamlib/dia_e2e/O2_16_7.txt,65536,1243,spmv,didx,56.028,1.079,0.034902,1636
PREPCSV,/mnt/beegfs/ysu34/hamlib/dia_e2e/O2_16_7.txt,65536,1243,spmv,gopt,66.475,3.863,0.312843,225
PREPCSV,/mnt/beegfs/ysu34/hamlib/dia_e2e/O2_16_7.txt,65536,1243,spmv,cusparse_csr,247.227,1.776,0.033762,7375
PREPCSV,/mnt/beegfs/ysu34/hamlib/dia_e2e/O2_16_7.txt,65536,1243,spmspm,ours_flat,1215.075,3.199,155.198471,8
PREPCSV,/mnt/beegfs/ysu34/hamlib/dia_e2e/O2_16_7.txt,65536,1243,spmspm,ours_sym,54.632,4.811,-1.000000,-1
PREPCSV,/mnt/beegfs/ysu34/hamlib/dia_e2e/O2_16_7.txt,65536,1243,spmspm,ours_sym,54.632,4.811,73.672729,1
PREPCSV,/mnt/beegfs/ysu34/hamlib/dia_e2e/O2_20_5.txt,1048576,3359,spmv,didx,2815.681,34.987,2.247038,1269
PREPCSV,/mnt/beegfs/ysu34/hamlib/dia_e2e/O2_20_5.txt,1048576,3359,spmv,gopt,2810.261,109.518,1.784101,1637
PREPCSV,/mnt/beegfs/ysu34/hamlib/dia_e2e/O2_20_5.txt,1048576,3359,spmv,cusparse_csr_64i,10817.844,70.732,1.160885,9380
PREPCSV,/mnt/beegfs/ysu34/hamlib/dia_e2e/O2_20_8.txt,1048576,3359,spmv,didx,2812.625,35.342,2.259144,1261
PREPCSV,/mnt/beegfs/ysu34/hamlib/dia_e2e/O2_20_8.txt,1048576,3359,spmv,gopt,2799.168,110.925,1.789928,1626
PREPCSV,/mnt/beegfs/ysu34/hamlib/dia_e2e/O2_20_8.txt,1048576,3359,spmv,cusparse_csr_64i,10939.900,71.177,1.166246,9441
PREPCSV,/mnt/beegfs/ysu34/hamlib/dia_e2e/qmaxcut_16_4.txt,65536,31,spmv,didx,1.792,0.185,0.004637,426
PREPCSV,/mnt/beegfs/ysu34/hamlib/dia_e2e/qmaxcut_16_4.txt,65536,31,spmv,didx_sym,0.653,0.227,0.004933,178
PREPCSV,/mnt/beegfs/ysu34/hamlib/dia_e2e/qmaxcut_16_4.txt,65536,31,spmv,gopt,2.010,0.171,0.008033,272
PREPCSV,/mnt/beegfs/ysu34/hamlib/dia_e2e/qmaxcut_16_4.txt,65536,31,spmv,cusparse_csr,5.397,0.561,0.015640,381
PREPCSV,/mnt/beegfs/ysu34/hamlib/dia_e2e/qmaxcut_16_4.txt,65536,31,spmspm,ours_flat,0.246,0.113,0.074078,5
PREPCSV,/mnt/beegfs/ysu34/hamlib/dia_e2e/qmaxcut_16_4.txt,65536,31,spmspm,hm_atomic,3.863,0.447,0.093670,46
PREPCSV,/mnt/beegfs/ysu34/hamlib/dia_e2e/qmaxcut_16_4.txt,65536,31,spmspm,ours_sym,0.072,0.136,-1.000000,-1
PREPCSV,/mnt/beegfs/ysu34/hamlib/dia_e2e/qmaxcut_16_4.txt,65536,31,spmspm,ours_sym,0.072,0.136,0.039405,5
PREPCSV,/mnt/beegfs/ysu34/hamlib/dia_e2e/qmaxcut_18_4.txt,262144,35,spmv,didx,6.248,0.585,0.008830,774
PREPCSV,/mnt/beegfs/ysu34/hamlib/dia_e2e/qmaxcut_18_4.txt,262144,35,spmv,didx_sym,2.969,0.758,0.008948,417
PREPCSV,/mnt/beegfs/ysu34/hamlib/dia_e2e/qmaxcut_18_4.txt,262144,35,spmv,gopt,6.277,0.644,0.009032,766
PREPCSV,/mnt/beegfs/ysu34/hamlib/dia_e2e/qmaxcut_18_4.txt,262144,35,spmv,cusparse_csr,23.318,1.201,0.026189,936
PREPCSV,/mnt/beegfs/ysu34/hamlib/dia_e2e/qmaxcut_18_4.txt,262144,35,spmspm,ours_flat,0.814,0.180,0.357964,3
PREPCSV,/mnt/beegfs/ysu34/hamlib/dia_e2e/qmaxcut_18_4.txt,262144,35,spmspm,hm_atomic,18.608,1.158,0.435561,45
PREPCSV,/mnt/beegfs/ysu34/hamlib/dia_e2e/qmaxcut_18_4.txt,262144,35,spmspm,ours_sym,0.277,0.230,-1.000000,-1
PREPCSV,/mnt/beegfs/ysu34/hamlib/dia_e2e/qmaxcut_18_4.txt,262144,35,spmspm,ours_sym,0.277,0.230,0.183316,3
PREPCSV,/mnt/beegfs/ysu34/hamlib/dia_e2e/qmaxcut_20_4.txt,1048576,39,spmv,didx,31.998,2.080,0.032604,1045
PREPCSV,/mnt/beegfs/ysu34/hamlib/dia_e2e/qmaxcut_20_4.txt,1048576,39,spmv,didx_sym,12.799,3.046,0.030689,516
PREPCSV,/mnt/beegfs/ysu34/hamlib/dia_e2e/qmaxcut_20_4.txt,1048576,39,spmv,gopt,26.149,2.200,0.030558,928
PREPCSV,/mnt/beegfs/ysu34/hamlib/dia_e2e/qmaxcut_20_4.txt,1048576,39,spmv,cusparse_csr,96.816,3.391,0.060086,1668
PREPCSV,/mnt/beegfs/ysu34/hamlib/dia_e2e/qmaxcut_20_4.txt,1048576,39,spmspm,ours_flat,2.548,0.296,1.903452,1
PREPCSV,/mnt/beegfs/ysu34/hamlib/dia_e2e/qmaxcut_20_4.txt,1048576,39,spmspm,hm_atomic,98.435,3.580,2.512959,41
PREPCSV,/mnt/beegfs/ysu34/hamlib/dia_e2e/qmaxcut_20_4.txt,1048576,39,spmspm,ours_sym,1.166,0.232,-1.000000,-1
PREPCSV,/mnt/beegfs/ysu34/hamlib/dia_e2e/qmaxcut_20_4.txt,1048576,39,spmspm,ours_sym,1.166,0.232,0.981402,1
PREPCSV,/mnt/beegfs/ysu34/hamlib/dia_e2e/tfim_16_4.txt,65536,33,spmv,didx,2.994,0.265,0.004925,662
PREPCSV,/mnt/beegfs/ysu34/hamlib/dia_e2e/tfim_16_4.txt,65536,33,spmv,didx_sym,1.238,0.353,0.004767,334
PREPCSV,/mnt/beegfs/ysu34/hamlib/dia_e2e/tfim_16_4.txt,65536,33,spmv,gopt,3.319,0.239,0.012772,279
PREPCSV,/mnt/beegfs/ysu34/hamlib/dia_e2e/tfim_16_4.txt,65536,33,spmv,cusparse_csr,7.774,0.658,0.020057,420
PREPCSV,/mnt/beegfs/ysu34/hamlib/dia_e2e/tfim_16_4.txt,65536,33,spmspm,ours_flat,0.343,0.127,0.157688,3
PREPCSV,/mnt/beegfs/ysu34/hamlib/dia_e2e/tfim_16_4.txt,65536,33,spmspm,hm_atomic,6.558,0.658,0.219628,33
PREPCSV,/mnt/beegfs/ysu34/hamlib/dia_e2e/tfim_16_4.txt,65536,33,spmspm,ours_sym,0.092,0.151,-1.000000,-1
PREPCSV,/mnt/beegfs/ysu34/hamlib/dia_e2e/tfim_16_4.txt,65536,33,spmspm,ours_sym,0.092,0.151,0.082740,3
PREPCSV,/mnt/beegfs/ysu34/hamlib/dia_e2e/tfim_16_5.txt,65536,33,spmv,didx,2.959,0.273,0.004947,653
PREPCSV,/mnt/beegfs/ysu34/hamlib/dia_e2e/tfim_16_5.txt,65536,33,spmv,didx_sym,1.176,0.349,0.004804,317
PREPCSV,/mnt/beegfs/ysu34/hamlib/dia_e2e/tfim_16_5.txt,65536,33,spmv,gopt,3.282,0.240,0.012755,276
PREPCSV,/mnt/beegfs/ysu34/hamlib/dia_e2e/tfim_16_5.txt,65536,33,spmv,cusparse_csr,7.754,0.639,0.020036,419
PREPCSV,/mnt/beegfs/ysu34/hamlib/dia_e2e/tfim_16_5.txt,65536,33,spmspm,ours_flat,0.315,0.126,0.157613,3
PREPCSV,/mnt/beegfs/ysu34/hamlib/dia_e2e/tfim_16_5.txt,65536,33,spmspm,hm_atomic,6.271,0.655,0.219535,32
PREPCSV,/mnt/beegfs/ysu34/hamlib/dia_e2e/tfim_16_5.txt,65536,33,spmspm,ours_sym,0.093,0.147,-1.000000,-1
PREPCSV,/mnt/beegfs/ysu34/hamlib/dia_e2e/tfim_16_5.txt,65536,33,spmspm,ours_sym,0.093,0.147,0.082728,3
PREPCSV,/mnt/beegfs/ysu34/hamlib/dia_e2e/tfim_18_4.txt,262144,37,spmv,didx,10.950,0.885,0.011784,1004
PREPCSV,/mnt/beegfs/ysu34/hamlib/dia_e2e/tfim_18_4.txt,262144,37,spmv,didx_sym,5.224,1.491,0.009699,692
PREPCSV,/mnt/beegfs/ysu34/hamlib/dia_e2e/tfim_18_4.txt,262144,37,spmv,gopt,12.727,1.147,0.013114,1058
PREPCSV,/mnt/beegfs/ysu34/hamlib/dia_e2e/tfim_18_4.txt,262144,37,spmv,cusparse_csr,33.677,1.781,0.037023,958
PREPCSV,/mnt/beegfs/ysu34/hamlib/dia_e2e/tfim_18_4.txt,262144,37,spmspm,ours_flat,1.103,0.203,0.883968,1
PREPCSV,/mnt/beegfs/ysu34/hamlib/dia_e2e/tfim_18_4.txt,262144,37,spmspm,hm_atomic,35.139,1.703,1.481506,25
PREPCSV,/mnt/beegfs/ysu34/hamlib/dia_e2e/tfim_18_4.txt,262144,37,spmspm,ours_sym,0.387,0.206,-1.000000,-1
PREPCSV,/mnt/beegfs/ysu34/hamlib/dia_e2e/tfim_18_4.txt,262144,37,spmspm,ours_sym,0.387,0.206,0.440883,1
PREPCSV,/mnt/beegfs/ysu34/hamlib/dia_e2e/tfim_18_5.txt,262144,37,spmv,didx,10.371,0.879,0.011919,944
PREPCSV,/mnt/beegfs/ysu34/hamlib/dia_e2e/tfim_18_5.txt,262144,37,spmv,didx_sym,5.399,1.478,0.009874,696
PREPCSV,/mnt/beegfs/ysu34/hamlib/dia_e2e/tfim_18_5.txt,262144,37,spmv,gopt,12.832,1.152,0.013213,1058
PREPCSV,/mnt/beegfs/ysu34/hamlib/dia_e2e/tfim_18_5.txt,262144,37,spmv,cusparse_csr,33.692,1.766,0.037398,948
PREPCSV,/mnt/beegfs/ysu34/hamlib/dia_e2e/tfim_18_5.txt,262144,37,spmspm,ours_flat,0.991,0.202,0.883882,1
PREPCSV,/mnt/beegfs/ysu34/hamlib/dia_e2e/tfim_18_5.txt,262144,37,spmspm,hm_atomic,35.551,1.716,1.481956,25
PREPCSV,/mnt/beegfs/ysu34/hamlib/dia_e2e/tfim_18_5.txt,262144,37,spmspm,ours_sym,0.440,0.281,-1.000000,-1
PREPCSV,/mnt/beegfs/ysu34/hamlib/dia_e2e/tfim_18_5.txt,262144,37,spmspm,ours_sym,0.440,0.281,0.433434,2
PREPCSV,/mnt/beegfs/ysu34/hamlib/dia_e2e/tfim_20_5.txt,1048576,41,spmv,didx,99.971,3.555,0.058408,1772
PREPCSV,/mnt/beegfs/ysu34/hamlib/dia_e2e/tfim_20_5.txt,1048576,41,spmv,didx_sym,25.009,5.628,0.041082,746
PREPCSV,/mnt/beegfs/ysu34/hamlib/dia_e2e/tfim_20_5.txt,1048576,41,spmv,gopt,53.119,4.158,0.055013,1041
PREPCSV,/mnt/beegfs/ysu34/hamlib/dia_e2e/tfim_20_5.txt,1048576,41,spmv,cusparse_csr,143.603,5.864,0.109508,1365
PREPCSV,/mnt/beegfs/ysu34/hamlib/dia_e2e/tfim_20_5.txt,1048576,41,spmspm,ours_flat,4.103,0.408,4.722571,1
PREPCSV,/mnt/beegfs/ysu34/hamlib/dia_e2e/tfim_20_5.txt,1048576,41,spmspm,hm_atomic,176.344,6.048,7.705377,24
PREPCSV,/mnt/beegfs/ysu34/hamlib/dia_e2e/tfim_20_5.txt,1048576,41,spmspm,ours_sym,1.806,1.653,-1.000000,-1
PREPCSV,/mnt/beegfs/ysu34/hamlib/dia_e2e/tfim_20_5.txt,1048576,41,spmspm,ours_sym,1.806,1.653,2.329104,1
PREPCSV,/mnt/beegfs/ysu34/hamlib/dia_e2e/tsp_18_4.txt,262144,1,spmv,didx,0.972,0.206,0.003568,330
PREPCSV,/mnt/beegfs/ysu34/hamlib/dia_e2e/tsp_18_4.txt,262144,1,spmv,didx_sym,0.319,0.210,0.003537,150
PREPCSV,/mnt/beegfs/ysu34/hamlib/dia_e2e/tsp_18_4.txt,262144,1,spmv,gopt,0.442,0.108,0.003191,173
PREPCSV,/mnt/beegfs/ysu34/hamlib/dia_e2e/tsp_18_4.txt,262144,1,spmv,cusparse_csr,1.057,0.520,0.016694,94
PREPCSV,/mnt/beegfs/ysu34/hamlib/dia_e2e/tsp_18_4.txt,262144,1,spmspm,ours_flat,0.156,0.064,0.004616,48
PREPCSV,/mnt/beegfs/ysu34/hamlib/dia_e2e/tsp_18_4.txt,262144,1,spmspm,hm_atomic,0.505,0.194,0.005897,119
PREPCSV,/mnt/beegfs/ysu34/hamlib/dia_e2e/tsp_18_4.txt,262144,1,spmspm,ours_sym,0.097,0.064,-1.000000,-1
PREPCSV,/mnt/beegfs/ysu34/hamlib/dia_e2e/tsp_18_4.txt,262144,1,spmspm,ours_sym,0.097,0.064,0.004557,35
PREPCSV,/mnt/beegfs/ysu34/hamlib/dia_suitesparse/ecology2.txt,999999,7,spmv,didx,10.614,1.078,0.010979,1065
PREPCSV,/mnt/beegfs/ysu34/hamlib/dia_suitesparse/ecology2.txt,999999,7,spmv,didx_sym,5.078,1.299,0.011961,533
PREPCSV,/mnt/beegfs/ysu34/hamlib/dia_suitesparse/ecology2.txt,999999,7,spmv,gopt,8.025,0.706,0.009851,886
PREPCSV,/mnt/beegfs/ysu34/hamlib/dia_suitesparse/ecology2.txt,999999,7,spmv,cusparse_csr,11.032,1.996,0.037881,344
PREPCSV,/mnt/beegfs/ysu34/hamlib/dia_suitesparse/ecology2.txt,999999,7,spmspm,ours_flat,0.672,0.118,0.122788,6
PREPCSV,/mnt/beegfs/ysu34/hamlib/dia_suitesparse/ecology2.txt,999999,7,spmspm,hm_atomic,7.766,1.526,0.212836,44
PREPCSV,/mnt/beegfs/ysu34/hamlib/dia_suitesparse/ecology2.txt,999999,7,spmspm,ours_sym,0.441,0.148,-1.000000,-1
PREPCSV,/mnt/beegfs/ysu34/hamlib/dia_suitesparse/ecology2.txt,999999,7,spmspm,ours_sym,0.441,0.148,0.066943,9
PREPCSV,/mnt/beegfs/ysu34/hamlib/dia_suitesparse/atmosmodd.txt,1270432,7,spmv,didx,20.480,1.834,0.025889,862
PREPCSV,/mnt/beegfs/ysu34/hamlib/dia_suitesparse/atmosmodd.txt,1270432,7,spmv,gopt,16.260,1.399,0.015667,1127
PREPCSV,/mnt/beegfs/ysu34/hamlib/dia_suitesparse/atmosmodd.txt,1270432,7,spmv,cusparse_csr,16.855,3.045,0.051994,383
PREPCSV,/mnt/beegfs/ysu34/hamlib/dia_suitesparse/atmosmodd.txt,1270432,7,spmspm,ours_flat,0.875,0.146,0.186892,5
PREPCSV,/mnt/beegfs/ysu34/hamlib/dia_suitesparse/atmosmodd.txt,1270432,7,spmspm,hm_atomic,12.546,1.786,0.302984,47
PREPCSV,/mnt/beegfs/ysu34/hamlib/dia_suitesparse/atmosmodd.txt,1270432,7,spmspm,ours_sym,0.542,0.195,-1.000000,-1
PREPCSV,/mnt/beegfs/ysu34/hamlib/dia_suitesparse/atmosmodd.txt,1270432,7,spmspm,ours_sym,0.542,0.195,0.097162,8
PREPCSV,/mnt/beegfs/ysu34/hamlib/dia_suitesparse/Lin.txt,256000,7,spmv,didx,3.317,0.389,0.005665,654
PREPCSV,/mnt/beegfs/ysu34/hamlib/dia_suitesparse/Lin.txt,256000,7,spmv,didx_sym,1.509,0.391,0.005545,343
PREPCSV,/mnt/beegfs/ysu34/hamlib/dia_suitesparse/Lin.txt,256000,7,spmv,gopt,2.536,0.236,0.005566,498
PREPCSV,/mnt/beegfs/ysu34/hamlib/dia_suitesparse/Lin.txt,256000,7,spmv,cusparse_csr,3.267,0.831,0.021880,187
PREPCSV,/mnt/beegfs/ysu34/hamlib/dia_suitesparse/Lin.txt,256000,7,spmspm,ours_flat,0.290,0.122,0.035645,12
PREPCSV,/mnt/beegfs/ysu34/hamlib/dia_suitesparse/Lin.txt,256000,7,spmspm,hm_atomic,1.775,0.532,0.046280,50
PREPCSV,/mnt/beegfs/ysu34/hamlib/dia_suitesparse/Lin.txt,256000,7,spmspm,ours_sym,0.111,0.116,-1.000000,-1
PREPCSV,/mnt/beegfs/ysu34/hamlib/dia_suitesparse/Lin.txt,256000,7,spmspm,ours_sym,0.111,0.116,0.021046,11
PREPCSV,/mnt/beegfs/ysu34/hamlib/dia_e2e/BH_20_7.txt,1048576,127,spmv,didx,206.747,4.079,0.088694,2377
PREPCSV,/mnt/beegfs/ysu34/hamlib/dia_e2e/BH_20_7.txt,1048576,127,spmv,gopt,175.711,9.487,0.129487,1430
PREPCSV,/mnt/beegfs/ysu34/hamlib/dia_e2e/BH_20_7.txt,1048576,127,spmv,cusparse_csr,342.465,6.961,0.129115,2706
PREPCSV,/mnt/beegfs/ysu34/hamlib/dia_e2e/BH_20_7.txt,1048576,127,spmspm,ours_flat,32.311,2.009,45.691551,1
PREPCSV,/mnt/beegfs/ysu34/hamlib/dia_e2e/BH_20_7.txt,1048576,127,spmspm,ours_sym,12.404,12.049,-1.000000,-1
PREPCSV,/mnt/beegfs/ysu34/hamlib/dia_e2e/BH_20_7.txt,1048576,127,spmspm,ours_sym,12.404,12.049,22.953136,1
PREPCSV,/mnt/beegfs/ysu34/hamlib/dia_e2e/fermi_16_5.txt,65536,29,spmv,didx,2.117,0.175,0.004683,490
PREPCSV,/mnt/beegfs/ysu34/hamlib/dia_e2e/fermi_16_5.txt,65536,29,spmv,didx_sym,0.878,0.280,0.004714,246
PREPCSV,/mnt/beegfs/ysu34/hamlib/dia_e2e/fermi_16_5.txt,65536,29,spmv,gopt,2.854,0.206,0.010674,287
PREPCSV,/mnt/beegfs/ysu34/hamlib/dia_e2e/fermi_16_5.txt,65536,29,spmv,cusparse_csr,6.006,0.567,0.015196,433
PREPCSV,/mnt/beegfs/ysu34/hamlib/dia_e2e/fermi_16_5.txt,65536,29,spmspm,ours_flat,0.242,0.135,0.129492,3
PREPCSV,/mnt/beegfs/ysu34/hamlib/dia_e2e/fermi_16_5.txt,65536,29,spmspm,hm_atomic,5.072,0.542,0.174605,32
PREPCSV,/mnt/beegfs/ysu34/hamlib/dia_e2e/fermi_16_5.txt,65536,29,spmspm,ours_sym,0.080,0.139,-1.000000,-1
PREPCSV,/mnt/beegfs/ysu34/hamlib/dia_e2e/fermi_16_5.txt,65536,29,spmspm,ours_sym,0.080,0.139,0.068473,3
PREPCSV,/mnt/beegfs/ysu34/hamlib/dia_e2e/heis_16_5.txt,65536,31,spmv,didx,2.264,0.188,0.004658,526
PREPCSV,/mnt/beegfs/ysu34/hamlib/dia_e2e/heis_16_5.txt,65536,31,spmv,didx_sym,1.067,0.291,0.004886,278
PREPCSV,/mnt/beegfs/ysu34/hamlib/dia_e2e/heis_16_5.txt,65536,31,spmv,gopt,3.019,0.216,0.011501,281
PREPCSV,/mnt/beegfs/ysu34/hamlib/dia_e2e/heis_16_5.txt,65536,31,spmv,cusparse_csr,6.321,0.537,0.015265,449
PREPCSV,/mnt/beegfs/ysu34/hamlib/dia_e2e/heis_16_5.txt,65536,31,spmspm,ours_flat,0.280,0.136,0.147165,3
PREPCSV,/mnt/beegfs/ysu34/hamlib/dia_e2e/heis_16_5.txt,65536,31,spmspm,hm_atomic,5.853,0.545,0.203752,31
PREPCSV,/mnt/beegfs/ysu34/hamlib/dia_e2e/heis_16_5.txt,65536,31,spmspm,ours_sym,0.098,0.158,-1.000000,-1
PREPCSV,/mnt/beegfs/ysu34/hamlib/dia_e2e/heis_16_5.txt,65536,31,spmspm,ours_sym,0.098,0.158,0.077197,3
PREPCSV,/mnt/beegfs/ysu34/hamlib/dia_e2e/heis_18_5.txt,262144,35,spmv,didx,9.858,0.611,0.008847,1183
PREPCSV,/mnt/beegfs/ysu34/hamlib/dia_e2e/heis_18_5.txt,262144,35,spmv,didx_sym,4.142,1.270,0.008464,639
PREPCSV,/mnt/beegfs/ysu34/hamlib/dia_e2e/heis_18_5.txt,262144,35,spmv,gopt,11.128,0.961,0.011942,1012
PREPCSV,/mnt/beegfs/ysu34/hamlib/dia_e2e/heis_18_5.txt,262144,35,spmv,cusparse_csr,27.248,1.213,0.025585,1112
PREPCSV,/mnt/beegfs/ysu34/hamlib/dia_e2e/heis_18_5.txt,262144,35,spmspm,ours_flat,0.910,0.192,0.824281,1
PREPCSV,/mnt/beegfs/ysu34/hamlib/dia_e2e/heis_18_5.txt,262144,35,spmspm,hm_atomic,33.060,1.749,1.406447,25
PREPCSV,/mnt/beegfs/ysu34/hamlib/dia_e2e/heis_18_5.txt,262144,35,spmspm,ours_sym,0.418,0.180,-1.000000,-1
PREPCSV,/mnt/beegfs/ysu34/hamlib/dia_e2e/heis_18_5.txt,262144,35,spmspm,ours_sym,0.418,0.180,0.396173,2
PREPCSV,/mnt/beegfs/ysu34/hamlib/dia_e2e/heis_20_5.txt,1048576,39,spmv,didx,53.446,2.051,0.032179,1725
PREPCSV,/mnt/beegfs/ysu34/hamlib/dia_e2e/heis_20_5.txt,1048576,39,spmv,didx_sym,21.290,5.163,0.031592,837
PREPCSV,/mnt/beegfs/ysu34/hamlib/dia_e2e/heis_20_5.txt,1048576,39,spmv,gopt,47.983,3.319,0.044682,1148
PREPCSV,/mnt/beegfs/ysu34/hamlib/dia_e2e/heis_20_5.txt,1048576,39,spmv,cusparse_csr,116.526,3.556,0.059616,2014
PREPCSV,/mnt/beegfs/ysu34/hamlib/dia_e2e/heis_20_5.txt,1048576,39,spmspm,ours_flat,3.953,0.492,4.401612,1
PREPCSV,/mnt/beegfs/ysu34/hamlib/dia_e2e/heis_20_5.txt,1048576,39,spmspm,hm_atomic,165.911,5.910,7.312241,23
PREPCSV,/mnt/beegfs/ysu34/hamlib/dia_e2e/heis_20_5.txt,1048576,39,spmspm,ours_sym,1.702,0.765,-1.000000,-1
PREPCSV,/mnt/beegfs/ysu34/hamlib/dia_e2e/heis_20_5.txt,1048576,39,spmspm,ours_sym,1.702,0.765,2.176760,1
PREPCSV,/mnt/beegfs/ysu34/hamlib/dia_e2e/heis_20_6.txt,1048576,39,spmv,didx,55.954,2.078,0.032081,1809
PREPCSV,/mnt/beegfs/ysu34/hamlib/dia_e2e/heis_20_6.txt,1048576,39,spmv,didx_sym,22.769,5.299,0.031614,888
PREPCSV,/mnt/beegfs/ysu34/hamlib/dia_e2e/heis_20_6.txt,1048576,39,spmv,gopt,47.841,3.352,0.044784,1143
PREPCSV,/mnt/beegfs/ysu34/hamlib/dia_e2e/heis_20_6.txt,1048576,39,spmv,cusparse_csr,111.953,3.419,0.059566,1937
PREPCSV,/mnt/beegfs/ysu34/hamlib/dia_e2e/heis_20_6.txt,1048576,39,spmspm,ours_flat,4.160,0.467,4.397503,1
PREPCSV,/mnt/beegfs/ysu34/hamlib/dia_e2e/heis_20_6.txt,1048576,39,spmspm,hm_atomic,166.305,5.922,7.314797,24
PREPCSV,/mnt/beegfs/ysu34/hamlib/dia_e2e/heis_20_6.txt,1048576,39,spmspm,ours_sym,1.941,0.553,-1.000000,-1
PREPCSV,/mnt/beegfs/ysu34/hamlib/dia_e2e/heis_20_6.txt,1048576,39,spmspm,ours_sym,1.941,0.553,2.187119,1
PREPCSV,/mnt/beegfs/ysu34/hamlib/dia_e2e/maxcut_16_5.txt,65536,1,spmv,didx,0.202,0.054,0.002957,87
PREPCSV,/mnt/beegfs/ysu34/hamlib/dia_e2e/maxcut_16_5.txt,65536,1,spmv,didx_sym,0.124,0.056,0.002924,62
PREPCSV,/mnt/beegfs/ysu34/hamlib/dia_e2e/maxcut_16_5.txt,65536,1,spmv,gopt,0.076,0.038,0.002914,39
PREPCSV,/mnt/beegfs/ysu34/hamlib/dia_e2e/maxcut_16_5.txt,65536,1,spmv,cusparse_csr,0.218,0.371,0.018090,33
PREPCSV,/mnt/beegfs/ysu34/hamlib/dia_e2e/maxcut_16_5.txt,65536,1,spmspm,ours_flat,0.039,0.028,0.004387,15
PREPCSV,/mnt/beegfs/ysu34/hamlib/dia_e2e/maxcut_16_5.txt,65536,1,spmspm,hm_atomic,0.174,0.078,0.005197,49
PREPCSV,/mnt/beegfs/ysu34/hamlib/dia_e2e/maxcut_16_5.txt,65536,1,spmspm,ours_sym,0.026,0.027,-1.000000,-1
PREPCSV,/mnt/beegfs/ysu34/hamlib/dia_e2e/maxcut_16_5.txt,65536,1,spmspm,ours_sym,0.026,0.027,0.004284,13
PREPCSV,/mnt/beegfs/ysu34/hamlib/dia_e2e/maxcut_18_5.txt,262144,1,spmv,didx,0.976,0.213,0.003548,335
PREPCSV,/mnt/beegfs/ysu34/hamlib/dia_e2e/maxcut_18_5.txt,262144,1,spmv,didx_sym,0.313,0.212,0.003527,149
PREPCSV,/mnt/beegfs/ysu34/hamlib/dia_e2e/maxcut_18_5.txt,262144,1,spmv,gopt,0.474,0.109,0.003181,183
PREPCSV,/mnt/beegfs/ysu34/hamlib/dia_e2e/maxcut_18_5.txt,262144,1,spmv,cusparse_csr,1.079,0.533,0.016690,97
PREPCSV,/mnt/beegfs/ysu34/hamlib/dia_e2e/maxcut_18_5.txt,262144,1,spmspm,ours_flat,0.151,0.062,0.004591,46
PREPCSV,/mnt/beegfs/ysu34/hamlib/dia_e2e/maxcut_18_5.txt,262144,1,spmspm,hm_atomic,0.505,0.198,0.005900,119
PREPCSV,/mnt/beegfs/ysu34/hamlib/dia_e2e/maxcut_18_5.txt,262144,1,spmspm,ours_sym,0.151,0.064,-1.000000,-1
PREPCSV,/mnt/beegfs/ysu34/hamlib/dia_e2e/maxcut_18_5.txt,262144,1,spmspm,ours_sym,0.151,0.064,0.004555,47
PREPCSV,/mnt/beegfs/ysu34/hamlib/dia_e2e/maxcut_20_5.txt,1048576,1,spmv,didx,2.583,0.378,0.006434,460
PREPCSV,/mnt/beegfs/ysu34/hamlib/dia_e2e/maxcut_20_5.txt,1048576,1,spmv,didx_sym,1.443,0.379,0.006528,279
PREPCSV,/mnt/beegfs/ysu34/hamlib/dia_e2e/maxcut_20_5.txt,1048576,1,spmv,gopt,1.238,0.169,0.004820,292
PREPCSV,/mnt/beegfs/ysu34/hamlib/dia_e2e/maxcut_20_5.txt,1048576,1,spmv,cusparse_csr,3.046,0.766,0.029253,130
PREPCSV,/mnt/beegfs/ysu34/hamlib/dia_e2e/maxcut_20_5.txt,1048576,1,spmspm,ours_flat,0.634,0.094,0.007194,101
PREPCSV,/mnt/beegfs/ysu34/hamlib/dia_e2e/maxcut_20_5.txt,1048576,1,spmspm,hm_atomic,2.838,0.464,0.010232,323
PREPCSV,/mnt/beegfs/ysu34/hamlib/dia_e2e/maxcut_20_5.txt,1048576,1,spmspm,ours_sym,0.374,0.092,-1.000000,-1
PREPCSV,/mnt/beegfs/ysu34/hamlib/dia_e2e/maxcut_20_5.txt,1048576,1,spmspm,ours_sym,0.374,0.092,0.007167,65
PREPCSV,/mnt/beegfs/ysu34/hamlib/dia_e2e/O2_16_5.txt,65536,1243,spmv,didx,56.077,1.122,0.034790,1644
PREPCSV,/mnt/beegfs/ysu34/hamlib/dia_e2e/O2_16_5.txt,65536,1243,spmv,gopt,66.480,3.838,0.312726,225
PREPCSV,/mnt/beegfs/ysu34/hamlib/dia_e2e/O2_16_5.txt,65536,1243,spmv,cusparse_csr,244.105,1.741,0.033288,7385
PREPCSV,/mnt/beegfs/ysu34/hamlib/dia_e2e/O2_16_5.txt,65536,1243,spmspm,ours_flat,1210.804,3.325,155.439880,8
PREPCSV,/mnt/beegfs/ysu34/hamlib/dia_e2e/O2_16_5.txt,65536,1243,spmspm,ours_sym,53.400,4.780,-1.000000,-1
PREPCSV,/mnt/beegfs/ysu34/hamlib/dia_e2e/O2_16_5.txt,65536,1243,spmspm,ours_sym,53.400,4.780,73.815559,1
PREPCSV,/mnt/beegfs/ysu34/hamlib/dia_e2e/O2_16_7.txt,65536,1243,spmv,didx,56.282,1.127,0.034984,1641
PREPCSV,/mnt/beegfs/ysu34/hamlib/dia_e2e/O2_16_7.txt,65536,1243,spmv,gopt,66.388,3.870,0.312855,225
PREPCSV,/mnt/beegfs/ysu34/hamlib/dia_e2e/O2_16_7.txt,65536,1243,spmv,cusparse_csr,247.267,1.822,0.033235,7495
PREPCSV,/mnt/beegfs/ysu34/hamlib/dia_e2e/O2_16_7.txt,65536,1243,spmspm,ours_flat,1216.454,3.357,155.186523,8
PREPCSV,/mnt/beegfs/ysu34/hamlib/dia_e2e/O2_16_7.txt,65536,1243,spmspm,ours_sym,54.615,4.898,-1.000000,-1
PREPCSV,/mnt/beegfs/ysu34/hamlib/dia_e2e/O2_16_7.txt,65536,1243,spmspm,ours_sym,54.615,4.898,73.774345,1
PREPCSV,/mnt/beegfs/ysu34/hamlib/dia_e2e/O2_20_5.txt,1048576,3359,spmv,didx,2804.529,35.583,2.255456,1259
PREPCSV,/mnt/beegfs/ysu34/hamlib/dia_e2e/O2_20_5.txt,1048576,3359,spmv,gopt,2793.694,111.786,1.783093,1629
PREPCSV,/mnt/beegfs/ysu34/hamlib/dia_e2e/O2_20_5.txt,1048576,3359,spmv,cusparse_csr_64i,10874.062,72.113,1.152404,9499
PREPCSV,/mnt/beegfs/ysu34/hamlib/dia_e2e/O2_20_8.txt,1048576,3359,spmv,didx,2849.167,35.240,2.237636,1289
PREPCSV,/mnt/beegfs/ysu34/hamlib/dia_e2e/O2_20_8.txt,1048576,3359,spmv,gopt,2794.572,110.667,1.785551,1627
PREPCSV,/mnt/beegfs/ysu34/hamlib/dia_e2e/O2_20_8.txt,1048576,3359,spmv,cusparse_csr_64i,10926.327,71.354,1.149516,9567
PREPCSV,/mnt/beegfs/ysu34/hamlib/dia_e2e/qmaxcut_16_4.txt,65536,31,spmv,didx,1.436,0.184,0.004481,361
PREPCSV,/mnt/beegfs/ysu34/hamlib/dia_e2e/qmaxcut_16_4.txt,65536,31,spmv,didx_sym,0.652,0.222,0.004807,182
PREPCSV,/mnt/beegfs/ysu34/hamlib/dia_e2e/qmaxcut_16_4.txt,65536,31,spmv,gopt,1.573,0.173,0.007872,222
PREPCSV,/mnt/beegfs/ysu34/hamlib/dia_e2e/qmaxcut_16_4.txt,65536,31,spmv,cusparse_csr,5.215,0.532,0.015303,376
PREPCSV,/mnt/beegfs/ysu34/hamlib/dia_e2e/qmaxcut_16_4.txt,65536,31,spmspm,ours_flat,0.268,0.131,0.074012,5
PREPCSV,/mnt/beegfs/ysu34/hamlib/dia_e2e/qmaxcut_16_4.txt,65536,31,spmspm,hm_atomic,3.796,0.441,0.093394,45
PREPCSV,/mnt/beegfs/ysu34/hamlib/dia_e2e/qmaxcut_16_4.txt,65536,31,spmspm,ours_sym,0.069,0.145,-1.000000,-1
PREPCSV,/mnt/beegfs/ysu34/hamlib/dia_e2e/qmaxcut_16_4.txt,65536,31,spmspm,ours_sym,0.069,0.145,0.039327,5
PREPCSV,/mnt/beegfs/ysu34/hamlib/dia_e2e/qmaxcut_18_4.txt,262144,35,spmv,didx,6.389,0.571,0.008804,790
PREPCSV,/mnt/beegfs/ysu34/hamlib/dia_e2e/qmaxcut_18_4.txt,262144,35,spmv,didx_sym,2.868,0.760,0.008934,406
PREPCSV,/mnt/beegfs/ysu34/hamlib/dia_e2e/qmaxcut_18_4.txt,262144,35,spmv,gopt,6.107,0.610,0.009041,743
PREPCSV,/mnt/beegfs/ysu34/hamlib/dia_e2e/qmaxcut_18_4.txt,262144,35,spmv,cusparse_csr,23.305,1.198,0.026149,937
PREPCSV,/mnt/beegfs/ysu34/hamlib/dia_e2e/qmaxcut_18_4.txt,262144,35,spmspm,ours_flat,0.695,0.180,0.357364,2
PREPCSV,/mnt/beegfs/ysu34/hamlib/dia_e2e/qmaxcut_18_4.txt,262144,35,spmspm,hm_atomic,18.958,1.137,0.435409,46
PREPCSV,/mnt/beegfs/ysu34/hamlib/dia_e2e/qmaxcut_18_4.txt,262144,35,spmspm,ours_sym,0.280,0.223,-1.000000,-1
PREPCSV,/mnt/beegfs/ysu34/hamlib/dia_e2e/qmaxcut_18_4.txt,262144,35,spmspm,ours_sym,0.280,0.223,0.182883,3
PREPCSV,/mnt/beegfs/ysu34/hamlib/dia_e2e/qmaxcut_20_4.txt,1048576,39,spmv,didx,31.200,2.087,0.032513,1024
PREPCSV,/mnt/beegfs/ysu34/hamlib/dia_e2e/qmaxcut_20_4.txt,1048576,39,spmv,didx_sym,12.480,3.302,0.030646,515
PREPCSV,/mnt/beegfs/ysu34/hamlib/dia_e2e/qmaxcut_20_4.txt,1048576,39,spmv,gopt,27.087,2.234,0.030385,965
PREPCSV,/mnt/beegfs/ysu34/hamlib/dia_e2e/qmaxcut_20_4.txt,1048576,39,spmv,cusparse_csr,96.753,3.323,0.059736,1675
PREPCSV,/mnt/beegfs/ysu34/hamlib/dia_e2e/qmaxcut_20_4.txt,1048576,39,spmspm,ours_flat,2.553,0.285,1.900353,1
PREPCSV,/mnt/beegfs/ysu34/hamlib/dia_e2e/qmaxcut_20_4.txt,1048576,39,spmspm,hm_atomic,98.415,3.573,2.515569,41
PREPCSV,/mnt/beegfs/ysu34/hamlib/dia_e2e/qmaxcut_20_4.txt,1048576,39,spmspm,ours_sym,1.161,1.075,-1.000000,-1
PREPCSV,/mnt/beegfs/ysu34/hamlib/dia_e2e/qmaxcut_20_4.txt,1048576,39,spmspm,ours_sym,1.161,1.075,0.987427,2
PREPCSV,/mnt/beegfs/ysu34/hamlib/dia_e2e/tfim_16_4.txt,65536,33,spmv,didx,2.967,0.272,0.004881,663
PREPCSV,/mnt/beegfs/ysu34/hamlib/dia_e2e/tfim_16_4.txt,65536,33,spmv,didx_sym,1.219,0.351,0.004643,338
PREPCSV,/mnt/beegfs/ysu34/hamlib/dia_e2e/tfim_16_4.txt,65536,33,spmv,gopt,3.544,0.240,0.012647,299
PREPCSV,/mnt/beegfs/ysu34/hamlib/dia_e2e/tfim_16_4.txt,65536,33,spmv,cusparse_csr,7.632,0.640,0.019550,423
PREPCSV,/mnt/beegfs/ysu34/hamlib/dia_e2e/tfim_16_4.txt,65536,33,spmspm,ours_flat,0.318,0.126,0.157482,3
PREPCSV,/mnt/beegfs/ysu34/hamlib/dia_e2e/tfim_16_4.txt,65536,33,spmspm,hm_atomic,6.211,0.565,0.219055,31
PREPCSV,/mnt/beegfs/ysu34/hamlib/dia_e2e/tfim_16_4.txt,65536,33,spmspm,ours_sym,0.093,0.145,-1.000000,-1
PREPCSV,/mnt/beegfs/ysu34/hamlib/dia_e2e/tfim_16_4.txt,65536,33,spmspm,ours_sym,0.093,0.145,0.082573,3
PREPCSV,/mnt/beegfs/ysu34/hamlib/dia_e2e/tfim_16_5.txt,65536,33,spmv,didx,3.062,0.269,0.004925,676
PREPCSV,/mnt/beegfs/ysu34/hamlib/dia_e2e/tfim_16_5.txt,65536,33,spmv,didx_sym,1.219,0.349,0.004821,325
PREPCSV,/mnt/beegfs/ysu34/hamlib/dia_e2e/tfim_16_5.txt,65536,33,spmv,gopt,3.439,0.242,0.012776,288
PREPCSV,/mnt/beegfs/ysu34/hamlib/dia_e2e/tfim_16_5.txt,65536,33,spmv,cusparse_csr,7.604,0.648,0.020029,412
PREPCSV,/mnt/beegfs/ysu34/hamlib/dia_e2e/tfim_16_5.txt,65536,33,spmspm,ours_flat,0.316,0.137,0.157692,3
PREPCSV,/mnt/beegfs/ysu34/hamlib/dia_e2e/tfim_16_5.txt,65536,33,spmspm,hm_atomic,6.363,0.561,0.219521,32
PREPCSV,/mnt/beegfs/ysu34/hamlib/dia_e2e/tfim_16_5.txt,65536,33,spmspm,ours_sym,0.095,0.161,-1.000000,-1
PREPCSV,/mnt/beegfs/ysu34/hamlib/dia_e2e/tfim_16_5.txt,65536,33,spmspm,ours_sym,0.095,0.161,0.082798,3
PREPCSV,/mnt/beegfs/ysu34/hamlib/dia_e2e/tfim_18_4.txt,262144,37,spmv,didx,11.156,0.884,0.011844,1017
PREPCSV,/mnt/beegfs/ysu34/hamlib/dia_e2e/tfim_18_4.txt,262144,37,spmv,didx_sym,5.500,1.481,0.009693,720
PREPCSV,/mnt/beegfs/ysu34/hamlib/dia_e2e/tfim_18_4.txt,262144,37,spmv,gopt,12.668,1.149,0.013119,1053
PREPCSV,/mnt/beegfs/ysu34/hamlib/dia_e2e/tfim_18_4.txt,262144,37,spmv,cusparse_csr,33.615,1.776,0.037075,955
PREPCSV,/mnt/beegfs/ysu34/hamlib/dia_e2e/tfim_18_4.txt,262144,37,spmspm,ours_flat,0.995,0.199,0.884036,1
PREPCSV,/mnt/beegfs/ysu34/hamlib/dia_e2e/tfim_18_4.txt,262144,37,spmspm,hm_atomic,35.234,1.705,1.481841,25
PREPCSV,/mnt/beegfs/ysu34/hamlib/dia_e2e/tfim_18_4.txt,262144,37,spmspm,ours_sym,0.389,0.254,-1.000000,-1
PREPCSV,/mnt/beegfs/ysu34/hamlib/dia_e2e/tfim_18_4.txt,262144,37,spmspm,ours_sym,0.389,0.254,0.432675,1
PREPCSV,/mnt/beegfs/ysu34/hamlib/dia_e2e/tfim_18_5.txt,262144,37,spmv,didx,11.795,0.891,0.011874,1068
PREPCSV,/mnt/beegfs/ysu34/hamlib/dia_e2e/tfim_18_5.txt,262144,37,spmv,didx_sym,5.519,1.490,0.009850,712
PREPCSV,/mnt/beegfs/ysu34/hamlib/dia_e2e/tfim_18_5.txt,262144,37,spmv,gopt,11.863,1.140,0.013194,986
PREPCSV,/mnt/beegfs/ysu34/hamlib/dia_e2e/tfim_18_5.txt,262144,37,spmv,cusparse_csr,33.307,1.781,0.037409,938
PREPCSV,/mnt/beegfs/ysu34/hamlib/dia_e2e/tfim_18_5.txt,262144,37,spmspm,ours_flat,0.987,0.204,0.884747,1
PREPCSV,/mnt/beegfs/ysu34/hamlib/dia_e2e/tfim_18_5.txt,262144,37,spmspm,hm_atomic,35.060,1.788,1.482232,25
PREPCSV,/mnt/beegfs/ysu34/hamlib/dia_e2e/tfim_18_5.txt,262144,37,spmspm,ours_sym,0.387,0.204,-1.000000,-1
PREPCSV,/mnt/beegfs/ysu34/hamlib/dia_e2e/tfim_18_5.txt,262144,37,spmspm,ours_sym,0.387,0.204,0.438383,1
PREPCSV,/mnt/beegfs/ysu34/hamlib/dia_e2e/tfim_20_5.txt,1048576,41,spmv,didx,98.869,3.549,0.058364,1755
PREPCSV,/mnt/beegfs/ysu34/hamlib/dia_e2e/tfim_20_5.txt,1048576,41,spmv,didx_sym,26.299,5.766,0.041199,778
PREPCSV,/mnt/beegfs/ysu34/hamlib/dia_e2e/tfim_20_5.txt,1048576,41,spmv,gopt,53.324,4.192,0.054920,1047
PREPCSV,/mnt/beegfs/ysu34/hamlib/dia_e2e/tfim_20_5.txt,1048576,41,spmv,cusparse_csr,144.293,5.908,0.109441,1372
PREPCSV,/mnt/beegfs/ysu34/hamlib/dia_e2e/tfim_20_5.txt,1048576,41,spmspm,ours_flat,3.896,0.472,4.726121,1
PREPCSV,/mnt/beegfs/ysu34/hamlib/dia_e2e/tfim_20_5.txt,1048576,41,spmspm,hm_atomic,174.971,5.989,7.705560,23
PREPCSV,/mnt/beegfs/ysu34/hamlib/dia_e2e/tfim_20_5.txt,1048576,41,spmspm,ours_sym,1.792,1.667,-1.000000,-1
PREPCSV,/mnt/beegfs/ysu34/hamlib/dia_e2e/tfim_20_5.txt,1048576,41,spmspm,ours_sym,1.792,1.667,2.335952,1
PREPCSV,/mnt/beegfs/ysu34/hamlib/dia_e2e/tsp_18_4.txt,262144,1,spmv,didx,0.982,0.209,0.003715,321
PREPCSV,/mnt/beegfs/ysu34/hamlib/dia_e2e/tsp_18_4.txt,262144,1,spmv,didx_sym,0.315,0.215,0.003696,144
PREPCSV,/mnt/beegfs/ysu34/hamlib/dia_e2e/tsp_18_4.txt,262144,1,spmv,gopt,0.475,0.109,0.003316,176
PREPCSV,/mnt/beegfs/ysu34/hamlib/dia_e2e/tsp_18_4.txt,262144,1,spmv,cusparse_csr,1.050,0.524,0.017170,92
PREPCSV,/mnt/beegfs/ysu34/hamlib/dia_e2e/tsp_18_4.txt,262144,1,spmspm,ours_flat,0.152,0.063,0.004738,46
PREPCSV,/mnt/beegfs/ysu34/hamlib/dia_e2e/tsp_18_4.txt,262144,1,spmspm,hm_atomic,0.505,0.196,0.006232,112
PREPCSV,/mnt/beegfs/ysu34/hamlib/dia_e2e/tsp_18_4.txt,262144,1,spmspm,ours_sym,0.096,0.064,-1.000000,-1
PREPCSV,/mnt/beegfs/ysu34/hamlib/dia_e2e/tsp_18_4.txt,262144,1,spmspm,ours_sym,0.096,0.064,0.004728,34
PREPCSV,/mnt/beegfs/ysu34/hamlib/dia_suitesparse/ecology2.txt,999999,7,spmv,didx,10.621,1.112,0.011069,1060
PREPCSV,/mnt/beegfs/ysu34/hamlib/dia_suitesparse/ecology2.txt,999999,7,spmv,didx_sym,5.087,1.311,0.012072,530
PREPCSV,/mnt/beegfs/ysu34/hamlib/dia_suitesparse/ecology2.txt,999999,7,spmv,gopt,8.601,0.730,0.009996,933
PREPCSV,/mnt/beegfs/ysu34/hamlib/dia_suitesparse/ecology2.txt,999999,7,spmv,cusparse_csr,11.065,2.013,0.038223,342
PREPCSV,/mnt/beegfs/ysu34/hamlib/dia_suitesparse/ecology2.txt,999999,7,spmspm,ours_flat,1.034,0.140,0.122836,10
PREPCSV,/mnt/beegfs/ysu34/hamlib/dia_suitesparse/ecology2.txt,999999,7,spmspm,hm_atomic,7.262,1.510,0.213280,41
PREPCSV,/mnt/beegfs/ysu34/hamlib/dia_suitesparse/ecology2.txt,999999,7,spmspm,ours_sym,0.447,0.191,-1.000000,-1
PREPCSV,/mnt/beegfs/ysu34/hamlib/dia_suitesparse/ecology2.txt,999999,7,spmspm,ours_sym,0.447,0.191,0.067095,10
PREPCSV,/mnt/beegfs/ysu34/hamlib/dia_suitesparse/atmosmodd.txt,1270432,7,spmv,didx,20.201,1.726,0.025886,847
PREPCSV,/mnt/beegfs/ysu34/hamlib/dia_suitesparse/atmosmodd.txt,1270432,7,spmv,gopt,14.656,1.320,0.015672,1019
PREPCSV,/mnt/beegfs/ysu34/hamlib/dia_suitesparse/atmosmodd.txt,1270432,7,spmv,cusparse_csr,16.354,2.929,0.052016,371
PREPCSV,/mnt/beegfs/ysu34/hamlib/dia_suitesparse/atmosmodd.txt,1270432,7,spmspm,ours_flat,0.869,0.129,0.186906,5
PREPCSV,/mnt/beegfs/ysu34/hamlib/dia_suitesparse/atmosmodd.txt,1270432,7,spmspm,hm_atomic,12.291,1.753,0.303053,46
PREPCSV,/mnt/beegfs/ysu34/hamlib/dia_suitesparse/atmosmodd.txt,1270432,7,spmspm,ours_sym,0.534,0.187,-1.000000,-1
PREPCSV,/mnt/beegfs/ysu34/hamlib/dia_suitesparse/atmosmodd.txt,1270432,7,spmspm,ours_sym,0.534,0.187,0.097180,7
PREPCSV,/mnt/beegfs/ysu34/hamlib/dia_suitesparse/Lin.txt,256000,7,spmv,didx,3.282,0.384,0.005798,632
PREPCSV,/mnt/beegfs/ysu34/hamlib/dia_suitesparse/Lin.txt,256000,7,spmv,didx_sym,1.508,0.388,0.005668,334
PREPCSV,/mnt/beegfs/ysu34/hamlib/dia_suitesparse/Lin.txt,256000,7,spmv,gopt,2.335,0.237,0.005708,451
PREPCSV,/mnt/beegfs/ysu34/hamlib/dia_suitesparse/Lin.txt,256000,7,spmv,cusparse_csr,3.272,0.806,0.022458,182
PREPCSV,/mnt/beegfs/ysu34/hamlib/dia_suitesparse/Lin.txt,256000,7,spmspm,ours_flat,0.178,0.119,0.035960,8
PREPCSV,/mnt/beegfs/ysu34/hamlib/dia_suitesparse/Lin.txt,256000,7,spmspm,hm_atomic,1.719,0.532,0.046294,49
PREPCSV,/mnt/beegfs/ysu34/hamlib/dia_suitesparse/Lin.txt,256000,7,spmspm,ours_sym,0.108,0.113,-1.000000,-1
PREPCSV,/mnt/beegfs/ysu34/hamlib/dia_suitesparse/Lin.txt,256000,7,spmspm,ours_sym,0.108,0.113,0.021174,10
PREPCSV,/mnt/beegfs/ysu34/hamlib/dia_e2e/BH_20_7.txt,1048576,127,spmv,didx,208.984,4.052,0.088488,2408
PREPCSV,/mnt/beegfs/ysu34/hamlib/dia_e2e/BH_20_7.txt,1048576,127,spmv,gopt,180.485,9.474,0.129361,1468
PREPCSV,/mnt/beegfs/ysu34/hamlib/dia_e2e/BH_20_7.txt,1048576,127,spmv,cusparse_csr,336.728,6.862,0.128925,2665
PREPCSV,/mnt/beegfs/ysu34/hamlib/dia_e2e/BH_20_7.txt,1048576,127,spmspm,ours_flat,32.959,2.012,45.735840,1
PREPCSV,/mnt/beegfs/ysu34/hamlib/dia_e2e/BH_20_7.txt,1048576,127,spmspm,ours_sym,12.380,12.074,-1.000000,-1
PREPCSV,/mnt/beegfs/ysu34/hamlib/dia_e2e/BH_20_7.txt,1048576,127,spmspm,ours_sym,12.380,12.074,22.967758,1
PREPCSV,/mnt/beegfs/ysu34/hamlib/dia_e2e/fermi_16_5.txt,65536,29,spmv,didx,2.233,0.175,0.004692,513
PREPCSV,/mnt/beegfs/ysu34/hamlib/dia_e2e/fermi_16_5.txt,65536,29,spmv,didx_sym,0.916,0.280,0.004755,252
PREPCSV,/mnt/beegfs/ysu34/hamlib/dia_e2e/fermi_16_5.txt,65536,29,spmv,gopt,2.844,0.204,0.010688,285
PREPCSV,/mnt/beegfs/ysu34/hamlib/dia_e2e/fermi_16_5.txt,65536,29,spmv,cusparse_csr,5.858,0.554,0.015260,420
PREPCSV,/mnt/beegfs/ysu34/hamlib/dia_e2e/fermi_16_5.txt,65536,29,spmspm,ours_flat,0.248,0.132,0.129650,3
PREPCSV,/mnt/beegfs/ysu34/hamlib/dia_e2e/fermi_16_5.txt,65536,29,spmspm,hm_atomic,4.930,0.551,0.174908,31
PREPCSV,/mnt/beegfs/ysu34/hamlib/dia_e2e/fermi_16_5.txt,65536,29,spmspm,ours_sym,0.093,0.155,-1.000000,-1
PREPCSV,/mnt/beegfs/ysu34/hamlib/dia_e2e/fermi_16_5.txt,65536,29,spmspm,ours_sym,0.093,0.155,0.068531,4
PREPCSV,/mnt/beegfs/ysu34/hamlib/dia_e2e/heis_16_5.txt,65536,31,spmv,didx,2.396,0.187,0.004801,538
PREPCSV,/mnt/beegfs/ysu34/hamlib/dia_e2e/heis_16_5.txt,65536,31,spmv,didx_sym,1.031,0.291,0.005017,263
PREPCSV,/mnt/beegfs/ysu34/hamlib/dia_e2e/heis_16_5.txt,65536,31,spmv,gopt,2.908,0.214,0.011658,268
PREPCSV,/mnt/beegfs/ysu34/hamlib/dia_e2e/heis_16_5.txt,65536,31,spmv,cusparse_csr,6.226,0.543,0.015759,430
PREPCSV,/mnt/beegfs/ysu34/hamlib/dia_e2e/heis_16_5.txt,65536,31,spmspm,ours_flat,0.282,0.122,0.147391,3
PREPCSV,/mnt/beegfs/ysu34/hamlib/dia_e2e/heis_16_5.txt,65536,31,spmspm,hm_atomic,5.996,0.561,0.203987,32
PREPCSV,/mnt/beegfs/ysu34/hamlib/dia_e2e/heis_16_5.txt,65536,31,spmspm,ours_sym,0.090,0.145,-1.000000,-1
PREPCSV,/mnt/beegfs/ysu34/hamlib/dia_e2e/heis_16_5.txt,65536,31,spmspm,ours_sym,0.090,0.145,0.077341,3
PREPCSV,/mnt/beegfs/ysu34/hamlib/dia_e2e/heis_18_5.txt,262144,35,spmv,didx,9.721,0.597,0.008755,1178
PREPCSV,/mnt/beegfs/ysu34/hamlib/dia_e2e/heis_18_5.txt,262144,35,spmv,didx_sym,4.170,1.291,0.008300,658
PREPCSV,/mnt/beegfs/ysu34/hamlib/dia_e2e/heis_18_5.txt,262144,35,spmv,gopt,10.993,0.947,0.011829,1009
PREPCSV,/mnt/beegfs/ysu34/hamlib/dia_e2e/heis_18_5.txt,262144,35,spmv,cusparse_csr,26.111,1.163,0.025098,1087
PREPCSV,/mnt/beegfs/ysu34/hamlib/dia_e2e/heis_18_5.txt,262144,35,spmspm,ours_flat,1.017,0.195,0.824087,1
PREPCSV,/mnt/beegfs/ysu34/hamlib/dia_e2e/heis_18_5.txt,262144,35,spmspm,hm_atomic,33.117,1.707,1.405932,25
PREPCSV,/mnt/beegfs/ysu34/hamlib/dia_e2e/heis_18_5.txt,262144,35,spmspm,ours_sym,0.371,0.228,-1.000000,-1
PREPCSV,/mnt/beegfs/ysu34/hamlib/dia_e2e/heis_18_5.txt,262144,35,spmspm,ours_sym,0.371,0.228,0.396060,2
PREPCSV,/mnt/beegfs/ysu34/hamlib/dia_e2e/heis_20_5.txt,1048576,39,spmv,didx,55.249,2.082,0.031996,1792
PREPCSV,/mnt/beegfs/ysu34/hamlib/dia_e2e/heis_20_5.txt,1048576,39,spmv,didx_sym,19.588,5.259,0.031507,789
PREPCSV,/mnt/beegfs/ysu34/hamlib/dia_e2e/heis_20_5.txt,1048576,39,spmv,gopt,47.217,3.353,0.044537,1135
PREPCSV,/mnt/beegfs/ysu34/hamlib/dia_e2e/heis_20_5.txt,1048576,39,spmv,cusparse_csr,111.331,3.386,0.059039,1943
PREPCSV,/mnt/beegfs/ysu34/hamlib/dia_e2e/heis_20_5.txt,1048576,39,spmspm,ours_flat,3.694,0.372,4.397268,1
PREPCSV,/mnt/beegfs/ysu34/hamlib/dia_e2e/heis_20_5.txt,1048576,39,spmspm,hm_atomic,167.065,5.925,7.310941,24
PREPCSV,/mnt/beegfs/ysu34/hamlib/dia_e2e/heis_20_5.txt,1048576,39,spmspm,ours_sym,1.697,0.770,-1.000000,-1
PREPCSV,/mnt/beegfs/ysu34/hamlib/dia_e2e/heis_20_5.txt,1048576,39,spmspm,ours_sym,1.697,0.770,2.178138,1
PREPCSV,/mnt/beegfs/ysu34/hamlib/dia_e2e/heis_20_6.txt,1048576,39,spmv,didx,55.195,2.080,0.032077,1786
PREPCSV,/mnt/beegfs/ysu34/hamlib/dia_e2e/heis_20_6.txt,1048576,39,spmv,didx_sym,21.832,5.203,0.031545,857
PREPCSV,/mnt/beegfs/ysu34/hamlib/dia_e2e/heis_20_6.txt,1048576,39,spmv,gopt,47.369,3.263,0.044691,1133
PREPCSV,/mnt/beegfs/ysu34/hamlib/dia_e2e/heis_20_6.txt,1048576,39,spmv,cusparse_csr,117.426,3.510,0.059230,2042
PREPCSV,/mnt/beegfs/ysu34/hamlib/dia_e2e/heis_20_6.txt,1048576,39,spmspm,ours_flat,3.776,0.455,4.419277,1
PREPCSV,/mnt/beegfs/ysu34/hamlib/dia_e2e/heis_20_6.txt,1048576,39,spmspm,hm_atomic,166.159,5.929,7.313823,24
PREPCSV,/mnt/beegfs/ysu34/hamlib/dia_e2e/heis_20_6.txt,1048576,39,spmspm,ours_sym,1.706,0.750,-1.000000,-1
PREPCSV,/mnt/beegfs/ysu34/hamlib/dia_e2e/heis_20_6.txt,1048576,39,spmspm,ours_sym,1.706,0.750,2.192465,1
PREPCSV,/mnt/beegfs/ysu34/hamlib/dia_e2e/maxcut_16_5.txt,65536,1,spmv,didx,0.213,0.054,0.003072,87
PREPCSV,/mnt/beegfs/ysu34/hamlib/dia_e2e/maxcut_16_5.txt,65536,1,spmv,didx_sym,0.124,0.056,0.003005,60
PREPCSV,/mnt/beegfs/ysu34/hamlib/dia_e2e/maxcut_16_5.txt,65536,1,spmv,gopt,0.076,0.037,0.003012,38
PREPCSV,/mnt/beegfs/ysu34/hamlib/dia_e2e/maxcut_16_5.txt,65536,1,spmv,cusparse_csr,0.214,0.375,0.018385,32
PREPCSV,/mnt/beegfs/ysu34/hamlib/dia_e2e/maxcut_16_5.txt,65536,1,spmspm,ours_flat,0.039,0.028,0.004496,15
PREPCSV,/mnt/beegfs/ysu34/hamlib/dia_e2e/maxcut_16_5.txt,65536,1,spmspm,hm_atomic,0.173,0.078,0.005467,46
PREPCSV,/mnt/beegfs/ysu34/hamlib/dia_e2e/maxcut_16_5.txt,65536,1,spmspm,ours_sym,0.026,0.027,-1.000000,-1
PREPCSV,/mnt/beegfs/ysu34/hamlib/dia_e2e/maxcut_16_5.txt,65536,1,spmspm,ours_sym,0.026,0.027,0.004404,12
PREPCSV,/mnt/beegfs/ysu34/hamlib/dia_e2e/maxcut_18_5.txt,262144,1,spmv,didx,1.040,0.209,0.003557,351
PREPCSV,/mnt/beegfs/ysu34/hamlib/dia_e2e/maxcut_18_5.txt,262144,1,spmv,didx_sym,0.312,0.212,0.003531,148
PREPCSV,/mnt/beegfs/ysu34/hamlib/dia_e2e/maxcut_18_5.txt,262144,1,spmv,gopt,0.496,0.109,0.003194,189
PREPCSV,/mnt/beegfs/ysu34/hamlib/dia_e2e/maxcut_18_5.txt,262144,1,spmv,cusparse_csr,1.113,0.528,0.016716,98
PREPCSV,/mnt/beegfs/ysu34/hamlib/dia_e2e/maxcut_18_5.txt,262144,1,spmspm,ours_flat,0.149,0.066,0.004608,47
PREPCSV,/mnt/beegfs/ysu34/hamlib/dia_e2e/maxcut_18_5.txt,262144,1,spmspm,hm_atomic,0.512,0.198,0.005912,120
PREPCSV,/mnt/beegfs/ysu34/hamlib/dia_e2e/maxcut_18_5.txt,262144,1,spmspm,ours_sym,0.097,0.063,-1.000000,-1
PREPCSV,/mnt/beegfs/ysu34/hamlib/dia_e2e/maxcut_18_5.txt,262144,1,spmspm,ours_sym,0.097,0.063,0.004588,35
PREPCSV,/mnt/beegfs/ysu34/hamlib/dia_e2e/maxcut_20_5.txt,1048576,1,spmv,didx,2.236,0.363,0.006431,404
PREPCSV,/mnt/beegfs/ysu34/hamlib/dia_e2e/maxcut_20_5.txt,1048576,1,spmv,didx_sym,1.465,0.373,0.006529,281
PREPCSV,/mnt/beegfs/ysu34/hamlib/dia_e2e/maxcut_20_5.txt,1048576,1,spmv,gopt,1.269,0.169,0.004804,299
PREPCSV,/mnt/beegfs/ysu34/hamlib/dia_e2e/maxcut_20_5.txt,1048576,1,spmv,cusparse_csr,3.050,0.775,0.029669,129
PREPCSV,/mnt/beegfs/ysu34/hamlib/dia_e2e/maxcut_20_5.txt,1048576,1,spmspm,ours_flat,0.968,0.094,0.007195,148
PREPCSV,/mnt/beegfs/ysu34/hamlib/dia_e2e/maxcut_20_5.txt,1048576,1,spmspm,hm_atomic,2.545,0.468,0.010225,295
PREPCSV,/mnt/beegfs/ysu34/hamlib/dia_e2e/maxcut_20_5.txt,1048576,1,spmspm,ours_sym,0.598,0.094,-1.000000,-1
PREPCSV,/mnt/beegfs/ysu34/hamlib/dia_e2e/maxcut_20_5.txt,1048576,1,spmspm,ours_sym,0.598,0.094,0.007150,97
PREPCSV,/mnt/beegfs/ysu34/hamlib/dia_e2e/O2_16_5.txt,65536,1243,spmv,didx,56.129,1.117,0.034844,1643
PREPCSV,/mnt/beegfs/ysu34/hamlib/dia_e2e/O2_16_5.txt,65536,1243,spmv,gopt,66.018,3.832,0.312517,224
PREPCSV,/mnt/beegfs/ysu34/hamlib/dia_e2e/O2_16_5.txt,65536,1243,spmv,cusparse_csr,247.022,1.769,0.033246,7483
PREPCSV,/mnt/beegfs/ysu34/hamlib/dia_e2e/O2_16_5.txt,65536,1243,spmspm,ours_flat,1216.560,3.323,155.373657,8
PREPCSV,/mnt/beegfs/ysu34/hamlib/dia_e2e/O2_16_5.txt,65536,1243,spmspm,ours_sym,55.900,4.746,-1.000000,-1
PREPCSV,/mnt/beegfs/ysu34/hamlib/dia_e2e/O2_16_5.txt,65536,1243,spmspm,ours_sym,55.900,4.746,73.736931,1
PREPCSV,/mnt/beegfs/ysu34/hamlib/dia_e2e/O2_16_7.txt,65536,1243,spmv,didx,57.163,1.164,0.034897,1671
PREPCSV,/mnt/beegfs/ysu34/hamlib/dia_e2e/O2_16_7.txt,65536,1243,spmv,gopt,67.040,3.825,0.312789,227
PREPCSV,/mnt/beegfs/ysu34/hamlib/dia_e2e/O2_16_7.txt,65536,1243,spmv,cusparse_csr,246.568,1.828,0.033688,7374
PREPCSV,/mnt/beegfs/ysu34/hamlib/dia_e2e/O2_16_7.txt,65536,1243,spmspm,ours_flat,1214.027,3.332,155.308212,8
PREPCSV,/mnt/beegfs/ysu34/hamlib/dia_e2e/O2_16_7.txt,65536,1243,spmspm,ours_sym,55.044,4.850,-1.000000,-1
PREPCSV,/mnt/beegfs/ysu34/hamlib/dia_e2e/O2_16_7.txt,65536,1243,spmspm,ours_sym,55.044,4.850,73.717842,1
PREPCSV,/mnt/beegfs/ysu34/hamlib/dia_e2e/O2_20_5.txt,1048576,3359,spmv,didx,2829.012,35.482,2.251723,1272
PREPCSV,/mnt/beegfs/ysu34/hamlib/dia_e2e/O2_20_5.txt,1048576,3359,spmv,gopt,2806.237,110.459,1.782866,1636
PREPCSV,/mnt/beegfs/ysu34/hamlib/dia_e2e/O2_20_5.txt,1048576,3359,spmv,cusparse_csr_64i,10909.491,71.225,1.162735,9444
PREPCSV,/mnt/beegfs/ysu34/hamlib/dia_e2e/O2_20_8.txt,1048576,3359,spmv,didx,2798.266,35.282,2.239920,1265
PREPCSV,/mnt/beegfs/ysu34/hamlib/dia_e2e/O2_20_8.txt,1048576,3359,spmv,gopt,2788.714,110.602,1.777674,1631
PREPCSV,/mnt/beegfs/ysu34/hamlib/dia_e2e/O2_20_8.txt,1048576,3359,spmv,cusparse_csr_64i,10765.719,71.398,1.138898,9515
PREPCSV,/mnt/beegfs/ysu34/hamlib/dia_e2e/qmaxcut_16_4.txt,65536,31,spmv,didx,1.431,0.183,0.004603,351
PREPCSV,/mnt/beegfs/ysu34/hamlib/dia_e2e/qmaxcut_16_4.txt,65536,31,spmv,didx_sym,0.669,0.223,0.004932,181
PREPCSV,/mnt/beegfs/ysu34/hamlib/dia_e2e/qmaxcut_16_4.txt,65536,31,spmv,gopt,1.593,0.170,0.008026,220
PREPCSV,/mnt/beegfs/ysu34/hamlib/dia_e2e/qmaxcut_16_4.txt,65536,31,spmv,cusparse_csr,5.564,0.564,0.015628,392
PREPCSV,/mnt/beegfs/ysu34/hamlib/dia_e2e/qmaxcut_16_4.txt,65536,31,spmspm,ours_flat,0.241,0.110,0.074015,5
PREPCSV,/mnt/beegfs/ysu34/hamlib/dia_e2e/qmaxcut_16_4.txt,65536,31,spmspm,hm_atomic,3.827,0.453,0.093604,46
PREPCSV,/mnt/beegfs/ysu34/hamlib/dia_e2e/qmaxcut_16_4.txt,65536,31,spmspm,ours_sym,0.071,0.133,-1.000000,-1
PREPCSV,/mnt/beegfs/ysu34/hamlib/dia_e2e/qmaxcut_16_4.txt,65536,31,spmspm,ours_sym,0.071,0.133,0.039224,5
PREPCSV,/mnt/beegfs/ysu34/hamlib/dia_e2e/qmaxcut_18_4.txt,262144,35,spmv,didx,6.416,0.566,0.008661,806
PREPCSV,/mnt/beegfs/ysu34/hamlib/dia_e2e/qmaxcut_18_4.txt,262144,35,spmv,didx_sym,2.781,0.759,0.008707,407
PREPCSV,/mnt/beegfs/ysu34/hamlib/dia_e2e/qmaxcut_18_4.txt,262144,35,spmv,gopt,6.474,0.593,0.008858,798
PREPCSV,/mnt/beegfs/ysu34/hamlib/dia_e2e/qmaxcut_18_4.txt,262144,35,spmv,cusparse_csr,23.352,1.182,0.025562,960
PREPCSV,/mnt/beegfs/ysu34/hamlib/dia_e2e/qmaxcut_18_4.txt,262144,35,spmspm,ours_flat,0.690,0.183,0.357167,2
PREPCSV,/mnt/beegfs/ysu34/hamlib/dia_e2e/qmaxcut_18_4.txt,262144,35,spmspm,hm_atomic,18.602,1.155,0.435000,45
PREPCSV,/mnt/beegfs/ysu34/hamlib/dia_e2e/qmaxcut_18_4.txt,262144,35,spmspm,ours_sym,0.273,0.227,-1.000000,-1
PREPCSV,/mnt/beegfs/ysu34/hamlib/dia_e2e/qmaxcut_18_4.txt,262144,35,spmspm,ours_sym,0.273,0.227,0.182806,3
PREPCSV,/mnt/beegfs/ysu34/hamlib/dia_e2e/qmaxcut_20_4.txt,1048576,39,spmv,didx,30.380,1.989,0.032697,990
PREPCSV,/mnt/beegfs/ysu34/hamlib/dia_e2e/qmaxcut_20_4.txt,1048576,39,spmv,didx_sym,12.716,3.173,0.030698,518
PREPCSV,/mnt/beegfs/ysu34/hamlib/dia_e2e/qmaxcut_20_4.txt,1048576,39,spmv,gopt,26.705,2.218,0.030587,946
PREPCSV,/mnt/beegfs/ysu34/hamlib/dia_e2e/qmaxcut_20_4.txt,1048576,39,spmv,cusparse_csr,97.284,3.405,0.060193,1673
PREPCSV,/mnt/beegfs/ysu34/hamlib/dia_e2e/qmaxcut_20_4.txt,1048576,39,spmspm,ours_flat,3.019,0.289,1.897956,2
PREPCSV,/mnt/beegfs/ysu34/hamlib/dia_e2e/qmaxcut_20_4.txt,1048576,39,spmspm,hm_atomic,98.709,3.598,2.512506,41
PREPCSV,/mnt/beegfs/ysu34/hamlib/dia_e2e/qmaxcut_20_4.txt,1048576,39,spmspm,ours_sym,1.167,1.047,-1.000000,-1
PREPCSV,/mnt/beegfs/ysu34/hamlib/dia_e2e/qmaxcut_20_4.txt,1048576,39,spmspm,ours_sym,1.167,1.047,0.980378,2
PREPCSV,/mnt/beegfs/ysu34/hamlib/dia_e2e/tfim_16_4.txt,65536,33,spmv,didx,2.642,0.269,0.004963,587
PREPCSV,/mnt/beegfs/ysu34/hamlib/dia_e2e/tfim_16_4.txt,65536,33,spmv,didx_sym,1.227,0.351,0.004778,330
PREPCSV,/mnt/beegfs/ysu34/hamlib/dia_e2e/tfim_16_4.txt,65536,33,spmv,gopt,3.198,0.238,0.012817,268
PREPCSV,/mnt/beegfs/ysu34/hamlib/dia_e2e/tfim_16_4.txt,65536,33,spmv,cusparse_csr,7.606,0.652,0.020032,412
PREPCSV,/mnt/beegfs/ysu34/hamlib/dia_e2e/tfim_16_4.txt,65536,33,spmspm,ours_flat,0.314,0.130,0.157638,3
PREPCSV,/mnt/beegfs/ysu34/hamlib/dia_e2e/tfim_16_4.txt,65536,33,spmspm,hm_atomic,6.475,0.624,0.219592,32
PREPCSV,/mnt/beegfs/ysu34/hamlib/dia_e2e/tfim_16_4.txt,65536,33,spmspm,ours_sym,0.093,0.148,-1.000000,-1
PREPCSV,/mnt/beegfs/ysu34/hamlib/dia_e2e/tfim_16_4.txt,65536,33,spmspm,ours_sym,0.093,0.148,0.082694,3
PREPCSV,/mnt/beegfs/ysu34/hamlib/dia_e2e/tfim_16_5.txt,65536,33,spmv,didx,2.901,0.269,0.004908,646
PREPCSV,/mnt/beegfs/ysu34/hamlib/dia_e2e/tfim_16_5.txt,65536,33,spmv,didx_sym,1.227,0.346,0.004772,330
PREPCSV,/mnt/beegfs/ysu34/hamlib/dia_e2e/tfim_16_5.txt,65536,33,spmv,gopt,3.339,0.239,0.012817,279
PREPCSV,/mnt/beegfs/ysu34/hamlib/dia_e2e/tfim_16_5.txt,65536,33,spmv,cusparse_csr,7.563,0.637,0.019960,411
PREPCSV,/mnt/beegfs/ysu34/hamlib/dia_e2e/tfim_16_5.txt,65536,33,spmspm,ours_flat,0.315,0.141,0.157673,3
PREPCSV,/mnt/beegfs/ysu34/hamlib/dia_e2e/tfim_16_5.txt,65536,33,spmspm,hm_atomic,6.231,0.587,0.219587,31
PREPCSV,/mnt/beegfs/ysu34/hamlib/dia_e2e/tfim_16_5.txt,65536,33,spmspm,ours_sym,0.093,0.163,-1.000000,-1
PREPCSV,/mnt/beegfs/ysu34/hamlib/dia_e2e/tfim_16_5.txt,65536,33,spmspm,ours_sym,0.093,0.163,0.082767,3
PREPCSV,/mnt/beegfs/ysu34/hamlib/dia_e2e/tfim_18_4.txt,262144,37,spmv,didx,12.081,0.891,0.012001,1081
PREPCSV,/mnt/beegfs/ysu34/hamlib/dia_e2e/tfim_18_4.txt,262144,37,spmv,didx_sym,5.229,1.484,0.009826,683
PREPCSV,/mnt/beegfs/ysu34/hamlib/dia_e2e/tfim_18_4.txt,262144,37,spmv,gopt,13.156,1.136,0.013213,1082
PREPCSV,/mnt/beegfs/ysu34/hamlib/dia_e2e/tfim_18_4.txt,262144,37,spmv,cusparse_csr,33.832,1.793,0.037334,954
PREPCSV,/mnt/beegfs/ysu34/hamlib/dia_e2e/tfim_18_4.txt,262144,37,spmspm,ours_flat,1.103,0.205,0.884074,1
PREPCSV,/mnt/beegfs/ysu34/hamlib/dia_e2e/tfim_18_4.txt,262144,37,spmspm,hm_atomic,35.209,1.688,1.481371,25
PREPCSV,/mnt/beegfs/ysu34/hamlib/dia_e2e/tfim_18_4.txt,262144,37,spmspm,ours_sym,0.383,0.281,-1.000000,-1
PREPCSV,/mnt/beegfs/ysu34/hamlib/dia_e2e/tfim_18_4.txt,262144,37,spmspm,ours_sym,0.383,0.281,0.430463,2
PREPCSV,/mnt/beegfs/ysu34/hamlib/dia_e2e/tfim_18_5.txt,262144,37,spmv,didx,10.351,0.879,0.011778,953
PREPCSV,/mnt/beegfs/ysu34/hamlib/dia_e2e/tfim_18_5.txt,262144,37,spmv,didx_sym,5.604,1.485,0.009704,731
PREPCSV,/mnt/beegfs/ysu34/hamlib/dia_e2e/tfim_18_5.txt,262144,37,spmv,gopt,12.664,1.176,0.013076,1058
PREPCSV,/mnt/beegfs/ysu34/hamlib/dia_e2e/tfim_18_5.txt,262144,37,spmv,cusparse_csr,33.574,1.789,0.036881,959
PREPCSV,/mnt/beegfs/ysu34/hamlib/dia_e2e/tfim_18_5.txt,262144,37,spmspm,ours_flat,0.992,0.203,0.883686,1
PREPCSV,/mnt/beegfs/ysu34/hamlib/dia_e2e/tfim_18_5.txt,262144,37,spmspm,hm_atomic,34.952,1.701,1.481117,25
PREPCSV,/mnt/beegfs/ysu34/hamlib/dia_e2e/tfim_18_5.txt,262144,37,spmspm,ours_sym,0.414,0.219,-1.000000,-1
PREPCSV,/mnt/beegfs/ysu34/hamlib/dia_e2e/tfim_18_5.txt,262144,37,spmspm,ours_sym,0.414,0.219,0.431549,1
PREPCSV,/mnt/beegfs/ysu34/hamlib/dia_e2e/tfim_20_5.txt,1048576,41,spmv,didx,100.098,3.484,0.058401,1774
PREPCSV,/mnt/beegfs/ysu34/hamlib/dia_e2e/tfim_20_5.txt,1048576,41,spmv,didx_sym,28.225,5.723,0.041343,821
PREPCSV,/mnt/beegfs/ysu34/hamlib/dia_e2e/tfim_20_5.txt,1048576,41,spmv,gopt,54.826,4.161,0.054906,1074
PREPCSV,/mnt/beegfs/ysu34/hamlib/dia_e2e/tfim_20_5.txt,1048576,41,spmv,cusparse_csr,144.409,6.124,0.109444,1375
PREPCSV,/mnt/beegfs/ysu34/hamlib/dia_e2e/tfim_20_5.txt,1048576,41,spmspm,ours_flat,4.177,0.422,4.733741,1
PREPCSV,/mnt/beegfs/ysu34/hamlib/dia_e2e/tfim_20_5.txt,1048576,41,spmspm,hm_atomic,176.152,6.033,7.705223,24
PREPCSV,/mnt/beegfs/ysu34/hamlib/dia_e2e/tfim_20_5.txt,1048576,41,spmspm,ours_sym,1.815,1.681,-1.000000,-1
PREPCSV,/mnt/beegfs/ysu34/hamlib/dia_e2e/tfim_20_5.txt,1048576,41,spmspm,ours_sym,1.815,1.681,2.344070,1
PREPCSV,/mnt/beegfs/ysu34/hamlib/dia_e2e/tsp_18_4.txt,262144,1,spmv,didx,0.986,0.214,0.003562,337
PREPCSV,/mnt/beegfs/ysu34/hamlib/dia_e2e/tsp_18_4.txt,262144,1,spmv,didx_sym,0.312,0.223,0.003514,152
PREPCSV,/mnt/beegfs/ysu34/hamlib/dia_e2e/tsp_18_4.txt,262144,1,spmv,gopt,0.461,0.110,0.003181,179
PREPCSV,/mnt/beegfs/ysu34/hamlib/dia_e2e/tsp_18_4.txt,262144,1,spmv,cusparse_csr,1.076,0.527,0.016687,96
PREPCSV,/mnt/beegfs/ysu34/hamlib/dia_e2e/tsp_18_4.txt,262144,1,spmspm,ours_flat,0.152,0.067,0.004604,48
PREPCSV,/mnt/beegfs/ysu34/hamlib/dia_e2e/tsp_18_4.txt,262144,1,spmspm,hm_atomic,0.510,0.197,0.005912,120
PREPCSV,/mnt/beegfs/ysu34/hamlib/dia_e2e/tsp_18_4.txt,262144,1,spmspm,ours_sym,0.096,0.065,-1.000000,-1
PREPCSV,/mnt/beegfs/ysu34/hamlib/dia_e2e/tsp_18_4.txt,262144,1,spmspm,ours_sym,0.096,0.065,0.004584,35
PREPCSV,/mnt/beegfs/ysu34/hamlib/dia_suitesparse/ecology2.txt,999999,7,spmv,didx,10.499,1.104,0.010995,1055
PREPCSV,/mnt/beegfs/ysu34/hamlib/dia_suitesparse/ecology2.txt,999999,7,spmv,didx_sym,5.093,1.291,0.012065,529
PREPCSV,/mnt/beegfs/ysu34/hamlib/dia_suitesparse/ecology2.txt,999999,7,spmv,gopt,8.433,0.725,0.009738,941
PREPCSV,/mnt/beegfs/ysu34/hamlib/dia_suitesparse/ecology2.txt,999999,7,spmv,cusparse_csr,11.094,1.971,0.037864,345
PREPCSV,/mnt/beegfs/ysu34/hamlib/dia_suitesparse/ecology2.txt,999999,7,spmspm,ours_flat,0.671,0.117,0.122843,6
PREPCSV,/mnt/beegfs/ysu34/hamlib/dia_suitesparse/ecology2.txt,999999,7,spmspm,hm_atomic,7.303,1.516,0.213017,41
PREPCSV,/mnt/beegfs/ysu34/hamlib/dia_suitesparse/ecology2.txt,999999,7,spmspm,ours_sym,0.450,0.143,-1.000000,-1
PREPCSV,/mnt/beegfs/ysu34/hamlib/dia_suitesparse/ecology2.txt,999999,7,spmspm,ours_sym,0.450,0.143,0.066976,9
PREPCSV,/mnt/beegfs/ysu34/hamlib/dia_suitesparse/atmosmodd.txt,1270432,7,spmv,didx,20.129,1.855,0.025873,850
PREPCSV,/mnt/beegfs/ysu34/hamlib/dia_suitesparse/atmosmodd.txt,1270432,7,spmv,gopt,15.100,1.407,0.015568,1060
PREPCSV,/mnt/beegfs/ysu34/hamlib/dia_suitesparse/atmosmodd.txt,1270432,7,spmv,cusparse_csr,16.932,3.025,0.051804,385
PREPCSV,/mnt/beegfs/ysu34/hamlib/dia_suitesparse/atmosmodd.txt,1270432,7,spmspm,ours_flat,1.422,0.145,0.186881,8
PREPCSV,/mnt/beegfs/ysu34/hamlib/dia_suitesparse/atmosmodd.txt,1270432,7,spmspm,hm_atomic,12.700,1.736,0.302874,48
PREPCSV,/mnt/beegfs/ysu34/hamlib/dia_suitesparse/atmosmodd.txt,1270432,7,spmspm,ours_sym,0.547,0.191,-1.000000,-1
PREPCSV,/mnt/beegfs/ysu34/hamlib/dia_suitesparse/atmosmodd.txt,1270432,7,spmspm,ours_sym,0.547,0.191,0.097096,8
PREPCSV,/mnt/beegfs/ysu34/hamlib/dia_suitesparse/Lin.txt,256000,7,spmv,didx,3.629,0.392,0.005651,712
PREPCSV,/mnt/beegfs/ysu34/hamlib/dia_suitesparse/Lin.txt,256000,7,spmv,didx_sym,1.488,0.391,0.005564,338
PREPCSV,/mnt/beegfs/ysu34/hamlib/dia_suitesparse/Lin.txt,256000,7,spmv,gopt,2.571,0.237,0.005564,505
PREPCSV,/mnt/beegfs/ysu34/hamlib/dia_suitesparse/Lin.txt,256000,7,spmv,cusparse_csr,3.243,0.803,0.021900,185
PREPCSV,/mnt/beegfs/ysu34/hamlib/dia_suitesparse/Lin.txt,256000,7,spmspm,ours_flat,0.178,0.125,0.035795,8
PREPCSV,/mnt/beegfs/ysu34/hamlib/dia_suitesparse/Lin.txt,256000,7,spmspm,hm_atomic,1.749,0.521,0.046059,49
PREPCSV,/mnt/beegfs/ysu34/hamlib/dia_suitesparse/Lin.txt,256000,7,spmspm,ours_sym,0.111,0.113,-1.000000,-1
PREPCSV,/mnt/beegfs/ysu34/hamlib/dia_suitesparse/Lin.txt,256000,7,spmspm,ours_sym,0.111,0.113,0.020986,11
PREPCSV,/mnt/beegfs/ysu34/hamlib/dia_e2e/BH_20_7.txt,1048576,127,spmv,didx,233.025,4.117,0.086579,2739
PREPCSV,/mnt/beegfs/ysu34/hamlib/dia_e2e/BH_20_7.txt,1048576,127,spmv,didx_sym,83.524,15.365,0.079965,1237
PREPCSV,/mnt/beegfs/ysu34/hamlib/dia_e2e/BH_20_7.txt,1048576,127,spmv,gopt,292.737,9.505,0.129750,2329
PREPCSV,/mnt/beegfs/ysu34/hamlib/dia_e2e/BH_20_7.txt,1048576,127,spmv,cusparse_csr,473.825,7.139,0.129131,3725
PREPCSV,/mnt/beegfs/ysu34/hamlib/dia_e2e/BH_20_7.txt,1048576,127,spmspm,ours_flat,43.432,1.986,44.622608,1
PREPCSV,/mnt/beegfs/ysu34/hamlib/dia_e2e/BH_20_7.txt,1048576,127,spmspm,ours_sym,15.212,12.535,-1.000000,-1
PREPCSV,/mnt/beegfs/ysu34/hamlib/dia_e2e/BH_20_7.txt,1048576,127,spmspm,ours_sym,15.212,12.535,22.348743,1
PREPCSV,/mnt/beegfs/ysu34/hamlib/dia_e2e/BH_20_7.txt,1048576,127,spmv,didx,234.084,4.135,0.087375,2726
PREPCSV,/mnt/beegfs/ysu34/hamlib/dia_e2e/BH_20_7.txt,1048576,127,spmv,didx_sym,92.783,15.487,0.079932,1355
PREPCSV,/mnt/beegfs/ysu34/hamlib/dia_e2e/BH_20_7.txt,1048576,127,spmv,gopt,291.618,9.603,0.129495,2326
PREPCSV,/mnt/beegfs/ysu34/hamlib/dia_e2e/BH_20_7.txt,1048576,127,spmv,cusparse_csr,477.361,7.144,0.129795,3733
PREPCSV,/mnt/beegfs/ysu34/hamlib/dia_e2e/BH_20_7.txt,1048576,127,spmspm,ours_flat,43.309,1.989,44.959698,1
PREPCSV,/mnt/beegfs/ysu34/hamlib/dia_e2e/BH_20_7.txt,1048576,127,spmspm,ours_sym,15.399,12.261,-1.000000,-1
PREPCSV,/mnt/beegfs/ysu34/hamlib/dia_e2e/BH_20_7.txt,1048576,127,spmspm,ours_sym,15.399,12.261,22.341002,1
PREPCSV,/mnt/beegfs/ysu34/hamlib/dia_e2e/BH_20_7.txt,1048576,127,spmv,didx,236.805,4.067,0.088431,2724
PREPCSV,/mnt/beegfs/ysu34/hamlib/dia_e2e/BH_20_7.txt,1048576,127,spmv,didx_sym,94.217,15.631,0.080287,1368
PREPCSV,/mnt/beegfs/ysu34/hamlib/dia_e2e/BH_20_7.txt,1048576,127,spmv,gopt,293.955,9.690,0.129737,2340
PREPCSV,/mnt/beegfs/ysu34/hamlib/dia_e2e/BH_20_7.txt,1048576,127,spmv,cusparse_csr,481.615,7.211,0.129730,3768
PREPCSV,/mnt/beegfs/ysu34/hamlib/dia_e2e/BH_20_7.txt,1048576,127,spmspm,ours_flat,43.169,1.967,44.816402,1
PREPCSV,/mnt/beegfs/ysu34/hamlib/dia_e2e/BH_20_7.txt,1048576,127,spmspm,ours_sym,14.878,11.866,-1.000000,-1
PREPCSV,/mnt/beegfs/ysu34/hamlib/dia_e2e/BH_20_7.txt,1048576,127,spmspm,ours_sym,14.878,11.866,22.497587,1
PREPCSV,/mnt/beegfs/ysu34/hamlib/dia_e2e/fermi_18_5.txt,262144,33,spmv,didx,7.955,0.616,0.008129,1054
PREPCSV,/mnt/beegfs/ysu34/hamlib/dia_e2e/fermi_18_5.txt,262144,33,spmv,didx_sym,3.920,1.286,0.007923,657
PREPCSV,/mnt/beegfs/ysu34/hamlib/dia_e2e/fermi_18_5.txt,262144,33,spmv,gopt,16.257,0.965,0.011646,1479
PREPCSV,/mnt/beegfs/ysu34/hamlib/dia_e2e/fermi_18_5.txt,262144,33,spmv,cusparse_csr,26.837,1.233,0.024188,1160
PREPCSV,/mnt/beegfs/ysu34/hamlib/dia_e2e/fermi_18_5.txt,262144,33,spmspm,ours_flat,0.923,0.163,0.733192,1
PREPCSV,/mnt/beegfs/ysu34/hamlib/dia_e2e/fermi_18_5.txt,262144,33,spmspm,hm_atomic,80.420,1.666,1.235435,66
PREPCSV,/mnt/beegfs/ysu34/hamlib/dia_e2e/fermi_18_5.txt,262144,33,spmspm,ours_sym,0.394,0.286,-1.000000,-1
PREPCSV,/mnt/beegfs/ysu34/hamlib/dia_e2e/fermi_18_5.txt,262144,33,spmspm,ours_sym,0.394,0.286,0.344528,2
PREPCSV,/mnt/beegfs/ysu34/hamlib/dia_e2e/fermi_20_5.txt,1048576,37,spmv,didx,60.873,1.896,0.030952,2028
PREPCSV,/mnt/beegfs/ysu34/hamlib/dia_e2e/fermi_20_5.txt,1048576,37,spmv,didx_sym,20.634,5.079,0.030655,839
PREPCSV,/mnt/beegfs/ysu34/hamlib/dia_e2e/fermi_20_5.txt,1048576,37,spmv,gopt,75.107,3.300,0.042981,1824
PREPCSV,/mnt/beegfs/ysu34/hamlib/dia_e2e/fermi_20_5.txt,1048576,37,spmv,cusparse_csr,114.245,3.460,0.057886,2033
PREPCSV,/mnt/beegfs/ysu34/hamlib/dia_e2e/fermi_20_5.txt,1048576,37,spmspm,ours_flat,3.905,0.384,3.889602,1
PREPCSV,/mnt/beegfs/ysu34/hamlib/dia_e2e/fermi_20_5.txt,1048576,37,spmspm,hm_atomic,398.773,5.655,6.567542,62
PREPCSV,/mnt/beegfs/ysu34/hamlib/dia_e2e/fermi_20_5.txt,1048576,37,spmspm,ours_sym,1.890,0.944,-1.000000,-1
PREPCSV,/mnt/beegfs/ysu34/hamlib/dia_e2e/fermi_20_5.txt,1048576,37,spmspm,ours_sym,1.890,0.944,1.924680,1
PREPCSV,/mnt/beegfs/ysu34/hamlib/dia_e2e/bh_16_5.txt,65536,167,spmv,didx,11.831,0.417,0.006724,1822
PREPCSV,/mnt/beegfs/ysu34/hamlib/dia_e2e/bh_16_5.txt,65536,167,spmv,didx_sym,4.711,1.378,0.006712,907
PREPCSV,/mnt/beegfs/ysu34/hamlib/dia_e2e/bh_16_5.txt,65536,167,spmv,gopt,18.897,1.026,0.042172,472
PREPCSV,/mnt/beegfs/ysu34/hamlib/dia_e2e/bh_16_5.txt,65536,167,spmv,cusparse_csr,23.138,0.793,0.021539,1111
PREPCSV,/mnt/beegfs/ysu34/hamlib/dia_e2e/bh_16_5.txt,65536,167,spmspm,ours_flat,8.627,0.341,3.347771,3
PREPCSV,/mnt/beegfs/ysu34/hamlib/dia_e2e/bh_16_5.txt,65536,167,spmspm,hm_atomic,230.236,2.018,5.457678,43
PREPCSV,/mnt/beegfs/ysu34/hamlib/dia_e2e/bh_16_5.txt,65536,167,spmspm,ours_sym,1.275,0.660,-1.000000,-1
PREPCSV,/mnt/beegfs/ysu34/hamlib/dia_e2e/bh_16_5.txt,65536,167,spmspm,ours_sym,1.275,0.660,1.503490,1
PREPCSV,/mnt/beegfs/ysu34/hamlib/dia_e2e/bh_18_5.txt,262144,192,spmv,didx,57.343,1.039,0.018826,3101
PREPCSV,/mnt/beegfs/ysu34/hamlib/dia_e2e/bh_18_5.txt,262144,192,spmv,didx_sym,22.414,5.696,0.017375,1618
PREPCSV,/mnt/beegfs/ysu34/hamlib/dia_e2e/bh_18_5.txt,262144,192,spmv,gopt,86.594,3.532,0.069539,1296
PREPCSV,/mnt/beegfs/ysu34/hamlib/dia_e2e/bh_18_5.txt,262144,192,spmv,cusparse_csr,151.755,2.191,0.041352,3723
PREPCSV,/mnt/beegfs/ysu34/hamlib/dia_e2e/bh_18_5.txt,262144,192,spmspm,ours_flat,22.411,1.049,21.575884,1
PREPCSV,/mnt/beegfs/ysu34/hamlib/dia_e2e/bh_18_5.txt,262144,192,spmspm,hm_atomic,1349.029,7.835,38.828487,35
PREPCSV,/mnt/beegfs/ysu34/hamlib/dia_e2e/bh_18_5.txt,262144,192,spmspm,ours_sym,5.335,2.494,-1.000000,-1
PREPCSV,/mnt/beegfs/ysu34/hamlib/dia_e2e/bh_18_5.txt,262144,192,spmspm,ours_sym,5.335,2.494,9.745721,1
PREPCSV,/mnt/beegfs/ysu34/hamlib/dia_e2e/bh_20_5.txt,1048576,214,spmv,didx,336.580,4.202,0.090703,3757
PREPCSV,/mnt/beegfs/ysu34/hamlib/dia_e2e/bh_20_5.txt,1048576,214,spmv,didx_sym,126.410,24.585,0.089692,1683
PREPCSV,/mnt/beegfs/ysu34/hamlib/dia_e2e/bh_20_5.txt,1048576,214,spmv,gopt,392.952,13.651,0.187108,2173
PREPCSV,/mnt/beegfs/ysu34/hamlib/dia_e2e/bh_20_5.txt,1048576,214,spmv,cusparse_csr,704.479,7.126,0.130631,5447
PREPCSV,/mnt/beegfs/ysu34/hamlib/dia_e2e/bh_20_5.txt,1048576,214,spmspm,ours_flat,104.828,4.171,121.430634,1
PREPCSV,/mnt/beegfs/ysu34/hamlib/dia_e2e/bh_20_5.txt,1048576,214,spmspm,ours_sym,39.653,25.366,-1.000000,-1
PREPCSV,/mnt/beegfs/ysu34/hamlib/dia_e2e/bh_20_5.txt,1048576,214,spmspm,ours_sym,39.653,25.366,59.336773,1
PREPCSV,/mnt/beegfs/ysu34/hamlib/dia_e2e/bhD1_18_7.txt,262144,112,spmv,didx,43.089,1.015,0.018599,2371
PREPCSV,/mnt/beegfs/ysu34/hamlib/dia_e2e/bhD1_18_7.txt,262144,112,spmv,didx_sym,16.079,3.623,0.016447,1198
PREPCSV,/mnt/beegfs/ysu34/hamlib/dia_e2e/bhD1_18_7.txt,262144,112,spmv,gopt,68.037,2.536,0.048725,1448
PREPCSV,/mnt/beegfs/ysu34/hamlib/dia_e2e/bhD1_18_7.txt,262144,112,spmv,cusparse_csr,82.079,2.048,0.040848,2060
PREPCSV,/mnt/beegfs/ysu34/hamlib/dia_e2e/bhD1_18_7.txt,262144,112,spmspm,ours_flat,8.088,0.527,7.622485,1
PREPCSV,/mnt/beegfs/ysu34/hamlib/dia_e2e/bhD1_18_7.txt,262144,112,spmspm,hm_atomic,606.044,4.687,13.883842,44
PREPCSV,/mnt/beegfs/ysu34/hamlib/dia_e2e/bhD1_18_7.txt,262144,112,spmspm,ours_sym,2.277,1.285,-1.000000,-1
PREPCSV,/mnt/beegfs/ysu34/hamlib/dia_e2e/bhD1_18_7.txt,262144,112,spmspm,ours_sym,2.277,1.285,3.911777,1
PREPCSV,/mnt/beegfs/ysu34/hamlib/dia_e2e/fermiFH_18_4.txt,262144,64,spmv,didx,16.574,0.565,0.008130,2108
PREPCSV,/mnt/beegfs/ysu34/hamlib/dia_e2e/fermiFH_18_4.txt,262144,64,spmv,didx_sym,6.399,2.215,0.008078,1066
PREPCSV,/mnt/beegfs/ysu34/hamlib/dia_e2e/fermiFH_18_4.txt,262144,64,spmv,gopt,32.007,1.332,0.016289,2047
PREPCSV,/mnt/beegfs/ysu34/hamlib/dia_e2e/fermiFH_18_4.txt,262144,64,spmv,cusparse_csr,34.176,1.115,0.024174,1460
PREPCSV,/mnt/beegfs/ysu34/hamlib/dia_e2e/fermiFH_18_4.txt,262144,64,spmspm,ours_flat,2.691,0.285,2.645374,1
PREPCSV,/mnt/beegfs/ysu34/hamlib/dia_e2e/fermiFH_18_4.txt,262144,64,spmspm,hm_atomic,244.847,2.820,4.640193,53
PREPCSV,/mnt/beegfs/ysu34/hamlib/dia_e2e/fermiFH_18_4.txt,262144,64,spmspm,ours_sym,1.007,0.672,-1.000000,-1
PREPCSV,/mnt/beegfs/ysu34/hamlib/dia_e2e/fermiFH_18_4.txt,262144,64,spmspm,ours_sym,1.007,0.672,1.240799,1
PREPCSV,/mnt/beegfs/ysu34/hamlib/dia_e2e/qmaxcutR_18_3.txt,262144,9,spmv,didx,3.053,0.331,0.004845,698
PREPCSV,/mnt/beegfs/ysu34/hamlib/dia_e2e/qmaxcutR_18_3.txt,262144,9,spmv,didx_sym,1.283,0.414,0.005554,306
PREPCSV,/mnt/beegfs/ysu34/hamlib/dia_e2e/qmaxcutR_18_3.txt,262144,9,spmv,gopt,4.365,0.246,0.005354,861
PREPCSV,/mnt/beegfs/ysu34/hamlib/dia_e2e/qmaxcutR_18_3.txt,262144,9,spmv,cusparse_csr,3.548,0.793,0.017980,241
PREPCSV,/mnt/beegfs/ysu34/hamlib/dia_e2e/qmaxcutR_18_3.txt,262144,9,spmspm,ours_flat,0.326,0.120,0.055287,8
PREPCSV,/mnt/beegfs/ysu34/hamlib/dia_e2e/qmaxcutR_18_3.txt,262144,9,spmspm,hm_atomic,8.479,0.755,0.071351,129
PREPCSV,/mnt/beegfs/ysu34/hamlib/dia_e2e/qmaxcutR_18_3.txt,262144,9,spmspm,ours_sym,0.180,0.225,-1.000000,-1
PREPCSV,/mnt/beegfs/ysu34/hamlib/dia_e2e/qmaxcutR_18_3.txt,262144,9,spmspm,ours_sym,0.180,0.225,0.030547,13
PREPCSV,/mnt/beegfs/ysu34/hamlib/dia_e2e/qmaxcutK_18_4.txt,262144,19,spmv,didx,6.605,0.506,0.006092,1167
PREPCSV,/mnt/beegfs/ysu34/hamlib/dia_e2e/qmaxcutK_18_4.txt,262144,19,spmv,didx_sym,2.545,0.920,0.006622,523
PREPCSV,/mnt/beegfs/ysu34/hamlib/dia_e2e/qmaxcutK_18_4.txt,262144,19,spmv,gopt,10.515,0.833,0.008860,1281
PREPCSV,/mnt/beegfs/ysu34/hamlib/dia_e2e/qmaxcutK_18_4.txt,262144,19,spmv,cusparse_csr,7.702,1.105,0.021624,407
PREPCSV,/mnt/beegfs/ysu34/hamlib/dia_e2e/qmaxcutK_18_4.txt,262144,19,spmspm,ours_flat,0.494,0.183,0.227887,3
PREPCSV,/mnt/beegfs/ysu34/hamlib/dia_e2e/qmaxcutK_18_4.txt,262144,19,spmspm,hm_atomic,29.270,1.225,0.347658,88
PREPCSV,/mnt/beegfs/ysu34/hamlib/dia_e2e/qmaxcutK_18_4.txt,262144,19,spmspm,ours_sym,0.256,0.237,-1.000000,-1
PREPCSV,/mnt/beegfs/ysu34/hamlib/dia_e2e/qmaxcutK_18_4.txt,262144,19,spmspm,ours_sym,0.256,0.237,0.115978,4
PREPCSV,/mnt/beegfs/ysu34/hamlib/dia_e2e/qmaxcutC_18_4.txt,262144,73,spmv,didx,29.625,1.065,0.015928,1927
PREPCSV,/mnt/beegfs/ysu34/hamlib/dia_e2e/qmaxcutC_18_4.txt,262144,73,spmv,didx_sym,9.318,2.795,0.015017,807
PREPCSV,/mnt/beegfs/ysu34/hamlib/dia_e2e/qmaxcutC_18_4.txt,262144,73,spmv,gopt,38.392,1.925,0.031313,1288
PREPCSV,/mnt/beegfs/ysu34/hamlib/dia_e2e/qmaxcutC_18_4.txt,262144,73,spmv,cusparse_csr,54.515,2.161,0.035707,1587
PREPCSV,/mnt/beegfs/ysu34/hamlib/dia_e2e/qmaxcutC_18_4.txt,262144,73,spmspm,ours_flat,3.317,0.378,3.287931,1
PREPCSV,/mnt/beegfs/ysu34/hamlib/dia_e2e/qmaxcutC_18_4.txt,262144,73,spmspm,hm_atomic,326.696,3.435,5.819859,57
PREPCSV,/mnt/beegfs/ysu34/hamlib/dia_e2e/qmaxcutC_18_4.txt,262144,73,spmspm,ours_sym,1.264,0.828,-1.000000,-1
PREPCSV,/mnt/beegfs/ysu34/hamlib/dia_e2e/qmaxcutC_18_4.txt,262144,73,spmspm,ours_sym,1.264,0.828,1.541988,1
PREPCSV,/mnt/beegfs/ysu34/hamlib/dia_e2e/vibc2h_16_1.txt,65536,14,spmv,didx,1.127,0.126,0.003823,328
PREPCSV,/mnt/beegfs/ysu34/hamlib/dia_e2e/vibc2h_16_1.txt,65536,14,spmv,didx_sym,0.509,0.230,0.004020,184
PREPCSV,/mnt/beegfs/ysu34/hamlib/dia_e2e/vibc2h_16_1.txt,65536,14,spmv,gopt,2.060,0.217,0.007783,293
PREPCSV,/mnt/beegfs/ysu34/hamlib/dia_e2e/vibc2h_16_1.txt,65536,14,spmv,cusparse_csr,1.004,0.518,0.014748,103
PREPCSV,/mnt/beegfs/ysu34/hamlib/dia_e2e/vibc2h_16_1.txt,65536,14,spmspm,ours_flat,0.110,0.107,0.034126,6
PREPCSV,/mnt/beegfs/ysu34/hamlib/dia_e2e/vibc2h_16_1.txt,65536,14,spmspm,hm_atomic,3.861,0.326,0.043614,96
PREPCSV,/mnt/beegfs/ysu34/hamlib/dia_e2e/vibc2h_16_1.txt,65536,14,spmspm,ours_sym,0.054,0.115,-1.000000,-1
PREPCSV,/mnt/beegfs/ysu34/hamlib/dia_e2e/vibc2h_16_1.txt,65536,14,spmspm,ours_sym,0.054,0.115,0.020142,8
PREPCSV,/mnt/beegfs/ysu34/hamlib/dia_e2e/vibbf3_18_3.txt,262144,12,spmv,didx,4.121,0.571,0.005145,912
PREPCSV,/mnt/beegfs/ysu34/hamlib/dia_e2e/vibbf3_18_3.txt,262144,12,spmv,didx_sym,1.620,0.652,0.005688,399
PREPCSV,/mnt/beegfs/ysu34/hamlib/dia_e2e/vibbf3_18_3.txt,262144,12,spmv,gopt,5.546,0.399,0.006039,984
PREPCSV,/mnt/beegfs/ysu34/hamlib/dia_e2e/vibbf3_18_3.txt,262144,12,spmv,cusparse_csr,4.665,0.897,0.018434,302
PREPCSV,/mnt/beegfs/ysu34/hamlib/dia_e2e/vibbf3_18_3.txt,262144,12,spmspm,ours_flat,0.351,0.141,0.095336,5
PREPCSV,/mnt/beegfs/ysu34/hamlib/dia_e2e/vibbf3_18_3.txt,262144,12,spmspm,hm_atomic,13.068,0.824,0.127663,109
PREPCSV,/mnt/beegfs/ysu34/hamlib/dia_e2e/vibbf3_18_3.txt,262144,12,spmspm,ours_sym,0.202,0.159,-1.000000,-1
PREPCSV,/mnt/beegfs/ysu34/hamlib/dia_e2e/vibbf3_18_3.txt,262144,12,spmspm,ours_sym,0.202,0.159,0.051143,7
PREPCSV,/mnt/beegfs/ysu34/hamlib/dia_e2e/H8_16_6.txt,65536,8979,spmv,didx,363.361,2.445,0.263489,1388
PREPCSV,/mnt/beegfs/ysu34/hamlib/dia_e2e/H8_16_6.txt,65536,8979,spmv,gopt,718.382,18.299,1.458802,505
PREPCSV,/mnt/beegfs/ysu34/hamlib/dia_e2e/H8_16_6.txt,65536,8979,spmv,cusparse_csr,1463.371,3.907,0.058470,25095
PREPCSV,/mnt/beegfs/ysu34/hamlib/dia_e2e/H8_16_6.txt,65536,8979,spmspm,ours_flat,7451.318,79.913,7318.865234,1
PREPCSV,/mnt/beegfs/ysu34/hamlib/dia_e2e/H8_16_6.txt,65536,8979,spmspm,ours_sym,1160.161,36.517,-1.000000,-1
PREPCSV,/mnt/beegfs/ysu34/hamlib/dia_e2e/H8_16_6.txt,65536,8979,spmspm,ours_sym,1160.161,36.517,3649.300293,0
PREPCSV,/mnt/beegfs/ysu34/hamlib/dia_e2e/C2_18_7.txt,262144,10061,spmv,didx,1721.603,6.025,0.773821,2233
PREPCSV,/mnt/beegfs/ysu34/hamlib/dia_e2e/C2_18_7.txt,262144,10061,spmv,gopt,2547.749,49.807,1.305605,1990
PREPCSV,/mnt/beegfs/ysu34/hamlib/dia_e2e/C2_18_7.txt,262144,10061,spmv,cusparse_csr,7545.731,8.710,0.145910,51775
PREPCSV,/mnt/beegfs/ysu34/hamlib/dia_e2e/fermi_18_5.txt,262144,33,spmv,didx,9.051,0.608,0.008195,1179
PREPCSV,/mnt/beegfs/ysu34/hamlib/dia_e2e/fermi_18_5.txt,262144,33,spmv,didx_sym,3.867,1.447,0.008036,661
PREPCSV,/mnt/beegfs/ysu34/hamlib/dia_e2e/fermi_18_5.txt,262144,33,spmv,gopt,18.208,1.044,0.011654,1652
PREPCSV,/mnt/beegfs/ysu34/hamlib/dia_e2e/fermi_18_5.txt,262144,33,spmv,cusparse_csr,30.418,1.401,0.024066,1322
PREPCSV,/mnt/beegfs/ysu34/hamlib/dia_e2e/fermi_18_5.txt,262144,33,spmspm,ours_flat,0.944,0.283,0.733004,2
PREPCSV,/mnt/beegfs/ysu34/hamlib/dia_e2e/fermi_18_5.txt,262144,33,spmspm,hm_atomic,94.003,1.763,1.235481,78
PREPCSV,/mnt/beegfs/ysu34/hamlib/dia_e2e/fermi_18_5.txt,262144,33,spmspm,ours_sym,0.424,0.416,-1.000000,-1
PREPCSV,/mnt/beegfs/ysu34/hamlib/dia_e2e/fermi_18_5.txt,262144,33,spmspm,ours_sym,0.424,0.416,0.350916,2
PREPCSV,/mnt/beegfs/ysu34/hamlib/dia_e2e/fermi_20_5.txt,1048576,37,spmv,didx,69.291,2.022,0.031066,2296
PREPCSV,/mnt/beegfs/ysu34/hamlib/dia_e2e/fermi_20_5.txt,1048576,37,spmv,didx_sym,20.544,5.217,0.030807,836
PREPCSV,/mnt/beegfs/ysu34/hamlib/dia_e2e/fermi_20_5.txt,1048576,37,spmv,gopt,87.838,3.318,0.043087,2116
PREPCSV,/mnt/beegfs/ysu34/hamlib/dia_e2e/fermi_20_5.txt,1048576,37,spmv,cusparse_csr,119.494,3.627,0.058179,2116
PREPCSV,/mnt/beegfs/ysu34/hamlib/dia_e2e/fermi_20_5.txt,1048576,37,spmspm,ours_flat,3.966,0.527,3.932216,1
PREPCSV,/mnt/beegfs/ysu34/hamlib/dia_e2e/fermi_20_5.txt,1048576,37,spmspm,hm_atomic,424.190,5.671,6.561196,66
PREPCSV,/mnt/beegfs/ysu34/hamlib/dia_e2e/fermi_20_5.txt,1048576,37,spmspm,ours_sym,1.878,0.938,-1.000000,-1
PREPCSV,/mnt/beegfs/ysu34/hamlib/dia_e2e/fermi_20_5.txt,1048576,37,spmspm,ours_sym,1.878,0.938,1.939868,1
PREPCSV,/mnt/beegfs/ysu34/hamlib/dia_e2e/bh_16_5.txt,65536,167,spmv,didx,12.154,0.365,0.006871,1822
PREPCSV,/mnt/beegfs/ysu34/hamlib/dia_e2e/bh_16_5.txt,65536,167,spmv,didx_sym,4.802,1.466,0.006863,913
PREPCSV,/mnt/beegfs/ysu34/hamlib/dia_e2e/bh_16_5.txt,65536,167,spmv,gopt,20.672,1.050,0.042341,513
PREPCSV,/mnt/beegfs/ysu34/hamlib/dia_e2e/bh_16_5.txt,65536,167,spmv,cusparse_csr,23.707,0.968,0.021942,1125
PREPCSV,/mnt/beegfs/ysu34/hamlib/dia_e2e/bh_16_5.txt,65536,167,spmspm,ours_flat,8.625,0.423,3.368665,3
PREPCSV,/mnt/beegfs/ysu34/hamlib/dia_e2e/bh_16_5.txt,65536,167,spmspm,hm_atomic,241.053,2.029,5.469618,44
PREPCSV,/mnt/beegfs/ysu34/hamlib/dia_e2e/bh_16_5.txt,65536,167,spmspm,ours_sym,1.308,0.715,-1.000000,-1
PREPCSV,/mnt/beegfs/ysu34/hamlib/dia_e2e/bh_16_5.txt,65536,167,spmspm,ours_sym,1.308,0.715,1.501923,1
PREPCSV,/mnt/beegfs/ysu34/hamlib/dia_e2e/bh_18_5.txt,262144,192,spmv,didx,63.508,1.238,0.018704,3462
PREPCSV,/mnt/beegfs/ysu34/hamlib/dia_e2e/bh_18_5.txt,262144,192,spmv,didx_sym,22.630,6.417,0.017370,1672
PREPCSV,/mnt/beegfs/ysu34/hamlib/dia_e2e/bh_18_5.txt,262144,192,spmv,gopt,94.840,4.008,0.069548,1421
PREPCSV,/mnt/beegfs/ysu34/hamlib/dia_e2e/bh_18_5.txt,262144,192,spmv,cusparse_csr,167.482,2.423,0.041203,4124
PREPCSV,/mnt/beegfs/ysu34/hamlib/dia_e2e/bh_18_5.txt,262144,192,spmspm,ours_flat,22.823,1.238,21.891855,1
PREPCSV,/mnt/beegfs/ysu34/hamlib/dia_e2e/bh_18_5.txt,262144,192,spmspm,hm_atomic,1409.214,7.934,38.950897,36
PREPCSV,/mnt/beegfs/ysu34/hamlib/dia_e2e/bh_18_5.txt,262144,192,spmspm,ours_sym,5.495,2.563,-1.000000,-1
PREPCSV,/mnt/beegfs/ysu34/hamlib/dia_e2e/bh_18_5.txt,262144,192,spmspm,ours_sym,5.495,2.563,9.839173,1
PREPCSV,/mnt/beegfs/ysu34/hamlib/dia_e2e/bh_20_5.txt,1048576,214,spmv,didx,357.401,4.259,0.090499,3996
PREPCSV,/mnt/beegfs/ysu34/hamlib/dia_e2e/bh_20_5.txt,1048576,214,spmv,didx_sym,127.122,27.612,0.089344,1732
PREPCSV,/mnt/beegfs/ysu34/hamlib/dia_e2e/bh_20_5.txt,1048576,214,spmv,gopt,422.201,15.147,0.186463,2345
PREPCSV,/mnt/beegfs/ysu34/hamlib/dia_e2e/bh_20_5.txt,1048576,214,spmv,cusparse_csr,768.443,7.970,0.130131,5966
PREPCSV,/mnt/beegfs/ysu34/hamlib/dia_e2e/bh_20_5.txt,1048576,214,spmspm,ours_flat,107.016,4.291,121.556877,1
PREPCSV,/mnt/beegfs/ysu34/hamlib/dia_e2e/bh_20_5.txt,1048576,214,spmspm,ours_sym,43.269,25.984,-1.000000,-1
PREPCSV,/mnt/beegfs/ysu34/hamlib/dia_e2e/bh_20_5.txt,1048576,214,spmspm,ours_sym,43.269,25.984,59.615379,1
PREPCSV,/mnt/beegfs/ysu34/hamlib/dia_e2e/bhD1_18_7.txt,262144,112,spmv,didx,49.344,1.205,0.018636,2712
PREPCSV,/mnt/beegfs/ysu34/hamlib/dia_e2e/bhD1_18_7.txt,262144,112,spmv,didx_sym,15.983,4.023,0.016471,1215
PREPCSV,/mnt/beegfs/ysu34/hamlib/dia_e2e/bhD1_18_7.txt,262144,112,spmv,gopt,75.831,2.844,0.048764,1613
PREPCSV,/mnt/beegfs/ysu34/hamlib/dia_e2e/bhD1_18_7.txt,262144,112,spmv,cusparse_csr,85.175,2.274,0.040932,2136
PREPCSV,/mnt/beegfs/ysu34/hamlib/dia_e2e/bhD1_18_7.txt,262144,112,spmspm,ours_flat,8.113,0.701,7.629704,1
PREPCSV,/mnt/beegfs/ysu34/hamlib/dia_e2e/bhD1_18_7.txt,262144,112,spmspm,hm_atomic,638.623,4.969,13.883456,46
PREPCSV,/mnt/beegfs/ysu34/hamlib/dia_e2e/bhD1_18_7.txt,262144,112,spmspm,ours_sym,2.369,1.324,-1.000000,-1
PREPCSV,/mnt/beegfs/ysu34/hamlib/dia_e2e/bhD1_18_7.txt,262144,112,spmspm,ours_sym,2.369,1.324,3.877689,1
PREPCSV,/mnt/beegfs/ysu34/hamlib/dia_e2e/fermiFH_18_4.txt,262144,64,spmv,didx,17.261,0.592,0.008217,2173
PREPCSV,/mnt/beegfs/ysu34/hamlib/dia_e2e/fermiFH_18_4.txt,262144,64,spmv,didx_sym,7.253,2.323,0.008159,1174
PREPCSV,/mnt/beegfs/ysu34/hamlib/dia_e2e/fermiFH_18_4.txt,262144,64,spmv,gopt,34.120,1.415,0.016364,2172
PREPCSV,/mnt/beegfs/ysu34/hamlib/dia_e2e/fermiFH_18_4.txt,262144,64,spmv,cusparse_csr,34.719,1.187,0.024590,1460
PREPCSV,/mnt/beegfs/ysu34/hamlib/dia_e2e/fermiFH_18_4.txt,262144,64,spmspm,ours_flat,2.693,0.299,2.638170,1
PREPCSV,/mnt/beegfs/ysu34/hamlib/dia_e2e/fermiFH_18_4.txt,262144,64,spmspm,hm_atomic,245.798,2.876,4.638346,54
PREPCSV,/mnt/beegfs/ysu34/hamlib/dia_e2e/fermiFH_18_4.txt,262144,64,spmspm,ours_sym,0.972,0.611,-1.000000,-1
PREPCSV,/mnt/beegfs/ysu34/hamlib/dia_e2e/fermiFH_18_4.txt,262144,64,spmspm,ours_sym,0.972,0.611,1.240972,1
PREPCSV,/mnt/beegfs/ysu34/hamlib/dia_e2e/qmaxcutR_18_3.txt,262144,9,spmv,didx,3.160,0.276,0.004812,714
PREPCSV,/mnt/beegfs/ysu34/hamlib/dia_e2e/qmaxcutR_18_3.txt,262144,9,spmv,didx_sym,1.250,0.412,0.005491,303
PREPCSV,/mnt/beegfs/ysu34/hamlib/dia_e2e/qmaxcutR_18_3.txt,262144,9,spmv,gopt,4.371,0.237,0.005305,869
PREPCSV,/mnt/beegfs/ysu34/hamlib/dia_e2e/qmaxcutR_18_3.txt,262144,9,spmv,cusparse_csr,3.243,0.676,0.017848,220
PREPCSV,/mnt/beegfs/ysu34/hamlib/dia_e2e/qmaxcutR_18_3.txt,262144,9,spmspm,ours_flat,0.307,0.113,0.055318,8
PREPCSV,/mnt/beegfs/ysu34/hamlib/dia_e2e/qmaxcutR_18_3.txt,262144,9,spmspm,hm_atomic,8.752,0.788,0.071487,133
PREPCSV,/mnt/beegfs/ysu34/hamlib/dia_e2e/qmaxcutR_18_3.txt,262144,9,spmspm,ours_sym,0.177,0.126,-1.000000,-1
PREPCSV,/mnt/beegfs/ysu34/hamlib/dia_e2e/qmaxcutR_18_3.txt,262144,9,spmspm,ours_sym,0.177,0.126,0.030547,10
PREPCSV,/mnt/beegfs/ysu34/hamlib/dia_e2e/qmaxcutK_18_4.txt,262144,19,spmv,didx,6.663,0.417,0.006264,1130
PREPCSV,/mnt/beegfs/ysu34/hamlib/dia_e2e/qmaxcutK_18_4.txt,262144,19,spmv,didx_sym,2.348,0.765,0.006736,462
PREPCSV,/mnt/beegfs/ysu34/hamlib/dia_e2e/qmaxcutK_18_4.txt,262144,19,spmv,gopt,10.037,0.811,0.008964,1210
PREPCSV,/mnt/beegfs/ysu34/hamlib/dia_e2e/qmaxcutK_18_4.txt,262144,19,spmv,cusparse_csr,7.310,1.079,0.022145,379
PREPCSV,/mnt/beegfs/ysu34/hamlib/dia_e2e/qmaxcutK_18_4.txt,262144,19,spmspm,ours_flat,0.462,0.158,0.227949,3
PREPCSV,/mnt/beegfs/ysu34/hamlib/dia_e2e/qmaxcutK_18_4.txt,262144,19,spmspm,hm_atomic,27.606,1.427,0.347973,83
PREPCSV,/mnt/beegfs/ysu34/hamlib/dia_e2e/qmaxcutK_18_4.txt,262144,19,spmspm,ours_sym,0.235,0.175,-1.000000,-1
PREPCSV,/mnt/beegfs/ysu34/hamlib/dia_e2e/qmaxcutK_18_4.txt,262144,19,spmspm,ours_sym,0.235,0.175,0.116104,4
PREPCSV,/mnt/beegfs/ysu34/hamlib/dia_e2e/qmaxcutC_18_4.txt,262144,73,spmv,didx,27.187,0.990,0.016197,1740
PREPCSV,/mnt/beegfs/ysu34/hamlib/dia_e2e/qmaxcutC_18_4.txt,262144,73,spmv,didx_sym,9.190,2.676,0.015089,786
PREPCSV,/mnt/beegfs/ysu34/hamlib/dia_e2e/qmaxcutC_18_4.txt,262144,73,spmv,gopt,37.902,1.850,0.031526,1261
PREPCSV,/mnt/beegfs/ysu34/hamlib/dia_e2e/qmaxcutC_18_4.txt,262144,73,spmv,cusparse_csr,53.182,1.982,0.036168,1525
PREPCSV,/mnt/beegfs/ysu34/hamlib/dia_e2e/qmaxcutC_18_4.txt,262144,73,spmspm,ours_flat,3.192,0.330,3.292701,1
PREPCSV,/mnt/beegfs/ysu34/hamlib/dia_e2e/qmaxcutC_18_4.txt,262144,73,spmspm,hm_atomic,327.187,3.190,5.819472,57
PREPCSV,/mnt/beegfs/ysu34/hamlib/dia_e2e/qmaxcutC_18_4.txt,262144,73,spmspm,ours_sym,1.166,0.750,-1.000000,-1
PREPCSV,/mnt/beegfs/ysu34/hamlib/dia_e2e/qmaxcutC_18_4.txt,262144,73,spmspm,ours_sym,1.166,0.750,1.540696,1
PREPCSV,/mnt/beegfs/ysu34/hamlib/dia_e2e/vibbf3_18_3.txt,262144,12,spmv,didx,3.911,0.324,0.005126,826
PREPCSV,/mnt/beegfs/ysu34/hamlib/dia_e2e/vibbf3_18_3.txt,262144,12,spmv,didx_sym,1.461,0.498,0.005696,344
PREPCSV,/mnt/beegfs/ysu34/hamlib/dia_e2e/vibbf3_18_3.txt,262144,12,spmv,gopt,4.842,0.317,0.006021,857
PREPCSV,/mnt/beegfs/ysu34/hamlib/dia_e2e/vibbf3_18_3.txt,262144,12,spmv,cusparse_csr,4.249,0.854,0.018449,277
PREPCSV,/mnt/beegfs/ysu34/hamlib/dia_e2e/vibbf3_18_3.txt,262144,12,spmspm,ours_flat,0.345,0.151,0.095437,5
PREPCSV,/mnt/beegfs/ysu34/hamlib/dia_e2e/vibbf3_18_3.txt,262144,12,spmspm,hm_atomic,11.713,0.887,0.127747,99
PREPCSV,/mnt/beegfs/ysu34/hamlib/dia_e2e/vibbf3_18_3.txt,262144,12,spmspm,ours_sym,0.191,0.154,-1.000000,-1
PREPCSV,/mnt/beegfs/ysu34/hamlib/dia_e2e/vibbf3_18_3.txt,262144,12,spmspm,ours_sym,0.191,0.154,0.051180,7
PREPCSV,/mnt/beegfs/ysu34/hamlib/dia_e2e/fermi_18_5.txt,262144,33,spmv,didx,8.981,0.650,0.008264,1165
PREPCSV,/mnt/beegfs/ysu34/hamlib/dia_e2e/fermi_18_5.txt,262144,33,spmv,didx_sym,3.903,1.354,0.008049,653
PREPCSV,/mnt/beegfs/ysu34/hamlib/dia_e2e/fermi_18_5.txt,262144,33,spmv,gopt,16.647,0.993,0.011732,1504
PREPCSV,/mnt/beegfs/ysu34/hamlib/dia_e2e/fermi_18_5.txt,262144,33,spmv,cusparse_csr,28.001,1.320,0.024598,1192
PREPCSV,/mnt/beegfs/ysu34/hamlib/dia_e2e/fermi_18_5.txt,262144,33,spmspm,ours_flat,0.941,0.208,0.732072,2
PREPCSV,/mnt/beegfs/ysu34/hamlib/dia_e2e/fermi_18_5.txt,262144,33,spmspm,hm_atomic,90.179,1.742,1.235843,74
PREPCSV,/mnt/beegfs/ysu34/hamlib/dia_e2e/fermi_18_5.txt,262144,33,spmspm,ours_sym,0.394,0.344,-1.000000,-1
PREPCSV,/mnt/beegfs/ysu34/hamlib/dia_e2e/fermi_18_5.txt,262144,33,spmspm,ours_sym,0.394,0.344,0.354910,2
PREPCSV,/mnt/beegfs/ysu34/hamlib/dia_e2e/fermi_20_5.txt,1048576,37,spmv,didx,67.724,2.192,0.030899,2263
PREPCSV,/mnt/beegfs/ysu34/hamlib/dia_e2e/fermi_20_5.txt,1048576,37,spmv,didx_sym,19.129,5.478,0.030626,803
PREPCSV,/mnt/beegfs/ysu34/hamlib/dia_e2e/fermi_20_5.txt,1048576,37,spmv,gopt,84.897,3.484,0.043006,2055
PREPCSV,/mnt/beegfs/ysu34/hamlib/dia_e2e/fermi_20_5.txt,1048576,37,spmv,cusparse_csr,116.064,3.727,0.057889,2069
PREPCSV,/mnt/beegfs/ysu34/hamlib/dia_e2e/fermi_20_5.txt,1048576,37,spmspm,ours_flat,3.928,0.492,3.943176,1
PREPCSV,/mnt/beegfs/ysu34/hamlib/dia_e2e/fermi_20_5.txt,1048576,37,spmspm,hm_atomic,438.252,6.091,6.576058,68
PREPCSV,/mnt/beegfs/ysu34/hamlib/dia_e2e/fermi_20_5.txt,1048576,37,spmspm,ours_sym,1.891,0.972,-1.000000,-1
PREPCSV,/mnt/beegfs/ysu34/hamlib/dia_e2e/fermi_20_5.txt,1048576,37,spmspm,ours_sym,1.891,0.972,1.939366,1
PREPCSV,/mnt/beegfs/ysu34/hamlib/dia_e2e/bh_16_5.txt,65536,167,spmv,didx,11.990,0.300,0.006719,1829
PREPCSV,/mnt/beegfs/ysu34/hamlib/dia_e2e/bh_16_5.txt,65536,167,spmv,didx_sym,4.682,1.487,0.006714,919
PREPCSV,/mnt/beegfs/ysu34/hamlib/dia_e2e/bh_16_5.txt,65536,167,spmv,gopt,19.257,1.067,0.042210,481
PREPCSV,/mnt/beegfs/ysu34/hamlib/dia_e2e/bh_16_5.txt,65536,167,spmv,cusparse_csr,23.086,0.867,0.021529,1113
PREPCSV,/mnt/beegfs/ysu34/hamlib/dia_e2e/bh_16_5.txt,65536,167,spmspm,ours_flat,8.595,0.334,3.360024,3
PREPCSV,/mnt/beegfs/ysu34/hamlib/dia_e2e/bh_16_5.txt,65536,167,spmspm,hm_atomic,264.229,2.104,5.465087,49
PREPCSV,/mnt/beegfs/ysu34/hamlib/dia_e2e/bh_16_5.txt,65536,167,spmspm,ours_sym,1.280,0.639,-1.000000,-1
PREPCSV,/mnt/beegfs/ysu34/hamlib/dia_e2e/bh_16_5.txt,65536,167,spmspm,ours_sym,1.280,0.639,1.503142,1
PREPCSV,/mnt/beegfs/ysu34/hamlib/dia_e2e/bh_18_5.txt,262144,192,spmv,didx,59.940,1.112,0.018991,3215
PREPCSV,/mnt/beegfs/ysu34/hamlib/dia_e2e/bh_18_5.txt,262144,192,spmv,didx_sym,26.440,6.128,0.017372,1875
PREPCSV,/mnt/beegfs/ysu34/hamlib/dia_e2e/bh_18_5.txt,262144,192,spmv,gopt,93.528,3.978,0.069553,1402
PREPCSV,/mnt/beegfs/ysu34/hamlib/dia_e2e/bh_18_5.txt,262144,192,spmv,cusparse_csr,142.228,2.356,0.041382,3494
PREPCSV,/mnt/beegfs/ysu34/hamlib/dia_e2e/bh_18_5.txt,262144,192,spmspm,ours_flat,22.685,1.143,21.745529,1
PREPCSV,/mnt/beegfs/ysu34/hamlib/dia_e2e/bh_18_5.txt,262144,192,spmspm,hm_atomic,1508.402,8.428,38.950005,39
PREPCSV,/mnt/beegfs/ysu34/hamlib/dia_e2e/bh_18_5.txt,262144,192,spmspm,ours_sym,5.549,2.547,-1.000000,-1
PREPCSV,/mnt/beegfs/ysu34/hamlib/dia_e2e/bh_18_5.txt,262144,192,spmspm,ours_sym,5.549,2.547,9.855863,1
PREPCSV,/mnt/beegfs/ysu34/hamlib/dia_e2e/bh_20_5.txt,1048576,214,spmv,didx,398.228,4.939,0.090664,4447
PREPCSV,/mnt/beegfs/ysu34/hamlib/dia_e2e/bh_20_5.txt,1048576,214,spmv,didx_sym,143.313,28.665,0.089636,1919
PREPCSV,/mnt/beegfs/ysu34/hamlib/dia_e2e/bh_20_5.txt,1048576,214,spmv,gopt,446.734,15.993,0.186691,2479
PREPCSV,/mnt/beegfs/ysu34/hamlib/dia_e2e/bh_20_5.txt,1048576,214,spmv,cusparse_csr,781.143,8.379,0.130388,6055
PREPCSV,/mnt/beegfs/ysu34/hamlib/dia_e2e/bh_20_5.txt,1048576,214,spmspm,ours_flat,112.124,4.778,121.566406,1
PREPCSV,/mnt/beegfs/ysu34/hamlib/dia_e2e/bh_20_5.txt,1048576,214,spmspm,ours_sym,44.623,25.864,-1.000000,-1
PREPCSV,/mnt/beegfs/ysu34/hamlib/dia_e2e/bh_20_5.txt,1048576,214,spmspm,ours_sym,44.623,25.864,59.589527,1
PREPCSV,/mnt/beegfs/ysu34/hamlib/dia_e2e/bhD1_18_7.txt,262144,112,spmv,didx,54.345,1.392,0.018591,2998
PREPCSV,/mnt/beegfs/ysu34/hamlib/dia_e2e/bhD1_18_7.txt,262144,112,spmv,didx_sym,19.617,4.207,0.016438,1449
PREPCSV,/mnt/beegfs/ysu34/hamlib/dia_e2e/bhD1_18_7.txt,262144,112,spmv,gopt,81.267,2.933,0.048722,1728
PREPCSV,/mnt/beegfs/ysu34/hamlib/dia_e2e/bhD1_18_7.txt,262144,112,spmv,cusparse_csr,89.627,2.411,0.040905,2250
PREPCSV,/mnt/beegfs/ysu34/hamlib/dia_e2e/bhD1_18_7.txt,262144,112,spmspm,ours_flat,8.191,0.734,7.606401,1
PREPCSV,/mnt/beegfs/ysu34/hamlib/dia_e2e/bhD1_18_7.txt,262144,112,spmspm,hm_atomic,657.840,5.191,13.876649,48
PREPCSV,/mnt/beegfs/ysu34/hamlib/dia_e2e/bhD1_18_7.txt,262144,112,spmspm,ours_sym,2.415,1.348,-1.000000,-1
PREPCSV,/mnt/beegfs/ysu34/hamlib/dia_e2e/bhD1_18_7.txt,262144,112,spmspm,ours_sym,2.415,1.348,3.875975,1
PREPCSV,/mnt/beegfs/ysu34/hamlib/dia_e2e/fermiFH_18_4.txt,262144,64,spmv,didx,16.494,0.619,0.008211,2084
PREPCSV,/mnt/beegfs/ysu34/hamlib/dia_e2e/fermiFH_18_4.txt,262144,64,spmv,didx_sym,6.670,2.372,0.008221,1100
PREPCSV,/mnt/beegfs/ysu34/hamlib/dia_e2e/fermiFH_18_4.txt,262144,64,spmv,gopt,33.000,1.479,0.016412,2101
PREPCSV,/mnt/beegfs/ysu34/hamlib/dia_e2e/fermiFH_18_4.txt,262144,64,spmv,cusparse_csr,34.854,1.307,0.024554,1473
PREPCSV,/mnt/beegfs/ysu34/hamlib/dia_e2e/fermiFH_18_4.txt,262144,64,spmspm,ours_flat,2.708,0.429,2.635364,1
PREPCSV,/mnt/beegfs/ysu34/hamlib/dia_e2e/fermiFH_18_4.txt,262144,64,spmspm,hm_atomic,250.264,2.826,4.639781,55
PREPCSV,/mnt/beegfs/ysu34/hamlib/dia_e2e/fermiFH_18_4.txt,262144,64,spmspm,ours_sym,1.077,0.724,-1.000000,-1
PREPCSV,/mnt/beegfs/ysu34/hamlib/dia_e2e/fermiFH_18_4.txt,262144,64,spmspm,ours_sym,1.077,0.724,1.240232,1
PREPCSV,/mnt/beegfs/ysu34/hamlib/dia_e2e/qmaxcutR_18_3.txt,262144,9,spmv,didx,3.192,0.322,0.004854,724
PREPCSV,/mnt/beegfs/ysu34/hamlib/dia_e2e/qmaxcutR_18_3.txt,262144,9,spmv,didx_sym,1.131,0.450,0.005543,285
PREPCSV,/mnt/beegfs/ysu34/hamlib/dia_e2e/qmaxcutR_18_3.txt,262144,9,spmv,gopt,4.470,0.368,0.005325,908
PREPCSV,/mnt/beegfs/ysu34/hamlib/dia_e2e/qmaxcutR_18_3.txt,262144,9,spmv,cusparse_csr,3.461,0.798,0.017935,237
PREPCSV,/mnt/beegfs/ysu34/hamlib/dia_e2e/qmaxcutR_18_3.txt,262144,9,spmspm,ours_flat,0.314,0.131,0.055291,8
PREPCSV,/mnt/beegfs/ysu34/hamlib/dia_e2e/qmaxcutR_18_3.txt,262144,9,spmspm,hm_atomic,8.653,0.780,0.071539,132
PREPCSV,/mnt/beegfs/ysu34/hamlib/dia_e2e/qmaxcutR_18_3.txt,262144,9,spmspm,ours_sym,0.183,0.160,-1.000000,-1
PREPCSV,/mnt/beegfs/ysu34/hamlib/dia_e2e/qmaxcutR_18_3.txt,262144,9,spmspm,ours_sym,0.183,0.160,0.030554,11
PREPCSV,/mnt/beegfs/ysu34/hamlib/dia_e2e/qmaxcutK_18_4.txt,262144,19,spmv,didx,6.837,0.550,0.006247,1182
PREPCSV,/mnt/beegfs/ysu34/hamlib/dia_e2e/qmaxcutK_18_4.txt,262144,19,spmv,didx_sym,2.449,1.121,0.006696,533
PREPCSV,/mnt/beegfs/ysu34/hamlib/dia_e2e/qmaxcutK_18_4.txt,262144,19,spmv,gopt,10.550,0.904,0.008944,1281
PREPCSV,/mnt/beegfs/ysu34/hamlib/dia_e2e/qmaxcutK_18_4.txt,262144,19,spmv,cusparse_csr,8.308,1.196,0.022106,430
PREPCSV,/mnt/beegfs/ysu34/hamlib/dia_e2e/qmaxcutK_18_4.txt,262144,19,spmspm,ours_flat,0.471,0.185,0.227978,3
PREPCSV,/mnt/beegfs/ysu34/hamlib/dia_e2e/qmaxcutK_18_4.txt,262144,19,spmspm,hm_atomic,27.956,1.246,0.347564,84
PREPCSV,/mnt/beegfs/ysu34/hamlib/dia_e2e/qmaxcutK_18_4.txt,262144,19,spmspm,ours_sym,0.257,0.342,-1.000000,-1
PREPCSV,/mnt/beegfs/ysu34/hamlib/dia_e2e/qmaxcutK_18_4.txt,262144,19,spmspm,ours_sym,0.257,0.342,0.116040,5
PREPCSV,/mnt/beegfs/ysu34/hamlib/dia_e2e/qmaxcutC_18_4.txt,262144,73,spmv,didx,30.294,1.089,0.016074,1952
PREPCSV,/mnt/beegfs/ysu34/hamlib/dia_e2e/qmaxcutC_18_4.txt,262144,73,spmv,didx_sym,8.551,2.881,0.015069,759
PREPCSV,/mnt/beegfs/ysu34/hamlib/dia_e2e/qmaxcutC_18_4.txt,262144,73,spmv,gopt,37.765,2.078,0.031576,1262
PREPCSV,/mnt/beegfs/ysu34/hamlib/dia_e2e/qmaxcutC_18_4.txt,262144,73,spmv,cusparse_csr,53.535,2.311,0.036307,1538
PREPCSV,/mnt/beegfs/ysu34/hamlib/dia_e2e/qmaxcutC_18_4.txt,262144,73,spmspm,ours_flat,3.246,0.486,3.290835,1
PREPCSV,/mnt/beegfs/ysu34/hamlib/dia_e2e/qmaxcutC_18_4.txt,262144,73,spmspm,hm_atomic,312.882,3.237,5.818959,54
PREPCSV,/mnt/beegfs/ysu34/hamlib/dia_e2e/qmaxcutC_18_4.txt,262144,73,spmspm,ours_sym,1.206,0.765,-1.000000,-1
PREPCSV,/mnt/beegfs/ysu34/hamlib/dia_e2e/qmaxcutC_18_4.txt,262144,73,spmspm,ours_sym,1.206,0.765,1.538445,1
PREPCSV,/mnt/beegfs/ysu34/hamlib/dia_e2e/vibbf3_18_3.txt,262144,12,spmv,didx,3.924,0.398,0.005082,851
PREPCSV,/mnt/beegfs/ysu34/hamlib/dia_e2e/vibbf3_18_3.txt,262144,12,spmv,didx_sym,1.528,0.642,0.005676,382
PREPCSV,/mnt/beegfs/ysu34/hamlib/dia_e2e/vibbf3_18_3.txt,262144,12,spmv,gopt,5.008,0.522,0.006019,919
PREPCSV,/mnt/beegfs/ysu34/hamlib/dia_e2e/vibbf3_18_3.txt,262144,12,spmv,cusparse_csr,4.471,0.885,0.018357,292
PREPCSV,/mnt/beegfs/ysu34/hamlib/dia_e2e/vibbf3_18_3.txt,262144,12,spmspm,ours_flat,0.355,0.157,0.095331,5
PREPCSV,/mnt/beegfs/ysu34/hamlib/dia_e2e/vibbf3_18_3.txt,262144,12,spmspm,hm_atomic,11.887,0.886,0.127613,100
PREPCSV,/mnt/beegfs/ysu34/hamlib/dia_e2e/vibbf3_18_3.txt,262144,12,spmspm,ours_sym,0.207,0.231,-1.000000,-1
PREPCSV,/mnt/beegfs/ysu34/hamlib/dia_e2e/vibbf3_18_3.txt,262144,12,spmspm,ours_sym,0.207,0.231,0.051136,9
PREPCSV,/mnt/beegfs/ysu34/hamlib/dia_e2e/bhc_16_7.txt,65536,99,spmv,didx,7.839,0.311,0.006748,1208
PREPCSV,/mnt/beegfs/ysu34/hamlib/dia_e2e/bhc_16_7.txt,65536,99,spmv,didx_sym,3.715,0.716,0.006520,680
PREPCSV,/mnt/beegfs/ysu34/hamlib/dia_e2e/bhc_16_7.txt,65536,99,spmv,gopt,9.480,0.647,0.028533,355
PREPCSV,/mnt/beegfs/ysu34/hamlib/dia_e2e/bhc_16_7.txt,65536,99,spmv,cusparse_csr,15.503,0.884,0.021411,765
PREPCSV,/mnt/beegfs/ysu34/hamlib/dia_e2e/bhc_16_7.txt,65536,99,spmspm,ours_flat,3.214,0.218,1.232036,3
PREPCSV,/mnt/beegfs/ysu34/hamlib/dia_e2e/bhc_16_7.txt,65536,99,spmspm,hm_atomic,39.782,1.352,2.089788,20
PREPCSV,/mnt/beegfs/ysu34/hamlib/dia_e2e/bhc_16_7.txt,65536,99,spmspm,ours_sym,0.532,0.397,-1.000000,-1
PREPCSV,/mnt/beegfs/ysu34/hamlib/dia_e2e/bhc_16_7.txt,65536,99,spmspm,ours_sym,0.532,0.397,0.605858,2
PREPCSV,/mnt/beegfs/ysu34/hamlib/dia_e2e/bhc_18_7.txt,262144,112,spmv,didx,38.412,0.995,0.018589,2120
PREPCSV,/mnt/beegfs/ysu34/hamlib/dia_e2e/bhc_18_7.txt,262144,112,spmv,didx_sym,15.206,3.502,0.016422,1139
PREPCSV,/mnt/beegfs/ysu34/hamlib/dia_e2e/bhc_18_7.txt,262144,112,spmv,gopt,42.160,2.546,0.048668,919
PREPCSV,/mnt/beegfs/ysu34/hamlib/dia_e2e/bhc_18_7.txt,262144,112,spmv,cusparse_csr,71.572,2.054,0.040869,1802
PREPCSV,/mnt/beegfs/ysu34/hamlib/dia_e2e/bhc_18_7.txt,262144,112,spmspm,ours_flat,8.055,0.516,7.588654,1
PREPCSV,/mnt/beegfs/ysu34/hamlib/dia_e2e/bhc_18_7.txt,262144,112,spmspm,hm_atomic,226.777,4.647,13.869399,17
PREPCSV,/mnt/beegfs/ysu34/hamlib/dia_e2e/bhc_18_7.txt,262144,112,spmspm,ours_sym,2.203,3.309,-1.000000,-1
PREPCSV,/mnt/beegfs/ysu34/hamlib/dia_e2e/bhc_18_7.txt,262144,112,spmspm,ours_sym,2.203,3.309,3.866395,1
PREPCSV,/mnt/beegfs/ysu34/hamlib/dia_e2e/C2c_18_4.txt,262144,9971,spmv,didx,1687.441,5.436,0.762785,2219
PREPCSV,/mnt/beegfs/ysu34/hamlib/dia_e2e/C2c_18_4.txt,262144,9971,spmv,gopt,1930.221,45.718,1.307115,1512
PREPCSV,/mnt/beegfs/ysu34/hamlib/dia_e2e/C2c_18_4.txt,262144,9971,spmv,cusparse_csr,5572.622,8.061,0.143508,38887
PREPCSV,/mnt/beegfs/ysu34/hamlib/dia_e2e/H8c_16_4.txt,65536,8887,spmv,didx,343.103,2.154,0.266111,1297
PREPCSV,/mnt/beegfs/ysu34/hamlib/dia_e2e/H8c_16_4.txt,65536,8887,spmv,gopt,434.820,15.894,1.479953,305
PREPCSV,/mnt/beegfs/ysu34/hamlib/dia_e2e/H8c_16_4.txt,65536,8887,spmv,cusparse_csr,1213.750,3.396,0.058266,20890
PREPCSV,/mnt/beegfs/ysu34/hamlib/dia_e2e/H8c_16_4.txt,65536,8887,spmspm,ours_flat,6156.756,66.085,7148.613770,1
PREPCSV,/mnt/beegfs/ysu34/hamlib/dia_e2e/H8c_16_4.txt,65536,8887,spmspm,ours_sym,704.403,35.226,-1.000000,-1
PREPCSV,/mnt/beegfs/ysu34/hamlib/dia_e2e/H8c_16_4.txt,65536,8887,spmspm,ours_sym,704.403,35.226,3561.445068,0
PREPCSV,/mnt/beegfs/ysu34/hamlib/dia_e2e/O2c_16_5.txt,65536,1243,spmv,didx,65.298,1.109,0.034842,1906
PREPCSV,/mnt/beegfs/ysu34/hamlib/dia_e2e/O2c_16_5.txt,65536,1243,spmv,gopt,72.387,3.847,0.308573,247
PREPCSV,/mnt/beegfs/ysu34/hamlib/dia_e2e/O2c_16_5.txt,65536,1243,spmv,cusparse_csr,249.404,1.828,0.033415,7519
PREPCSV,/mnt/beegfs/ysu34/hamlib/dia_e2e/O2c_16_5.txt,65536,1243,spmspm,ours_flat,1165.170,3.221,156.035873,7
PREPCSV,/mnt/beegfs/ysu34/hamlib/dia_e2e/O2c_16_5.txt,65536,1243,spmspm,ours_sym,53.411,4.829,-1.000000,-1
PREPCSV,/mnt/beegfs/ysu34/hamlib/dia_e2e/O2c_16_5.txt,65536,1243,spmspm,ours_sym,53.411,4.829,73.781769,1
PREPCSV,/mnt/beegfs/ysu34/hamlib/dia_e2e/O2c_20_5.txt,1048576,3359,spmv,didx,3203.690,35.448,2.249421,1440
PREPCSV,/mnt/beegfs/ysu34/hamlib/dia_e2e/O2c_20_5.txt,1048576,3359,spmv,gopt,3159.682,111.852,1.779666,1838
PREPCSV,/mnt/beegfs/ysu34/hamlib/dia_e2e/O2c_20_5.txt,1048576,3359,spmv,cusparse_csr_64i,11150.799,71.914,1.150373,9756
PREPCSV,/mnt/beegfs/ysu34/hamlib/dia_e2e/bhc_16_7.txt,65536,99,spmv,didx,7.653,0.350,0.006840,1170
PREPCSV,/mnt/beegfs/ysu34/hamlib/dia_e2e/bhc_16_7.txt,65536,99,spmv,didx_sym,4.545,1.049,0.006659,840
PREPCSV,/mnt/beegfs/ysu34/hamlib/dia_e2e/bhc_16_7.txt,65536,99,spmv,gopt,10.283,0.641,0.028673,381
PREPCSV,/mnt/beegfs/ysu34/hamlib/dia_e2e/bhc_16_7.txt,65536,99,spmv,cusparse_csr,15.476,0.855,0.021707,752
PREPCSV,/mnt/beegfs/ysu34/hamlib/dia_e2e/bhc_16_7.txt,65536,99,spmspm,ours_flat,3.176,0.218,1.230230,3
PREPCSV,/mnt/beegfs/ysu34/hamlib/dia_e2e/bhc_16_7.txt,65536,99,spmspm,hm_atomic,40.069,1.337,2.094628,20
PREPCSV,/mnt/beegfs/ysu34/hamlib/dia_e2e/bhc_16_7.txt,65536,99,spmspm,ours_sym,0.525,0.415,-1.000000,-1
PREPCSV,/mnt/beegfs/ysu34/hamlib/dia_e2e/bhc_16_7.txt,65536,99,spmspm,ours_sym,0.525,0.415,0.613356,2
PREPCSV,/mnt/beegfs/ysu34/hamlib/dia_e2e/bhc_18_7.txt,262144,112,spmv,didx,39.159,1.002,0.018596,2160
PREPCSV,/mnt/beegfs/ysu34/hamlib/dia_e2e/bhc_18_7.txt,262144,112,spmv,didx_sym,15.479,3.520,0.016384,1160
PREPCSV,/mnt/beegfs/ysu34/hamlib/dia_e2e/bhc_18_7.txt,262144,112,spmv,gopt,42.412,2.518,0.048686,923
PREPCSV,/mnt/beegfs/ysu34/hamlib/dia_e2e/bhc_18_7.txt,262144,112,spmv,cusparse_csr,73.185,2.033,0.040547,1855
PREPCSV,/mnt/beegfs/ysu34/hamlib/dia_e2e/bhc_18_7.txt,262144,112,spmspm,ours_flat,8.062,0.542,7.618409,1
PREPCSV,/mnt/beegfs/ysu34/hamlib/dia_e2e/bhc_18_7.txt,262144,112,spmspm,hm_atomic,227.326,4.591,13.875780,17
PREPCSV,/mnt/beegfs/ysu34/hamlib/dia_e2e/bhc_18_7.txt,262144,112,spmspm,ours_sym,2.209,3.273,-1.000000,-1
PREPCSV,/mnt/beegfs/ysu34/hamlib/dia_e2e/bhc_18_7.txt,262144,112,spmspm,ours_sym,2.209,3.273,3.922053,1
PREPCSV,/mnt/beegfs/ysu34/hamlib/dia_e2e/C2c_18_4.txt,262144,9971,spmv,didx,1690.856,5.431,0.765681,2215
PREPCSV,/mnt/beegfs/ysu34/hamlib/dia_e2e/C2c_18_4.txt,262144,9971,spmv,gopt,1928.593,45.992,1.312272,1505
PREPCSV,/mnt/beegfs/ysu34/hamlib/dia_e2e/C2c_18_4.txt,262144,9971,spmv,cusparse_csr,5407.580,7.956,0.143686,37690
PREPCSV,/mnt/beegfs/ysu34/hamlib/dia_e2e/H8c_16_4.txt,65536,8887,spmv,didx,339.693,2.175,0.265612,1287
PREPCSV,/mnt/beegfs/ysu34/hamlib/dia_e2e/H8c_16_4.txt,65536,8887,spmv,gopt,432.469,16.125,1.481868,303
PREPCSV,/mnt/beegfs/ysu34/hamlib/dia_e2e/H8c_16_4.txt,65536,8887,spmv,cusparse_csr,1220.983,3.436,0.058767,20835
PREPCSV,/mnt/beegfs/ysu34/hamlib/dia_e2e/H8c_16_4.txt,65536,8887,spmspm,ours_flat,6154.649,66.267,7146.492676,1
PREPCSV,/mnt/beegfs/ysu34/hamlib/dia_e2e/H8c_16_4.txt,65536,8887,spmspm,ours_sym,700.485,35.729,-1.000000,-1
PREPCSV,/mnt/beegfs/ysu34/hamlib/dia_e2e/H8c_16_4.txt,65536,8887,spmspm,ours_sym,700.485,35.729,3556.527588,0
PREPCSV,/mnt/beegfs/ysu34/hamlib/dia_e2e/O2c_16_5.txt,65536,1243,spmv,didx,64.922,1.128,0.034729,1902
PREPCSV,/mnt/beegfs/ysu34/hamlib/dia_e2e/O2c_16_5.txt,65536,1243,spmv,gopt,72.174,3.864,0.308696,246
PREPCSV,/mnt/beegfs/ysu34/hamlib/dia_e2e/O2c_16_5.txt,65536,1243,spmv,cusparse_csr,249.914,1.811,0.033704,7469
PREPCSV,/mnt/beegfs/ysu34/hamlib/dia_e2e/O2c_16_5.txt,65536,1243,spmspm,ours_flat,1170.310,3.326,155.924210,8
PREPCSV,/mnt/beegfs/ysu34/hamlib/dia_e2e/O2c_16_5.txt,65536,1243,spmspm,ours_sym,53.126,4.717,-1.000000,-1
PREPCSV,/mnt/beegfs/ysu34/hamlib/dia_e2e/O2c_16_5.txt,65536,1243,spmspm,ours_sym,53.126,4.717,73.735321,1
PREPCSV,/mnt/beegfs/ysu34/hamlib/dia_e2e/O2c_20_5.txt,1048576,3359,spmv,didx,3190.748,34.900,2.236404,1442
PREPCSV,/mnt/beegfs/ysu34/hamlib/dia_e2e/O2c_20_5.txt,1048576,3359,spmv,gopt,3149.084,110.456,1.779733,1831
PREPCSV,/mnt/beegfs/ysu34/hamlib/dia_e2e/O2c_20_5.txt,1048576,3359,spmv,cusparse_csr_64i,11166.550,70.750,1.149423,9776
PREPCSV,/mnt/beegfs/ysu34/hamlib/dia_e2e/bhc_16_7.txt,65536,99,spmv,didx,7.606,0.340,0.006872,1156
PREPCSV,/mnt/beegfs/ysu34/hamlib/dia_e2e/bhc_16_7.txt,65536,99,spmv,didx_sym,3.384,0.733,0.006669,617
PREPCSV,/mnt/beegfs/ysu34/hamlib/dia_e2e/bhc_16_7.txt,65536,99,spmv,gopt,9.654,0.640,0.028607,360
PREPCSV,/mnt/beegfs/ysu34/hamlib/dia_e2e/bhc_16_7.txt,65536,99,spmv,cusparse_csr,15.346,0.875,0.021780,745
PREPCSV,/mnt/beegfs/ysu34/hamlib/dia_e2e/bhc_16_7.txt,65536,99,spmspm,ours_flat,3.190,0.218,1.231845,3
PREPCSV,/mnt/beegfs/ysu34/hamlib/dia_e2e/bhc_16_7.txt,65536,99,spmspm,hm_atomic,39.798,1.350,2.095418,20
PREPCSV,/mnt/beegfs/ysu34/hamlib/dia_e2e/bhc_16_7.txt,65536,99,spmspm,ours_sym,0.529,0.387,-1.000000,-1
PREPCSV,/mnt/beegfs/ysu34/hamlib/dia_e2e/bhc_16_7.txt,65536,99,spmspm,ours_sym,0.529,0.387,0.620036,1
PREPCSV,/mnt/beegfs/ysu34/hamlib/dia_e2e/bhc_18_7.txt,262144,112,spmv,didx,39.609,1.016,0.018548,2190
PREPCSV,/mnt/beegfs/ysu34/hamlib/dia_e2e/bhc_18_7.txt,262144,112,spmv,didx_sym,16.236,3.518,0.016324,1210
PREPCSV,/mnt/beegfs/ysu34/hamlib/dia_e2e/bhc_18_7.txt,262144,112,spmv,gopt,42.197,2.517,0.048664,919
PREPCSV,/mnt/beegfs/ysu34/hamlib/dia_e2e/bhc_18_7.txt,262144,112,spmv,cusparse_csr,73.312,2.066,0.040585,1857
PREPCSV,/mnt/beegfs/ysu34/hamlib/dia_e2e/bhc_18_7.txt,262144,112,spmspm,ours_flat,8.021,0.531,7.614519,1
PREPCSV,/mnt/beegfs/ysu34/hamlib/dia_e2e/bhc_18_7.txt,262144,112,spmspm,hm_atomic,229.731,4.629,13.880445,17
PREPCSV,/mnt/beegfs/ysu34/hamlib/dia_e2e/bhc_18_7.txt,262144,112,spmspm,ours_sym,2.206,3.296,-1.000000,-1
PREPCSV,/mnt/beegfs/ysu34/hamlib/dia_e2e/bhc_18_7.txt,262144,112,spmspm,ours_sym,2.206,3.296,3.934551,1
PREPCSV,/mnt/beegfs/ysu34/hamlib/dia_e2e/C2c_18_4.txt,262144,9971,spmv,didx,1686.725,5.380,0.765344,2211
PREPCSV,/mnt/beegfs/ysu34/hamlib/dia_e2e/C2c_18_4.txt,262144,9971,spmv,gopt,1925.316,45.683,1.312516,1502
PREPCSV,/mnt/beegfs/ysu34/hamlib/dia_e2e/C2c_18_4.txt,262144,9971,spmv,cusparse_csr,5477.093,7.979,0.144998,37829
PREPCSV,/mnt/beegfs/ysu34/hamlib/dia_e2e/H8c_16_4.txt,65536,8887,spmv,didx,348.590,2.147,0.266150,1318
PREPCSV,/mnt/beegfs/ysu34/hamlib/dia_e2e/H8c_16_4.txt,65536,8887,spmv,gopt,433.913,16.176,1.481157,304
PREPCSV,/mnt/beegfs/ysu34/hamlib/dia_e2e/H8c_16_4.txt,65536,8887,spmv,cusparse_csr,1222.046,3.430,0.058498,20949
PREPCSV,/mnt/beegfs/ysu34/hamlib/dia_e2e/H8c_16_4.txt,65536,8887,spmspm,ours_flat,6164.904,65.796,7143.767578,1
PREPCSV,/mnt/beegfs/ysu34/hamlib/dia_e2e/H8c_16_4.txt,65536,8887,spmspm,ours_sym,711.139,35.896,-1.000000,-1
PREPCSV,/mnt/beegfs/ysu34/hamlib/dia_e2e/H8c_16_4.txt,65536,8887,spmspm,ours_sym,711.139,35.896,3552.707275,0
PREPCSV,/mnt/beegfs/ysu34/hamlib/dia_e2e/O2c_16_5.txt,65536,1243,spmv,didx,65.926,1.098,0.034692,1932
PREPCSV,/mnt/beegfs/ysu34/hamlib/dia_e2e/O2c_16_5.txt,65536,1243,spmv,gopt,72.857,3.845,0.308513,249
PREPCSV,/mnt/beegfs/ysu34/hamlib/dia_e2e/O2c_16_5.txt,65536,1243,spmv,cusparse_csr,248.696,1.815,0.033672,7440
PREPCSV,/mnt/beegfs/ysu34/hamlib/dia_e2e/O2c_16_5.txt,65536,1243,spmspm,ours_flat,1170.310,3.243,155.783783,8
PREPCSV,/mnt/beegfs/ysu34/hamlib/dia_e2e/O2c_16_5.txt,65536,1243,spmspm,ours_sym,53.239,4.785,-1.000000,-1
PREPCSV,/mnt/beegfs/ysu34/hamlib/dia_e2e/O2c_16_5.txt,65536,1243,spmspm,ours_sym,53.239,4.785,73.600945,1
PREPCSV,/mnt/beegfs/ysu34/hamlib/dia_e2e/O2c_20_5.txt,1048576,3359,spmv,didx,3266.518,34.628,2.267162,1456
PREPCSV,/mnt/beegfs/ysu34/hamlib/dia_e2e/O2c_20_5.txt,1048576,3359,spmv,gopt,3139.405,109.654,1.774636,1831
PREPCSV,/mnt/beegfs/ysu34/hamlib/dia_e2e/O2c_20_5.txt,1048576,3359,spmv,cusparse_csr_64i,11095.012,70.364,1.148194,9724
