SPMVCSV,/mnt/beegfs/ysu34/hamlib/dia_e2e/BH_20_7.txt,1048576,127,125829148,25824385,ours_didx_nv1,0.151183,6.086e-08
SPMVCSV,/mnt/beegfs/ysu34/hamlib/dia_e2e/BH_20_7.txt,1048576,127,125829148,25824385,ours_didx_nv2,0.181494,6.086e-08
SPMVCSV,/mnt/beegfs/ysu34/hamlib/dia_e2e/BH_20_7.txt,1048576,127,125829148,25824385,ours_gather_nv1,0.371446,6.086e-08
SPMVCSV,/mnt/beegfs/ysu34/hamlib/dia_e2e/BH_20_7.txt,1048576,127,125829148,25824385,ours_gather_nv2,0.665457,6.086e-08
SPMVCSV,/mnt/beegfs/ysu34/hamlib/dia_e2e/BH_20_7.txt,1048576,127,125829148,25824385,ours_gopt_nv1,0.226038,6.186e-08
SPMVCSV,/mnt/beegfs/ysu34/hamlib/dia_e2e/BH_20_7.txt,1048576,127,125829148,25824385,ours_gopt_nv2,0.244634,6.186e-08
SPMVCSV,/mnt/beegfs/ysu34/hamlib/dia_e2e/BH_20_7.txt,1048576,127,125829148,25824385,ours_gopt_s_nv1,0.250778,6.186e-08
SPMVCSV,/mnt/beegfs/ysu34/hamlib/dia_e2e/BH_20_7.txt,1048576,127,125829148,25824385,ours_auto_nv1,0.151757,6.086e-08
SPMVCSV,/mnt/beegfs/ysu34/hamlib/dia_e2e/BH_20_7.txt,1048576,127,125829148,25824385,ours_auto_nv2,0.181617,6.086e-08
SPMVCSV,/mnt/beegfs/ysu34/hamlib/dia_e2e/BH_20_7.txt,1048576,127,125829148,25824385,csr_zskip_nv1,0.231096,6.086e-08
SPMVCSV,/mnt/beegfs/ysu34/hamlib/dia_e2e/BH_20_7.txt,1048576,127,125829148,25824385,row_dense_nv1,0.348549,6.086e-08
SPMVCSV,/mnt/beegfs/ysu34/hamlib/dia_e2e/BH_20_7.txt,1048576,127,125829148,25824385,cusparse_csr,0.197304,5.812e-08
SPMVCSV,/mnt/beegfs/ysu34/hamlib/dia_e2e/BH_20_7.txt,1048576,127,125829148,25824385,diaq_fp64,1.377587,0.000e+00
SPMVCSV,/mnt/beegfs/ysu34/hamlib/dia_e2e/BH_20_7.txt,1048576,127,125829148,25824385,diaq_fp32,0.724644,6.624e-08
SPMVCSV,/mnt/beegfs/ysu34/hamlib/dia_e2e/bhc_16_7.txt,65536,99,6029340,1250845,ours_didx_nv1,0.009994,5.466e-08
SPMVCSV,/mnt/beegfs/ysu34/hamlib/dia_e2e/bhc_16_7.txt,65536,99,6029340,1250845,ours_didx_nv2,0.011407,5.466e-08
SPMVCSV,/mnt/beegfs/ysu34/hamlib/dia_e2e/bhc_16_7.txt,65536,99,6029340,1250845,ours_gather_nv1,0.015708,5.466e-08
SPMVCSV,/mnt/beegfs/ysu34/hamlib/dia_e2e/bhc_16_7.txt,65536,99,6029340,1250845,ours_gather_nv2,0.019927,5.466e-08
SPMVCSV,/mnt/beegfs/ysu34/hamlib/dia_e2e/bhc_16_7.txt,65536,99,6029340,1250845,ours_gopt_nv1,0.025682,5.584e-08
SPMVCSV,/mnt/beegfs/ysu34/hamlib/dia_e2e/bhc_16_7.txt,65536,99,6029340,1250845,ours_gopt_nv2,0.034447,5.593e-08
SPMVCSV,/mnt/beegfs/ysu34/hamlib/dia_e2e/bhc_16_7.txt,65536,99,6029340,1250845,ours_gopt_s_nv1,0.030249,5.584e-08
SPMVCSV,/mnt/beegfs/ysu34/hamlib/dia_e2e/bhc_16_7.txt,65536,99,6029340,1250845,ours_auto_nv1,0.010015,5.466e-08
SPMVCSV,/mnt/beegfs/ysu34/hamlib/dia_e2e/bhc_16_7.txt,65536,99,6029340,1250845,ours_auto_nv2,0.011428,5.466e-08
SPMVCSV,/mnt/beegfs/ysu34/hamlib/dia_e2e/bhc_16_7.txt,65536,99,6029340,1250845,csr_zskip_nv1,0.011182,5.466e-08
SPMVCSV,/mnt/beegfs/ysu34/hamlib/dia_e2e/bhc_16_7.txt,65536,99,6029340,1250845,row_dense_nv1,0.016712,5.466e-08
SPMVCSV,/mnt/beegfs/ysu34/hamlib/dia_e2e/bhc_16_7.txt,65536,99,6029340,1250845,cusparse_csr,0.030290,5.607e-08
SPMVCSV,/mnt/beegfs/ysu34/hamlib/dia_e2e/bhc_16_7.txt,65536,99,6029340,1250845,diaq_fp64,0.088084,0.000e+00
SPMVCSV,/mnt/beegfs/ysu34/hamlib/dia_e2e/bhc_16_7.txt,65536,99,6029340,1250845,diaq_fp32,0.076145,5.995e-08
SPMVCSV,/mnt/beegfs/ysu34/hamlib/dia_e2e/bhc_18_7.txt,262144,112,27607068,5640030,ours_didx_nv1,0.032952,5.809e-08
SPMVCSV,/mnt/beegfs/ysu34/hamlib/dia_e2e/bhc_18_7.txt,262144,112,27607068,5640030,ours_didx_nv2,0.040264,5.809e-08
SPMVCSV,/mnt/beegfs/ysu34/hamlib/dia_e2e/bhc_18_7.txt,262144,112,27607068,5640030,ours_gather_nv1,0.099348,5.809e-08
SPMVCSV,/mnt/beegfs/ysu34/hamlib/dia_e2e/bhc_18_7.txt,262144,112,27607068,5640030,ours_gather_nv2,0.257331,5.809e-08
SPMVCSV,/mnt/beegfs/ysu34/hamlib/dia_e2e/bhc_18_7.txt,262144,112,27607068,5640030,ours_gopt_nv1,0.068792,5.931e-08
SPMVCSV,/mnt/beegfs/ysu34/hamlib/dia_e2e/bhc_18_7.txt,262144,112,27607068,5640030,ours_gopt_nv2,0.082022,5.931e-08
SPMVCSV,/mnt/beegfs/ysu34/hamlib/dia_e2e/bhc_18_7.txt,262144,112,27607068,5640030,ours_gopt_s_nv1,0.084500,5.931e-08
SPMVCSV,/mnt/beegfs/ysu34/hamlib/dia_e2e/bhc_18_7.txt,262144,112,27607068,5640030,ours_auto_nv1,0.032870,5.809e-08
SPMVCSV,/mnt/beegfs/ysu34/hamlib/dia_e2e/bhc_18_7.txt,262144,112,27607068,5640030,ours_auto_nv2,0.040243,5.809e-08
SPMVCSV,/mnt/beegfs/ysu34/hamlib/dia_e2e/bhc_18_7.txt,262144,112,27607068,5640030,csr_zskip_nv1,0.052429,5.809e-08
SPMVCSV,/mnt/beegfs/ysu34/hamlib/dia_e2e/bhc_18_7.txt,262144,112,27607068,5640030,row_dense_nv1,0.085443,5.809e-08
SPMVCSV,/mnt/beegfs/ysu34/hamlib/dia_e2e/bhc_18_7.txt,262144,112,27607068,5640030,cusparse_csr,0.063447,5.708e-08
SPMVCSV,/mnt/beegfs/ysu34/hamlib/dia_e2e/bhc_18_7.txt,262144,112,27607068,5640030,diaq_fp64,0.326554,0.000e+00
SPMVCSV,/mnt/beegfs/ysu34/hamlib/dia_e2e/bhc_18_7.txt,262144,112,27607068,5640030,diaq_fp32,0.203346,6.318e-08
SPMVCSV,/mnt/beegfs/ysu34/hamlib/dia_e2e/bhD1_18_7.txt,262144,112,27607068,5640030,ours_didx_nv1,0.032829,5.809e-08
SPMVCSV,/mnt/beegfs/ysu34/hamlib/dia_e2e/bhD1_18_7.txt,262144,112,27607068,5640030,ours_didx_nv2,0.040079,5.809e-08
SPMVCSV,/mnt/beegfs/ysu34/hamlib/dia_e2e/bhD1_18_7.txt,262144,112,27607068,5640030,ours_gather_nv1,0.099369,5.809e-08
SPMVCSV,/mnt/beegfs/ysu34/hamlib/dia_e2e/bhD1_18_7.txt,262144,112,27607068,5640030,ours_gather_nv2,0.257331,5.809e-08
SPMVCSV,/mnt/beegfs/ysu34/hamlib/dia_e2e/bhD1_18_7.txt,262144,112,27607068,5640030,ours_gopt_nv1,0.068649,5.931e-08
SPMVCSV,/mnt/beegfs/ysu34/hamlib/dia_e2e/bhD1_18_7.txt,262144,112,27607068,5640030,ours_gopt_nv2,0.079176,5.931e-08
SPMVCSV,/mnt/beegfs/ysu34/hamlib/dia_e2e/bhD1_18_7.txt,262144,112,27607068,5640030,ours_gopt_s_nv1,0.084439,5.931e-08
SPMVCSV,/mnt/beegfs/ysu34/hamlib/dia_e2e/bhD1_18_7.txt,262144,112,27607068,5640030,ours_auto_nv1,0.032707,5.809e-08
SPMVCSV,/mnt/beegfs/ysu34/hamlib/dia_e2e/bhD1_18_7.txt,262144,112,27607068,5640030,ours_auto_nv2,0.040038,5.809e-08
SPMVCSV,/mnt/beegfs/ysu34/hamlib/dia_e2e/bhD1_18_7.txt,262144,112,27607068,5640030,csr_zskip_nv1,0.052429,5.809e-08
SPMVCSV,/mnt/beegfs/ysu34/hamlib/dia_e2e/bhD1_18_7.txt,262144,112,27607068,5640030,row_dense_nv1,0.085258,5.809e-08
SPMVCSV,/mnt/beegfs/ysu34/hamlib/dia_e2e/bhD1_18_7.txt,262144,112,27607068,5640030,cusparse_csr,0.062730,5.708e-08
SPMVCSV,/mnt/beegfs/ysu34/hamlib/dia_e2e/bhD1_18_7.txt,262144,112,27607068,5640030,diaq_fp64,0.326676,0.000e+00
SPMVCSV,/mnt/beegfs/ysu34/hamlib/dia_e2e/bhD1_18_7.txt,262144,112,27607068,5640030,diaq_fp32,0.203244,6.318e-08
SPMVCSV,/mnt/beegfs/ysu34/hamlib/dia_e2e/C2c_18_4.txt,262144,9971,2039105210,30193577,ours_didx_nv1,1.293394,1.591e-07
SPMVCSV,/mnt/beegfs/ysu34/hamlib/dia_e2e/C2c_18_4.txt,262144,9971,2039105210,30193577,ours_didx_nv2,1.758024,1.591e-07
SPMVCSV,/mnt/beegfs/ysu34/hamlib/dia_e2e/C2c_18_4.txt,262144,9971,2039105210,30193577,ours_gather_nv1,7.445054,1.591e-07
SPMVCSV,/mnt/beegfs/ysu34/hamlib/dia_e2e/C2c_18_4.txt,262144,9971,2039105210,30193577,ours_gather_nv2,18.899107,1.591e-07
SPMVCSV,/mnt/beegfs/ysu34/hamlib/dia_e2e/C2c_18_4.txt,262144,9971,2039105210,30193577,ours_gopt_nv1,1.787720,1.938e-07
SPMVCSV,/mnt/beegfs/ysu34/hamlib/dia_e2e/C2c_18_4.txt,262144,9971,2039105210,30193577,ours_gopt_nv2,2.125271,1.938e-07
SPMVCSV,/mnt/beegfs/ysu34/hamlib/dia_e2e/C2c_18_4.txt,262144,9971,2039105210,30193577,ours_gopt_s_nv1,2.152366,1.938e-07
SPMVCSV,/mnt/beegfs/ysu34/hamlib/dia_e2e/C2c_18_4.txt,262144,9971,2039105210,30193577,ours_auto_nv1,1.786634,1.938e-07
SPMVCSV,/mnt/beegfs/ysu34/hamlib/dia_e2e/C2c_18_4.txt,262144,9971,2039105210,30193577,ours_auto_nv2,2.121032,1.938e-07
SPMVCSV,/mnt/beegfs/ysu34/hamlib/dia_e2e/C2c_18_4.txt,262144,9971,2039105210,30193577,csr_zskip_nv1,0.422400,1.591e-07
SPMVCSV,/mnt/beegfs/ysu34/hamlib/dia_e2e/C2c_18_4.txt,262144,9971,2039105210,30193577,row_dense_nv1,6.097142,1.591e-07
SPMVCSV,/mnt/beegfs/ysu34/hamlib/dia_e2e/C2c_18_4.txt,262144,9971,2039105210,30193577,cusparse_csr,0.220242,7.214e-08
SPMVCSV,/mnt/beegfs/ysu34/hamlib/dia_e2e/C2c_18_4.txt,262144,9971,2039105210,30193577,diaq_fp64,23.332924,0.000e+00
SPMVCSV,/mnt/beegfs/ysu34/hamlib/dia_e2e/C2c_18_4.txt,262144,9971,2039105210,30193577,diaq_fp32,14.201365,1.612e-07
SPMVCSV,/mnt/beegfs/ysu34/hamlib/dia_e2e/fermi_16_5.txt,65536,29,1835266,503876,ours_didx_nv1,0.006062,5.450e-08
SPMVCSV,/mnt/beegfs/ysu34/hamlib/dia_e2e/fermi_16_5.txt,65536,29,1835266,503876,ours_didx_nv2,0.006554,5.450e-08
SPMVCSV,/mnt/beegfs/ysu34/hamlib/dia_e2e/fermi_16_5.txt,65536,29,1835266,503876,ours_gather_nv1,0.007209,5.450e-08
SPMVCSV,/mnt/beegfs/ysu34/hamlib/dia_e2e/fermi_16_5.txt,65536,29,1835266,503876,ours_gather_nv2,0.008376,5.450e-08
SPMVCSV,/mnt/beegfs/ysu34/hamlib/dia_e2e/fermi_16_5.txt,65536,29,1835266,503876,ours_gopt_nv1,0.010179,5.600e-08
SPMVCSV,/mnt/beegfs/ysu34/hamlib/dia_e2e/fermi_16_5.txt,65536,29,1835266,503876,ours_gopt_nv2,0.012534,5.614e-08
SPMVCSV,/mnt/beegfs/ysu34/hamlib/dia_e2e/fermi_16_5.txt,65536,29,1835266,503876,ours_gopt_s_nv1,0.011182,5.600e-08
SPMVCSV,/mnt/beegfs/ysu34/hamlib/dia_e2e/fermi_16_5.txt,65536,29,1835266,503876,ours_auto_nv1,0.006062,5.450e-08
SPMVCSV,/mnt/beegfs/ysu34/hamlib/dia_e2e/fermi_16_5.txt,65536,29,1835266,503876,ours_auto_nv2,0.006533,5.450e-08
SPMVCSV,/mnt/beegfs/ysu34/hamlib/dia_e2e/fermi_16_5.txt,65536,29,1835266,503876,csr_zskip_nv1,0.006533,5.450e-08
SPMVCSV,/mnt/beegfs/ysu34/hamlib/dia_e2e/fermi_16_5.txt,65536,29,1835266,503876,row_dense_nv1,0.007045,5.450e-08
SPMVCSV,/mnt/beegfs/ysu34/hamlib/dia_e2e/fermi_16_5.txt,65536,29,1835266,503876,cusparse_csr,0.020726,5.324e-08
SPMVCSV,/mnt/beegfs/ysu34/hamlib/dia_e2e/fermi_16_5.txt,65536,29,1835266,503876,diaq_fp64,0.025293,0.000e+00
SPMVCSV,/mnt/beegfs/ysu34/hamlib/dia_e2e/fermi_16_5.txt,65536,29,1835266,503876,diaq_fp32,0.015217,5.504e-08
SPMVCSV,/mnt/beegfs/ysu34/hamlib/dia_e2e/fermi_18_5.txt,262144,33,8389122,2359296,ours_didx_nv1,0.012022,5.902e-08
SPMVCSV,/mnt/beegfs/ysu34/hamlib/dia_e2e/fermi_18_5.txt,262144,33,8389122,2359296,ours_didx_nv2,0.013804,5.922e-08
SPMVCSV,/mnt/beegfs/ysu34/hamlib/dia_e2e/fermi_18_5.txt,262144,33,8389122,2359296,ours_gather_nv1,0.032420,5.902e-08
SPMVCSV,/mnt/beegfs/ysu34/hamlib/dia_e2e/fermi_18_5.txt,262144,33,8389122,2359296,ours_gather_nv2,0.081736,5.922e-08
SPMVCSV,/mnt/beegfs/ysu34/hamlib/dia_e2e/fermi_18_5.txt,262144,33,8389122,2359296,ours_gopt_nv1,0.013496,5.983e-08
SPMVCSV,/mnt/beegfs/ysu34/hamlib/dia_e2e/fermi_18_5.txt,262144,33,8389122,2359296,ours_gopt_nv2,0.018760,5.983e-08
SPMVCSV,/mnt/beegfs/ysu34/hamlib/dia_e2e/fermi_18_5.txt,262144,33,8389122,2359296,ours_gopt_s_nv1,0.013517,5.983e-08
SPMVCSV,/mnt/beegfs/ysu34/hamlib/dia_e2e/fermi_18_5.txt,262144,33,8389122,2359296,ours_auto_nv1,0.011981,5.902e-08
SPMVCSV,/mnt/beegfs/ysu34/hamlib/dia_e2e/fermi_18_5.txt,262144,33,8389122,2359296,ours_auto_nv2,0.013844,5.922e-08
SPMVCSV,/mnt/beegfs/ysu34/hamlib/dia_e2e/fermi_18_5.txt,262144,33,8389122,2359296,csr_zskip_nv1,0.014500,5.902e-08
SPMVCSV,/mnt/beegfs/ysu34/hamlib/dia_e2e/fermi_18_5.txt,262144,33,8389122,2359296,row_dense_nv1,0.026235,5.902e-08
SPMVCSV,/mnt/beegfs/ysu34/hamlib/dia_e2e/fermi_18_5.txt,262144,33,8389122,2359296,cusparse_csr,0.035308,5.727e-08
SPMVCSV,/mnt/beegfs/ysu34/hamlib/dia_e2e/fermi_18_5.txt,262144,33,8389122,2359296,diaq_fp64,0.109650,0.000e+00
SPMVCSV,/mnt/beegfs/ysu34/hamlib/dia_e2e/fermi_18_5.txt,262144,33,8389122,2359296,diaq_fp32,0.065475,6.228e-08
SPMVCSV,/mnt/beegfs/ysu34/hamlib/dia_e2e/fermi_20_5.txt,1048576,37,37749762,10485760,ours_didx_nv1,0.056381,6.230e-08
SPMVCSV,/mnt/beegfs/ysu34/hamlib/dia_e2e/fermi_20_5.txt,1048576,37,37749762,10485760,ours_didx_nv2,0.064410,6.230e-08
SPMVCSV,/mnt/beegfs/ysu34/hamlib/dia_e2e/fermi_20_5.txt,1048576,37,37749762,10485760,ours_gather_nv1,0.120730,6.230e-08
SPMVCSV,/mnt/beegfs/ysu34/hamlib/dia_e2e/fermi_20_5.txt,1048576,37,37749762,10485760,ours_gather_nv2,0.207278,6.230e-08
SPMVCSV,/mnt/beegfs/ysu34/hamlib/dia_e2e/fermi_20_5.txt,1048576,37,37749762,10485760,ours_gopt_nv1,0.078152,6.235e-08
SPMVCSV,/mnt/beegfs/ysu34/hamlib/dia_e2e/fermi_20_5.txt,1048576,37,37749762,10485760,ours_gopt_nv2,0.088125,6.235e-08
SPMVCSV,/mnt/beegfs/ysu34/hamlib/dia_e2e/fermi_20_5.txt,1048576,37,37749762,10485760,ours_gopt_s_nv1,0.083149,6.235e-08
SPMVCSV,/mnt/beegfs/ysu34/hamlib/dia_e2e/fermi_20_5.txt,1048576,37,37749762,10485760,ours_auto_nv1,0.056074,6.230e-08
SPMVCSV,/mnt/beegfs/ysu34/hamlib/dia_e2e/fermi_20_5.txt,1048576,37,37749762,10485760,ours_auto_nv2,0.065925,6.230e-08
SPMVCSV,/mnt/beegfs/ysu34/hamlib/dia_e2e/fermi_20_5.txt,1048576,37,37749762,10485760,csr_zskip_nv1,0.079299,6.230e-08
SPMVCSV,/mnt/beegfs/ysu34/hamlib/dia_e2e/fermi_20_5.txt,1048576,37,37749762,10485760,row_dense_nv1,0.111370,6.230e-08
SPMVCSV,/mnt/beegfs/ysu34/hamlib/dia_e2e/fermi_20_5.txt,1048576,37,37749762,10485760,cusparse_csr,0.087552,5.900e-08
SPMVCSV,/mnt/beegfs/ysu34/hamlib/dia_e2e/fermi_20_5.txt,1048576,37,37749762,10485760,diaq_fp64,0.433644,0.000e+00
SPMVCSV,/mnt/beegfs/ysu34/hamlib/dia_e2e/fermi_20_5.txt,1048576,37,37749762,10485760,diaq_fp32,0.229417,6.502e-08
SPMVCSV,/mnt/beegfs/ysu34/hamlib/dia_e2e/fermiFH_18_4.txt,262144,64,16071004,2097152,ours_didx_nv1,0.011694,5.605e-08
SPMVCSV,/mnt/beegfs/ysu34/hamlib/dia_e2e/fermiFH_18_4.txt,262144,64,16071004,2097152,ours_didx_nv2,0.013476,5.629e-08
SPMVCSV,/mnt/beegfs/ysu34/hamlib/dia_e2e/fermiFH_18_4.txt,262144,64,16071004,2097152,ours_gather_nv1,0.060314,5.605e-08
SPMVCSV,/mnt/beegfs/ysu34/hamlib/dia_e2e/fermiFH_18_4.txt,262144,64,16071004,2097152,ours_gather_nv2,0.151101,5.629e-08
SPMVCSV,/mnt/beegfs/ysu34/hamlib/dia_e2e/fermiFH_18_4.txt,262144,64,16071004,2097152,ours_gopt_nv1,0.034324,5.606e-08
SPMVCSV,/mnt/beegfs/ysu34/hamlib/dia_e2e/fermiFH_18_4.txt,262144,64,16071004,2097152,ours_gopt_nv2,0.039772,5.645e-08
SPMVCSV,/mnt/beegfs/ysu34/hamlib/dia_e2e/fermiFH_18_4.txt,262144,64,16071004,2097152,ours_gopt_s_nv1,0.041124,5.606e-08
SPMVCSV,/mnt/beegfs/ysu34/hamlib/dia_e2e/fermiFH_18_4.txt,262144,64,16071004,2097152,ours_auto_nv1,0.011715,5.605e-08
SPMVCSV,/mnt/beegfs/ysu34/hamlib/dia_e2e/fermiFH_18_4.txt,262144,64,16071004,2097152,ours_auto_nv2,0.013435,5.629e-08
SPMVCSV,/mnt/beegfs/ysu34/hamlib/dia_e2e/fermiFH_18_4.txt,262144,64,16071004,2097152,csr_zskip_nv1,0.013681,5.605e-08
SPMVCSV,/mnt/beegfs/ysu34/hamlib/dia_e2e/fermiFH_18_4.txt,262144,64,16071004,2097152,row_dense_nv1,0.052285,5.605e-08
SPMVCSV,/mnt/beegfs/ysu34/hamlib/dia_e2e/fermiFH_18_4.txt,262144,64,16071004,2097152,cusparse_csr,0.034755,5.054e-08
SPMVCSV,/mnt/beegfs/ysu34/hamlib/dia_e2e/fermiFH_18_4.txt,262144,64,16071004,2097152,diaq_fp64,0.196342,0.000e+00
SPMVCSV,/mnt/beegfs/ysu34/hamlib/dia_e2e/fermiFH_18_4.txt,262144,64,16071004,2097152,diaq_fp32,0.120402,5.616e-08
SPMVCSV,/mnt/beegfs/ysu34/hamlib/dia_e2e/H8c_16_4.txt,65536,8887,398453764,10694387,ours_didx_nv1,0.624804,2.068e-07
SPMVCSV,/mnt/beegfs/ysu34/hamlib/dia_e2e/H8c_16_4.txt,65536,8887,398453764,10694387,ours_didx_nv2,0.833024,2.068e-07
SPMVCSV,/mnt/beegfs/ysu34/hamlib/dia_e2e/H8c_16_4.txt,65536,8887,398453764,10694387,ours_gather_nv1,1.418322,2.068e-07
SPMVCSV,/mnt/beegfs/ysu34/hamlib/dia_e2e/H8c_16_4.txt,65536,8887,398453764,10694387,ours_gather_nv2,1.695764,2.068e-07
SPMVCSV,/mnt/beegfs/ysu34/hamlib/dia_e2e/H8c_16_4.txt,65536,8887,398453764,10694387,ours_gopt_nv1,1.680896,2.422e-07
SPMVCSV,/mnt/beegfs/ysu34/hamlib/dia_e2e/H8c_16_4.txt,65536,8887,398453764,10694387,ours_gopt_nv2,2.048451,2.422e-07
SPMVCSV,/mnt/beegfs/ysu34/hamlib/dia_e2e/H8c_16_4.txt,65536,8887,398453764,10694387,ours_gopt_s_nv1,2.144133,2.422e-07
SPMVCSV,/mnt/beegfs/ysu34/hamlib/dia_e2e/H8c_16_4.txt,65536,8887,398453764,10694387,ours_auto_nv1,1.678520,2.422e-07
SPMVCSV,/mnt/beegfs/ysu34/hamlib/dia_e2e/H8c_16_4.txt,65536,8887,398453764,10694387,ours_auto_nv2,2.049680,2.422e-07
SPMVCSV,/mnt/beegfs/ysu34/hamlib/dia_e2e/H8c_16_4.txt,65536,8887,398453764,10694387,csr_zskip_nv1,0.145818,2.068e-07
SPMVCSV,/mnt/beegfs/ysu34/hamlib/dia_e2e/H8c_16_4.txt,65536,8887,398453764,10694387,row_dense_nv1,1.686897,2.068e-07
SPMVCSV,/mnt/beegfs/ysu34/hamlib/dia_e2e/H8c_16_4.txt,65536,8887,398453764,10694387,cusparse_csr,0.091791,7.568e-08
SPMVCSV,/mnt/beegfs/ysu34/hamlib/dia_e2e/H8c_16_4.txt,65536,8887,398453764,10694387,diaq_fp64,6.035497,0.000e+00
SPMVCSV,/mnt/beegfs/ysu34/hamlib/dia_e2e/H8c_16_4.txt,65536,8887,398453764,10694387,diaq_fp32,5.206426,2.076e-07
SPMVCSV,/mnt/beegfs/ysu34/hamlib/dia_e2e/heis_16_5.txt,65536,31,1966082,557056,ours_didx_nv1,0.006103,5.752e-08
SPMVCSV,/mnt/beegfs/ysu34/hamlib/dia_e2e/heis_16_5.txt,65536,31,1966082,557056,ours_didx_nv2,0.006676,5.753e-08
SPMVCSV,/mnt/beegfs/ysu34/hamlib/dia_e2e/heis_16_5.txt,65536,31,1966082,557056,ours_gather_nv1,0.007557,5.752e-08
SPMVCSV,/mnt/beegfs/ysu34/hamlib/dia_e2e/heis_16_5.txt,65536,31,1966082,557056,ours_gather_nv2,0.008724,5.753e-08
SPMVCSV,/mnt/beegfs/ysu34/hamlib/dia_e2e/heis_16_5.txt,65536,31,1966082,557056,ours_gopt_nv1,0.010772,5.880e-08
SPMVCSV,/mnt/beegfs/ysu34/hamlib/dia_e2e/heis_16_5.txt,65536,31,1966082,557056,ours_gopt_nv2,0.013292,5.910e-08
SPMVCSV,/mnt/beegfs/ysu34/hamlib/dia_e2e/heis_16_5.txt,65536,31,1966082,557056,ours_gopt_s_nv1,0.011919,5.880e-08
SPMVCSV,/mnt/beegfs/ysu34/hamlib/dia_e2e/heis_16_5.txt,65536,31,1966082,557056,ours_auto_nv1,0.006144,5.752e-08
SPMVCSV,/mnt/beegfs/ysu34/hamlib/dia_e2e/heis_16_5.txt,65536,31,1966082,557056,ours_auto_nv2,0.006676,5.753e-08
SPMVCSV,/mnt/beegfs/ysu34/hamlib/dia_e2e/heis_16_5.txt,65536,31,1966082,557056,csr_zskip_nv1,0.006799,5.752e-08
SPMVCSV,/mnt/beegfs/ysu34/hamlib/dia_e2e/heis_16_5.txt,65536,31,1966082,557056,row_dense_nv1,0.007578,5.752e-08
SPMVCSV,/mnt/beegfs/ysu34/hamlib/dia_e2e/heis_16_5.txt,65536,31,1966082,557056,cusparse_csr,0.021053,5.736e-08
SPMVCSV,/mnt/beegfs/ysu34/hamlib/dia_e2e/heis_16_5.txt,65536,31,1966082,557056,diaq_fp64,0.028938,0.000e+00
SPMVCSV,/mnt/beegfs/ysu34/hamlib/dia_e2e/heis_16_5.txt,65536,31,1966082,557056,diaq_fp32,0.015217,6.107e-08
SPMVCSV,/mnt/beegfs/ysu34/hamlib/dia_e2e/heis_18_5.txt,262144,35,8912898,2490368,ours_didx_nv1,0.012308,6.059e-08
SPMVCSV,/mnt/beegfs/ysu34/hamlib/dia_e2e/heis_18_5.txt,262144,35,8912898,2490368,ours_didx_nv2,0.014193,6.090e-08
SPMVCSV,/mnt/beegfs/ysu34/hamlib/dia_e2e/heis_18_5.txt,262144,35,8912898,2490368,ours_gather_nv1,0.034714,6.059e-08
SPMVCSV,/mnt/beegfs/ysu34/hamlib/dia_e2e/heis_18_5.txt,262144,35,8912898,2490368,ours_gather_nv2,0.086487,6.090e-08
SPMVCSV,/mnt/beegfs/ysu34/hamlib/dia_e2e/heis_18_5.txt,262144,35,8912898,2490368,ours_gopt_nv1,0.015995,6.154e-08
SPMVCSV,/mnt/beegfs/ysu34/hamlib/dia_e2e/heis_18_5.txt,262144,35,8912898,2490368,ours_gopt_nv2,0.021176,6.165e-08
SPMVCSV,/mnt/beegfs/ysu34/hamlib/dia_e2e/heis_18_5.txt,262144,35,8912898,2490368,ours_gopt_s_nv1,0.016773,6.154e-08
SPMVCSV,/mnt/beegfs/ysu34/hamlib/dia_e2e/heis_18_5.txt,262144,35,8912898,2490368,ours_auto_nv1,0.012308,6.059e-08
SPMVCSV,/mnt/beegfs/ysu34/hamlib/dia_e2e/heis_18_5.txt,262144,35,8912898,2490368,ours_auto_nv2,0.014111,6.090e-08
SPMVCSV,/mnt/beegfs/ysu34/hamlib/dia_e2e/heis_18_5.txt,262144,35,8912898,2490368,csr_zskip_nv1,0.015196,6.059e-08
SPMVCSV,/mnt/beegfs/ysu34/hamlib/dia_e2e/heis_18_5.txt,262144,35,8912898,2490368,row_dense_nv1,0.030310,6.059e-08
SPMVCSV,/mnt/beegfs/ysu34/hamlib/dia_e2e/heis_18_5.txt,262144,35,8912898,2490368,cusparse_csr,0.035860,5.885e-08
SPMVCSV,/mnt/beegfs/ysu34/hamlib/dia_e2e/heis_18_5.txt,262144,35,8912898,2490368,diaq_fp64,0.113521,0.000e+00
SPMVCSV,/mnt/beegfs/ysu34/hamlib/dia_e2e/heis_18_5.txt,262144,35,8912898,2490368,diaq_fp32,0.068813,6.404e-08
SPMVCSV,/mnt/beegfs/ysu34/hamlib/dia_e2e/heis_20_5.txt,1048576,39,39845890,11010048,ours_didx_nv1,0.058409,6.365e-08
SPMVCSV,/mnt/beegfs/ysu34/hamlib/dia_e2e/heis_20_5.txt,1048576,39,39845890,11010048,ours_didx_nv2,0.066458,6.365e-08
SPMVCSV,/mnt/beegfs/ysu34/hamlib/dia_e2e/heis_20_5.txt,1048576,39,39845890,11010048,ours_gather_nv1,0.125112,6.365e-08
SPMVCSV,/mnt/beegfs/ysu34/hamlib/dia_e2e/heis_20_5.txt,1048576,39,39845890,11010048,ours_gather_nv2,0.216760,6.365e-08
SPMVCSV,/mnt/beegfs/ysu34/hamlib/dia_e2e/heis_20_5.txt,1048576,39,39845890,11010048,ours_gopt_nv1,0.080404,6.430e-08
SPMVCSV,/mnt/beegfs/ysu34/hamlib/dia_e2e/heis_20_5.txt,1048576,39,39845890,11010048,ours_gopt_nv2,0.090624,6.433e-08
SPMVCSV,/mnt/beegfs/ysu34/hamlib/dia_e2e/heis_20_5.txt,1048576,39,39845890,11010048,ours_gopt_s_nv1,0.085791,6.430e-08
SPMVCSV,/mnt/beegfs/ysu34/hamlib/dia_e2e/heis_20_5.txt,1048576,39,39845890,11010048,ours_auto_nv1,0.058286,6.365e-08
SPMVCSV,/mnt/beegfs/ysu34/hamlib/dia_e2e/heis_20_5.txt,1048576,39,39845890,11010048,ours_auto_nv2,0.066806,6.365e-08
SPMVCSV,/mnt/beegfs/ysu34/hamlib/dia_e2e/heis_20_5.txt,1048576,39,39845890,11010048,csr_zskip_nv1,0.082801,6.365e-08
SPMVCSV,/mnt/beegfs/ysu34/hamlib/dia_e2e/heis_20_5.txt,1048576,39,39845890,11010048,row_dense_nv1,0.116982,6.365e-08
SPMVCSV,/mnt/beegfs/ysu34/hamlib/dia_e2e/heis_20_5.txt,1048576,39,39845890,11010048,cusparse_csr,0.090665,6.013e-08
SPMVCSV,/mnt/beegfs/ysu34/hamlib/dia_e2e/heis_20_5.txt,1048576,39,39845890,11010048,diaq_fp64,0.457482,0.000e+00
SPMVCSV,/mnt/beegfs/ysu34/hamlib/dia_e2e/heis_20_5.txt,1048576,39,39845890,11010048,diaq_fp32,0.239677,6.666e-08
SPMVCSV,/mnt/beegfs/ysu34/hamlib/dia_e2e/heis_20_6.txt,1048576,39,39845890,11010048,ours_didx_nv1,0.058122,6.365e-08
SPMVCSV,/mnt/beegfs/ysu34/hamlib/dia_e2e/heis_20_6.txt,1048576,39,39845890,11010048,ours_didx_nv2,0.068219,6.365e-08
SPMVCSV,/mnt/beegfs/ysu34/hamlib/dia_e2e/heis_20_6.txt,1048576,39,39845890,11010048,ours_gather_nv1,0.125051,6.365e-08
SPMVCSV,/mnt/beegfs/ysu34/hamlib/dia_e2e/heis_20_6.txt,1048576,39,39845890,11010048,ours_gather_nv2,0.217129,6.365e-08
SPMVCSV,/mnt/beegfs/ysu34/hamlib/dia_e2e/heis_20_6.txt,1048576,39,39845890,11010048,ours_gopt_nv1,0.080323,6.430e-08
SPMVCSV,/mnt/beegfs/ysu34/hamlib/dia_e2e/heis_20_6.txt,1048576,39,39845890,11010048,ours_gopt_nv2,0.090214,6.433e-08
SPMVCSV,/mnt/beegfs/ysu34/hamlib/dia_e2e/heis_20_6.txt,1048576,39,39845890,11010048,ours_gopt_s_nv1,0.085791,6.430e-08
SPMVCSV,/mnt/beegfs/ysu34/hamlib/dia_e2e/heis_20_6.txt,1048576,39,39845890,11010048,ours_auto_nv1,0.058081,6.365e-08
SPMVCSV,/mnt/beegfs/ysu34/hamlib/dia_e2e/heis_20_6.txt,1048576,39,39845890,11010048,ours_auto_nv2,0.066499,6.365e-08
SPMVCSV,/mnt/beegfs/ysu34/hamlib/dia_e2e/heis_20_6.txt,1048576,39,39845890,11010048,csr_zskip_nv1,0.082534,6.365e-08
SPMVCSV,/mnt/beegfs/ysu34/hamlib/dia_e2e/heis_20_6.txt,1048576,39,39845890,11010048,row_dense_nv1,0.116818,6.365e-08
SPMVCSV,/mnt/beegfs/ysu34/hamlib/dia_e2e/heis_20_6.txt,1048576,39,39845890,11010048,cusparse_csr,0.090010,6.013e-08
SPMVCSV,/mnt/beegfs/ysu34/hamlib/dia_e2e/heis_20_6.txt,1048576,39,39845890,11010048,diaq_fp64,0.456929,0.000e+00
SPMVCSV,/mnt/beegfs/ysu34/hamlib/dia_e2e/heis_20_6.txt,1048576,39,39845890,11010048,diaq_fp32,0.239575,6.666e-08
SPMVCSV,/mnt/beegfs/ysu34/hamlib/dia_e2e/maxcut_16_5.txt,65536,1,65536,34596,ours_didx_nv1,0.003789,1.876e-08
SPMVCSV,/mnt/beegfs/ysu34/hamlib/dia_e2e/maxcut_16_5.txt,65536,1,65536,34596,ours_didx_nv2,0.003850,1.944e-08
SPMVCSV,/mnt/beegfs/ysu34/hamlib/dia_e2e/maxcut_16_5.txt,65536,1,65536,34596,ours_gather_nv1,0.003645,1.876e-08
SPMVCSV,/mnt/beegfs/ysu34/hamlib/dia_e2e/maxcut_16_5.txt,65536,1,65536,34596,ours_gather_nv2,0.003789,1.944e-08
SPMVCSV,/mnt/beegfs/ysu34/hamlib/dia_e2e/maxcut_16_5.txt,65536,1,65536,34596,ours_gopt_nv1,0.003830,1.876e-08
SPMVCSV,/mnt/beegfs/ysu34/hamlib/dia_e2e/maxcut_16_5.txt,65536,1,65536,34596,ours_gopt_nv2,0.003932,1.944e-08
SPMVCSV,/mnt/beegfs/ysu34/hamlib/dia_e2e/maxcut_16_5.txt,65536,1,65536,34596,ours_gopt_s_nv1,0.003830,1.876e-08
SPMVCSV,/mnt/beegfs/ysu34/hamlib/dia_e2e/maxcut_16_5.txt,65536,1,65536,34596,ours_auto_nv1,0.003645,1.876e-08
SPMVCSV,/mnt/beegfs/ysu34/hamlib/dia_e2e/maxcut_16_5.txt,65536,1,65536,34596,ours_auto_nv2,0.003768,1.944e-08
SPMVCSV,/mnt/beegfs/ysu34/hamlib/dia_e2e/maxcut_16_5.txt,65536,1,65536,34596,csr_zskip_nv1,0.003461,1.876e-08
SPMVCSV,/mnt/beegfs/ysu34/hamlib/dia_e2e/maxcut_16_5.txt,65536,1,65536,34596,row_dense_nv1,0.003420,1.876e-08
SPMVCSV,/mnt/beegfs/ysu34/hamlib/dia_e2e/maxcut_16_5.txt,65536,1,65536,34596,cusparse_csr,0.022118,1.876e-08
SPMVCSV,/mnt/beegfs/ysu34/hamlib/dia_e2e/maxcut_16_5.txt,65536,1,65536,34596,diaq_fp64,0.004239,0.000e+00
SPMVCSV,/mnt/beegfs/ysu34/hamlib/dia_e2e/maxcut_16_5.txt,65536,1,65536,34596,diaq_fp32,0.003912,1.923e-08
SPMVCSV,/mnt/beegfs/ysu34/hamlib/dia_e2e/maxcut_18_5.txt,262144,1,262144,262144,ours_didx_nv1,0.004649,2.561e-08
SPMVCSV,/mnt/beegfs/ysu34/hamlib/dia_e2e/maxcut_18_5.txt,262144,1,262144,262144,ours_didx_nv2,0.005161,2.584e-08
SPMVCSV,/mnt/beegfs/ysu34/hamlib/dia_e2e/maxcut_18_5.txt,262144,1,262144,262144,ours_gather_nv1,0.004116,2.561e-08
SPMVCSV,/mnt/beegfs/ysu34/hamlib/dia_e2e/maxcut_18_5.txt,262144,1,262144,262144,ours_gather_nv2,0.004997,2.584e-08
SPMVCSV,/mnt/beegfs/ysu34/hamlib/dia_e2e/maxcut_18_5.txt,262144,1,262144,262144,ours_gopt_nv1,0.004383,2.561e-08
SPMVCSV,/mnt/beegfs/ysu34/hamlib/dia_e2e/maxcut_18_5.txt,262144,1,262144,262144,ours_gopt_nv2,0.004833,2.584e-08
SPMVCSV,/mnt/beegfs/ysu34/hamlib/dia_e2e/maxcut_18_5.txt,262144,1,262144,262144,ours_gopt_s_nv1,0.004301,2.561e-08
SPMVCSV,/mnt/beegfs/ysu34/hamlib/dia_e2e/maxcut_18_5.txt,262144,1,262144,262144,ours_auto_nv1,0.004055,2.561e-08
SPMVCSV,/mnt/beegfs/ysu34/hamlib/dia_e2e/maxcut_18_5.txt,262144,1,262144,262144,ours_auto_nv2,0.004977,2.584e-08
SPMVCSV,/mnt/beegfs/ysu34/hamlib/dia_e2e/maxcut_18_5.txt,262144,1,262144,262144,csr_zskip_nv1,0.004403,2.561e-08
SPMVCSV,/mnt/beegfs/ysu34/hamlib/dia_e2e/maxcut_18_5.txt,262144,1,262144,262144,row_dense_nv1,0.003912,2.561e-08
SPMVCSV,/mnt/beegfs/ysu34/hamlib/dia_e2e/maxcut_18_5.txt,262144,1,262144,262144,cusparse_csr,0.021565,2.561e-08
SPMVCSV,/mnt/beegfs/ysu34/hamlib/dia_e2e/maxcut_18_5.txt,262144,1,262144,262144,diaq_fp64,0.006021,0.000e+00
SPMVCSV,/mnt/beegfs/ysu34/hamlib/dia_e2e/maxcut_18_5.txt,262144,1,262144,262144,diaq_fp32,0.004833,2.578e-08
SPMVCSV,/mnt/beegfs/ysu34/hamlib/dia_e2e/maxcut_20_5.txt,1048576,1,1048576,595984,ours_didx_nv1,0.008540,2.064e-08
SPMVCSV,/mnt/beegfs/ysu34/hamlib/dia_e2e/maxcut_20_5.txt,1048576,1,1048576,595984,ours_didx_nv2,0.010957,2.080e-08
SPMVCSV,/mnt/beegfs/ysu34/hamlib/dia_e2e/maxcut_20_5.txt,1048576,1,1048576,595984,ours_gather_nv1,0.005980,2.064e-08
SPMVCSV,/mnt/beegfs/ysu34/hamlib/dia_e2e/maxcut_20_5.txt,1048576,1,1048576,595984,ours_gather_nv2,0.009359,2.080e-08
SPMVCSV,/mnt/beegfs/ysu34/hamlib/dia_e2e/maxcut_20_5.txt,1048576,1,1048576,595984,ours_gopt_nv1,0.006533,2.064e-08
SPMVCSV,/mnt/beegfs/ysu34/hamlib/dia_e2e/maxcut_20_5.txt,1048576,1,1048576,595984,ours_gopt_nv2,0.008274,2.080e-08
SPMVCSV,/mnt/beegfs/ysu34/hamlib/dia_e2e/maxcut_20_5.txt,1048576,1,1048576,595984,ours_gopt_s_nv1,0.006021,2.064e-08
SPMVCSV,/mnt/beegfs/ysu34/hamlib/dia_e2e/maxcut_20_5.txt,1048576,1,1048576,595984,ours_auto_nv1,0.006001,2.064e-08
SPMVCSV,/mnt/beegfs/ysu34/hamlib/dia_e2e/maxcut_20_5.txt,1048576,1,1048576,595984,ours_auto_nv2,0.009503,2.080e-08
SPMVCSV,/mnt/beegfs/ysu34/hamlib/dia_e2e/maxcut_20_5.txt,1048576,1,1048576,595984,csr_zskip_nv1,0.008294,2.064e-08
SPMVCSV,/mnt/beegfs/ysu34/hamlib/dia_e2e/maxcut_20_5.txt,1048576,1,1048576,595984,row_dense_nv1,0.006984,2.064e-08
SPMVCSV,/mnt/beegfs/ysu34/hamlib/dia_e2e/maxcut_20_5.txt,1048576,1,1048576,595984,cusparse_csr,0.037949,2.064e-08
SPMVCSV,/mnt/beegfs/ysu34/hamlib/dia_e2e/maxcut_20_5.txt,1048576,1,1048576,595984,diaq_fp64,0.035369,0.000e+00
SPMVCSV,/mnt/beegfs/ysu34/hamlib/dia_e2e/maxcut_20_5.txt,1048576,1,1048576,595984,diaq_fp32,0.009912,2.084e-08
SPMVCSV,/mnt/beegfs/ysu34/hamlib/dia_e2e/O2c_16_5.txt,65536,1243,64895428,4830852,ours_didx_nv1,0.084296,1.217e-07
SPMVCSV,/mnt/beegfs/ysu34/hamlib/dia_e2e/O2c_16_5.txt,65536,1243,64895428,4830852,ours_didx_nv2,0.112353,1.217e-07
SPMVCSV,/mnt/beegfs/ysu34/hamlib/dia_e2e/O2c_16_5.txt,65536,1243,64895428,4830852,ours_gather_nv1,0.225812,1.217e-07
SPMVCSV,/mnt/beegfs/ysu34/hamlib/dia_e2e/O2c_16_5.txt,65536,1243,64895428,4830852,ours_gather_nv2,0.269967,1.217e-07
SPMVCSV,/mnt/beegfs/ysu34/hamlib/dia_e2e/O2c_16_5.txt,65536,1243,64895428,4830852,ours_gopt_nv1,0.356434,1.488e-07
SPMVCSV,/mnt/beegfs/ysu34/hamlib/dia_e2e/O2c_16_5.txt,65536,1243,64895428,4830852,ours_gopt_nv2,0.426086,1.497e-07
SPMVCSV,/mnt/beegfs/ysu34/hamlib/dia_e2e/O2c_16_5.txt,65536,1243,64895428,4830852,ours_gopt_s_nv1,0.439194,1.488e-07
SPMVCSV,/mnt/beegfs/ysu34/hamlib/dia_e2e/O2c_16_5.txt,65536,1243,64895428,4830852,ours_auto_nv1,0.084214,1.217e-07
SPMVCSV,/mnt/beegfs/ysu34/hamlib/dia_e2e/O2c_16_5.txt,65536,1243,64895428,4830852,ours_auto_nv2,0.112251,1.217e-07
SPMVCSV,/mnt/beegfs/ysu34/hamlib/dia_e2e/O2c_16_5.txt,65536,1243,64895428,4830852,csr_zskip_nv1,0.062874,1.217e-07
SPMVCSV,/mnt/beegfs/ysu34/hamlib/dia_e2e/O2c_16_5.txt,65536,1243,64895428,4830852,row_dense_nv1,0.267018,1.217e-07
SPMVCSV,/mnt/beegfs/ysu34/hamlib/dia_e2e/O2c_16_5.txt,65536,1243,64895428,4830852,cusparse_csr,0.053821,7.023e-08
SPMVCSV,/mnt/beegfs/ysu34/hamlib/dia_e2e/O2c_16_5.txt,65536,1243,64895428,4830852,diaq_fp64,0.990433,0.000e+00
SPMVCSV,/mnt/beegfs/ysu34/hamlib/dia_e2e/O2c_16_5.txt,65536,1243,64895428,4830852,diaq_fp32,0.860488,1.248e-07
SPMVCSV,/mnt/beegfs/ysu34/hamlib/dia_e2e/O2c_20_5.txt,1048576,3359,2885216396,205269418,ours_didx_nv1,4.754760,2.061e-07
SPMVCSV,/mnt/beegfs/ysu34/hamlib/dia_e2e/O2c_20_5.txt,1048576,3359,2885216396,205269418,ours_didx_nv2,6.874235,2.062e-07
SPMVCSV,/mnt/beegfs/ysu34/hamlib/dia_e2e/O2c_20_5.txt,1048576,3359,2885216396,205269418,ours_gather_nv1,8.436817,2.061e-07
SPMVCSV,/mnt/beegfs/ysu34/hamlib/dia_e2e/O2c_20_5.txt,1048576,3359,2885216396,205269418,ours_gather_nv2,14.573404,2.062e-07
SPMVCSV,/mnt/beegfs/ysu34/hamlib/dia_e2e/O2c_20_5.txt,1048576,3359,2885216396,205269418,ours_gopt_nv1,2.850652,2.426e-07
SPMVCSV,/mnt/beegfs/ysu34/hamlib/dia_e2e/O2c_20_5.txt,1048576,3359,2885216396,205269418,ours_gopt_nv2,3.345572,2.426e-07
SPMVCSV,/mnt/beegfs/ysu34/hamlib/dia_e2e/O2c_20_5.txt,1048576,3359,2885216396,205269418,ours_gopt_s_nv1,3.182326,2.426e-07
SPMVCSV,/mnt/beegfs/ysu34/hamlib/dia_e2e/O2c_20_5.txt,1048576,3359,2885216396,205269418,ours_auto_nv1,2.844570,2.426e-07
SPMVCSV,/mnt/beegfs/ysu34/hamlib/dia_e2e/O2c_20_5.txt,1048576,3359,2885216396,205269418,ours_auto_nv2,3.341291,2.426e-07
SPMVCSV,/mnt/beegfs/ysu34/hamlib/dia_e2e/O2c_20_5.txt,1048576,3359,2885216396,205269418,csr_zskip_nv1,3.302953,2.061e-07
SPMVCSV,/mnt/beegfs/ysu34/hamlib/dia_e2e/O2c_20_5.txt,1048576,3359,2885216396,205269418,row_dense_nv1,7.739965,2.061e-07
SPMVCSV,/mnt/beegfs/ysu34/hamlib/dia_e2e/O2c_20_5.txt,1048576,3359,2885216396,205269418,cusparse_csr,1.523978,7.921e-08
SPMVCSV,/mnt/beegfs/ysu34/hamlib/dia_e2e/O2c_20_5.txt,1048576,3359,2885216396,205269418,diaq_fp64,30.553457,0.000e+00
SPMVCSV,/mnt/beegfs/ysu34/hamlib/dia_e2e/O2c_20_5.txt,1048576,3359,2885216396,205269418,diaq_fp32,16.351805,2.080e-07
SPMVCSV,/mnt/beegfs/ysu34/hamlib/dia_e2e/qmaxcut_16_4.txt,65536,31,1114110,557056,ours_didx_nv1,0.006144,5.857e-08
SPMVCSV,/mnt/beegfs/ysu34/hamlib/dia_e2e/qmaxcut_16_4.txt,65536,31,1114110,557056,ours_didx_nv2,0.006656,5.857e-08
SPMVCSV,/mnt/beegfs/ysu34/hamlib/dia_e2e/qmaxcut_16_4.txt,65536,31,1114110,557056,ours_gather_nv1,0.007168,5.857e-08
SPMVCSV,/mnt/beegfs/ysu34/hamlib/dia_e2e/qmaxcut_16_4.txt,65536,31,1114110,557056,ours_gather_nv2,0.007987,5.857e-08
SPMVCSV,/mnt/beegfs/ysu34/hamlib/dia_e2e/qmaxcut_16_4.txt,65536,31,1114110,557056,ours_gopt_nv1,0.008110,5.881e-08
SPMVCSV,/mnt/beegfs/ysu34/hamlib/dia_e2e/qmaxcut_16_4.txt,65536,31,1114110,557056,ours_gopt_nv2,0.009810,5.881e-08
SPMVCSV,/mnt/beegfs/ysu34/hamlib/dia_e2e/qmaxcut_16_4.txt,65536,31,1114110,557056,ours_gopt_s_nv1,0.008888,5.881e-08
SPMVCSV,/mnt/beegfs/ysu34/hamlib/dia_e2e/qmaxcut_16_4.txt,65536,31,1114110,557056,ours_auto_nv1,0.006164,5.857e-08
SPMVCSV,/mnt/beegfs/ysu34/hamlib/dia_e2e/qmaxcut_16_4.txt,65536,31,1114110,557056,ours_auto_nv2,0.006636,5.857e-08
SPMVCSV,/mnt/beegfs/ysu34/hamlib/dia_e2e/qmaxcut_16_4.txt,65536,31,1114110,557056,csr_zskip_nv1,0.006656,5.857e-08
SPMVCSV,/mnt/beegfs/ysu34/hamlib/dia_e2e/qmaxcut_16_4.txt,65536,31,1114110,557056,row_dense_nv1,0.006717,5.857e-08
SPMVCSV,/mnt/beegfs/ysu34/hamlib/dia_e2e/qmaxcut_16_4.txt,65536,31,1114110,557056,cusparse_csr,0.020664,5.268e-08
SPMVCSV,/mnt/beegfs/ysu34/hamlib/dia_e2e/qmaxcut_16_4.txt,65536,31,1114110,557056,diaq_fp64,0.015606,0.000e+00
SPMVCSV,/mnt/beegfs/ysu34/hamlib/dia_e2e/qmaxcut_16_4.txt,65536,31,1114110,557056,diaq_fp32,0.013619,5.978e-08
SPMVCSV,/mnt/beegfs/ysu34/hamlib/dia_e2e/qmaxcut_18_4.txt,262144,35,4980734,2490368,ours_didx_nv1,0.012554,6.216e-08
SPMVCSV,/mnt/beegfs/ysu34/hamlib/dia_e2e/qmaxcut_18_4.txt,262144,35,4980734,2490368,ours_didx_nv2,0.014295,6.217e-08
SPMVCSV,/mnt/beegfs/ysu34/hamlib/dia_e2e/qmaxcut_18_4.txt,262144,35,4980734,2490368,ours_gather_nv1,0.016916,6.216e-08
SPMVCSV,/mnt/beegfs/ysu34/hamlib/dia_e2e/qmaxcut_18_4.txt,262144,35,4980734,2490368,ours_gather_nv2,0.032317,6.217e-08
SPMVCSV,/mnt/beegfs/ysu34/hamlib/dia_e2e/qmaxcut_18_4.txt,262144,35,4980734,2490368,ours_gopt_nv1,0.010404,6.226e-08
SPMVCSV,/mnt/beegfs/ysu34/hamlib/dia_e2e/qmaxcut_18_4.txt,262144,35,4980734,2490368,ours_gopt_nv2,0.013435,6.228e-08
SPMVCSV,/mnt/beegfs/ysu34/hamlib/dia_e2e/qmaxcut_18_4.txt,262144,35,4980734,2490368,ours_gopt_s_nv1,0.010486,6.226e-08
SPMVCSV,/mnt/beegfs/ysu34/hamlib/dia_e2e/qmaxcut_18_4.txt,262144,35,4980734,2490368,ours_auto_nv1,0.012534,6.216e-08
SPMVCSV,/mnt/beegfs/ysu34/hamlib/dia_e2e/qmaxcut_18_4.txt,262144,35,4980734,2490368,ours_auto_nv2,0.014295,6.217e-08
SPMVCSV,/mnt/beegfs/ysu34/hamlib/dia_e2e/qmaxcut_18_4.txt,262144,35,4980734,2490368,csr_zskip_nv1,0.015626,6.216e-08
SPMVCSV,/mnt/beegfs/ysu34/hamlib/dia_e2e/qmaxcut_18_4.txt,262144,35,4980734,2490368,row_dense_nv1,0.015708,6.216e-08
SPMVCSV,/mnt/beegfs/ysu34/hamlib/dia_e2e/qmaxcut_18_4.txt,262144,35,4980734,2490368,cusparse_csr,0.036864,5.465e-08
SPMVCSV,/mnt/beegfs/ysu34/hamlib/dia_e2e/qmaxcut_18_4.txt,262144,35,4980734,2490368,diaq_fp64,0.069120,0.000e+00
SPMVCSV,/mnt/beegfs/ysu34/hamlib/dia_e2e/qmaxcut_18_4.txt,262144,35,4980734,2490368,diaq_fp32,0.043274,6.332e-08
SPMVCSV,/mnt/beegfs/ysu34/hamlib/dia_e2e/qmaxcut_20_4.txt,1048576,39,22020094,11010048,ours_didx_nv1,0.061133,6.498e-08
SPMVCSV,/mnt/beegfs/ysu34/hamlib/dia_e2e/qmaxcut_20_4.txt,1048576,39,22020094,11010048,ours_didx_nv2,0.072110,6.513e-08
SPMVCSV,/mnt/beegfs/ysu34/hamlib/dia_e2e/qmaxcut_20_4.txt,1048576,39,22020094,11010048,ours_gather_nv1,0.080937,6.498e-08
SPMVCSV,/mnt/beegfs/ysu34/hamlib/dia_e2e/qmaxcut_20_4.txt,1048576,39,22020094,11010048,ours_gather_nv2,0.141353,6.513e-08
SPMVCSV,/mnt/beegfs/ysu34/hamlib/dia_e2e/qmaxcut_20_4.txt,1048576,39,22020094,11010048,ours_gopt_nv1,0.054804,6.501e-08
SPMVCSV,/mnt/beegfs/ysu34/hamlib/dia_e2e/qmaxcut_20_4.txt,1048576,39,22020094,11010048,ours_gopt_nv2,0.061399,6.517e-08
SPMVCSV,/mnt/beegfs/ysu34/hamlib/dia_e2e/qmaxcut_20_4.txt,1048576,39,22020094,11010048,ours_gopt_s_nv1,0.057426,6.501e-08
SPMVCSV,/mnt/beegfs/ysu34/hamlib/dia_e2e/qmaxcut_20_4.txt,1048576,39,22020094,11010048,ours_auto_nv1,0.061276,6.498e-08
SPMVCSV,/mnt/beegfs/ysu34/hamlib/dia_e2e/qmaxcut_20_4.txt,1048576,39,22020094,11010048,ours_auto_nv2,0.071946,6.513e-08
SPMVCSV,/mnt/beegfs/ysu34/hamlib/dia_e2e/qmaxcut_20_4.txt,1048576,39,22020094,11010048,csr_zskip_nv1,0.085033,6.498e-08
SPMVCSV,/mnt/beegfs/ysu34/hamlib/dia_e2e/qmaxcut_20_4.txt,1048576,39,22020094,11010048,row_dense_nv1,0.074772,6.498e-08
SPMVCSV,/mnt/beegfs/ysu34/hamlib/dia_e2e/qmaxcut_20_4.txt,1048576,39,22020094,11010048,cusparse_csr,0.091525,5.598e-08
SPMVCSV,/mnt/beegfs/ysu34/hamlib/dia_e2e/qmaxcut_20_4.txt,1048576,39,22020094,11010048,diaq_fp64,0.287744,0.000e+00
SPMVCSV,/mnt/beegfs/ysu34/hamlib/dia_e2e/qmaxcut_20_4.txt,1048576,39,22020094,11010048,diaq_fp32,0.153805,6.615e-08
SPMVCSV,/mnt/beegfs/ysu34/hamlib/dia_e2e/qmaxcutC_18_4.txt,262144,73,17825808,4912412,ours_didx_nv1,0.026255,8.373e-08
SPMVCSV,/mnt/beegfs/ysu34/hamlib/dia_e2e/qmaxcutC_18_4.txt,262144,73,17825808,4912412,ours_didx_nv2,0.032113,8.392e-08
SPMVCSV,/mnt/beegfs/ysu34/hamlib/dia_e2e/qmaxcutC_18_4.txt,262144,73,17825808,4912412,ours_gather_nv1,0.066212,8.373e-08
SPMVCSV,/mnt/beegfs/ysu34/hamlib/dia_e2e/qmaxcutC_18_4.txt,262144,73,17825808,4912412,ours_gather_nv2,0.172380,8.392e-08
SPMVCSV,/mnt/beegfs/ysu34/hamlib/dia_e2e/qmaxcutC_18_4.txt,262144,73,17825808,4912412,ours_gopt_nv1,0.046182,8.488e-08
SPMVCSV,/mnt/beegfs/ysu34/hamlib/dia_e2e/qmaxcutC_18_4.txt,262144,73,17825808,4912412,ours_gopt_nv2,0.053780,8.501e-08
SPMVCSV,/mnt/beegfs/ysu34/hamlib/dia_e2e/qmaxcutC_18_4.txt,262144,73,17825808,4912412,ours_gopt_s_nv1,0.053228,8.488e-08
SPMVCSV,/mnt/beegfs/ysu34/hamlib/dia_e2e/qmaxcutC_18_4.txt,262144,73,17825808,4912412,ours_auto_nv1,0.026092,8.373e-08
SPMVCSV,/mnt/beegfs/ysu34/hamlib/dia_e2e/qmaxcutC_18_4.txt,262144,73,17825808,4912412,ours_auto_nv2,0.032195,8.392e-08
SPMVCSV,/mnt/beegfs/ysu34/hamlib/dia_e2e/qmaxcutC_18_4.txt,262144,73,17825808,4912412,csr_zskip_nv1,0.048968,8.373e-08
SPMVCSV,/mnt/beegfs/ysu34/hamlib/dia_e2e/qmaxcutC_18_4.txt,262144,73,17825808,4912412,row_dense_nv1,0.057590,8.373e-08
SPMVCSV,/mnt/beegfs/ysu34/hamlib/dia_e2e/qmaxcutC_18_4.txt,262144,73,17825808,4912412,cusparse_csr,0.056975,6.351e-08
SPMVCSV,/mnt/beegfs/ysu34/hamlib/dia_e2e/qmaxcutC_18_4.txt,262144,73,17825808,4912412,diaq_fp64,0.216207,0.000e+00
SPMVCSV,/mnt/beegfs/ysu34/hamlib/dia_e2e/qmaxcutC_18_4.txt,262144,73,17825808,4912412,diaq_fp32,0.133714,8.419e-08
SPMVCSV,/mnt/beegfs/ysu34/hamlib/dia_e2e/qmaxcutK_18_4.txt,262144,19,4879506,1441792,ours_didx_nv1,0.008724,4.660e-08
SPMVCSV,/mnt/beegfs/ysu34/hamlib/dia_e2e/qmaxcutK_18_4.txt,262144,19,4879506,1441792,ours_didx_nv2,0.009994,4.679e-08
SPMVCSV,/mnt/beegfs/ysu34/hamlib/dia_e2e/qmaxcutK_18_4.txt,262144,19,4879506,1441792,ours_gather_nv1,0.011940,4.660e-08
SPMVCSV,/mnt/beegfs/ysu34/hamlib/dia_e2e/qmaxcutK_18_4.txt,262144,19,4879506,1441792,ours_gather_nv2,0.022528,4.679e-08
SPMVCSV,/mnt/beegfs/ysu34/hamlib/dia_e2e/qmaxcutK_18_4.txt,262144,19,4879506,1441792,ours_gopt_nv1,0.011837,4.671e-08
SPMVCSV,/mnt/beegfs/ysu34/hamlib/dia_e2e/qmaxcutK_18_4.txt,262144,19,4879506,1441792,ours_gopt_nv2,0.015872,4.686e-08
SPMVCSV,/mnt/beegfs/ysu34/hamlib/dia_e2e/qmaxcutK_18_4.txt,262144,19,4879506,1441792,ours_gopt_s_nv1,0.011305,4.671e-08
SPMVCSV,/mnt/beegfs/ysu34/hamlib/dia_e2e/qmaxcutK_18_4.txt,262144,19,4879506,1441792,ours_auto_nv1,0.008724,4.660e-08
SPMVCSV,/mnt/beegfs/ysu34/hamlib/dia_e2e/qmaxcutK_18_4.txt,262144,19,4879506,1441792,ours_auto_nv2,0.009994,4.679e-08
SPMVCSV,/mnt/beegfs/ysu34/hamlib/dia_e2e/qmaxcutK_18_4.txt,262144,19,4879506,1441792,csr_zskip_nv1,0.009851,4.660e-08
SPMVCSV,/mnt/beegfs/ysu34/hamlib/dia_e2e/qmaxcutK_18_4.txt,262144,19,4879506,1441792,row_dense_nv1,0.011530,4.660e-08
SPMVCSV,/mnt/beegfs/ysu34/hamlib/dia_e2e/qmaxcutK_18_4.txt,262144,19,4879506,1441792,cusparse_csr,0.030618,4.636e-08
SPMVCSV,/mnt/beegfs/ysu34/hamlib/dia_e2e/qmaxcutK_18_4.txt,262144,19,4879506,1441792,diaq_fp64,0.067420,0.000e+00
SPMVCSV,/mnt/beegfs/ysu34/hamlib/dia_e2e/qmaxcutK_18_4.txt,262144,19,4879506,1441792,diaq_fp32,0.040899,4.865e-08
SPMVCSV,/mnt/beegfs/ysu34/hamlib/dia_e2e/qmaxcutR_18_3.txt,262144,9,2334730,688128,ours_didx_nv1,0.006820,2.761e-08
SPMVCSV,/mnt/beegfs/ysu34/hamlib/dia_e2e/qmaxcutR_18_3.txt,262144,9,2334730,688128,ours_didx_nv2,0.007823,2.767e-08
SPMVCSV,/mnt/beegfs/ysu34/hamlib/dia_e2e/qmaxcutR_18_3.txt,262144,9,2334730,688128,ours_gather_nv1,0.008008,2.761e-08
SPMVCSV,/mnt/beegfs/ysu34/hamlib/dia_e2e/qmaxcutR_18_3.txt,262144,9,2334730,688128,ours_gather_nv2,0.012882,2.767e-08
SPMVCSV,/mnt/beegfs/ysu34/hamlib/dia_e2e/qmaxcutR_18_3.txt,262144,9,2334730,688128,ours_gopt_nv1,0.006758,2.765e-08
SPMVCSV,/mnt/beegfs/ysu34/hamlib/dia_e2e/qmaxcutR_18_3.txt,262144,9,2334730,688128,ours_gopt_nv2,0.008192,2.783e-08
SPMVCSV,/mnt/beegfs/ysu34/hamlib/dia_e2e/qmaxcutR_18_3.txt,262144,9,2334730,688128,ours_gopt_s_nv1,0.006472,2.765e-08
SPMVCSV,/mnt/beegfs/ysu34/hamlib/dia_e2e/qmaxcutR_18_3.txt,262144,9,2334730,688128,ours_auto_nv1,0.006840,2.761e-08
SPMVCSV,/mnt/beegfs/ysu34/hamlib/dia_e2e/qmaxcutR_18_3.txt,262144,9,2334730,688128,ours_auto_nv2,0.007782,2.767e-08
SPMVCSV,/mnt/beegfs/ysu34/hamlib/dia_e2e/qmaxcutR_18_3.txt,262144,9,2334730,688128,csr_zskip_nv1,0.006820,2.761e-08
SPMVCSV,/mnt/beegfs/ysu34/hamlib/dia_e2e/qmaxcutR_18_3.txt,262144,9,2334730,688128,row_dense_nv1,0.007619,2.761e-08
SPMVCSV,/mnt/beegfs/ysu34/hamlib/dia_e2e/qmaxcutR_18_3.txt,262144,9,2334730,688128,cusparse_csr,0.023511,2.721e-08
SPMVCSV,/mnt/beegfs/ysu34/hamlib/dia_e2e/qmaxcutR_18_3.txt,262144,9,2334730,688128,diaq_fp64,0.036618,0.000e+00
SPMVCSV,/mnt/beegfs/ysu34/hamlib/dia_e2e/qmaxcutR_18_3.txt,262144,9,2334730,688128,diaq_fp32,0.013783,2.768e-08
SPMVCSV,/mnt/beegfs/ysu34/hamlib/dia_e2e/tfim_16_4.txt,65536,33,2031618,1114112,ours_didx_nv1,0.007209,8.047e-08
SPMVCSV,/mnt/beegfs/ysu34/hamlib/dia_e2e/tfim_16_4.txt,65536,33,2031618,1114112,ours_didx_nv2,0.007782,8.047e-08
SPMVCSV,/mnt/beegfs/ysu34/hamlib/dia_e2e/tfim_16_4.txt,65536,33,2031618,1114112,ours_gather_nv1,0.007557,8.047e-08
SPMVCSV,/mnt/beegfs/ysu34/hamlib/dia_e2e/tfim_16_4.txt,65536,33,2031618,1114112,ours_gather_nv2,0.008991,8.047e-08
SPMVCSV,/mnt/beegfs/ysu34/hamlib/dia_e2e/tfim_16_4.txt,65536,33,2031618,1114112,ours_gopt_nv1,0.012268,8.065e-08
SPMVCSV,/mnt/beegfs/ysu34/hamlib/dia_e2e/tfim_16_4.txt,65536,33,2031618,1114112,ours_gopt_nv2,0.015278,8.065e-08
SPMVCSV,/mnt/beegfs/ysu34/hamlib/dia_e2e/tfim_16_4.txt,65536,33,2031618,1114112,ours_gopt_s_nv1,0.013537,8.065e-08
SPMVCSV,/mnt/beegfs/ysu34/hamlib/dia_e2e/tfim_16_4.txt,65536,33,2031618,1114112,ours_auto_nv1,0.007188,8.047e-08
SPMVCSV,/mnt/beegfs/ysu34/hamlib/dia_e2e/tfim_16_4.txt,65536,33,2031618,1114112,ours_auto_nv2,0.007803,8.047e-08
SPMVCSV,/mnt/beegfs/ysu34/hamlib/dia_e2e/tfim_16_4.txt,65536,33,2031618,1114112,csr_zskip_nv1,0.007762,8.047e-08
SPMVCSV,/mnt/beegfs/ysu34/hamlib/dia_e2e/tfim_16_4.txt,65536,33,2031618,1114112,row_dense_nv1,0.007332,8.047e-08
SPMVCSV,/mnt/beegfs/ysu34/hamlib/dia_e2e/tfim_16_4.txt,65536,33,2031618,1114112,cusparse_csr,0.028221,6.603e-08
SPMVCSV,/mnt/beegfs/ysu34/hamlib/dia_e2e/tfim_16_4.txt,65536,33,2031618,1114112,diaq_fp64,0.032993,0.000e+00
SPMVCSV,/mnt/beegfs/ysu34/hamlib/dia_e2e/tfim_16_4.txt,65536,33,2031618,1114112,diaq_fp32,0.015647,8.243e-08
SPMVCSV,/mnt/beegfs/ysu34/hamlib/dia_e2e/tfim_16_5.txt,65536,33,2031618,1114112,ours_didx_nv1,0.007209,8.047e-08
SPMVCSV,/mnt/beegfs/ysu34/hamlib/dia_e2e/tfim_16_5.txt,65536,33,2031618,1114112,ours_didx_nv2,0.007762,8.047e-08
SPMVCSV,/mnt/beegfs/ysu34/hamlib/dia_e2e/tfim_16_5.txt,65536,33,2031618,1114112,ours_gather_nv1,0.007557,8.047e-08
SPMVCSV,/mnt/beegfs/ysu34/hamlib/dia_e2e/tfim_16_5.txt,65536,33,2031618,1114112,ours_gather_nv2,0.008950,8.047e-08
SPMVCSV,/mnt/beegfs/ysu34/hamlib/dia_e2e/tfim_16_5.txt,65536,33,2031618,1114112,ours_gopt_nv1,0.012308,8.065e-08
SPMVCSV,/mnt/beegfs/ysu34/hamlib/dia_e2e/tfim_16_5.txt,65536,33,2031618,1114112,ours_gopt_nv2,0.015278,8.065e-08
SPMVCSV,/mnt/beegfs/ysu34/hamlib/dia_e2e/tfim_16_5.txt,65536,33,2031618,1114112,ours_gopt_s_nv1,0.013537,8.065e-08
SPMVCSV,/mnt/beegfs/ysu34/hamlib/dia_e2e/tfim_16_5.txt,65536,33,2031618,1114112,ours_auto_nv1,0.007209,8.047e-08
SPMVCSV,/mnt/beegfs/ysu34/hamlib/dia_e2e/tfim_16_5.txt,65536,33,2031618,1114112,ours_auto_nv2,0.007803,8.047e-08
SPMVCSV,/mnt/beegfs/ysu34/hamlib/dia_e2e/tfim_16_5.txt,65536,33,2031618,1114112,csr_zskip_nv1,0.007762,8.047e-08
SPMVCSV,/mnt/beegfs/ysu34/hamlib/dia_e2e/tfim_16_5.txt,65536,33,2031618,1114112,row_dense_nv1,0.007352,8.047e-08
SPMVCSV,/mnt/beegfs/ysu34/hamlib/dia_e2e/tfim_16_5.txt,65536,33,2031618,1114112,cusparse_csr,0.028221,6.603e-08
SPMVCSV,/mnt/beegfs/ysu34/hamlib/dia_e2e/tfim_16_5.txt,65536,33,2031618,1114112,diaq_fp64,0.030863,0.000e+00
SPMVCSV,/mnt/beegfs/ysu34/hamlib/dia_e2e/tfim_16_5.txt,65536,33,2031618,1114112,diaq_fp32,0.015626,8.243e-08
SPMVCSV,/mnt/beegfs/ysu34/hamlib/dia_e2e/tfim_18_4.txt,262144,37,9175042,4980736,ours_didx_nv1,0.021996,8.435e-08
SPMVCSV,/mnt/beegfs/ysu34/hamlib/dia_e2e/tfim_18_4.txt,262144,37,9175042,4980736,ours_didx_nv2,0.024658,8.435e-08
SPMVCSV,/mnt/beegfs/ysu34/hamlib/dia_e2e/tfim_18_4.txt,262144,37,9175042,4980736,ours_gather_nv1,0.036639,8.435e-08
SPMVCSV,/mnt/beegfs/ysu34/hamlib/dia_e2e/tfim_18_4.txt,262144,37,9175042,4980736,ours_gather_nv2,0.089661,8.435e-08
SPMVCSV,/mnt/beegfs/ysu34/hamlib/dia_e2e/tfim_18_4.txt,262144,37,9175042,4980736,ours_gopt_nv1,0.025559,8.445e-08
SPMVCSV,/mnt/beegfs/ysu34/hamlib/dia_e2e/tfim_18_4.txt,262144,37,9175042,4980736,ours_gopt_nv2,0.031949,8.445e-08
SPMVCSV,/mnt/beegfs/ysu34/hamlib/dia_e2e/tfim_18_4.txt,262144,37,9175042,4980736,ours_gopt_s_nv1,0.028979,8.445e-08
SPMVCSV,/mnt/beegfs/ysu34/hamlib/dia_e2e/tfim_18_4.txt,262144,37,9175042,4980736,ours_auto_nv1,0.021955,8.435e-08
SPMVCSV,/mnt/beegfs/ysu34/hamlib/dia_e2e/tfim_18_4.txt,262144,37,9175042,4980736,ours_auto_nv2,0.024596,8.435e-08
SPMVCSV,/mnt/beegfs/ysu34/hamlib/dia_e2e/tfim_18_4.txt,262144,37,9175042,4980736,csr_zskip_nv1,0.058696,8.435e-08
SPMVCSV,/mnt/beegfs/ysu34/hamlib/dia_e2e/tfim_18_4.txt,262144,37,9175042,4980736,row_dense_nv1,0.031519,8.435e-08
SPMVCSV,/mnt/beegfs/ysu34/hamlib/dia_e2e/tfim_18_4.txt,262144,37,9175042,4980736,cusparse_csr,0.058225,6.651e-08
SPMVCSV,/mnt/beegfs/ysu34/hamlib/dia_e2e/tfim_18_4.txt,262144,37,9175042,4980736,diaq_fp64,0.116920,0.000e+00
SPMVCSV,/mnt/beegfs/ysu34/hamlib/dia_e2e/tfim_18_4.txt,262144,37,9175042,4980736,diaq_fp32,0.070615,8.681e-08
SPMVCSV,/mnt/beegfs/ysu34/hamlib/dia_e2e/tfim_18_5.txt,262144,37,9175042,4980736,ours_didx_nv1,0.022118,8.435e-08
SPMVCSV,/mnt/beegfs/ysu34/hamlib/dia_e2e/tfim_18_5.txt,262144,37,9175042,4980736,ours_didx_nv2,0.024596,8.435e-08
SPMVCSV,/mnt/beegfs/ysu34/hamlib/dia_e2e/tfim_18_5.txt,262144,37,9175042,4980736,ours_gather_nv1,0.036680,8.435e-08
SPMVCSV,/mnt/beegfs/ysu34/hamlib/dia_e2e/tfim_18_5.txt,262144,37,9175042,4980736,ours_gather_nv2,0.090153,8.435e-08
SPMVCSV,/mnt/beegfs/ysu34/hamlib/dia_e2e/tfim_18_5.txt,262144,37,9175042,4980736,ours_gopt_nv1,0.025600,8.445e-08
SPMVCSV,/mnt/beegfs/ysu34/hamlib/dia_e2e/tfim_18_5.txt,262144,37,9175042,4980736,ours_gopt_nv2,0.032072,8.445e-08
SPMVCSV,/mnt/beegfs/ysu34/hamlib/dia_e2e/tfim_18_5.txt,262144,37,9175042,4980736,ours_gopt_s_nv1,0.029123,8.445e-08
SPMVCSV,/mnt/beegfs/ysu34/hamlib/dia_e2e/tfim_18_5.txt,262144,37,9175042,4980736,ours_auto_nv1,0.022016,8.435e-08
SPMVCSV,/mnt/beegfs/ysu34/hamlib/dia_e2e/tfim_18_5.txt,262144,37,9175042,4980736,ours_auto_nv2,0.024699,8.435e-08
SPMVCSV,/mnt/beegfs/ysu34/hamlib/dia_e2e/tfim_18_5.txt,262144,37,9175042,4980736,csr_zskip_nv1,0.059781,8.435e-08
SPMVCSV,/mnt/beegfs/ysu34/hamlib/dia_e2e/tfim_18_5.txt,262144,37,9175042,4980736,row_dense_nv1,0.031478,8.435e-08
SPMVCSV,/mnt/beegfs/ysu34/hamlib/dia_e2e/tfim_18_5.txt,262144,37,9175042,4980736,cusparse_csr,0.058429,6.651e-08
SPMVCSV,/mnt/beegfs/ysu34/hamlib/dia_e2e/tfim_18_5.txt,262144,37,9175042,4980736,diaq_fp64,0.117207,0.000e+00
SPMVCSV,/mnt/beegfs/ysu34/hamlib/dia_e2e/tfim_18_5.txt,262144,37,9175042,4980736,diaq_fp32,0.070717,8.681e-08
SPMVCSV,/mnt/beegfs/ysu34/hamlib/dia_e2e/tfim_20_5.txt,1048576,41,40894466,22020096,ours_didx_nv1,0.106496,8.817e-08
SPMVCSV,/mnt/beegfs/ysu34/hamlib/dia_e2e/tfim_20_5.txt,1048576,41,40894466,22020096,ours_didx_nv2,0.120873,8.817e-08
SPMVCSV,/mnt/beegfs/ysu34/hamlib/dia_e2e/tfim_20_5.txt,1048576,41,40894466,22020096,ours_gather_nv1,0.127836,8.817e-08
SPMVCSV,/mnt/beegfs/ysu34/hamlib/dia_e2e/tfim_20_5.txt,1048576,41,40894466,22020096,ours_gather_nv2,0.223887,8.817e-08
SPMVCSV,/mnt/beegfs/ysu34/hamlib/dia_e2e/tfim_20_5.txt,1048576,41,40894466,22020096,ours_gopt_nv1,0.097505,8.821e-08
SPMVCSV,/mnt/beegfs/ysu34/hamlib/dia_e2e/tfim_20_5.txt,1048576,41,40894466,22020096,ours_gopt_nv2,0.108052,8.821e-08
SPMVCSV,/mnt/beegfs/ysu34/hamlib/dia_e2e/tfim_20_5.txt,1048576,41,40894466,22020096,ours_gopt_s_nv1,0.106967,8.821e-08
SPMVCSV,/mnt/beegfs/ysu34/hamlib/dia_e2e/tfim_20_5.txt,1048576,41,40894466,22020096,ours_auto_nv1,0.106312,8.817e-08
SPMVCSV,/mnt/beegfs/ysu34/hamlib/dia_e2e/tfim_20_5.txt,1048576,41,40894466,22020096,ours_auto_nv2,0.120852,8.817e-08
SPMVCSV,/mnt/beegfs/ysu34/hamlib/dia_e2e/tfim_20_5.txt,1048576,41,40894466,22020096,csr_zskip_nv1,0.166871,8.817e-08
SPMVCSV,/mnt/beegfs/ysu34/hamlib/dia_e2e/tfim_20_5.txt,1048576,41,40894466,22020096,row_dense_nv1,0.122552,8.817e-08
SPMVCSV,/mnt/beegfs/ysu34/hamlib/dia_e2e/tfim_20_5.txt,1048576,41,40894466,22020096,cusparse_csr,0.166707,6.758e-08
SPMVCSV,/mnt/beegfs/ysu34/hamlib/dia_e2e/tfim_20_5.txt,1048576,41,40894466,22020096,diaq_fp64,0.476488,0.000e+00
SPMVCSV,/mnt/beegfs/ysu34/hamlib/dia_e2e/tfim_20_5.txt,1048576,41,40894466,22020096,diaq_fp32,0.249979,9.037e-08
SPMVCSV,/mnt/beegfs/ysu34/hamlib/dia_e2e/tsp_18_4.txt,262144,1,262144,262144,ours_didx_nv1,0.004649,2.622e-08
SPMVCSV,/mnt/beegfs/ysu34/hamlib/dia_e2e/tsp_18_4.txt,262144,1,262144,262144,ours_didx_nv2,0.005161,2.630e-08
SPMVCSV,/mnt/beegfs/ysu34/hamlib/dia_e2e/tsp_18_4.txt,262144,1,262144,262144,ours_gather_nv1,0.004055,2.622e-08
SPMVCSV,/mnt/beegfs/ysu34/hamlib/dia_e2e/tsp_18_4.txt,262144,1,262144,262144,ours_gather_nv2,0.004977,2.630e-08
SPMVCSV,/mnt/beegfs/ysu34/hamlib/dia_e2e/tsp_18_4.txt,262144,1,262144,262144,ours_gopt_nv1,0.004424,2.622e-08
SPMVCSV,/mnt/beegfs/ysu34/hamlib/dia_e2e/tsp_18_4.txt,262144,1,262144,262144,ours_gopt_nv2,0.004895,2.630e-08
SPMVCSV,/mnt/beegfs/ysu34/hamlib/dia_e2e/tsp_18_4.txt,262144,1,262144,262144,ours_gopt_s_nv1,0.004280,2.622e-08
SPMVCSV,/mnt/beegfs/ysu34/hamlib/dia_e2e/tsp_18_4.txt,262144,1,262144,262144,ours_auto_nv1,0.004035,2.622e-08
SPMVCSV,/mnt/beegfs/ysu34/hamlib/dia_e2e/tsp_18_4.txt,262144,1,262144,262144,ours_auto_nv2,0.004977,2.630e-08
SPMVCSV,/mnt/beegfs/ysu34/hamlib/dia_e2e/tsp_18_4.txt,262144,1,262144,262144,csr_zskip_nv1,0.004444,2.622e-08
SPMVCSV,/mnt/beegfs/ysu34/hamlib/dia_e2e/tsp_18_4.txt,262144,1,262144,262144,row_dense_nv1,0.003932,2.622e-08
SPMVCSV,/mnt/beegfs/ysu34/hamlib/dia_e2e/tsp_18_4.txt,262144,1,262144,262144,cusparse_csr,0.021688,2.622e-08
SPMVCSV,/mnt/beegfs/ysu34/hamlib/dia_e2e/tsp_18_4.txt,262144,1,262144,262144,diaq_fp64,0.006083,0.000e+00
SPMVCSV,/mnt/beegfs/ysu34/hamlib/dia_e2e/tsp_18_4.txt,262144,1,262144,262144,diaq_fp32,0.004874,2.628e-08
SPMVCSV,/mnt/beegfs/ysu34/hamlib/dia_e2e/vibbf3_18_3.txt,262144,12,3088370,1038976,ours_didx_nv1,0.007516,3.830e-08
SPMVCSV,/mnt/beegfs/ysu34/hamlib/dia_e2e/vibbf3_18_3.txt,262144,12,3088370,1038976,ours_didx_nv2,0.008192,3.830e-08
SPMVCSV,/mnt/beegfs/ysu34/hamlib/dia_e2e/vibbf3_18_3.txt,262144,12,3088370,1038976,ours_gather_nv1,0.009544,3.830e-08
SPMVCSV,/mnt/beegfs/ysu34/hamlib/dia_e2e/vibbf3_18_3.txt,262144,12,3088370,1038976,ours_gather_nv2,0.015954,3.830e-08
SPMVCSV,/mnt/beegfs/ysu34/hamlib/dia_e2e/vibbf3_18_3.txt,262144,12,3088370,1038976,ours_gopt_nv1,0.007741,3.829e-08
SPMVCSV,/mnt/beegfs/ysu34/hamlib/dia_e2e/vibbf3_18_3.txt,262144,12,3088370,1038976,ours_gopt_nv2,0.009933,3.829e-08
SPMVCSV,/mnt/beegfs/ysu34/hamlib/dia_e2e/vibbf3_18_3.txt,262144,12,3088370,1038976,ours_gopt_s_nv1,0.007352,3.829e-08
SPMVCSV,/mnt/beegfs/ysu34/hamlib/dia_e2e/vibbf3_18_3.txt,262144,12,3088370,1038976,ours_auto_nv1,0.007537,3.830e-08
SPMVCSV,/mnt/beegfs/ysu34/hamlib/dia_e2e/vibbf3_18_3.txt,262144,12,3088370,1038976,ours_auto_nv2,0.008212,3.830e-08
SPMVCSV,/mnt/beegfs/ysu34/hamlib/dia_e2e/vibbf3_18_3.txt,262144,12,3088370,1038976,csr_zskip_nv1,0.008028,3.830e-08
SPMVCSV,/mnt/beegfs/ysu34/hamlib/dia_e2e/vibbf3_18_3.txt,262144,12,3088370,1038976,row_dense_nv1,0.008376,3.830e-08
SPMVCSV,/mnt/beegfs/ysu34/hamlib/dia_e2e/vibbf3_18_3.txt,262144,12,3088370,1038976,cusparse_csr,0.025518,4.631e-08
SPMVCSV,/mnt/beegfs/ysu34/hamlib/dia_e2e/vibbf3_18_3.txt,262144,12,3088370,1038976,diaq_fp64,0.045527,0.000e+00
SPMVCSV,/mnt/beegfs/ysu34/hamlib/dia_e2e/vibbf3_18_3.txt,262144,12,3088370,1038976,diaq_fp32,0.021033,4.611e-08
SPMVCSV,/mnt/beegfs/ysu34/hamlib/dia_suitesparse/atmosmodd.txt,1270432,7,8848918,8814880,ours_didx_nv1,0.047882,4.980e-08
SPMVCSV,/mnt/beegfs/ysu34/hamlib/dia_suitesparse/atmosmodd.txt,1270432,7,8848918,8814880,ours_didx_nv2,0.057774,4.981e-08
SPMVCSV,/mnt/beegfs/ysu34/hamlib/dia_suitesparse/atmosmodd.txt,1270432,7,8848918,8814880,ours_gather_nv1,0.035410,4.980e-08
SPMVCSV,/mnt/beegfs/ysu34/hamlib/dia_suitesparse/atmosmodd.txt,1270432,7,8848918,8814880,ours_gather_nv2,0.056136,4.981e-08
SPMVCSV,/mnt/beegfs/ysu34/hamlib/dia_suitesparse/atmosmodd.txt,1270432,7,8848918,8814880,ours_gopt_nv1,0.036024,4.981e-08
SPMVCSV,/mnt/beegfs/ysu34/hamlib/dia_suitesparse/atmosmodd.txt,1270432,7,8848918,8814880,ours_gopt_nv2,0.046100,4.983e-08
SPMVCSV,/mnt/beegfs/ysu34/hamlib/dia_suitesparse/atmosmodd.txt,1270432,7,8848918,8814880,ours_gopt_s_nv1,0.035963,4.981e-08
SPMVCSV,/mnt/beegfs/ysu34/hamlib/dia_suitesparse/atmosmodd.txt,1270432,7,8848918,8814880,ours_auto_nv1,0.035369,4.980e-08
SPMVCSV,/mnt/beegfs/ysu34/hamlib/dia_suitesparse/atmosmodd.txt,1270432,7,8848918,8814880,ours_auto_nv2,0.056504,4.981e-08
SPMVCSV,/mnt/beegfs/ysu34/hamlib/dia_suitesparse/atmosmodd.txt,1270432,7,8848918,8814880,csr_zskip_nv1,0.065495,4.980e-08
SPMVCSV,/mnt/beegfs/ysu34/hamlib/dia_suitesparse/atmosmodd.txt,1270432,7,8848918,8814880,row_dense_nv1,0.036966,4.980e-08
SPMVCSV,/mnt/beegfs/ysu34/hamlib/dia_suitesparse/atmosmodd.txt,1270432,7,8848918,8814880,cusparse_csr,0.083948,5.706e-08
SPMVCSV,/mnt/beegfs/ysu34/hamlib/dia_suitesparse/atmosmodd.txt,1270432,7,8848918,8814880,diaq_fp64,0.124027,0.000e+00
SPMVCSV,/mnt/beegfs/ysu34/hamlib/dia_suitesparse/atmosmodd.txt,1270432,7,8848918,8814880,diaq_fp32,0.068567,5.777e-08
SPMVCSV,/mnt/beegfs/ysu34/hamlib/dia_suitesparse/ecology2.txt,999999,7,6995993,4995991,ours_didx_nv1,0.029819,4.499e-08
SPMVCSV,/mnt/beegfs/ysu34/hamlib/dia_suitesparse/ecology2.txt,999999,7,6995993,4995991,ours_didx_nv2,0.038769,4.500e-08
SPMVCSV,/mnt/beegfs/ysu34/hamlib/dia_suitesparse/ecology2.txt,999999,7,6995993,4995991,ours_gather_nv1,0.026808,4.499e-08
SPMVCSV,/mnt/beegfs/ysu34/hamlib/dia_suitesparse/ecology2.txt,999999,7,6995993,4995991,ours_gather_nv2,0.047698,4.500e-08
SPMVCSV,/mnt/beegfs/ysu34/hamlib/dia_suitesparse/ecology2.txt,999999,7,6995993,4995991,ours_gopt_nv1,0.014868,4.500e-08
SPMVCSV,/mnt/beegfs/ysu34/hamlib/dia_suitesparse/ecology2.txt,999999,7,6995993,4995991,ours_gopt_s_nv1,0.014582,4.500e-08
SPMVCSV,/mnt/beegfs/ysu34/hamlib/dia_suitesparse/ecology2.txt,999999,7,6995993,4995991,ours_auto_nv1,0.026419,4.499e-08
SPMVCSV,/mnt/beegfs/ysu34/hamlib/dia_suitesparse/ecology2.txt,999999,7,6995993,4995991,ours_auto_nv2,0.047985,4.500e-08
SPMVCSV,/mnt/beegfs/ysu34/hamlib/dia_suitesparse/ecology2.txt,999999,7,6995993,4995991,csr_zskip_nv1,0.041636,4.499e-08
SPMVCSV,/mnt/beegfs/ysu34/hamlib/dia_suitesparse/ecology2.txt,999999,7,6995993,4995991,row_dense_nv1,0.028938,4.499e-08
SPMVCSV,/mnt/beegfs/ysu34/hamlib/dia_suitesparse/ecology2.txt,999999,7,6995993,4995991,cusparse_csr,0.059453,5.409e-08
SPMVCSV,/mnt/beegfs/ysu34/hamlib/dia_suitesparse/ecology2.txt,999999,7,6995993,4995991,diaq_fp64,0.099779,0.000e+00
SPMVCSV,/mnt/beegfs/ysu34/hamlib/dia_suitesparse/ecology2.txt,999999,7,6995993,4995991,diaq_fp32,0.055398,5.424e-08
SPMVCSV,/mnt/beegfs/ysu34/hamlib/dia_suitesparse/Lin.txt,256000,7,1779038,1766400,ours_didx_nv1,0.008151,5.070e-08
SPMVCSV,/mnt/beegfs/ysu34/hamlib/dia_suitesparse/Lin.txt,256000,7,1779038,1766400,ours_didx_nv2,0.009052,5.080e-08
SPMVCSV,/mnt/beegfs/ysu34/hamlib/dia_suitesparse/Lin.txt,256000,7,1779038,1766400,ours_gather_nv1,0.006840,5.070e-08
SPMVCSV,/mnt/beegfs/ysu34/hamlib/dia_suitesparse/Lin.txt,256000,7,1779038,1766400,ours_gather_nv2,0.010527,5.080e-08
SPMVCSV,/mnt/beegfs/ysu34/hamlib/dia_suitesparse/Lin.txt,256000,7,1779038,1766400,ours_gopt_nv1,0.007250,5.075e-08
SPMVCSV,/mnt/beegfs/ysu34/hamlib/dia_suitesparse/Lin.txt,256000,7,1779038,1766400,ours_gopt_nv2,0.008806,5.084e-08
SPMVCSV,/mnt/beegfs/ysu34/hamlib/dia_suitesparse/Lin.txt,256000,7,1779038,1766400,ours_gopt_s_nv1,0.006881,5.075e-08
SPMVCSV,/mnt/beegfs/ysu34/hamlib/dia_suitesparse/Lin.txt,256000,7,1779038,1766400,ours_auto_nv1,0.006861,5.070e-08
SPMVCSV,/mnt/beegfs/ysu34/hamlib/dia_suitesparse/Lin.txt,256000,7,1779038,1766400,ours_auto_nv2,0.010547,5.080e-08
SPMVCSV,/mnt/beegfs/ysu34/hamlib/dia_suitesparse/Lin.txt,256000,7,1779038,1766400,csr_zskip_nv1,0.009523,5.070e-08
SPMVCSV,/mnt/beegfs/ysu34/hamlib/dia_suitesparse/Lin.txt,256000,7,1779038,1766400,row_dense_nv1,0.006943,5.070e-08
SPMVCSV,/mnt/beegfs/ysu34/hamlib/dia_suitesparse/Lin.txt,256000,7,1779038,1766400,cusparse_csr,0.030638,5.665e-08
SPMVCSV,/mnt/beegfs/ysu34/hamlib/dia_suitesparse/Lin.txt,256000,7,1779038,1766400,diaq_fp64,0.029348,0.000e+00
SPMVCSV,/mnt/beegfs/ysu34/hamlib/dia_suitesparse/Lin.txt,256000,7,1779038,1766400,diaq_fp32,0.010301,5.754e-08
SPMVCSV,/mnt/beegfs/ysu34/hamlib/dia_e2e/BH_20_7.txt,1048576,127,125829148,25824385,ours_didx_nv1,0.151368,6.086e-08
SPMVCSV,/mnt/beegfs/ysu34/hamlib/dia_e2e/BH_20_7.txt,1048576,127,125829148,25824385,ours_didx_nv2,0.181555,6.086e-08
SPMVCSV,/mnt/beegfs/ysu34/hamlib/dia_e2e/BH_20_7.txt,1048576,127,125829148,25824385,ours_gather_nv1,0.371466,6.086e-08
SPMVCSV,/mnt/beegfs/ysu34/hamlib/dia_e2e/BH_20_7.txt,1048576,127,125829148,25824385,ours_gather_nv2,0.664740,6.086e-08
SPMVCSV,/mnt/beegfs/ysu34/hamlib/dia_e2e/BH_20_7.txt,1048576,127,125829148,25824385,ours_gopt_nv1,0.225894,6.186e-08
SPMVCSV,/mnt/beegfs/ysu34/hamlib/dia_e2e/BH_20_7.txt,1048576,127,125829148,25824385,ours_gopt_nv2,0.244920,6.186e-08
SPMVCSV,/mnt/beegfs/ysu34/hamlib/dia_e2e/BH_20_7.txt,1048576,127,125829148,25824385,ours_gopt_s_nv1,0.251044,6.186e-08
SPMVCSV,/mnt/beegfs/ysu34/hamlib/dia_e2e/BH_20_7.txt,1048576,127,125829148,25824385,ours_auto_nv1,0.151265,6.086e-08
SPMVCSV,/mnt/beegfs/ysu34/hamlib/dia_e2e/BH_20_7.txt,1048576,127,125829148,25824385,ours_auto_nv2,0.181617,6.086e-08
SPMVCSV,/mnt/beegfs/ysu34/hamlib/dia_e2e/BH_20_7.txt,1048576,127,125829148,25824385,csr_zskip_nv1,0.230912,6.086e-08
SPMVCSV,/mnt/beegfs/ysu34/hamlib/dia_e2e/BH_20_7.txt,1048576,127,125829148,25824385,row_dense_nv1,0.348733,6.086e-08
SPMVCSV,/mnt/beegfs/ysu34/hamlib/dia_e2e/BH_20_7.txt,1048576,127,125829148,25824385,cusparse_csr,0.197448,5.812e-08
SPMVCSV,/mnt/beegfs/ysu34/hamlib/dia_e2e/BH_20_7.txt,1048576,127,125829148,25824385,diaq_fp64,1.378509,0.000e+00
SPMVCSV,/mnt/beegfs/ysu34/hamlib/dia_e2e/BH_20_7.txt,1048576,127,125829148,25824385,diaq_fp32,0.724500,6.624e-08
SPMVCSV,/mnt/beegfs/ysu34/hamlib/dia_e2e/bhc_16_7.txt,65536,99,6029340,1250845,ours_didx_nv1,0.009974,5.466e-08
SPMVCSV,/mnt/beegfs/ysu34/hamlib/dia_e2e/bhc_16_7.txt,65536,99,6029340,1250845,ours_didx_nv2,0.011366,5.466e-08
SPMVCSV,/mnt/beegfs/ysu34/hamlib/dia_e2e/bhc_16_7.txt,65536,99,6029340,1250845,ours_gather_nv1,0.015667,5.466e-08
SPMVCSV,/mnt/beegfs/ysu34/hamlib/dia_e2e/bhc_16_7.txt,65536,99,6029340,1250845,ours_gather_nv2,0.019927,5.466e-08
SPMVCSV,/mnt/beegfs/ysu34/hamlib/dia_e2e/bhc_16_7.txt,65536,99,6029340,1250845,ours_gopt_nv1,0.025620,5.584e-08
SPMVCSV,/mnt/beegfs/ysu34/hamlib/dia_e2e/bhc_16_7.txt,65536,99,6029340,1250845,ours_gopt_nv2,0.034468,5.593e-08
SPMVCSV,/mnt/beegfs/ysu34/hamlib/dia_e2e/bhc_16_7.txt,65536,99,6029340,1250845,ours_gopt_s_nv1,0.030228,5.584e-08
SPMVCSV,/mnt/beegfs/ysu34/hamlib/dia_e2e/bhc_16_7.txt,65536,99,6029340,1250845,ours_auto_nv1,0.010035,5.466e-08
SPMVCSV,/mnt/beegfs/ysu34/hamlib/dia_e2e/bhc_16_7.txt,65536,99,6029340,1250845,ours_auto_nv2,0.011387,5.466e-08
SPMVCSV,/mnt/beegfs/ysu34/hamlib/dia_e2e/bhc_16_7.txt,65536,99,6029340,1250845,csr_zskip_nv1,0.011141,5.466e-08
SPMVCSV,/mnt/beegfs/ysu34/hamlib/dia_e2e/bhc_16_7.txt,65536,99,6029340,1250845,row_dense_nv1,0.016548,5.466e-08
SPMVCSV,/mnt/beegfs/ysu34/hamlib/dia_e2e/bhc_16_7.txt,65536,99,6029340,1250845,cusparse_csr,0.030126,5.607e-08
SPMVCSV,/mnt/beegfs/ysu34/hamlib/dia_e2e/bhc_16_7.txt,65536,99,6029340,1250845,diaq_fp64,0.088207,0.000e+00
SPMVCSV,/mnt/beegfs/ysu34/hamlib/dia_e2e/bhc_16_7.txt,65536,99,6029340,1250845,diaq_fp32,0.076186,5.995e-08
SPMVCSV,/mnt/beegfs/ysu34/hamlib/dia_e2e/bhc_18_7.txt,262144,112,27607068,5640030,ours_didx_nv1,0.032727,5.809e-08
SPMVCSV,/mnt/beegfs/ysu34/hamlib/dia_e2e/bhc_18_7.txt,262144,112,27607068,5640030,ours_didx_nv2,0.040223,5.809e-08
SPMVCSV,/mnt/beegfs/ysu34/hamlib/dia_e2e/bhc_18_7.txt,262144,112,27607068,5640030,ours_gather_nv1,0.099287,5.809e-08
SPMVCSV,/mnt/beegfs/ysu34/hamlib/dia_e2e/bhc_18_7.txt,262144,112,27607068,5640030,ours_gather_nv2,0.258028,5.809e-08
SPMVCSV,/mnt/beegfs/ysu34/hamlib/dia_e2e/bhc_18_7.txt,262144,112,27607068,5640030,ours_gopt_nv1,0.068813,5.931e-08
SPMVCSV,/mnt/beegfs/ysu34/hamlib/dia_e2e/bhc_18_7.txt,262144,112,27607068,5640030,ours_gopt_nv2,0.079258,5.931e-08
SPMVCSV,/mnt/beegfs/ysu34/hamlib/dia_e2e/bhc_18_7.txt,262144,112,27607068,5640030,ours_gopt_s_nv1,0.083988,5.931e-08
SPMVCSV,/mnt/beegfs/ysu34/hamlib/dia_e2e/bhc_18_7.txt,262144,112,27607068,5640030,ours_auto_nv1,0.032666,5.809e-08
SPMVCSV,/mnt/beegfs/ysu34/hamlib/dia_e2e/bhc_18_7.txt,262144,112,27607068,5640030,ours_auto_nv2,0.041308,5.809e-08
SPMVCSV,/mnt/beegfs/ysu34/hamlib/dia_e2e/bhc_18_7.txt,262144,112,27607068,5640030,csr_zskip_nv1,0.052593,5.809e-08
SPMVCSV,/mnt/beegfs/ysu34/hamlib/dia_e2e/bhc_18_7.txt,262144,112,27607068,5640030,row_dense_nv1,0.085217,5.809e-08
SPMVCSV,/mnt/beegfs/ysu34/hamlib/dia_e2e/bhc_18_7.txt,262144,112,27607068,5640030,cusparse_csr,0.062771,5.708e-08
SPMVCSV,/mnt/beegfs/ysu34/hamlib/dia_e2e/bhc_18_7.txt,262144,112,27607068,5640030,diaq_fp64,0.326799,0.000e+00
SPMVCSV,/mnt/beegfs/ysu34/hamlib/dia_e2e/bhc_18_7.txt,262144,112,27607068,5640030,diaq_fp32,0.203366,6.318e-08
SPMVCSV,/mnt/beegfs/ysu34/hamlib/dia_e2e/bhD1_18_7.txt,262144,112,27607068,5640030,ours_didx_nv1,0.032911,5.809e-08
SPMVCSV,/mnt/beegfs/ysu34/hamlib/dia_e2e/bhD1_18_7.txt,262144,112,27607068,5640030,ours_didx_nv2,0.040100,5.809e-08
SPMVCSV,/mnt/beegfs/ysu34/hamlib/dia_e2e/bhD1_18_7.txt,262144,112,27607068,5640030,ours_gather_nv1,0.099410,5.809e-08
SPMVCSV,/mnt/beegfs/ysu34/hamlib/dia_e2e/bhD1_18_7.txt,262144,112,27607068,5640030,ours_gather_nv2,0.257475,5.809e-08
SPMVCSV,/mnt/beegfs/ysu34/hamlib/dia_e2e/bhD1_18_7.txt,262144,112,27607068,5640030,ours_gopt_nv1,0.070267,5.931e-08
SPMVCSV,/mnt/beegfs/ysu34/hamlib/dia_e2e/bhD1_18_7.txt,262144,112,27607068,5640030,ours_gopt_nv2,0.082432,5.931e-08
SPMVCSV,/mnt/beegfs/ysu34/hamlib/dia_e2e/bhD1_18_7.txt,262144,112,27607068,5640030,ours_gopt_s_nv1,0.084705,5.931e-08
SPMVCSV,/mnt/beegfs/ysu34/hamlib/dia_e2e/bhD1_18_7.txt,262144,112,27607068,5640030,ours_auto_nv1,0.032809,5.809e-08
SPMVCSV,/mnt/beegfs/ysu34/hamlib/dia_e2e/bhD1_18_7.txt,262144,112,27607068,5640030,ours_auto_nv2,0.042107,5.809e-08
SPMVCSV,/mnt/beegfs/ysu34/hamlib/dia_e2e/bhD1_18_7.txt,262144,112,27607068,5640030,csr_zskip_nv1,0.052511,5.809e-08
SPMVCSV,/mnt/beegfs/ysu34/hamlib/dia_e2e/bhD1_18_7.txt,262144,112,27607068,5640030,row_dense_nv1,0.085320,5.809e-08
SPMVCSV,/mnt/beegfs/ysu34/hamlib/dia_e2e/bhD1_18_7.txt,262144,112,27607068,5640030,cusparse_csr,0.062976,5.708e-08
SPMVCSV,/mnt/beegfs/ysu34/hamlib/dia_e2e/bhD1_18_7.txt,262144,112,27607068,5640030,diaq_fp64,0.326164,0.000e+00
SPMVCSV,/mnt/beegfs/ysu34/hamlib/dia_e2e/bhD1_18_7.txt,262144,112,27607068,5640030,diaq_fp32,0.203141,6.318e-08
SPMVCSV,/mnt/beegfs/ysu34/hamlib/dia_e2e/C2c_18_4.txt,262144,9971,2039105210,30193577,ours_didx_nv1,1.291919,1.591e-07
SPMVCSV,/mnt/beegfs/ysu34/hamlib/dia_e2e/C2c_18_4.txt,262144,9971,2039105210,30193577,ours_didx_nv2,1.760891,1.591e-07
SPMVCSV,/mnt/beegfs/ysu34/hamlib/dia_e2e/C2c_18_4.txt,262144,9971,2039105210,30193577,ours_gather_nv1,7.447470,1.591e-07
SPMVCSV,/mnt/beegfs/ysu34/hamlib/dia_e2e/C2c_18_4.txt,262144,9971,2039105210,30193577,ours_gather_nv2,18.894829,1.591e-07
SPMVCSV,/mnt/beegfs/ysu34/hamlib/dia_e2e/C2c_18_4.txt,262144,9971,2039105210,30193577,ours_gopt_nv1,1.787146,1.938e-07
SPMVCSV,/mnt/beegfs/ysu34/hamlib/dia_e2e/C2c_18_4.txt,262144,9971,2039105210,30193577,ours_gopt_nv2,2.140447,1.938e-07
SPMVCSV,/mnt/beegfs/ysu34/hamlib/dia_e2e/C2c_18_4.txt,262144,9971,2039105210,30193577,ours_gopt_s_nv1,2.150175,1.938e-07
SPMVCSV,/mnt/beegfs/ysu34/hamlib/dia_e2e/C2c_18_4.txt,262144,9971,2039105210,30193577,ours_auto_nv1,1.790833,1.938e-07
SPMVCSV,/mnt/beegfs/ysu34/hamlib/dia_e2e/C2c_18_4.txt,262144,9971,2039105210,30193577,ours_auto_nv2,2.137846,1.938e-07
SPMVCSV,/mnt/beegfs/ysu34/hamlib/dia_e2e/C2c_18_4.txt,262144,9971,2039105210,30193577,csr_zskip_nv1,0.422932,1.591e-07
SPMVCSV,/mnt/beegfs/ysu34/hamlib/dia_e2e/C2c_18_4.txt,262144,9971,2039105210,30193577,row_dense_nv1,6.091243,1.591e-07
SPMVCSV,/mnt/beegfs/ysu34/hamlib/dia_e2e/C2c_18_4.txt,262144,9971,2039105210,30193577,cusparse_csr,0.220488,7.214e-08
SPMVCSV,/mnt/beegfs/ysu34/hamlib/dia_e2e/C2c_18_4.txt,262144,9971,2039105210,30193577,diaq_fp64,23.322643,0.000e+00
SPMVCSV,/mnt/beegfs/ysu34/hamlib/dia_e2e/C2c_18_4.txt,262144,9971,2039105210,30193577,diaq_fp32,14.204601,1.612e-07
SPMVCSV,/mnt/beegfs/ysu34/hamlib/dia_e2e/fermi_16_5.txt,65536,29,1835266,503876,ours_didx_nv1,0.006042,5.450e-08
SPMVCSV,/mnt/beegfs/ysu34/hamlib/dia_e2e/fermi_16_5.txt,65536,29,1835266,503876,ours_didx_nv2,0.006533,5.450e-08
SPMVCSV,/mnt/beegfs/ysu34/hamlib/dia_e2e/fermi_16_5.txt,65536,29,1835266,503876,ours_gather_nv1,0.007127,5.450e-08
SPMVCSV,/mnt/beegfs/ysu34/hamlib/dia_e2e/fermi_16_5.txt,65536,29,1835266,503876,ours_gather_nv2,0.008356,5.450e-08
SPMVCSV,/mnt/beegfs/ysu34/hamlib/dia_e2e/fermi_16_5.txt,65536,29,1835266,503876,ours_gopt_nv1,0.010076,5.600e-08
SPMVCSV,/mnt/beegfs/ysu34/hamlib/dia_e2e/fermi_16_5.txt,65536,29,1835266,503876,ours_gopt_nv2,0.012534,5.614e-08
SPMVCSV,/mnt/beegfs/ysu34/hamlib/dia_e2e/fermi_16_5.txt,65536,29,1835266,503876,ours_gopt_s_nv1,0.011121,5.600e-08
SPMVCSV,/mnt/beegfs/ysu34/hamlib/dia_e2e/fermi_16_5.txt,65536,29,1835266,503876,ours_auto_nv1,0.006042,5.450e-08
SPMVCSV,/mnt/beegfs/ysu34/hamlib/dia_e2e/fermi_16_5.txt,65536,29,1835266,503876,ours_auto_nv2,0.006554,5.450e-08
SPMVCSV,/mnt/beegfs/ysu34/hamlib/dia_e2e/fermi_16_5.txt,65536,29,1835266,503876,csr_zskip_nv1,0.006513,5.450e-08
SPMVCSV,/mnt/beegfs/ysu34/hamlib/dia_e2e/fermi_16_5.txt,65536,29,1835266,503876,row_dense_nv1,0.007086,5.450e-08
SPMVCSV,/mnt/beegfs/ysu34/hamlib/dia_e2e/fermi_16_5.txt,65536,29,1835266,503876,cusparse_csr,0.020705,5.324e-08
SPMVCSV,/mnt/beegfs/ysu34/hamlib/dia_e2e/fermi_16_5.txt,65536,29,1835266,503876,diaq_fp64,0.025272,0.000e+00
SPMVCSV,/mnt/beegfs/ysu34/hamlib/dia_e2e/fermi_16_5.txt,65536,29,1835266,503876,diaq_fp32,0.014438,5.504e-08
SPMVCSV,/mnt/beegfs/ysu34/hamlib/dia_e2e/fermi_18_5.txt,262144,33,8389122,2359296,ours_didx_nv1,0.012165,5.902e-08
SPMVCSV,/mnt/beegfs/ysu34/hamlib/dia_e2e/fermi_18_5.txt,262144,33,8389122,2359296,ours_didx_nv2,0.013926,5.922e-08
SPMVCSV,/mnt/beegfs/ysu34/hamlib/dia_e2e/fermi_18_5.txt,262144,33,8389122,2359296,ours_gather_nv1,0.032420,5.902e-08
SPMVCSV,/mnt/beegfs/ysu34/hamlib/dia_e2e/fermi_18_5.txt,262144,33,8389122,2359296,ours_gather_nv2,0.081715,5.922e-08
SPMVCSV,/mnt/beegfs/ysu34/hamlib/dia_e2e/fermi_18_5.txt,262144,33,8389122,2359296,ours_gopt_nv1,0.013558,5.983e-08
SPMVCSV,/mnt/beegfs/ysu34/hamlib/dia_e2e/fermi_18_5.txt,262144,33,8389122,2359296,ours_gopt_nv2,0.018780,5.983e-08
SPMVCSV,/mnt/beegfs/ysu34/hamlib/dia_e2e/fermi_18_5.txt,262144,33,8389122,2359296,ours_gopt_s_nv1,0.013373,5.983e-08
SPMVCSV,/mnt/beegfs/ysu34/hamlib/dia_e2e/fermi_18_5.txt,262144,33,8389122,2359296,ours_auto_nv1,0.012124,5.902e-08
SPMVCSV,/mnt/beegfs/ysu34/hamlib/dia_e2e/fermi_18_5.txt,262144,33,8389122,2359296,ours_auto_nv2,0.013844,5.922e-08
SPMVCSV,/mnt/beegfs/ysu34/hamlib/dia_e2e/fermi_18_5.txt,262144,33,8389122,2359296,csr_zskip_nv1,0.014275,5.902e-08
SPMVCSV,/mnt/beegfs/ysu34/hamlib/dia_e2e/fermi_18_5.txt,262144,33,8389122,2359296,row_dense_nv1,0.026276,5.902e-08
SPMVCSV,/mnt/beegfs/ysu34/hamlib/dia_e2e/fermi_18_5.txt,262144,33,8389122,2359296,cusparse_csr,0.035901,5.727e-08
SPMVCSV,/mnt/beegfs/ysu34/hamlib/dia_e2e/fermi_18_5.txt,262144,33,8389122,2359296,diaq_fp64,0.109015,0.000e+00
SPMVCSV,/mnt/beegfs/ysu34/hamlib/dia_e2e/fermi_18_5.txt,262144,33,8389122,2359296,diaq_fp32,0.065679,6.228e-08
SPMVCSV,/mnt/beegfs/ysu34/hamlib/dia_e2e/fermi_20_5.txt,1048576,37,37749762,10485760,ours_didx_nv1,0.056545,6.230e-08
SPMVCSV,/mnt/beegfs/ysu34/hamlib/dia_e2e/fermi_20_5.txt,1048576,37,37749762,10485760,ours_didx_nv2,0.064532,6.230e-08
SPMVCSV,/mnt/beegfs/ysu34/hamlib/dia_e2e/fermi_20_5.txt,1048576,37,37749762,10485760,ours_gather_nv1,0.119050,6.230e-08
SPMVCSV,/mnt/beegfs/ysu34/hamlib/dia_e2e/fermi_20_5.txt,1048576,37,37749762,10485760,ours_gather_nv2,0.207135,6.230e-08
SPMVCSV,/mnt/beegfs/ysu34/hamlib/dia_e2e/fermi_20_5.txt,1048576,37,37749762,10485760,ours_gopt_nv1,0.078111,6.235e-08
SPMVCSV,/mnt/beegfs/ysu34/hamlib/dia_e2e/fermi_20_5.txt,1048576,37,37749762,10485760,ours_gopt_nv2,0.088166,6.235e-08
SPMVCSV,/mnt/beegfs/ysu34/hamlib/dia_e2e/fermi_20_5.txt,1048576,37,37749762,10485760,ours_gopt_s_nv1,0.083210,6.235e-08
SPMVCSV,/mnt/beegfs/ysu34/hamlib/dia_e2e/fermi_20_5.txt,1048576,37,37749762,10485760,ours_auto_nv1,0.056177,6.230e-08
SPMVCSV,/mnt/beegfs/ysu34/hamlib/dia_e2e/fermi_20_5.txt,1048576,37,37749762,10485760,ours_auto_nv2,0.064492,6.230e-08
SPMVCSV,/mnt/beegfs/ysu34/hamlib/dia_e2e/fermi_20_5.txt,1048576,37,37749762,10485760,csr_zskip_nv1,0.078909,6.230e-08
SPMVCSV,/mnt/beegfs/ysu34/hamlib/dia_e2e/fermi_20_5.txt,1048576,37,37749762,10485760,row_dense_nv1,0.111268,6.230e-08
SPMVCSV,/mnt/beegfs/ysu34/hamlib/dia_e2e/fermi_20_5.txt,1048576,37,37749762,10485760,cusparse_csr,0.087450,5.900e-08
SPMVCSV,/mnt/beegfs/ysu34/hamlib/dia_e2e/fermi_20_5.txt,1048576,37,37749762,10485760,diaq_fp64,0.433295,0.000e+00
SPMVCSV,/mnt/beegfs/ysu34/hamlib/dia_e2e/fermi_20_5.txt,1048576,37,37749762,10485760,diaq_fp32,0.229786,6.502e-08
SPMVCSV,/mnt/beegfs/ysu34/hamlib/dia_e2e/fermiFH_18_4.txt,262144,64,16071004,2097152,ours_didx_nv1,0.011796,5.605e-08
SPMVCSV,/mnt/beegfs/ysu34/hamlib/dia_e2e/fermiFH_18_4.txt,262144,64,16071004,2097152,ours_didx_nv2,0.013537,5.629e-08
SPMVCSV,/mnt/beegfs/ysu34/hamlib/dia_e2e/fermiFH_18_4.txt,262144,64,16071004,2097152,ours_gather_nv1,0.060006,5.605e-08
SPMVCSV,/mnt/beegfs/ysu34/hamlib/dia_e2e/fermiFH_18_4.txt,262144,64,16071004,2097152,ours_gather_nv2,0.151695,5.629e-08
SPMVCSV,/mnt/beegfs/ysu34/hamlib/dia_e2e/fermiFH_18_4.txt,262144,64,16071004,2097152,ours_gopt_nv1,0.034202,5.606e-08
SPMVCSV,/mnt/beegfs/ysu34/hamlib/dia_e2e/fermiFH_18_4.txt,262144,64,16071004,2097152,ours_gopt_nv2,0.039752,5.645e-08
SPMVCSV,/mnt/beegfs/ysu34/hamlib/dia_e2e/fermiFH_18_4.txt,262144,64,16071004,2097152,ours_gopt_s_nv1,0.040919,5.606e-08
SPMVCSV,/mnt/beegfs/ysu34/hamlib/dia_e2e/fermiFH_18_4.txt,262144,64,16071004,2097152,ours_auto_nv1,0.011735,5.605e-08
SPMVCSV,/mnt/beegfs/ysu34/hamlib/dia_e2e/fermiFH_18_4.txt,262144,64,16071004,2097152,ours_auto_nv2,0.013517,5.629e-08
SPMVCSV,/mnt/beegfs/ysu34/hamlib/dia_e2e/fermiFH_18_4.txt,262144,64,16071004,2097152,csr_zskip_nv1,0.013701,5.605e-08
SPMVCSV,/mnt/beegfs/ysu34/hamlib/dia_e2e/fermiFH_18_4.txt,262144,64,16071004,2097152,row_dense_nv1,0.052183,5.605e-08
SPMVCSV,/mnt/beegfs/ysu34/hamlib/dia_e2e/fermiFH_18_4.txt,262144,64,16071004,2097152,cusparse_csr,0.034796,5.054e-08
SPMVCSV,/mnt/beegfs/ysu34/hamlib/dia_e2e/fermiFH_18_4.txt,262144,64,16071004,2097152,diaq_fp64,0.195953,0.000e+00
SPMVCSV,/mnt/beegfs/ysu34/hamlib/dia_e2e/fermiFH_18_4.txt,262144,64,16071004,2097152,diaq_fp32,0.120340,5.616e-08
SPMVCSV,/mnt/beegfs/ysu34/hamlib/dia_e2e/H8c_16_4.txt,65536,8887,398453764,10694387,ours_didx_nv1,0.623616,2.068e-07
SPMVCSV,/mnt/beegfs/ysu34/hamlib/dia_e2e/H8c_16_4.txt,65536,8887,398453764,10694387,ours_didx_nv2,0.832471,2.068e-07
SPMVCSV,/mnt/beegfs/ysu34/hamlib/dia_e2e/H8c_16_4.txt,65536,8887,398453764,10694387,ours_gather_nv1,1.417564,2.068e-07
SPMVCSV,/mnt/beegfs/ysu34/hamlib/dia_e2e/H8c_16_4.txt,65536,8887,398453764,10694387,ours_gather_nv2,1.696420,2.068e-07
SPMVCSV,/mnt/beegfs/ysu34/hamlib/dia_e2e/H8c_16_4.txt,65536,8887,398453764,10694387,ours_gopt_nv1,1.679155,2.422e-07
SPMVCSV,/mnt/beegfs/ysu34/hamlib/dia_e2e/H8c_16_4.txt,65536,8887,398453764,10694387,ours_gopt_nv2,2.049638,2.422e-07
SPMVCSV,/mnt/beegfs/ysu34/hamlib/dia_e2e/H8c_16_4.txt,65536,8887,398453764,10694387,ours_gopt_s_nv1,2.145813,2.422e-07
SPMVCSV,/mnt/beegfs/ysu34/hamlib/dia_e2e/H8c_16_4.txt,65536,8887,398453764,10694387,ours_auto_nv1,1.679176,2.422e-07
SPMVCSV,/mnt/beegfs/ysu34/hamlib/dia_e2e/H8c_16_4.txt,65536,8887,398453764,10694387,ours_auto_nv2,2.050273,2.422e-07
SPMVCSV,/mnt/beegfs/ysu34/hamlib/dia_e2e/H8c_16_4.txt,65536,8887,398453764,10694387,csr_zskip_nv1,0.145428,2.068e-07
SPMVCSV,/mnt/beegfs/ysu34/hamlib/dia_e2e/H8c_16_4.txt,65536,8887,398453764,10694387,row_dense_nv1,1.684746,2.068e-07
SPMVCSV,/mnt/beegfs/ysu34/hamlib/dia_e2e/H8c_16_4.txt,65536,8887,398453764,10694387,cusparse_csr,0.091566,7.568e-08
SPMVCSV,/mnt/beegfs/ysu34/hamlib/dia_e2e/H8c_16_4.txt,65536,8887,398453764,10694387,diaq_fp64,6.033961,0.000e+00
SPMVCSV,/mnt/beegfs/ysu34/hamlib/dia_e2e/H8c_16_4.txt,65536,8887,398453764,10694387,diaq_fp32,5.207224,2.076e-07
SPMVCSV,/mnt/beegfs/ysu34/hamlib/dia_e2e/heis_16_5.txt,65536,31,1966082,557056,ours_didx_nv1,0.006001,5.752e-08
SPMVCSV,/mnt/beegfs/ysu34/hamlib/dia_e2e/heis_16_5.txt,65536,31,1966082,557056,ours_didx_nv2,0.006554,5.753e-08
SPMVCSV,/mnt/beegfs/ysu34/hamlib/dia_e2e/heis_16_5.txt,65536,31,1966082,557056,ours_gather_nv1,0.007455,5.752e-08
SPMVCSV,/mnt/beegfs/ysu34/hamlib/dia_e2e/heis_16_5.txt,65536,31,1966082,557056,ours_gather_nv2,0.008622,5.753e-08
SPMVCSV,/mnt/beegfs/ysu34/hamlib/dia_e2e/heis_16_5.txt,65536,31,1966082,557056,ours_gopt_nv1,0.010650,5.880e-08
SPMVCSV,/mnt/beegfs/ysu34/hamlib/dia_e2e/heis_16_5.txt,65536,31,1966082,557056,ours_gopt_nv2,0.013210,5.910e-08
SPMVCSV,/mnt/beegfs/ysu34/hamlib/dia_e2e/heis_16_5.txt,65536,31,1966082,557056,ours_gopt_s_nv1,0.011776,5.880e-08
SPMVCSV,/mnt/beegfs/ysu34/hamlib/dia_e2e/heis_16_5.txt,65536,31,1966082,557056,ours_auto_nv1,0.005980,5.752e-08
SPMVCSV,/mnt/beegfs/ysu34/hamlib/dia_e2e/heis_16_5.txt,65536,31,1966082,557056,ours_auto_nv2,0.006533,5.753e-08
SPMVCSV,/mnt/beegfs/ysu34/hamlib/dia_e2e/heis_16_5.txt,65536,31,1966082,557056,csr_zskip_nv1,0.006656,5.752e-08
SPMVCSV,/mnt/beegfs/ysu34/hamlib/dia_e2e/heis_16_5.txt,65536,31,1966082,557056,row_dense_nv1,0.007455,5.752e-08
SPMVCSV,/mnt/beegfs/ysu34/hamlib/dia_e2e/heis_16_5.txt,65536,31,1966082,557056,cusparse_csr,0.020562,5.736e-08
SPMVCSV,/mnt/beegfs/ysu34/hamlib/dia_e2e/heis_16_5.txt,65536,31,1966082,557056,diaq_fp64,0.028836,0.000e+00
SPMVCSV,/mnt/beegfs/ysu34/hamlib/dia_e2e/heis_16_5.txt,65536,31,1966082,557056,diaq_fp32,0.015135,6.107e-08
SPMVCSV,/mnt/beegfs/ysu34/hamlib/dia_e2e/heis_18_5.txt,262144,35,8912898,2490368,ours_didx_nv1,0.012308,6.059e-08
SPMVCSV,/mnt/beegfs/ysu34/hamlib/dia_e2e/heis_18_5.txt,262144,35,8912898,2490368,ours_didx_nv2,0.014131,6.090e-08
SPMVCSV,/mnt/beegfs/ysu34/hamlib/dia_e2e/heis_18_5.txt,262144,35,8912898,2490368,ours_gather_nv1,0.034775,6.059e-08
SPMVCSV,/mnt/beegfs/ysu34/hamlib/dia_e2e/heis_18_5.txt,262144,35,8912898,2490368,ours_gather_nv2,0.086794,6.090e-08
SPMVCSV,/mnt/beegfs/ysu34/hamlib/dia_e2e/heis_18_5.txt,262144,35,8912898,2490368,ours_gopt_nv1,0.016015,6.154e-08
SPMVCSV,/mnt/beegfs/ysu34/hamlib/dia_e2e/heis_18_5.txt,262144,35,8912898,2490368,ours_gopt_nv2,0.021156,6.165e-08
SPMVCSV,/mnt/beegfs/ysu34/hamlib/dia_e2e/heis_18_5.txt,262144,35,8912898,2490368,ours_gopt_s_nv1,0.016630,6.154e-08
SPMVCSV,/mnt/beegfs/ysu34/hamlib/dia_e2e/heis_18_5.txt,262144,35,8912898,2490368,ours_auto_nv1,0.012288,6.059e-08
SPMVCSV,/mnt/beegfs/ysu34/hamlib/dia_e2e/heis_18_5.txt,262144,35,8912898,2490368,ours_auto_nv2,0.014152,6.090e-08
SPMVCSV,/mnt/beegfs/ysu34/hamlib/dia_e2e/heis_18_5.txt,262144,35,8912898,2490368,csr_zskip_nv1,0.014991,6.059e-08
SPMVCSV,/mnt/beegfs/ysu34/hamlib/dia_e2e/heis_18_5.txt,262144,35,8912898,2490368,row_dense_nv1,0.030392,6.059e-08
SPMVCSV,/mnt/beegfs/ysu34/hamlib/dia_e2e/heis_18_5.txt,262144,35,8912898,2490368,cusparse_csr,0.036250,5.885e-08
SPMVCSV,/mnt/beegfs/ysu34/hamlib/dia_e2e/heis_18_5.txt,262144,35,8912898,2490368,diaq_fp64,0.113316,0.000e+00
SPMVCSV,/mnt/beegfs/ysu34/hamlib/dia_e2e/heis_18_5.txt,262144,35,8912898,2490368,diaq_fp32,0.068710,6.404e-08
SPMVCSV,/mnt/beegfs/ysu34/hamlib/dia_e2e/heis_20_5.txt,1048576,39,39845890,11010048,ours_didx_nv1,0.058327,6.365e-08
SPMVCSV,/mnt/beegfs/ysu34/hamlib/dia_e2e/heis_20_5.txt,1048576,39,39845890,11010048,ours_didx_nv2,0.067686,6.365e-08
SPMVCSV,/mnt/beegfs/ysu34/hamlib/dia_e2e/heis_20_5.txt,1048576,39,39845890,11010048,ours_gather_nv1,0.124805,6.365e-08
SPMVCSV,/mnt/beegfs/ysu34/hamlib/dia_e2e/heis_20_5.txt,1048576,39,39845890,11010048,ours_gather_nv2,0.216863,6.365e-08
SPMVCSV,/mnt/beegfs/ysu34/hamlib/dia_e2e/heis_20_5.txt,1048576,39,39845890,11010048,ours_gopt_nv1,0.080323,6.430e-08
SPMVCSV,/mnt/beegfs/ysu34/hamlib/dia_e2e/heis_20_5.txt,1048576,39,39845890,11010048,ours_gopt_nv2,0.090337,6.433e-08
SPMVCSV,/mnt/beegfs/ysu34/hamlib/dia_e2e/heis_20_5.txt,1048576,39,39845890,11010048,ours_gopt_s_nv1,0.085647,6.430e-08
SPMVCSV,/mnt/beegfs/ysu34/hamlib/dia_e2e/heis_20_5.txt,1048576,39,39845890,11010048,ours_auto_nv1,0.058307,6.365e-08
SPMVCSV,/mnt/beegfs/ysu34/hamlib/dia_e2e/heis_20_5.txt,1048576,39,39845890,11010048,ours_auto_nv2,0.066724,6.365e-08
SPMVCSV,/mnt/beegfs/ysu34/hamlib/dia_e2e/heis_20_5.txt,1048576,39,39845890,11010048,csr_zskip_nv1,0.082760,6.365e-08
SPMVCSV,/mnt/beegfs/ysu34/hamlib/dia_e2e/heis_20_5.txt,1048576,39,39845890,11010048,row_dense_nv1,0.117002,6.365e-08
SPMVCSV,/mnt/beegfs/ysu34/hamlib/dia_e2e/heis_20_5.txt,1048576,39,39845890,11010048,cusparse_csr,0.090767,6.013e-08
SPMVCSV,/mnt/beegfs/ysu34/hamlib/dia_e2e/heis_20_5.txt,1048576,39,39845890,11010048,diaq_fp64,0.457339,0.000e+00
SPMVCSV,/mnt/beegfs/ysu34/hamlib/dia_e2e/heis_20_5.txt,1048576,39,39845890,11010048,diaq_fp32,0.239964,6.666e-08
SPMVCSV,/mnt/beegfs/ysu34/hamlib/dia_e2e/heis_20_6.txt,1048576,39,39845890,11010048,ours_didx_nv1,0.058204,6.365e-08
SPMVCSV,/mnt/beegfs/ysu34/hamlib/dia_e2e/heis_20_6.txt,1048576,39,39845890,11010048,ours_didx_nv2,0.067645,6.365e-08
SPMVCSV,/mnt/beegfs/ysu34/hamlib/dia_e2e/heis_20_6.txt,1048576,39,39845890,11010048,ours_gather_nv1,0.124805,6.365e-08
SPMVCSV,/mnt/beegfs/ysu34/hamlib/dia_e2e/heis_20_6.txt,1048576,39,39845890,11010048,ours_gather_nv2,0.217436,6.365e-08
SPMVCSV,/mnt/beegfs/ysu34/hamlib/dia_e2e/heis_20_6.txt,1048576,39,39845890,11010048,ours_gopt_nv1,0.080425,6.430e-08
SPMVCSV,/mnt/beegfs/ysu34/hamlib/dia_e2e/heis_20_6.txt,1048576,39,39845890,11010048,ours_gopt_nv2,0.090665,6.433e-08
SPMVCSV,/mnt/beegfs/ysu34/hamlib/dia_e2e/heis_20_6.txt,1048576,39,39845890,11010048,ours_gopt_s_nv1,0.085565,6.430e-08
SPMVCSV,/mnt/beegfs/ysu34/hamlib/dia_e2e/heis_20_6.txt,1048576,39,39845890,11010048,ours_auto_nv1,0.058286,6.365e-08
SPMVCSV,/mnt/beegfs/ysu34/hamlib/dia_e2e/heis_20_6.txt,1048576,39,39845890,11010048,ours_auto_nv2,0.066703,6.365e-08
SPMVCSV,/mnt/beegfs/ysu34/hamlib/dia_e2e/heis_20_6.txt,1048576,39,39845890,11010048,csr_zskip_nv1,0.082903,6.365e-08
SPMVCSV,/mnt/beegfs/ysu34/hamlib/dia_e2e/heis_20_6.txt,1048576,39,39845890,11010048,row_dense_nv1,0.117268,6.365e-08
SPMVCSV,/mnt/beegfs/ysu34/hamlib/dia_e2e/heis_20_6.txt,1048576,39,39845890,11010048,cusparse_csr,0.090399,6.013e-08
SPMVCSV,/mnt/beegfs/ysu34/hamlib/dia_e2e/heis_20_6.txt,1048576,39,39845890,11010048,diaq_fp64,0.456806,0.000e+00
SPMVCSV,/mnt/beegfs/ysu34/hamlib/dia_e2e/heis_20_6.txt,1048576,39,39845890,11010048,diaq_fp32,0.239882,6.666e-08
SPMVCSV,/mnt/beegfs/ysu34/hamlib/dia_e2e/maxcut_16_5.txt,65536,1,65536,34596,ours_didx_nv1,0.003666,1.876e-08
SPMVCSV,/mnt/beegfs/ysu34/hamlib/dia_e2e/maxcut_16_5.txt,65536,1,65536,34596,ours_didx_nv2,0.003748,1.944e-08
SPMVCSV,/mnt/beegfs/ysu34/hamlib/dia_e2e/maxcut_16_5.txt,65536,1,65536,34596,ours_gather_nv1,0.003523,1.876e-08
SPMVCSV,/mnt/beegfs/ysu34/hamlib/dia_e2e/maxcut_16_5.txt,65536,1,65536,34596,ours_gather_nv2,0.003666,1.944e-08
SPMVCSV,/mnt/beegfs/ysu34/hamlib/dia_e2e/maxcut_16_5.txt,65536,1,65536,34596,ours_gopt_nv1,0.003727,1.876e-08
SPMVCSV,/mnt/beegfs/ysu34/hamlib/dia_e2e/maxcut_16_5.txt,65536,1,65536,34596,ours_gopt_nv2,0.003809,1.944e-08
SPMVCSV,/mnt/beegfs/ysu34/hamlib/dia_e2e/maxcut_16_5.txt,65536,1,65536,34596,ours_gopt_s_nv1,0.003727,1.876e-08
SPMVCSV,/mnt/beegfs/ysu34/hamlib/dia_e2e/maxcut_16_5.txt,65536,1,65536,34596,ours_auto_nv1,0.003523,1.876e-08
SPMVCSV,/mnt/beegfs/ysu34/hamlib/dia_e2e/maxcut_16_5.txt,65536,1,65536,34596,ours_auto_nv2,0.003686,1.944e-08
SPMVCSV,/mnt/beegfs/ysu34/hamlib/dia_e2e/maxcut_16_5.txt,65536,1,65536,34596,csr_zskip_nv1,0.003359,1.876e-08
SPMVCSV,/mnt/beegfs/ysu34/hamlib/dia_e2e/maxcut_16_5.txt,65536,1,65536,34596,row_dense_nv1,0.003277,1.876e-08
SPMVCSV,/mnt/beegfs/ysu34/hamlib/dia_e2e/maxcut_16_5.txt,65536,1,65536,34596,cusparse_csr,0.021832,1.876e-08
SPMVCSV,/mnt/beegfs/ysu34/hamlib/dia_e2e/maxcut_16_5.txt,65536,1,65536,34596,diaq_fp64,0.004096,0.000e+00
SPMVCSV,/mnt/beegfs/ysu34/hamlib/dia_e2e/maxcut_16_5.txt,65536,1,65536,34596,diaq_fp32,0.003789,1.923e-08
SPMVCSV,/mnt/beegfs/ysu34/hamlib/dia_e2e/maxcut_18_5.txt,262144,1,262144,262144,ours_didx_nv1,0.004751,2.561e-08
SPMVCSV,/mnt/beegfs/ysu34/hamlib/dia_e2e/maxcut_18_5.txt,262144,1,262144,262144,ours_didx_nv2,0.005243,2.584e-08
SPMVCSV,/mnt/beegfs/ysu34/hamlib/dia_e2e/maxcut_18_5.txt,262144,1,262144,262144,ours_gather_nv1,0.004178,2.561e-08
SPMVCSV,/mnt/beegfs/ysu34/hamlib/dia_e2e/maxcut_18_5.txt,262144,1,262144,262144,ours_gather_nv2,0.005079,2.584e-08
SPMVCSV,/mnt/beegfs/ysu34/hamlib/dia_e2e/maxcut_18_5.txt,262144,1,262144,262144,ours_gopt_nv1,0.004444,2.561e-08
SPMVCSV,/mnt/beegfs/ysu34/hamlib/dia_e2e/maxcut_18_5.txt,262144,1,262144,262144,ours_gopt_nv2,0.004977,2.584e-08
SPMVCSV,/mnt/beegfs/ysu34/hamlib/dia_e2e/maxcut_18_5.txt,262144,1,262144,262144,ours_gopt_s_nv1,0.004383,2.561e-08
SPMVCSV,/mnt/beegfs/ysu34/hamlib/dia_e2e/maxcut_18_5.txt,262144,1,262144,262144,ours_auto_nv1,0.004178,2.561e-08
SPMVCSV,/mnt/beegfs/ysu34/hamlib/dia_e2e/maxcut_18_5.txt,262144,1,262144,262144,ours_auto_nv2,0.005079,2.584e-08
SPMVCSV,/mnt/beegfs/ysu34/hamlib/dia_e2e/maxcut_18_5.txt,262144,1,262144,262144,csr_zskip_nv1,0.004444,2.561e-08
SPMVCSV,/mnt/beegfs/ysu34/hamlib/dia_e2e/maxcut_18_5.txt,262144,1,262144,262144,row_dense_nv1,0.003973,2.561e-08
SPMVCSV,/mnt/beegfs/ysu34/hamlib/dia_e2e/maxcut_18_5.txt,262144,1,262144,262144,cusparse_csr,0.021893,2.561e-08
SPMVCSV,/mnt/beegfs/ysu34/hamlib/dia_e2e/maxcut_18_5.txt,262144,1,262144,262144,diaq_fp64,0.006124,0.000e+00
SPMVCSV,/mnt/beegfs/ysu34/hamlib/dia_e2e/maxcut_18_5.txt,262144,1,262144,262144,diaq_fp32,0.004956,2.578e-08
SPMVCSV,/mnt/beegfs/ysu34/hamlib/dia_e2e/maxcut_20_5.txt,1048576,1,1048576,595984,ours_didx_nv1,0.008479,2.064e-08
SPMVCSV,/mnt/beegfs/ysu34/hamlib/dia_e2e/maxcut_20_5.txt,1048576,1,1048576,595984,ours_didx_nv2,0.010957,2.080e-08
SPMVCSV,/mnt/beegfs/ysu34/hamlib/dia_e2e/maxcut_20_5.txt,1048576,1,1048576,595984,ours_gather_nv1,0.006021,2.064e-08
SPMVCSV,/mnt/beegfs/ysu34/hamlib/dia_e2e/maxcut_20_5.txt,1048576,1,1048576,595984,ours_gather_nv2,0.009400,2.080e-08
SPMVCSV,/mnt/beegfs/ysu34/hamlib/dia_e2e/maxcut_20_5.txt,1048576,1,1048576,595984,ours_gopt_nv1,0.006533,2.064e-08
SPMVCSV,/mnt/beegfs/ysu34/hamlib/dia_e2e/maxcut_20_5.txt,1048576,1,1048576,595984,ours_gopt_nv2,0.008274,2.080e-08
SPMVCSV,/mnt/beegfs/ysu34/hamlib/dia_e2e/maxcut_20_5.txt,1048576,1,1048576,595984,ours_gopt_s_nv1,0.006042,2.064e-08
SPMVCSV,/mnt/beegfs/ysu34/hamlib/dia_e2e/maxcut_20_5.txt,1048576,1,1048576,595984,ours_auto_nv1,0.006001,2.064e-08
SPMVCSV,/mnt/beegfs/ysu34/hamlib/dia_e2e/maxcut_20_5.txt,1048576,1,1048576,595984,ours_auto_nv2,0.009523,2.080e-08
SPMVCSV,/mnt/beegfs/ysu34/hamlib/dia_e2e/maxcut_20_5.txt,1048576,1,1048576,595984,csr_zskip_nv1,0.008233,2.064e-08
SPMVCSV,/mnt/beegfs/ysu34/hamlib/dia_e2e/maxcut_20_5.txt,1048576,1,1048576,595984,row_dense_nv1,0.007004,2.064e-08
SPMVCSV,/mnt/beegfs/ysu34/hamlib/dia_e2e/maxcut_20_5.txt,1048576,1,1048576,595984,cusparse_csr,0.037786,2.064e-08
SPMVCSV,/mnt/beegfs/ysu34/hamlib/dia_e2e/maxcut_20_5.txt,1048576,1,1048576,595984,diaq_fp64,0.035410,0.000e+00
SPMVCSV,/mnt/beegfs/ysu34/hamlib/dia_e2e/maxcut_20_5.txt,1048576,1,1048576,595984,diaq_fp32,0.009892,2.084e-08
SPMVCSV,/mnt/beegfs/ysu34/hamlib/dia_e2e/O2c_16_5.txt,65536,1243,64895428,4830852,ours_didx_nv1,0.084378,1.217e-07
SPMVCSV,/mnt/beegfs/ysu34/hamlib/dia_e2e/O2c_16_5.txt,65536,1243,64895428,4830852,ours_didx_nv2,0.112312,1.217e-07
SPMVCSV,/mnt/beegfs/ysu34/hamlib/dia_e2e/O2c_16_5.txt,65536,1243,64895428,4830852,ours_gather_nv1,0.225751,1.217e-07
SPMVCSV,/mnt/beegfs/ysu34/hamlib/dia_e2e/O2c_16_5.txt,65536,1243,64895428,4830852,ours_gather_nv2,0.270049,1.217e-07
SPMVCSV,/mnt/beegfs/ysu34/hamlib/dia_e2e/O2c_16_5.txt,65536,1243,64895428,4830852,ours_gopt_nv1,0.356885,1.488e-07
SPMVCSV,/mnt/beegfs/ysu34/hamlib/dia_e2e/O2c_16_5.txt,65536,1243,64895428,4830852,ours_gopt_nv2,0.426476,1.497e-07
SPMVCSV,/mnt/beegfs/ysu34/hamlib/dia_e2e/O2c_16_5.txt,65536,1243,64895428,4830852,ours_gopt_s_nv1,0.439849,1.488e-07
SPMVCSV,/mnt/beegfs/ysu34/hamlib/dia_e2e/O2c_16_5.txt,65536,1243,64895428,4830852,ours_auto_nv1,0.084480,1.217e-07
SPMVCSV,/mnt/beegfs/ysu34/hamlib/dia_e2e/O2c_16_5.txt,65536,1243,64895428,4830852,ours_auto_nv2,0.112456,1.217e-07
SPMVCSV,/mnt/beegfs/ysu34/hamlib/dia_e2e/O2c_16_5.txt,65536,1243,64895428,4830852,csr_zskip_nv1,0.063037,1.217e-07
SPMVCSV,/mnt/beegfs/ysu34/hamlib/dia_e2e/O2c_16_5.txt,65536,1243,64895428,4830852,row_dense_nv1,0.266220,1.217e-07
SPMVCSV,/mnt/beegfs/ysu34/hamlib/dia_e2e/O2c_16_5.txt,65536,1243,64895428,4830852,cusparse_csr,0.054272,7.023e-08
SPMVCSV,/mnt/beegfs/ysu34/hamlib/dia_e2e/O2c_16_5.txt,65536,1243,64895428,4830852,diaq_fp64,0.990556,0.000e+00
SPMVCSV,/mnt/beegfs/ysu34/hamlib/dia_e2e/O2c_16_5.txt,65536,1243,64895428,4830852,diaq_fp32,0.860733,1.248e-07
SPMVCSV,/mnt/beegfs/ysu34/hamlib/dia_e2e/O2c_20_5.txt,1048576,3359,2885216396,205269418,ours_didx_nv1,4.752220,2.061e-07
SPMVCSV,/mnt/beegfs/ysu34/hamlib/dia_e2e/O2c_20_5.txt,1048576,3359,2885216396,205269418,ours_didx_nv2,6.880952,2.062e-07
SPMVCSV,/mnt/beegfs/ysu34/hamlib/dia_e2e/O2c_20_5.txt,1048576,3359,2885216396,205269418,ours_gather_nv1,8.433684,2.061e-07
SPMVCSV,/mnt/beegfs/ysu34/hamlib/dia_e2e/O2c_20_5.txt,1048576,3359,2885216396,205269418,ours_gather_nv2,14.577991,2.062e-07
SPMVCSV,/mnt/beegfs/ysu34/hamlib/dia_e2e/O2c_20_5.txt,1048576,3359,2885216396,205269418,ours_gopt_nv1,2.847846,2.426e-07
SPMVCSV,/mnt/beegfs/ysu34/hamlib/dia_e2e/O2c_20_5.txt,1048576,3359,2885216396,205269418,ours_gopt_nv2,3.344671,2.426e-07
SPMVCSV,/mnt/beegfs/ysu34/hamlib/dia_e2e/O2c_20_5.txt,1048576,3359,2885216396,205269418,ours_gopt_s_nv1,3.188224,2.426e-07
SPMVCSV,/mnt/beegfs/ysu34/hamlib/dia_e2e/O2c_20_5.txt,1048576,3359,2885216396,205269418,ours_auto_nv1,2.842378,2.426e-07
SPMVCSV,/mnt/beegfs/ysu34/hamlib/dia_e2e/O2c_20_5.txt,1048576,3359,2885216396,205269418,ours_auto_nv2,3.343544,2.426e-07
SPMVCSV,/mnt/beegfs/ysu34/hamlib/dia_e2e/O2c_20_5.txt,1048576,3359,2885216396,205269418,csr_zskip_nv1,3.301888,2.061e-07
SPMVCSV,/mnt/beegfs/ysu34/hamlib/dia_e2e/O2c_20_5.txt,1048576,3359,2885216396,205269418,row_dense_nv1,7.738737,2.061e-07
SPMVCSV,/mnt/beegfs/ysu34/hamlib/dia_e2e/O2c_20_5.txt,1048576,3359,2885216396,205269418,cusparse_csr,1.519288,7.921e-08
SPMVCSV,/mnt/beegfs/ysu34/hamlib/dia_e2e/O2c_20_5.txt,1048576,3359,2885216396,205269418,diaq_fp64,30.530254,0.000e+00
SPMVCSV,/mnt/beegfs/ysu34/hamlib/dia_e2e/O2c_20_5.txt,1048576,3359,2885216396,205269418,diaq_fp32,16.356230,2.080e-07
SPMVCSV,/mnt/beegfs/ysu34/hamlib/dia_e2e/qmaxcut_16_4.txt,65536,31,1114110,557056,ours_didx_nv1,0.006205,5.857e-08
SPMVCSV,/mnt/beegfs/ysu34/hamlib/dia_e2e/qmaxcut_16_4.txt,65536,31,1114110,557056,ours_didx_nv2,0.006697,5.857e-08
SPMVCSV,/mnt/beegfs/ysu34/hamlib/dia_e2e/qmaxcut_16_4.txt,65536,31,1114110,557056,ours_gather_nv1,0.007291,5.857e-08
SPMVCSV,/mnt/beegfs/ysu34/hamlib/dia_e2e/qmaxcut_16_4.txt,65536,31,1114110,557056,ours_gather_nv2,0.008069,5.857e-08
SPMVCSV,/mnt/beegfs/ysu34/hamlib/dia_e2e/qmaxcut_16_4.txt,65536,31,1114110,557056,ours_gopt_nv1,0.008151,5.881e-08
SPMVCSV,/mnt/beegfs/ysu34/hamlib/dia_e2e/qmaxcut_16_4.txt,65536,31,1114110,557056,ours_gopt_nv2,0.009892,5.881e-08
SPMVCSV,/mnt/beegfs/ysu34/hamlib/dia_e2e/qmaxcut_16_4.txt,65536,31,1114110,557056,ours_gopt_s_nv1,0.009032,5.881e-08
SPMVCSV,/mnt/beegfs/ysu34/hamlib/dia_e2e/qmaxcut_16_4.txt,65536,31,1114110,557056,ours_auto_nv1,0.006205,5.857e-08
SPMVCSV,/mnt/beegfs/ysu34/hamlib/dia_e2e/qmaxcut_16_4.txt,65536,31,1114110,557056,ours_auto_nv2,0.006738,5.857e-08
SPMVCSV,/mnt/beegfs/ysu34/hamlib/dia_e2e/qmaxcut_16_4.txt,65536,31,1114110,557056,csr_zskip_nv1,0.006697,5.857e-08
SPMVCSV,/mnt/beegfs/ysu34/hamlib/dia_e2e/qmaxcut_16_4.txt,65536,31,1114110,557056,row_dense_nv1,0.006799,5.857e-08
SPMVCSV,/mnt/beegfs/ysu34/hamlib/dia_e2e/qmaxcut_16_4.txt,65536,31,1114110,557056,cusparse_csr,0.020972,5.268e-08
SPMVCSV,/mnt/beegfs/ysu34/hamlib/dia_e2e/qmaxcut_16_4.txt,65536,31,1114110,557056,diaq_fp64,0.015667,0.000e+00
SPMVCSV,/mnt/beegfs/ysu34/hamlib/dia_e2e/qmaxcut_16_4.txt,65536,31,1114110,557056,diaq_fp32,0.013722,5.978e-08
SPMVCSV,/mnt/beegfs/ysu34/hamlib/dia_e2e/qmaxcut_18_4.txt,262144,35,4980734,2490368,ours_didx_nv1,0.012452,6.216e-08
SPMVCSV,/mnt/beegfs/ysu34/hamlib/dia_e2e/qmaxcut_18_4.txt,262144,35,4980734,2490368,ours_didx_nv2,0.014234,6.217e-08
SPMVCSV,/mnt/beegfs/ysu34/hamlib/dia_e2e/qmaxcut_18_4.txt,262144,35,4980734,2490368,ours_gather_nv1,0.016855,6.216e-08
SPMVCSV,/mnt/beegfs/ysu34/hamlib/dia_e2e/qmaxcut_18_4.txt,262144,35,4980734,2490368,ours_gather_nv2,0.032256,6.217e-08
SPMVCSV,/mnt/beegfs/ysu34/hamlib/dia_e2e/qmaxcut_18_4.txt,262144,35,4980734,2490368,ours_gopt_nv1,0.010404,6.226e-08
SPMVCSV,/mnt/beegfs/ysu34/hamlib/dia_e2e/qmaxcut_18_4.txt,262144,35,4980734,2490368,ours_gopt_nv2,0.013414,6.228e-08
SPMVCSV,/mnt/beegfs/ysu34/hamlib/dia_e2e/qmaxcut_18_4.txt,262144,35,4980734,2490368,ours_gopt_s_nv1,0.010527,6.226e-08
SPMVCSV,/mnt/beegfs/ysu34/hamlib/dia_e2e/qmaxcut_18_4.txt,262144,35,4980734,2490368,ours_auto_nv1,0.012431,6.216e-08
SPMVCSV,/mnt/beegfs/ysu34/hamlib/dia_e2e/qmaxcut_18_4.txt,262144,35,4980734,2490368,ours_auto_nv2,0.014316,6.217e-08
SPMVCSV,/mnt/beegfs/ysu34/hamlib/dia_e2e/qmaxcut_18_4.txt,262144,35,4980734,2490368,csr_zskip_nv1,0.015544,6.216e-08
SPMVCSV,/mnt/beegfs/ysu34/hamlib/dia_e2e/qmaxcut_18_4.txt,262144,35,4980734,2490368,row_dense_nv1,0.015667,6.216e-08
SPMVCSV,/mnt/beegfs/ysu34/hamlib/dia_e2e/qmaxcut_18_4.txt,262144,35,4980734,2490368,cusparse_csr,0.036372,5.465e-08
SPMVCSV,/mnt/beegfs/ysu34/hamlib/dia_e2e/qmaxcut_18_4.txt,262144,35,4980734,2490368,diaq_fp64,0.068649,0.000e+00
SPMVCSV,/mnt/beegfs/ysu34/hamlib/dia_e2e/qmaxcut_18_4.txt,262144,35,4980734,2490368,diaq_fp32,0.043213,6.332e-08
SPMVCSV,/mnt/beegfs/ysu34/hamlib/dia_e2e/qmaxcut_20_4.txt,1048576,39,22020094,11010048,ours_didx_nv1,0.061522,6.498e-08
SPMVCSV,/mnt/beegfs/ysu34/hamlib/dia_e2e/qmaxcut_20_4.txt,1048576,39,22020094,11010048,ours_didx_nv2,0.072274,6.513e-08
SPMVCSV,/mnt/beegfs/ysu34/hamlib/dia_e2e/qmaxcut_20_4.txt,1048576,39,22020094,11010048,ours_gather_nv1,0.081121,6.498e-08
SPMVCSV,/mnt/beegfs/ysu34/hamlib/dia_e2e/qmaxcut_20_4.txt,1048576,39,22020094,11010048,ours_gather_nv2,0.141292,6.513e-08
SPMVCSV,/mnt/beegfs/ysu34/hamlib/dia_e2e/qmaxcut_20_4.txt,1048576,39,22020094,11010048,ours_gopt_nv1,0.054968,6.501e-08
SPMVCSV,/mnt/beegfs/ysu34/hamlib/dia_e2e/qmaxcut_20_4.txt,1048576,39,22020094,11010048,ours_gopt_nv2,0.061583,6.517e-08
SPMVCSV,/mnt/beegfs/ysu34/hamlib/dia_e2e/qmaxcut_20_4.txt,1048576,39,22020094,11010048,ours_gopt_s_nv1,0.057467,6.501e-08
SPMVCSV,/mnt/beegfs/ysu34/hamlib/dia_e2e/qmaxcut_20_4.txt,1048576,39,22020094,11010048,ours_auto_nv1,0.061276,6.498e-08
SPMVCSV,/mnt/beegfs/ysu34/hamlib/dia_e2e/qmaxcut_20_4.txt,1048576,39,22020094,11010048,ours_auto_nv2,0.072212,6.513e-08
SPMVCSV,/mnt/beegfs/ysu34/hamlib/dia_e2e/qmaxcut_20_4.txt,1048576,39,22020094,11010048,csr_zskip_nv1,0.085033,6.498e-08
SPMVCSV,/mnt/beegfs/ysu34/hamlib/dia_e2e/qmaxcut_20_4.txt,1048576,39,22020094,11010048,row_dense_nv1,0.074854,6.498e-08
SPMVCSV,/mnt/beegfs/ysu34/hamlib/dia_e2e/qmaxcut_20_4.txt,1048576,39,22020094,11010048,cusparse_csr,0.091853,5.598e-08
SPMVCSV,/mnt/beegfs/ysu34/hamlib/dia_e2e/qmaxcut_20_4.txt,1048576,39,22020094,11010048,diaq_fp64,0.286351,0.000e+00
SPMVCSV,/mnt/beegfs/ysu34/hamlib/dia_e2e/qmaxcut_20_4.txt,1048576,39,22020094,11010048,diaq_fp32,0.154399,6.615e-08
SPMVCSV,/mnt/beegfs/ysu34/hamlib/dia_e2e/qmaxcutC_18_4.txt,262144,73,17825808,4912412,ours_didx_nv1,0.026112,8.373e-08
SPMVCSV,/mnt/beegfs/ysu34/hamlib/dia_e2e/qmaxcutC_18_4.txt,262144,73,17825808,4912412,ours_didx_nv2,0.031867,8.392e-08
SPMVCSV,/mnt/beegfs/ysu34/hamlib/dia_e2e/qmaxcutC_18_4.txt,262144,73,17825808,4912412,ours_gather_nv1,0.066171,8.373e-08
SPMVCSV,/mnt/beegfs/ysu34/hamlib/dia_e2e/qmaxcutC_18_4.txt,262144,73,17825808,4912412,ours_gather_nv2,0.172564,8.392e-08
SPMVCSV,/mnt/beegfs/ysu34/hamlib/dia_e2e/qmaxcutC_18_4.txt,262144,73,17825808,4912412,ours_gopt_nv1,0.046100,8.488e-08
SPMVCSV,/mnt/beegfs/ysu34/hamlib/dia_e2e/qmaxcutC_18_4.txt,262144,73,17825808,4912412,ours_gopt_nv2,0.053760,8.501e-08
SPMVCSV,/mnt/beegfs/ysu34/hamlib/dia_e2e/qmaxcutC_18_4.txt,262144,73,17825808,4912412,ours_gopt_s_nv1,0.052756,8.488e-08
SPMVCSV,/mnt/beegfs/ysu34/hamlib/dia_e2e/qmaxcutC_18_4.txt,262144,73,17825808,4912412,ours_auto_nv1,0.026153,8.373e-08
SPMVCSV,/mnt/beegfs/ysu34/hamlib/dia_e2e/qmaxcutC_18_4.txt,262144,73,17825808,4912412,ours_auto_nv2,0.031990,8.392e-08
SPMVCSV,/mnt/beegfs/ysu34/hamlib/dia_e2e/qmaxcutC_18_4.txt,262144,73,17825808,4912412,csr_zskip_nv1,0.049009,8.373e-08
SPMVCSV,/mnt/beegfs/ysu34/hamlib/dia_e2e/qmaxcutC_18_4.txt,262144,73,17825808,4912412,row_dense_nv1,0.057487,8.373e-08
SPMVCSV,/mnt/beegfs/ysu34/hamlib/dia_e2e/qmaxcutC_18_4.txt,262144,73,17825808,4912412,cusparse_csr,0.056771,6.351e-08
SPMVCSV,/mnt/beegfs/ysu34/hamlib/dia_e2e/qmaxcutC_18_4.txt,262144,73,17825808,4912412,diaq_fp64,0.215900,0.000e+00
SPMVCSV,/mnt/beegfs/ysu34/hamlib/dia_e2e/qmaxcutC_18_4.txt,262144,73,17825808,4912412,diaq_fp32,0.133673,8.419e-08
SPMVCSV,/mnt/beegfs/ysu34/hamlib/dia_e2e/qmaxcutK_18_4.txt,262144,19,4879506,1441792,ours_didx_nv1,0.008847,4.660e-08
SPMVCSV,/mnt/beegfs/ysu34/hamlib/dia_e2e/qmaxcutK_18_4.txt,262144,19,4879506,1441792,ours_didx_nv2,0.010117,4.679e-08
SPMVCSV,/mnt/beegfs/ysu34/hamlib/dia_e2e/qmaxcutK_18_4.txt,262144,19,4879506,1441792,ours_gather_nv1,0.011981,4.660e-08
SPMVCSV,/mnt/beegfs/ysu34/hamlib/dia_e2e/qmaxcutK_18_4.txt,262144,19,4879506,1441792,ours_gather_nv2,0.022651,4.679e-08
SPMVCSV,/mnt/beegfs/ysu34/hamlib/dia_e2e/qmaxcutK_18_4.txt,262144,19,4879506,1441792,ours_gopt_nv1,0.011899,4.671e-08
SPMVCSV,/mnt/beegfs/ysu34/hamlib/dia_e2e/qmaxcutK_18_4.txt,262144,19,4879506,1441792,ours_gopt_nv2,0.015954,4.686e-08
SPMVCSV,/mnt/beegfs/ysu34/hamlib/dia_e2e/qmaxcutK_18_4.txt,262144,19,4879506,1441792,ours_gopt_s_nv1,0.011387,4.671e-08
SPMVCSV,/mnt/beegfs/ysu34/hamlib/dia_e2e/qmaxcutK_18_4.txt,262144,19,4879506,1441792,ours_auto_nv1,0.008827,4.660e-08
SPMVCSV,/mnt/beegfs/ysu34/hamlib/dia_e2e/qmaxcutK_18_4.txt,262144,19,4879506,1441792,ours_auto_nv2,0.010056,4.679e-08
SPMVCSV,/mnt/beegfs/ysu34/hamlib/dia_e2e/qmaxcutK_18_4.txt,262144,19,4879506,1441792,csr_zskip_nv1,0.009933,4.660e-08
SPMVCSV,/mnt/beegfs/ysu34/hamlib/dia_e2e/qmaxcutK_18_4.txt,262144,19,4879506,1441792,row_dense_nv1,0.011694,4.660e-08
SPMVCSV,/mnt/beegfs/ysu34/hamlib/dia_e2e/qmaxcutK_18_4.txt,262144,19,4879506,1441792,cusparse_csr,0.031232,4.636e-08
SPMVCSV,/mnt/beegfs/ysu34/hamlib/dia_e2e/qmaxcutK_18_4.txt,262144,19,4879506,1441792,diaq_fp64,0.067482,0.000e+00
SPMVCSV,/mnt/beegfs/ysu34/hamlib/dia_e2e/qmaxcutK_18_4.txt,262144,19,4879506,1441792,diaq_fp32,0.040960,4.865e-08
SPMVCSV,/mnt/beegfs/ysu34/hamlib/dia_e2e/qmaxcutR_18_3.txt,262144,9,2334730,688128,ours_didx_nv1,0.006922,2.761e-08
SPMVCSV,/mnt/beegfs/ysu34/hamlib/dia_e2e/qmaxcutR_18_3.txt,262144,9,2334730,688128,ours_didx_nv2,0.007864,2.767e-08
SPMVCSV,/mnt/beegfs/ysu34/hamlib/dia_e2e/qmaxcutR_18_3.txt,262144,9,2334730,688128,ours_gather_nv1,0.008069,2.761e-08
SPMVCSV,/mnt/beegfs/ysu34/hamlib/dia_e2e/qmaxcutR_18_3.txt,262144,9,2334730,688128,ours_gather_nv2,0.012923,2.767e-08
SPMVCSV,/mnt/beegfs/ysu34/hamlib/dia_e2e/qmaxcutR_18_3.txt,262144,9,2334730,688128,ours_gopt_nv1,0.006840,2.765e-08
SPMVCSV,/mnt/beegfs/ysu34/hamlib/dia_e2e/qmaxcutR_18_3.txt,262144,9,2334730,688128,ours_gopt_nv2,0.008294,2.783e-08
SPMVCSV,/mnt/beegfs/ysu34/hamlib/dia_e2e/qmaxcutR_18_3.txt,262144,9,2334730,688128,ours_gopt_s_nv1,0.006492,2.765e-08
SPMVCSV,/mnt/beegfs/ysu34/hamlib/dia_e2e/qmaxcutR_18_3.txt,262144,9,2334730,688128,ours_auto_nv1,0.006943,2.761e-08
SPMVCSV,/mnt/beegfs/ysu34/hamlib/dia_e2e/qmaxcutR_18_3.txt,262144,9,2334730,688128,ours_auto_nv2,0.007864,2.767e-08
SPMVCSV,/mnt/beegfs/ysu34/hamlib/dia_e2e/qmaxcutR_18_3.txt,262144,9,2334730,688128,csr_zskip_nv1,0.006881,2.761e-08
SPMVCSV,/mnt/beegfs/ysu34/hamlib/dia_e2e/qmaxcutR_18_3.txt,262144,9,2334730,688128,row_dense_nv1,0.007660,2.761e-08
SPMVCSV,/mnt/beegfs/ysu34/hamlib/dia_e2e/qmaxcutR_18_3.txt,262144,9,2334730,688128,cusparse_csr,0.023900,2.721e-08
SPMVCSV,/mnt/beegfs/ysu34/hamlib/dia_e2e/qmaxcutR_18_3.txt,262144,9,2334730,688128,diaq_fp64,0.036844,0.000e+00
SPMVCSV,/mnt/beegfs/ysu34/hamlib/dia_e2e/qmaxcutR_18_3.txt,262144,9,2334730,688128,diaq_fp32,0.013906,2.768e-08
SPMVCSV,/mnt/beegfs/ysu34/hamlib/dia_e2e/tfim_16_4.txt,65536,33,2031618,1114112,ours_didx_nv1,0.007373,8.047e-08
SPMVCSV,/mnt/beegfs/ysu34/hamlib/dia_e2e/tfim_16_4.txt,65536,33,2031618,1114112,ours_didx_nv2,0.007905,8.047e-08
SPMVCSV,/mnt/beegfs/ysu34/hamlib/dia_e2e/tfim_16_4.txt,65536,33,2031618,1114112,ours_gather_nv1,0.007680,8.047e-08
SPMVCSV,/mnt/beegfs/ysu34/hamlib/dia_e2e/tfim_16_4.txt,65536,33,2031618,1114112,ours_gather_nv2,0.009011,8.047e-08
SPMVCSV,/mnt/beegfs/ysu34/hamlib/dia_e2e/tfim_16_4.txt,65536,33,2031618,1114112,ours_gopt_nv1,0.012472,8.065e-08
SPMVCSV,/mnt/beegfs/ysu34/hamlib/dia_e2e/tfim_16_4.txt,65536,33,2031618,1114112,ours_gopt_nv2,0.015380,8.065e-08
SPMVCSV,/mnt/beegfs/ysu34/hamlib/dia_e2e/tfim_16_4.txt,65536,33,2031618,1114112,ours_gopt_s_nv1,0.013701,8.065e-08
SPMVCSV,/mnt/beegfs/ysu34/hamlib/dia_e2e/tfim_16_4.txt,65536,33,2031618,1114112,ours_auto_nv1,0.007352,8.047e-08
SPMVCSV,/mnt/beegfs/ysu34/hamlib/dia_e2e/tfim_16_4.txt,65536,33,2031618,1114112,ours_auto_nv2,0.007885,8.047e-08
SPMVCSV,/mnt/beegfs/ysu34/hamlib/dia_e2e/tfim_16_4.txt,65536,33,2031618,1114112,csr_zskip_nv1,0.007844,8.047e-08
SPMVCSV,/mnt/beegfs/ysu34/hamlib/dia_e2e/tfim_16_4.txt,65536,33,2031618,1114112,row_dense_nv1,0.007434,8.047e-08
SPMVCSV,/mnt/beegfs/ysu34/hamlib/dia_e2e/tfim_16_4.txt,65536,33,2031618,1114112,cusparse_csr,0.028713,6.603e-08
SPMVCSV,/mnt/beegfs/ysu34/hamlib/dia_e2e/tfim_16_4.txt,65536,33,2031618,1114112,diaq_fp64,0.032850,0.000e+00
SPMVCSV,/mnt/beegfs/ysu34/hamlib/dia_e2e/tfim_16_4.txt,65536,33,2031618,1114112,diaq_fp32,0.015770,8.243e-08
SPMVCSV,/mnt/beegfs/ysu34/hamlib/dia_e2e/tfim_16_5.txt,65536,33,2031618,1114112,ours_didx_nv1,0.007229,8.047e-08
SPMVCSV,/mnt/beegfs/ysu34/hamlib/dia_e2e/tfim_16_5.txt,65536,33,2031618,1114112,ours_didx_nv2,0.007762,8.047e-08
SPMVCSV,/mnt/beegfs/ysu34/hamlib/dia_e2e/tfim_16_5.txt,65536,33,2031618,1114112,ours_gather_nv1,0.007578,8.047e-08
SPMVCSV,/mnt/beegfs/ysu34/hamlib/dia_e2e/tfim_16_5.txt,65536,33,2031618,1114112,ours_gather_nv2,0.008991,8.047e-08
SPMVCSV,/mnt/beegfs/ysu34/hamlib/dia_e2e/tfim_16_5.txt,65536,33,2031618,1114112,ours_gopt_nv1,0.012329,8.065e-08
SPMVCSV,/mnt/beegfs/ysu34/hamlib/dia_e2e/tfim_16_5.txt,65536,33,2031618,1114112,ours_gopt_nv2,0.015258,8.065e-08
SPMVCSV,/mnt/beegfs/ysu34/hamlib/dia_e2e/tfim_16_5.txt,65536,33,2031618,1114112,ours_gopt_s_nv1,0.013517,8.065e-08
SPMVCSV,/mnt/beegfs/ysu34/hamlib/dia_e2e/tfim_16_5.txt,65536,33,2031618,1114112,ours_auto_nv1,0.007188,8.047e-08
SPMVCSV,/mnt/beegfs/ysu34/hamlib/dia_e2e/tfim_16_5.txt,65536,33,2031618,1114112,ours_auto_nv2,0.007803,8.047e-08
SPMVCSV,/mnt/beegfs/ysu34/hamlib/dia_e2e/tfim_16_5.txt,65536,33,2031618,1114112,csr_zskip_nv1,0.007721,8.047e-08
SPMVCSV,/mnt/beegfs/ysu34/hamlib/dia_e2e/tfim_16_5.txt,65536,33,2031618,1114112,row_dense_nv1,0.007352,8.047e-08
SPMVCSV,/mnt/beegfs/ysu34/hamlib/dia_e2e/tfim_16_5.txt,65536,33,2031618,1114112,cusparse_csr,0.028262,6.603e-08
SPMVCSV,/mnt/beegfs/ysu34/hamlib/dia_e2e/tfim_16_5.txt,65536,33,2031618,1114112,diaq_fp64,0.030863,0.000e+00
SPMVCSV,/mnt/beegfs/ysu34/hamlib/dia_e2e/tfim_16_5.txt,65536,33,2031618,1114112,diaq_fp32,0.015626,8.243e-08
SPMVCSV,/mnt/beegfs/ysu34/hamlib/dia_e2e/tfim_18_4.txt,262144,37,9175042,4980736,ours_didx_nv1,0.021975,8.435e-08
SPMVCSV,/mnt/beegfs/ysu34/hamlib/dia_e2e/tfim_18_4.txt,262144,37,9175042,4980736,ours_didx_nv2,0.024535,8.435e-08
SPMVCSV,/mnt/beegfs/ysu34/hamlib/dia_e2e/tfim_18_4.txt,262144,37,9175042,4980736,ours_gather_nv1,0.036393,8.435e-08
SPMVCSV,/mnt/beegfs/ysu34/hamlib/dia_e2e/tfim_18_4.txt,262144,37,9175042,4980736,ours_gather_nv2,0.089784,8.435e-08
SPMVCSV,/mnt/beegfs/ysu34/hamlib/dia_e2e/tfim_18_4.txt,262144,37,9175042,4980736,ours_gopt_nv1,0.025518,8.445e-08
SPMVCSV,/mnt/beegfs/ysu34/hamlib/dia_e2e/tfim_18_4.txt,262144,37,9175042,4980736,ours_gopt_nv2,0.031887,8.445e-08
SPMVCSV,/mnt/beegfs/ysu34/hamlib/dia_e2e/tfim_18_4.txt,262144,37,9175042,4980736,ours_gopt_s_nv1,0.029082,8.445e-08
SPMVCSV,/mnt/beegfs/ysu34/hamlib/dia_e2e/tfim_18_4.txt,262144,37,9175042,4980736,ours_auto_nv1,0.021955,8.435e-08
SPMVCSV,/mnt/beegfs/ysu34/hamlib/dia_e2e/tfim_18_4.txt,262144,37,9175042,4980736,ours_auto_nv2,0.024576,8.435e-08
SPMVCSV,/mnt/beegfs/ysu34/hamlib/dia_e2e/tfim_18_4.txt,262144,37,9175042,4980736,csr_zskip_nv1,0.058409,8.435e-08
SPMVCSV,/mnt/beegfs/ysu34/hamlib/dia_e2e/tfim_18_4.txt,262144,37,9175042,4980736,row_dense_nv1,0.031334,8.435e-08
SPMVCSV,/mnt/beegfs/ysu34/hamlib/dia_e2e/tfim_18_4.txt,262144,37,9175042,4980736,cusparse_csr,0.057467,6.651e-08
SPMVCSV,/mnt/beegfs/ysu34/hamlib/dia_e2e/tfim_18_4.txt,262144,37,9175042,4980736,diaq_fp64,0.116716,0.000e+00
SPMVCSV,/mnt/beegfs/ysu34/hamlib/dia_e2e/tfim_18_4.txt,262144,37,9175042,4980736,diaq_fp32,0.070451,8.681e-08
SPMVCSV,/mnt/beegfs/ysu34/hamlib/dia_e2e/tfim_18_5.txt,262144,37,9175042,4980736,ours_didx_nv1,0.022098,8.435e-08
SPMVCSV,/mnt/beegfs/ysu34/hamlib/dia_e2e/tfim_18_5.txt,262144,37,9175042,4980736,ours_didx_nv2,0.024617,8.435e-08
SPMVCSV,/mnt/beegfs/ysu34/hamlib/dia_e2e/tfim_18_5.txt,262144,37,9175042,4980736,ours_gather_nv1,0.036516,8.435e-08
SPMVCSV,/mnt/beegfs/ysu34/hamlib/dia_e2e/tfim_18_5.txt,262144,37,9175042,4980736,ours_gather_nv2,0.090153,8.435e-08
SPMVCSV,/mnt/beegfs/ysu34/hamlib/dia_e2e/tfim_18_5.txt,262144,37,9175042,4980736,ours_gopt_nv1,0.025600,8.445e-08
SPMVCSV,/mnt/beegfs/ysu34/hamlib/dia_e2e/tfim_18_5.txt,262144,37,9175042,4980736,ours_gopt_nv2,0.031969,8.445e-08
SPMVCSV,/mnt/beegfs/ysu34/hamlib/dia_e2e/tfim_18_5.txt,262144,37,9175042,4980736,ours_gopt_s_nv1,0.029123,8.445e-08
SPMVCSV,/mnt/beegfs/ysu34/hamlib/dia_e2e/tfim_18_5.txt,262144,37,9175042,4980736,ours_auto_nv1,0.021975,8.435e-08
SPMVCSV,/mnt/beegfs/ysu34/hamlib/dia_e2e/tfim_18_5.txt,262144,37,9175042,4980736,ours_auto_nv2,0.024596,8.435e-08
SPMVCSV,/mnt/beegfs/ysu34/hamlib/dia_e2e/tfim_18_5.txt,262144,37,9175042,4980736,csr_zskip_nv1,0.057897,8.435e-08
SPMVCSV,/mnt/beegfs/ysu34/hamlib/dia_e2e/tfim_18_5.txt,262144,37,9175042,4980736,row_dense_nv1,0.031457,8.435e-08
SPMVCSV,/mnt/beegfs/ysu34/hamlib/dia_e2e/tfim_18_5.txt,262144,37,9175042,4980736,cusparse_csr,0.058163,6.651e-08
SPMVCSV,/mnt/beegfs/ysu34/hamlib/dia_e2e/tfim_18_5.txt,262144,37,9175042,4980736,diaq_fp64,0.117125,0.000e+00
SPMVCSV,/mnt/beegfs/ysu34/hamlib/dia_e2e/tfim_18_5.txt,262144,37,9175042,4980736,diaq_fp32,0.070533,8.681e-08
SPMVCSV,/mnt/beegfs/ysu34/hamlib/dia_e2e/tfim_20_5.txt,1048576,41,40894466,22020096,ours_didx_nv1,0.106476,8.817e-08
SPMVCSV,/mnt/beegfs/ysu34/hamlib/dia_e2e/tfim_20_5.txt,1048576,41,40894466,22020096,ours_didx_nv2,0.120791,8.817e-08
SPMVCSV,/mnt/beegfs/ysu34/hamlib/dia_e2e/tfim_20_5.txt,1048576,41,40894466,22020096,ours_gather_nv1,0.127980,8.817e-08
SPMVCSV,/mnt/beegfs/ysu34/hamlib/dia_e2e/tfim_20_5.txt,1048576,41,40894466,22020096,ours_gather_nv2,0.223969,8.817e-08
SPMVCSV,/mnt/beegfs/ysu34/hamlib/dia_e2e/tfim_20_5.txt,1048576,41,40894466,22020096,ours_gopt_nv1,0.097792,8.821e-08
SPMVCSV,/mnt/beegfs/ysu34/hamlib/dia_e2e/tfim_20_5.txt,1048576,41,40894466,22020096,ours_gopt_nv2,0.108401,8.821e-08
SPMVCSV,/mnt/beegfs/ysu34/hamlib/dia_e2e/tfim_20_5.txt,1048576,41,40894466,22020096,ours_gopt_s_nv1,0.106988,8.821e-08
SPMVCSV,/mnt/beegfs/ysu34/hamlib/dia_e2e/tfim_20_5.txt,1048576,41,40894466,22020096,ours_auto_nv1,0.106353,8.817e-08
SPMVCSV,/mnt/beegfs/ysu34/hamlib/dia_e2e/tfim_20_5.txt,1048576,41,40894466,22020096,ours_auto_nv2,0.121242,8.817e-08
SPMVCSV,/mnt/beegfs/ysu34/hamlib/dia_e2e/tfim_20_5.txt,1048576,41,40894466,22020096,csr_zskip_nv1,0.166707,8.817e-08
SPMVCSV,/mnt/beegfs/ysu34/hamlib/dia_e2e/tfim_20_5.txt,1048576,41,40894466,22020096,row_dense_nv1,0.122860,8.817e-08
SPMVCSV,/mnt/beegfs/ysu34/hamlib/dia_e2e/tfim_20_5.txt,1048576,41,40894466,22020096,cusparse_csr,0.167281,6.758e-08
SPMVCSV,/mnt/beegfs/ysu34/hamlib/dia_e2e/tfim_20_5.txt,1048576,41,40894466,22020096,diaq_fp64,0.477143,0.000e+00
SPMVCSV,/mnt/beegfs/ysu34/hamlib/dia_e2e/tfim_20_5.txt,1048576,41,40894466,22020096,diaq_fp32,0.250020,9.037e-08
SPMVCSV,/mnt/beegfs/ysu34/hamlib/dia_e2e/tsp_18_4.txt,262144,1,262144,262144,ours_didx_nv1,0.004751,2.622e-08
SPMVCSV,/mnt/beegfs/ysu34/hamlib/dia_e2e/tsp_18_4.txt,262144,1,262144,262144,ours_didx_nv2,0.005243,2.630e-08
SPMVCSV,/mnt/beegfs/ysu34/hamlib/dia_e2e/tsp_18_4.txt,262144,1,262144,262144,ours_gather_nv1,0.004178,2.622e-08
SPMVCSV,/mnt/beegfs/ysu34/hamlib/dia_e2e/tsp_18_4.txt,262144,1,262144,262144,ours_gather_nv2,0.005059,2.630e-08
SPMVCSV,/mnt/beegfs/ysu34/hamlib/dia_e2e/tsp_18_4.txt,262144,1,262144,262144,ours_gopt_nv1,0.004485,2.622e-08
SPMVCSV,/mnt/beegfs/ysu34/hamlib/dia_e2e/tsp_18_4.txt,262144,1,262144,262144,ours_gopt_nv2,0.004977,2.630e-08
SPMVCSV,/mnt/beegfs/ysu34/hamlib/dia_e2e/tsp_18_4.txt,262144,1,262144,262144,ours_gopt_s_nv1,0.004403,2.622e-08
SPMVCSV,/mnt/beegfs/ysu34/hamlib/dia_e2e/tsp_18_4.txt,262144,1,262144,262144,ours_auto_nv1,0.004157,2.622e-08
SPMVCSV,/mnt/beegfs/ysu34/hamlib/dia_e2e/tsp_18_4.txt,262144,1,262144,262144,ours_auto_nv2,0.005100,2.630e-08
SPMVCSV,/mnt/beegfs/ysu34/hamlib/dia_e2e/tsp_18_4.txt,262144,1,262144,262144,csr_zskip_nv1,0.004465,2.622e-08
SPMVCSV,/mnt/beegfs/ysu34/hamlib/dia_e2e/tsp_18_4.txt,262144,1,262144,262144,row_dense_nv1,0.004014,2.622e-08
SPMVCSV,/mnt/beegfs/ysu34/hamlib/dia_e2e/tsp_18_4.txt,262144,1,262144,262144,cusparse_csr,0.021996,2.622e-08
SPMVCSV,/mnt/beegfs/ysu34/hamlib/dia_e2e/tsp_18_4.txt,262144,1,262144,262144,diaq_fp64,0.006144,0.000e+00
SPMVCSV,/mnt/beegfs/ysu34/hamlib/dia_e2e/tsp_18_4.txt,262144,1,262144,262144,diaq_fp32,0.004956,2.628e-08
SPMVCSV,/mnt/beegfs/ysu34/hamlib/dia_e2e/vibbf3_18_3.txt,262144,12,3088370,1038976,ours_didx_nv1,0.007475,3.830e-08
SPMVCSV,/mnt/beegfs/ysu34/hamlib/dia_e2e/vibbf3_18_3.txt,262144,12,3088370,1038976,ours_didx_nv2,0.008110,3.830e-08
SPMVCSV,/mnt/beegfs/ysu34/hamlib/dia_e2e/vibbf3_18_3.txt,262144,12,3088370,1038976,ours_gather_nv1,0.009544,3.830e-08
SPMVCSV,/mnt/beegfs/ysu34/hamlib/dia_e2e/vibbf3_18_3.txt,262144,12,3088370,1038976,ours_gather_nv2,0.015872,3.830e-08
SPMVCSV,/mnt/beegfs/ysu34/hamlib/dia_e2e/vibbf3_18_3.txt,262144,12,3088370,1038976,ours_gopt_nv1,0.007700,3.829e-08
SPMVCSV,/mnt/beegfs/ysu34/hamlib/dia_e2e/vibbf3_18_3.txt,262144,12,3088370,1038976,ours_gopt_nv2,0.009892,3.829e-08
SPMVCSV,/mnt/beegfs/ysu34/hamlib/dia_e2e/vibbf3_18_3.txt,262144,12,3088370,1038976,ours_gopt_s_nv1,0.007270,3.829e-08
SPMVCSV,/mnt/beegfs/ysu34/hamlib/dia_e2e/vibbf3_18_3.txt,262144,12,3088370,1038976,ours_auto_nv1,0.007455,3.830e-08
SPMVCSV,/mnt/beegfs/ysu34/hamlib/dia_e2e/vibbf3_18_3.txt,262144,12,3088370,1038976,ours_auto_nv2,0.008110,3.830e-08
SPMVCSV,/mnt/beegfs/ysu34/hamlib/dia_e2e/vibbf3_18_3.txt,262144,12,3088370,1038976,csr_zskip_nv1,0.007987,3.830e-08
SPMVCSV,/mnt/beegfs/ysu34/hamlib/dia_e2e/vibbf3_18_3.txt,262144,12,3088370,1038976,row_dense_nv1,0.008417,3.830e-08
SPMVCSV,/mnt/beegfs/ysu34/hamlib/dia_e2e/vibbf3_18_3.txt,262144,12,3088370,1038976,cusparse_csr,0.025068,4.631e-08
SPMVCSV,/mnt/beegfs/ysu34/hamlib/dia_e2e/vibbf3_18_3.txt,262144,12,3088370,1038976,diaq_fp64,0.045281,0.000e+00
SPMVCSV,/mnt/beegfs/ysu34/hamlib/dia_e2e/vibbf3_18_3.txt,262144,12,3088370,1038976,diaq_fp32,0.021012,4.611e-08
SPMVCSV,/mnt/beegfs/ysu34/hamlib/dia_suitesparse/atmosmodd.txt,1270432,7,8848918,8814880,ours_didx_nv1,0.048005,4.980e-08
SPMVCSV,/mnt/beegfs/ysu34/hamlib/dia_suitesparse/atmosmodd.txt,1270432,7,8848918,8814880,ours_didx_nv2,0.057344,4.981e-08
SPMVCSV,/mnt/beegfs/ysu34/hamlib/dia_suitesparse/atmosmodd.txt,1270432,7,8848918,8814880,ours_gather_nv1,0.035471,4.980e-08
SPMVCSV,/mnt/beegfs/ysu34/hamlib/dia_suitesparse/atmosmodd.txt,1270432,7,8848918,8814880,ours_gather_nv2,0.056054,4.981e-08
SPMVCSV,/mnt/beegfs/ysu34/hamlib/dia_suitesparse/atmosmodd.txt,1270432,7,8848918,8814880,ours_gopt_nv1,0.036413,4.981e-08
SPMVCSV,/mnt/beegfs/ysu34/hamlib/dia_suitesparse/atmosmodd.txt,1270432,7,8848918,8814880,ours_gopt_nv2,0.045896,4.983e-08
SPMVCSV,/mnt/beegfs/ysu34/hamlib/dia_suitesparse/atmosmodd.txt,1270432,7,8848918,8814880,ours_gopt_s_nv1,0.035615,4.981e-08
SPMVCSV,/mnt/beegfs/ysu34/hamlib/dia_suitesparse/atmosmodd.txt,1270432,7,8848918,8814880,ours_auto_nv1,0.035103,4.980e-08
SPMVCSV,/mnt/beegfs/ysu34/hamlib/dia_suitesparse/atmosmodd.txt,1270432,7,8848918,8814880,ours_auto_nv2,0.056545,4.981e-08
SPMVCSV,/mnt/beegfs/ysu34/hamlib/dia_suitesparse/atmosmodd.txt,1270432,7,8848918,8814880,csr_zskip_nv1,0.065823,4.980e-08
SPMVCSV,/mnt/beegfs/ysu34/hamlib/dia_suitesparse/atmosmodd.txt,1270432,7,8848918,8814880,row_dense_nv1,0.036598,4.980e-08
SPMVCSV,/mnt/beegfs/ysu34/hamlib/dia_suitesparse/atmosmodd.txt,1270432,7,8848918,8814880,cusparse_csr,0.083825,5.706e-08
SPMVCSV,/mnt/beegfs/ysu34/hamlib/dia_suitesparse/atmosmodd.txt,1270432,7,8848918,8814880,diaq_fp64,0.125932,0.000e+00
SPMVCSV,/mnt/beegfs/ysu34/hamlib/dia_suitesparse/atmosmodd.txt,1270432,7,8848918,8814880,diaq_fp32,0.068751,5.777e-08
SPMVCSV,/mnt/beegfs/ysu34/hamlib/dia_suitesparse/ecology2.txt,999999,7,6995993,4995991,ours_didx_nv1,0.030003,4.499e-08
SPMVCSV,/mnt/beegfs/ysu34/hamlib/dia_suitesparse/ecology2.txt,999999,7,6995993,4995991,ours_didx_nv2,0.038707,4.500e-08
SPMVCSV,/mnt/beegfs/ysu34/hamlib/dia_suitesparse/ecology2.txt,999999,7,6995993,4995991,ours_gather_nv1,0.026808,4.499e-08
SPMVCSV,/mnt/beegfs/ysu34/hamlib/dia_suitesparse/ecology2.txt,999999,7,6995993,4995991,ours_gather_nv2,0.047677,4.500e-08
SPMVCSV,/mnt/beegfs/ysu34/hamlib/dia_suitesparse/ecology2.txt,999999,7,6995993,4995991,ours_gopt_nv1,0.014909,4.500e-08
SPMVCSV,/mnt/beegfs/ysu34/hamlib/dia_suitesparse/ecology2.txt,999999,7,6995993,4995991,ours_gopt_s_nv1,0.014500,4.500e-08
SPMVCSV,/mnt/beegfs/ysu34/hamlib/dia_suitesparse/ecology2.txt,999999,7,6995993,4995991,ours_auto_nv1,0.026460,4.499e-08
SPMVCSV,/mnt/beegfs/ysu34/hamlib/dia_suitesparse/ecology2.txt,999999,7,6995993,4995991,ours_auto_nv2,0.047698,4.500e-08
SPMVCSV,/mnt/beegfs/ysu34/hamlib/dia_suitesparse/ecology2.txt,999999,7,6995993,4995991,csr_zskip_nv1,0.041923,4.499e-08
SPMVCSV,/mnt/beegfs/ysu34/hamlib/dia_suitesparse/ecology2.txt,999999,7,6995993,4995991,row_dense_nv1,0.028815,4.499e-08
SPMVCSV,/mnt/beegfs/ysu34/hamlib/dia_suitesparse/ecology2.txt,999999,7,6995993,4995991,cusparse_csr,0.059290,5.409e-08
SPMVCSV,/mnt/beegfs/ysu34/hamlib/dia_suitesparse/ecology2.txt,999999,7,6995993,4995991,diaq_fp64,0.098796,0.000e+00
SPMVCSV,/mnt/beegfs/ysu34/hamlib/dia_suitesparse/ecology2.txt,999999,7,6995993,4995991,diaq_fp32,0.055316,5.424e-08
SPMVCSV,/mnt/beegfs/ysu34/hamlib/dia_suitesparse/Lin.txt,256000,7,1779038,1766400,ours_didx_nv1,0.008192,5.070e-08
SPMVCSV,/mnt/beegfs/ysu34/hamlib/dia_suitesparse/Lin.txt,256000,7,1779038,1766400,ours_didx_nv2,0.009093,5.080e-08
SPMVCSV,/mnt/beegfs/ysu34/hamlib/dia_suitesparse/Lin.txt,256000,7,1779038,1766400,ours_gather_nv1,0.006861,5.070e-08
SPMVCSV,/mnt/beegfs/ysu34/hamlib/dia_suitesparse/Lin.txt,256000,7,1779038,1766400,ours_gather_nv2,0.010609,5.080e-08
SPMVCSV,/mnt/beegfs/ysu34/hamlib/dia_suitesparse/Lin.txt,256000,7,1779038,1766400,ours_gopt_nv1,0.007352,5.075e-08
SPMVCSV,/mnt/beegfs/ysu34/hamlib/dia_suitesparse/Lin.txt,256000,7,1779038,1766400,ours_gopt_nv2,0.008847,5.084e-08
SPMVCSV,/mnt/beegfs/ysu34/hamlib/dia_suitesparse/Lin.txt,256000,7,1779038,1766400,ours_gopt_s_nv1,0.006922,5.075e-08
SPMVCSV,/mnt/beegfs/ysu34/hamlib/dia_suitesparse/Lin.txt,256000,7,1779038,1766400,ours_auto_nv1,0.006943,5.070e-08
SPMVCSV,/mnt/beegfs/ysu34/hamlib/dia_suitesparse/Lin.txt,256000,7,1779038,1766400,ours_auto_nv2,0.010609,5.080e-08
SPMVCSV,/mnt/beegfs/ysu34/hamlib/dia_suitesparse/Lin.txt,256000,7,1779038,1766400,csr_zskip_nv1,0.009400,5.070e-08
SPMVCSV,/mnt/beegfs/ysu34/hamlib/dia_suitesparse/Lin.txt,256000,7,1779038,1766400,row_dense_nv1,0.006963,5.070e-08
SPMVCSV,/mnt/beegfs/ysu34/hamlib/dia_suitesparse/Lin.txt,256000,7,1779038,1766400,cusparse_csr,0.031191,5.665e-08
SPMVCSV,/mnt/beegfs/ysu34/hamlib/dia_suitesparse/Lin.txt,256000,7,1779038,1766400,diaq_fp64,0.029532,0.000e+00
SPMVCSV,/mnt/beegfs/ysu34/hamlib/dia_suitesparse/Lin.txt,256000,7,1779038,1766400,diaq_fp32,0.010404,5.754e-08
SPMVCSV,/mnt/beegfs/ysu34/hamlib/dia_e2e/BH_20_7.txt,1048576,127,125829148,25824385,ours_didx_nv1,0.151716,6.086e-08
SPMVCSV,/mnt/beegfs/ysu34/hamlib/dia_e2e/BH_20_7.txt,1048576,127,125829148,25824385,ours_didx_nv2,0.181453,6.086e-08
SPMVCSV,/mnt/beegfs/ysu34/hamlib/dia_e2e/BH_20_7.txt,1048576,127,125829148,25824385,ours_gather_nv1,0.371773,6.086e-08
SPMVCSV,/mnt/beegfs/ysu34/hamlib/dia_e2e/BH_20_7.txt,1048576,127,125829148,25824385,ours_gather_nv2,0.665784,6.086e-08
SPMVCSV,/mnt/beegfs/ysu34/hamlib/dia_e2e/BH_20_7.txt,1048576,127,125829148,25824385,ours_gopt_nv1,0.226263,6.186e-08
SPMVCSV,/mnt/beegfs/ysu34/hamlib/dia_e2e/BH_20_7.txt,1048576,127,125829148,25824385,ours_gopt_nv2,0.244511,6.186e-08
SPMVCSV,/mnt/beegfs/ysu34/hamlib/dia_e2e/BH_20_7.txt,1048576,127,125829148,25824385,ours_gopt_s_nv1,0.250532,6.186e-08
SPMVCSV,/mnt/beegfs/ysu34/hamlib/dia_e2e/BH_20_7.txt,1048576,127,125829148,25824385,ours_auto_nv1,0.151511,6.086e-08
SPMVCSV,/mnt/beegfs/ysu34/hamlib/dia_e2e/BH_20_7.txt,1048576,127,125829148,25824385,ours_auto_nv2,0.181596,6.086e-08
SPMVCSV,/mnt/beegfs/ysu34/hamlib/dia_e2e/BH_20_7.txt,1048576,127,125829148,25824385,csr_zskip_nv1,0.231158,6.086e-08
SPMVCSV,/mnt/beegfs/ysu34/hamlib/dia_e2e/BH_20_7.txt,1048576,127,125829148,25824385,row_dense_nv1,0.348488,6.086e-08
SPMVCSV,/mnt/beegfs/ysu34/hamlib/dia_e2e/BH_20_7.txt,1048576,127,125829148,25824385,cusparse_csr,0.197714,5.812e-08
SPMVCSV,/mnt/beegfs/ysu34/hamlib/dia_e2e/BH_20_7.txt,1048576,127,125829148,25824385,diaq_fp64,1.378161,0.000e+00
SPMVCSV,/mnt/beegfs/ysu34/hamlib/dia_e2e/BH_20_7.txt,1048576,127,125829148,25824385,diaq_fp32,0.724173,6.624e-08
SPMVCSV,/mnt/beegfs/ysu34/hamlib/dia_e2e/bhc_16_7.txt,65536,99,6029340,1250845,ours_didx_nv1,0.009974,5.466e-08
SPMVCSV,/mnt/beegfs/ysu34/hamlib/dia_e2e/bhc_16_7.txt,65536,99,6029340,1250845,ours_didx_nv2,0.011407,5.466e-08
SPMVCSV,/mnt/beegfs/ysu34/hamlib/dia_e2e/bhc_16_7.txt,65536,99,6029340,1250845,ours_gather_nv1,0.015790,5.466e-08
SPMVCSV,/mnt/beegfs/ysu34/hamlib/dia_e2e/bhc_16_7.txt,65536,99,6029340,1250845,ours_gather_nv2,0.020009,5.466e-08
SPMVCSV,/mnt/beegfs/ysu34/hamlib/dia_e2e/bhc_16_7.txt,65536,99,6029340,1250845,ours_gopt_nv1,0.025641,5.584e-08
SPMVCSV,/mnt/beegfs/ysu34/hamlib/dia_e2e/bhc_16_7.txt,65536,99,6029340,1250845,ours_gopt_nv2,0.034427,5.593e-08
SPMVCSV,/mnt/beegfs/ysu34/hamlib/dia_e2e/bhc_16_7.txt,65536,99,6029340,1250845,ours_gopt_s_nv1,0.030188,5.584e-08
SPMVCSV,/mnt/beegfs/ysu34/hamlib/dia_e2e/bhc_16_7.txt,65536,99,6029340,1250845,ours_auto_nv1,0.010015,5.466e-08
SPMVCSV,/mnt/beegfs/ysu34/hamlib/dia_e2e/bhc_16_7.txt,65536,99,6029340,1250845,ours_auto_nv2,0.011387,5.466e-08
SPMVCSV,/mnt/beegfs/ysu34/hamlib/dia_e2e/bhc_16_7.txt,65536,99,6029340,1250845,csr_zskip_nv1,0.011182,5.466e-08
SPMVCSV,/mnt/beegfs/ysu34/hamlib/dia_e2e/bhc_16_7.txt,65536,99,6029340,1250845,row_dense_nv1,0.016753,5.466e-08
SPMVCSV,/mnt/beegfs/ysu34/hamlib/dia_e2e/bhc_16_7.txt,65536,99,6029340,1250845,cusparse_csr,0.030085,5.607e-08
SPMVCSV,/mnt/beegfs/ysu34/hamlib/dia_e2e/bhc_16_7.txt,65536,99,6029340,1250845,diaq_fp64,0.088330,0.000e+00
SPMVCSV,/mnt/beegfs/ysu34/hamlib/dia_e2e/bhc_16_7.txt,65536,99,6029340,1250845,diaq_fp32,0.076124,5.995e-08
SPMVCSV,/mnt/beegfs/ysu34/hamlib/dia_e2e/bhc_18_7.txt,262144,112,27607068,5640030,ours_didx_nv1,0.032932,5.809e-08
SPMVCSV,/mnt/beegfs/ysu34/hamlib/dia_e2e/bhc_18_7.txt,262144,112,27607068,5640030,ours_didx_nv2,0.040182,5.809e-08
SPMVCSV,/mnt/beegfs/ysu34/hamlib/dia_e2e/bhc_18_7.txt,262144,112,27607068,5640030,ours_gather_nv1,0.099308,5.809e-08
SPMVCSV,/mnt/beegfs/ysu34/hamlib/dia_e2e/bhc_18_7.txt,262144,112,27607068,5640030,ours_gather_nv2,0.257229,5.809e-08
SPMVCSV,/mnt/beegfs/ysu34/hamlib/dia_e2e/bhc_18_7.txt,262144,112,27607068,5640030,ours_gopt_nv1,0.068649,5.931e-08
SPMVCSV,/mnt/beegfs/ysu34/hamlib/dia_e2e/bhc_18_7.txt,262144,112,27607068,5640030,ours_gopt_nv2,0.079647,5.931e-08
SPMVCSV,/mnt/beegfs/ysu34/hamlib/dia_e2e/bhc_18_7.txt,262144,112,27607068,5640030,ours_gopt_s_nv1,0.084316,5.931e-08
SPMVCSV,/mnt/beegfs/ysu34/hamlib/dia_e2e/bhc_18_7.txt,262144,112,27607068,5640030,ours_auto_nv1,0.032809,5.809e-08
SPMVCSV,/mnt/beegfs/ysu34/hamlib/dia_e2e/bhc_18_7.txt,262144,112,27607068,5640030,ours_auto_nv2,0.041738,5.809e-08
SPMVCSV,/mnt/beegfs/ysu34/hamlib/dia_e2e/bhc_18_7.txt,262144,112,27607068,5640030,csr_zskip_nv1,0.052265,5.809e-08
SPMVCSV,/mnt/beegfs/ysu34/hamlib/dia_e2e/bhc_18_7.txt,262144,112,27607068,5640030,row_dense_nv1,0.085402,5.809e-08
SPMVCSV,/mnt/beegfs/ysu34/hamlib/dia_e2e/bhc_18_7.txt,262144,112,27607068,5640030,cusparse_csr,0.062915,5.708e-08
SPMVCSV,/mnt/beegfs/ysu34/hamlib/dia_e2e/bhc_18_7.txt,262144,112,27607068,5640030,diaq_fp64,0.326308,0.000e+00
SPMVCSV,/mnt/beegfs/ysu34/hamlib/dia_e2e/bhc_18_7.txt,262144,112,27607068,5640030,diaq_fp32,0.203203,6.318e-08
SPMVCSV,/mnt/beegfs/ysu34/hamlib/dia_e2e/bhD1_18_7.txt,262144,112,27607068,5640030,ours_didx_nv1,0.032686,5.809e-08
SPMVCSV,/mnt/beegfs/ysu34/hamlib/dia_e2e/bhD1_18_7.txt,262144,112,27607068,5640030,ours_didx_nv2,0.040264,5.809e-08
SPMVCSV,/mnt/beegfs/ysu34/hamlib/dia_e2e/bhD1_18_7.txt,262144,112,27607068,5640030,ours_gather_nv1,0.099308,5.809e-08
SPMVCSV,/mnt/beegfs/ysu34/hamlib/dia_e2e/bhD1_18_7.txt,262144,112,27607068,5640030,ours_gather_nv2,0.257966,5.809e-08
SPMVCSV,/mnt/beegfs/ysu34/hamlib/dia_e2e/bhD1_18_7.txt,262144,112,27607068,5640030,ours_gopt_nv1,0.068833,5.931e-08
SPMVCSV,/mnt/beegfs/ysu34/hamlib/dia_e2e/bhD1_18_7.txt,262144,112,27607068,5640030,ours_gopt_nv2,0.082104,5.931e-08
SPMVCSV,/mnt/beegfs/ysu34/hamlib/dia_e2e/bhD1_18_7.txt,262144,112,27607068,5640030,ours_gopt_s_nv1,0.084644,5.931e-08
SPMVCSV,/mnt/beegfs/ysu34/hamlib/dia_e2e/bhD1_18_7.txt,262144,112,27607068,5640030,ours_auto_nv1,0.032850,5.809e-08
SPMVCSV,/mnt/beegfs/ysu34/hamlib/dia_e2e/bhD1_18_7.txt,262144,112,27607068,5640030,ours_auto_nv2,0.042209,5.809e-08
SPMVCSV,/mnt/beegfs/ysu34/hamlib/dia_e2e/bhD1_18_7.txt,262144,112,27607068,5640030,csr_zskip_nv1,0.052326,5.809e-08
SPMVCSV,/mnt/beegfs/ysu34/hamlib/dia_e2e/bhD1_18_7.txt,262144,112,27607068,5640030,row_dense_nv1,0.085565,5.809e-08
SPMVCSV,/mnt/beegfs/ysu34/hamlib/dia_e2e/bhD1_18_7.txt,262144,112,27607068,5640030,cusparse_csr,0.063119,5.708e-08
SPMVCSV,/mnt/beegfs/ysu34/hamlib/dia_e2e/bhD1_18_7.txt,262144,112,27607068,5640030,diaq_fp64,0.326656,0.000e+00
SPMVCSV,/mnt/beegfs/ysu34/hamlib/dia_e2e/bhD1_18_7.txt,262144,112,27607068,5640030,diaq_fp32,0.202998,6.318e-08
SPMVCSV,/mnt/beegfs/ysu34/hamlib/dia_e2e/C2c_18_4.txt,262144,9971,2039105210,30193577,ours_didx_nv1,1.291796,1.591e-07
SPMVCSV,/mnt/beegfs/ysu34/hamlib/dia_e2e/C2c_18_4.txt,262144,9971,2039105210,30193577,ours_didx_nv2,1.756918,1.591e-07
SPMVCSV,/mnt/beegfs/ysu34/hamlib/dia_e2e/C2c_18_4.txt,262144,9971,2039105210,30193577,ours_gather_nv1,7.446261,1.591e-07
SPMVCSV,/mnt/beegfs/ysu34/hamlib/dia_e2e/C2c_18_4.txt,262144,9971,2039105210,30193577,ours_gather_nv2,18.890425,1.591e-07
SPMVCSV,/mnt/beegfs/ysu34/hamlib/dia_e2e/C2c_18_4.txt,262144,9971,2039105210,30193577,ours_gopt_nv1,1.788600,1.938e-07
SPMVCSV,/mnt/beegfs/ysu34/hamlib/dia_e2e/C2c_18_4.txt,262144,9971,2039105210,30193577,ours_gopt_nv2,2.132890,1.938e-07
SPMVCSV,/mnt/beegfs/ysu34/hamlib/dia_e2e/C2c_18_4.txt,262144,9971,2039105210,30193577,ours_gopt_s_nv1,2.151506,1.938e-07
SPMVCSV,/mnt/beegfs/ysu34/hamlib/dia_e2e/C2c_18_4.txt,262144,9971,2039105210,30193577,ours_auto_nv1,1.792717,1.938e-07
SPMVCSV,/mnt/beegfs/ysu34/hamlib/dia_e2e/C2c_18_4.txt,262144,9971,2039105210,30193577,ours_auto_nv2,2.138255,1.938e-07
SPMVCSV,/mnt/beegfs/ysu34/hamlib/dia_e2e/C2c_18_4.txt,262144,9971,2039105210,30193577,csr_zskip_nv1,0.421745,1.591e-07
SPMVCSV,/mnt/beegfs/ysu34/hamlib/dia_e2e/C2c_18_4.txt,262144,9971,2039105210,30193577,row_dense_nv1,6.096998,1.591e-07
SPMVCSV,/mnt/beegfs/ysu34/hamlib/dia_e2e/C2c_18_4.txt,262144,9971,2039105210,30193577,cusparse_csr,0.220549,7.214e-08
SPMVCSV,/mnt/beegfs/ysu34/hamlib/dia_e2e/C2c_18_4.txt,262144,9971,2039105210,30193577,diaq_fp64,23.319839,0.000e+00
SPMVCSV,/mnt/beegfs/ysu34/hamlib/dia_e2e/C2c_18_4.txt,262144,9971,2039105210,30193577,diaq_fp32,14.197125,1.612e-07
SPMVCSV,/mnt/beegfs/ysu34/hamlib/dia_e2e/fermi_16_5.txt,65536,29,1835266,503876,ours_didx_nv1,0.006042,5.450e-08
SPMVCSV,/mnt/beegfs/ysu34/hamlib/dia_e2e/fermi_16_5.txt,65536,29,1835266,503876,ours_didx_nv2,0.006554,5.450e-08
SPMVCSV,/mnt/beegfs/ysu34/hamlib/dia_e2e/fermi_16_5.txt,65536,29,1835266,503876,ours_gather_nv1,0.007107,5.450e-08
SPMVCSV,/mnt/beegfs/ysu34/hamlib/dia_e2e/fermi_16_5.txt,65536,29,1835266,503876,ours_gather_nv2,0.008417,5.450e-08
SPMVCSV,/mnt/beegfs/ysu34/hamlib/dia_e2e/fermi_16_5.txt,65536,29,1835266,503876,ours_gopt_nv1,0.010179,5.600e-08
SPMVCSV,/mnt/beegfs/ysu34/hamlib/dia_e2e/fermi_16_5.txt,65536,29,1835266,503876,ours_gopt_nv2,0.012472,5.614e-08
SPMVCSV,/mnt/beegfs/ysu34/hamlib/dia_e2e/fermi_16_5.txt,65536,29,1835266,503876,ours_gopt_s_nv1,0.011182,5.600e-08
SPMVCSV,/mnt/beegfs/ysu34/hamlib/dia_e2e/fermi_16_5.txt,65536,29,1835266,503876,ours_auto_nv1,0.006083,5.450e-08
SPMVCSV,/mnt/beegfs/ysu34/hamlib/dia_e2e/fermi_16_5.txt,65536,29,1835266,503876,ours_auto_nv2,0.006574,5.450e-08
SPMVCSV,/mnt/beegfs/ysu34/hamlib/dia_e2e/fermi_16_5.txt,65536,29,1835266,503876,csr_zskip_nv1,0.006533,5.450e-08
SPMVCSV,/mnt/beegfs/ysu34/hamlib/dia_e2e/fermi_16_5.txt,65536,29,1835266,503876,row_dense_nv1,0.007127,5.450e-08
SPMVCSV,/mnt/beegfs/ysu34/hamlib/dia_e2e/fermi_16_5.txt,65536,29,1835266,503876,cusparse_csr,0.020664,5.324e-08
SPMVCSV,/mnt/beegfs/ysu34/hamlib/dia_e2e/fermi_16_5.txt,65536,29,1835266,503876,diaq_fp64,0.025272,0.000e+00
SPMVCSV,/mnt/beegfs/ysu34/hamlib/dia_e2e/fermi_16_5.txt,65536,29,1835266,503876,diaq_fp32,0.014397,5.504e-08
SPMVCSV,/mnt/beegfs/ysu34/hamlib/dia_e2e/fermi_18_5.txt,262144,33,8389122,2359296,ours_didx_nv1,0.012063,5.902e-08
SPMVCSV,/mnt/beegfs/ysu34/hamlib/dia_e2e/fermi_18_5.txt,262144,33,8389122,2359296,ours_didx_nv2,0.013844,5.922e-08
SPMVCSV,/mnt/beegfs/ysu34/hamlib/dia_e2e/fermi_18_5.txt,262144,33,8389122,2359296,ours_gather_nv1,0.032502,5.902e-08
SPMVCSV,/mnt/beegfs/ysu34/hamlib/dia_e2e/fermi_18_5.txt,262144,33,8389122,2359296,ours_gather_nv2,0.081551,5.922e-08
SPMVCSV,/mnt/beegfs/ysu34/hamlib/dia_e2e/fermi_18_5.txt,262144,33,8389122,2359296,ours_gopt_nv1,0.013476,5.983e-08
SPMVCSV,/mnt/beegfs/ysu34/hamlib/dia_e2e/fermi_18_5.txt,262144,33,8389122,2359296,ours_gopt_nv2,0.018739,5.983e-08
SPMVCSV,/mnt/beegfs/ysu34/hamlib/dia_e2e/fermi_18_5.txt,262144,33,8389122,2359296,ours_gopt_s_nv1,0.013455,5.983e-08
SPMVCSV,/mnt/beegfs/ysu34/hamlib/dia_e2e/fermi_18_5.txt,262144,33,8389122,2359296,ours_auto_nv1,0.012083,5.902e-08
SPMVCSV,/mnt/beegfs/ysu34/hamlib/dia_e2e/fermi_18_5.txt,262144,33,8389122,2359296,ours_auto_nv2,0.013844,5.922e-08
SPMVCSV,/mnt/beegfs/ysu34/hamlib/dia_e2e/fermi_18_5.txt,262144,33,8389122,2359296,csr_zskip_nv1,0.014541,5.902e-08
SPMVCSV,/mnt/beegfs/ysu34/hamlib/dia_e2e/fermi_18_5.txt,262144,33,8389122,2359296,row_dense_nv1,0.026399,5.902e-08
SPMVCSV,/mnt/beegfs/ysu34/hamlib/dia_e2e/fermi_18_5.txt,262144,33,8389122,2359296,cusparse_csr,0.035308,5.727e-08
SPMVCSV,/mnt/beegfs/ysu34/hamlib/dia_e2e/fermi_18_5.txt,262144,33,8389122,2359296,diaq_fp64,0.109609,0.000e+00
SPMVCSV,/mnt/beegfs/ysu34/hamlib/dia_e2e/fermi_18_5.txt,262144,33,8389122,2359296,diaq_fp32,0.065577,6.228e-08
SPMVCSV,/mnt/beegfs/ysu34/hamlib/dia_e2e/fermi_20_5.txt,1048576,37,37749762,10485760,ours_didx_nv1,0.056197,6.230e-08
SPMVCSV,/mnt/beegfs/ysu34/hamlib/dia_e2e/fermi_20_5.txt,1048576,37,37749762,10485760,ours_didx_nv2,0.064553,6.230e-08
SPMVCSV,/mnt/beegfs/ysu34/hamlib/dia_e2e/fermi_20_5.txt,1048576,37,37749762,10485760,ours_gather_nv1,0.119501,6.230e-08
SPMVCSV,/mnt/beegfs/ysu34/hamlib/dia_e2e/fermi_20_5.txt,1048576,37,37749762,10485760,ours_gather_nv2,0.207544,6.230e-08
SPMVCSV,/mnt/beegfs/ysu34/hamlib/dia_e2e/fermi_20_5.txt,1048576,37,37749762,10485760,ours_gopt_nv1,0.078254,6.235e-08
SPMVCSV,/mnt/beegfs/ysu34/hamlib/dia_e2e/fermi_20_5.txt,1048576,37,37749762,10485760,ours_gopt_nv2,0.088064,6.235e-08
SPMVCSV,/mnt/beegfs/ysu34/hamlib/dia_e2e/fermi_20_5.txt,1048576,37,37749762,10485760,ours_gopt_s_nv1,0.083784,6.235e-08
SPMVCSV,/mnt/beegfs/ysu34/hamlib/dia_e2e/fermi_20_5.txt,1048576,37,37749762,10485760,ours_auto_nv1,0.056484,6.230e-08
SPMVCSV,/mnt/beegfs/ysu34/hamlib/dia_e2e/fermi_20_5.txt,1048576,37,37749762,10485760,ours_auto_nv2,0.066396,6.230e-08
SPMVCSV,/mnt/beegfs/ysu34/hamlib/dia_e2e/fermi_20_5.txt,1048576,37,37749762,10485760,csr_zskip_nv1,0.079135,6.230e-08
SPMVCSV,/mnt/beegfs/ysu34/hamlib/dia_e2e/fermi_20_5.txt,1048576,37,37749762,10485760,row_dense_nv1,0.111432,6.230e-08
SPMVCSV,/mnt/beegfs/ysu34/hamlib/dia_e2e/fermi_20_5.txt,1048576,37,37749762,10485760,cusparse_csr,0.088044,5.900e-08
SPMVCSV,/mnt/beegfs/ysu34/hamlib/dia_e2e/fermi_20_5.txt,1048576,37,37749762,10485760,diaq_fp64,0.433603,0.000e+00
SPMVCSV,/mnt/beegfs/ysu34/hamlib/dia_e2e/fermi_20_5.txt,1048576,37,37749762,10485760,diaq_fp32,0.229745,6.502e-08
SPMVCSV,/mnt/beegfs/ysu34/hamlib/dia_e2e/fermiFH_18_4.txt,262144,64,16071004,2097152,ours_didx_nv1,0.011715,5.605e-08
SPMVCSV,/mnt/beegfs/ysu34/hamlib/dia_e2e/fermiFH_18_4.txt,262144,64,16071004,2097152,ours_didx_nv2,0.013435,5.629e-08
SPMVCSV,/mnt/beegfs/ysu34/hamlib/dia_e2e/fermiFH_18_4.txt,262144,64,16071004,2097152,ours_gather_nv1,0.060068,5.605e-08
SPMVCSV,/mnt/beegfs/ysu34/hamlib/dia_e2e/fermiFH_18_4.txt,262144,64,16071004,2097152,ours_gather_nv2,0.151183,5.629e-08
SPMVCSV,/mnt/beegfs/ysu34/hamlib/dia_e2e/fermiFH_18_4.txt,262144,64,16071004,2097152,ours_gopt_nv1,0.034202,5.606e-08
SPMVCSV,/mnt/beegfs/ysu34/hamlib/dia_e2e/fermiFH_18_4.txt,262144,64,16071004,2097152,ours_gopt_nv2,0.039813,5.645e-08
SPMVCSV,/mnt/beegfs/ysu34/hamlib/dia_e2e/fermiFH_18_4.txt,262144,64,16071004,2097152,ours_gopt_s_nv1,0.041083,5.606e-08
SPMVCSV,/mnt/beegfs/ysu34/hamlib/dia_e2e/fermiFH_18_4.txt,262144,64,16071004,2097152,ours_auto_nv1,0.011715,5.605e-08
SPMVCSV,/mnt/beegfs/ysu34/hamlib/dia_e2e/fermiFH_18_4.txt,262144,64,16071004,2097152,ours_auto_nv2,0.013476,5.629e-08
SPMVCSV,/mnt/beegfs/ysu34/hamlib/dia_e2e/fermiFH_18_4.txt,262144,64,16071004,2097152,csr_zskip_nv1,0.013619,5.605e-08
SPMVCSV,/mnt/beegfs/ysu34/hamlib/dia_e2e/fermiFH_18_4.txt,262144,64,16071004,2097152,row_dense_nv1,0.051978,5.605e-08
SPMVCSV,/mnt/beegfs/ysu34/hamlib/dia_e2e/fermiFH_18_4.txt,262144,64,16071004,2097152,cusparse_csr,0.034611,5.054e-08
SPMVCSV,/mnt/beegfs/ysu34/hamlib/dia_e2e/fermiFH_18_4.txt,262144,64,16071004,2097152,diaq_fp64,0.197120,0.000e+00
SPMVCSV,/mnt/beegfs/ysu34/hamlib/dia_e2e/fermiFH_18_4.txt,262144,64,16071004,2097152,diaq_fp32,0.120422,5.616e-08
SPMVCSV,/mnt/beegfs/ysu34/hamlib/dia_e2e/H8c_16_4.txt,65536,8887,398453764,10694387,ours_didx_nv1,0.624189,2.068e-07
SPMVCSV,/mnt/beegfs/ysu34/hamlib/dia_e2e/H8c_16_4.txt,65536,8887,398453764,10694387,ours_didx_nv2,0.833045,2.068e-07
SPMVCSV,/mnt/beegfs/ysu34/hamlib/dia_e2e/H8c_16_4.txt,65536,8887,398453764,10694387,ours_gather_nv1,1.417196,2.068e-07
SPMVCSV,/mnt/beegfs/ysu34/hamlib/dia_e2e/H8c_16_4.txt,65536,8887,398453764,10694387,ours_gather_nv2,1.696399,2.068e-07
SPMVCSV,/mnt/beegfs/ysu34/hamlib/dia_e2e/H8c_16_4.txt,65536,8887,398453764,10694387,ours_gopt_nv1,1.679483,2.422e-07
SPMVCSV,/mnt/beegfs/ysu34/hamlib/dia_e2e/H8c_16_4.txt,65536,8887,398453764,10694387,ours_gopt_nv2,2.049045,2.422e-07
SPMVCSV,/mnt/beegfs/ysu34/hamlib/dia_e2e/H8c_16_4.txt,65536,8887,398453764,10694387,ours_gopt_s_nv1,2.145649,2.422e-07
SPMVCSV,/mnt/beegfs/ysu34/hamlib/dia_e2e/H8c_16_4.txt,65536,8887,398453764,10694387,ours_auto_nv1,1.678889,2.422e-07
SPMVCSV,/mnt/beegfs/ysu34/hamlib/dia_e2e/H8c_16_4.txt,65536,8887,398453764,10694387,ours_auto_nv2,2.049556,2.422e-07
SPMVCSV,/mnt/beegfs/ysu34/hamlib/dia_e2e/H8c_16_4.txt,65536,8887,398453764,10694387,csr_zskip_nv1,0.145592,2.068e-07
SPMVCSV,/mnt/beegfs/ysu34/hamlib/dia_e2e/H8c_16_4.txt,65536,8887,398453764,10694387,row_dense_nv1,1.688084,2.068e-07
SPMVCSV,/mnt/beegfs/ysu34/hamlib/dia_e2e/H8c_16_4.txt,65536,8887,398453764,10694387,cusparse_csr,0.091423,7.568e-08
SPMVCSV,/mnt/beegfs/ysu34/hamlib/dia_e2e/H8c_16_4.txt,65536,8887,398453764,10694387,diaq_fp64,6.034227,0.000e+00
SPMVCSV,/mnt/beegfs/ysu34/hamlib/dia_e2e/H8c_16_4.txt,65536,8887,398453764,10694387,diaq_fp32,5.208167,2.076e-07
SPMVCSV,/mnt/beegfs/ysu34/hamlib/dia_e2e/heis_16_5.txt,65536,31,1966082,557056,ours_didx_nv1,0.006001,5.752e-08
SPMVCSV,/mnt/beegfs/ysu34/hamlib/dia_e2e/heis_16_5.txt,65536,31,1966082,557056,ours_didx_nv2,0.006533,5.753e-08
SPMVCSV,/mnt/beegfs/ysu34/hamlib/dia_e2e/heis_16_5.txt,65536,31,1966082,557056,ours_gather_nv1,0.007537,5.752e-08
SPMVCSV,/mnt/beegfs/ysu34/hamlib/dia_e2e/heis_16_5.txt,65536,31,1966082,557056,ours_gather_nv2,0.008663,5.753e-08
SPMVCSV,/mnt/beegfs/ysu34/hamlib/dia_e2e/heis_16_5.txt,65536,31,1966082,557056,ours_gopt_nv1,0.010650,5.880e-08
SPMVCSV,/mnt/beegfs/ysu34/hamlib/dia_e2e/heis_16_5.txt,65536,31,1966082,557056,ours_gopt_nv2,0.013169,5.910e-08
SPMVCSV,/mnt/beegfs/ysu34/hamlib/dia_e2e/heis_16_5.txt,65536,31,1966082,557056,ours_gopt_s_nv1,0.011796,5.880e-08
SPMVCSV,/mnt/beegfs/ysu34/hamlib/dia_e2e/heis_16_5.txt,65536,31,1966082,557056,ours_auto_nv1,0.006021,5.752e-08
SPMVCSV,/mnt/beegfs/ysu34/hamlib/dia_e2e/heis_16_5.txt,65536,31,1966082,557056,ours_auto_nv2,0.006574,5.753e-08
SPMVCSV,/mnt/beegfs/ysu34/hamlib/dia_e2e/heis_16_5.txt,65536,31,1966082,557056,csr_zskip_nv1,0.006656,5.752e-08
SPMVCSV,/mnt/beegfs/ysu34/hamlib/dia_e2e/heis_16_5.txt,65536,31,1966082,557056,row_dense_nv1,0.007455,5.752e-08
SPMVCSV,/mnt/beegfs/ysu34/hamlib/dia_e2e/heis_16_5.txt,65536,31,1966082,557056,cusparse_csr,0.020603,5.736e-08
SPMVCSV,/mnt/beegfs/ysu34/hamlib/dia_e2e/heis_16_5.txt,65536,31,1966082,557056,diaq_fp64,0.028938,0.000e+00
SPMVCSV,/mnt/beegfs/ysu34/hamlib/dia_e2e/heis_16_5.txt,65536,31,1966082,557056,diaq_fp32,0.015176,6.107e-08
SPMVCSV,/mnt/beegfs/ysu34/hamlib/dia_e2e/heis_18_5.txt,262144,35,8912898,2490368,ours_didx_nv1,0.012308,6.059e-08
SPMVCSV,/mnt/beegfs/ysu34/hamlib/dia_e2e/heis_18_5.txt,262144,35,8912898,2490368,ours_didx_nv2,0.014131,6.090e-08
SPMVCSV,/mnt/beegfs/ysu34/hamlib/dia_e2e/heis_18_5.txt,262144,35,8912898,2490368,ours_gather_nv1,0.034918,6.059e-08
SPMVCSV,/mnt/beegfs/ysu34/hamlib/dia_e2e/heis_18_5.txt,262144,35,8912898,2490368,ours_gather_nv2,0.086405,6.090e-08
SPMVCSV,/mnt/beegfs/ysu34/hamlib/dia_e2e/heis_18_5.txt,262144,35,8912898,2490368,ours_gopt_nv1,0.016077,6.154e-08
SPMVCSV,/mnt/beegfs/ysu34/hamlib/dia_e2e/heis_18_5.txt,262144,35,8912898,2490368,ours_gopt_nv2,0.021135,6.165e-08
SPMVCSV,/mnt/beegfs/ysu34/hamlib/dia_e2e/heis_18_5.txt,262144,35,8912898,2490368,ours_gopt_s_nv1,0.016671,6.154e-08
SPMVCSV,/mnt/beegfs/ysu34/hamlib/dia_e2e/heis_18_5.txt,262144,35,8912898,2490368,ours_auto_nv1,0.012329,6.059e-08
SPMVCSV,/mnt/beegfs/ysu34/hamlib/dia_e2e/heis_18_5.txt,262144,35,8912898,2490368,ours_auto_nv2,0.014152,6.090e-08
SPMVCSV,/mnt/beegfs/ysu34/hamlib/dia_e2e/heis_18_5.txt,262144,35,8912898,2490368,csr_zskip_nv1,0.015217,6.059e-08
SPMVCSV,/mnt/beegfs/ysu34/hamlib/dia_e2e/heis_18_5.txt,262144,35,8912898,2490368,row_dense_nv1,0.030474,6.059e-08
SPMVCSV,/mnt/beegfs/ysu34/hamlib/dia_e2e/heis_18_5.txt,262144,35,8912898,2490368,cusparse_csr,0.035881,5.885e-08
SPMVCSV,/mnt/beegfs/ysu34/hamlib/dia_e2e/heis_18_5.txt,262144,35,8912898,2490368,diaq_fp64,0.113500,0.000e+00
SPMVCSV,/mnt/beegfs/ysu34/hamlib/dia_e2e/heis_18_5.txt,262144,35,8912898,2490368,diaq_fp32,0.068690,6.404e-08
SPMVCSV,/mnt/beegfs/ysu34/hamlib/dia_e2e/heis_20_5.txt,1048576,39,39845890,11010048,ours_didx_nv1,0.058245,6.365e-08
SPMVCSV,/mnt/beegfs/ysu34/hamlib/dia_e2e/heis_20_5.txt,1048576,39,39845890,11010048,ours_didx_nv2,0.067994,6.365e-08
SPMVCSV,/mnt/beegfs/ysu34/hamlib/dia_e2e/heis_20_5.txt,1048576,39,39845890,11010048,ours_gather_nv1,0.124969,6.365e-08
SPMVCSV,/mnt/beegfs/ysu34/hamlib/dia_e2e/heis_20_5.txt,1048576,39,39845890,11010048,ours_gather_nv2,0.217006,6.365e-08
SPMVCSV,/mnt/beegfs/ysu34/hamlib/dia_e2e/heis_20_5.txt,1048576,39,39845890,11010048,ours_gopt_nv1,0.080323,6.430e-08
SPMVCSV,/mnt/beegfs/ysu34/hamlib/dia_e2e/heis_20_5.txt,1048576,39,39845890,11010048,ours_gopt_nv2,0.090173,6.433e-08
SPMVCSV,/mnt/beegfs/ysu34/hamlib/dia_e2e/heis_20_5.txt,1048576,39,39845890,11010048,ours_gopt_s_nv1,0.085545,6.430e-08
SPMVCSV,/mnt/beegfs/ysu34/hamlib/dia_e2e/heis_20_5.txt,1048576,39,39845890,11010048,ours_auto_nv1,0.058348,6.365e-08
SPMVCSV,/mnt/beegfs/ysu34/hamlib/dia_e2e/heis_20_5.txt,1048576,39,39845890,11010048,ours_auto_nv2,0.067891,6.365e-08
SPMVCSV,/mnt/beegfs/ysu34/hamlib/dia_e2e/heis_20_5.txt,1048576,39,39845890,11010048,csr_zskip_nv1,0.082637,6.365e-08
SPMVCSV,/mnt/beegfs/ysu34/hamlib/dia_e2e/heis_20_5.txt,1048576,39,39845890,11010048,row_dense_nv1,0.117125,6.365e-08
SPMVCSV,/mnt/beegfs/ysu34/hamlib/dia_e2e/heis_20_5.txt,1048576,39,39845890,11010048,cusparse_csr,0.090583,6.013e-08
SPMVCSV,/mnt/beegfs/ysu34/hamlib/dia_e2e/heis_20_5.txt,1048576,39,39845890,11010048,diaq_fp64,0.456704,0.000e+00
SPMVCSV,/mnt/beegfs/ysu34/hamlib/dia_e2e/heis_20_5.txt,1048576,39,39845890,11010048,diaq_fp32,0.240067,6.666e-08
SPMVCSV,/mnt/beegfs/ysu34/hamlib/dia_e2e/heis_20_6.txt,1048576,39,39845890,11010048,ours_didx_nv1,0.058245,6.365e-08
SPMVCSV,/mnt/beegfs/ysu34/hamlib/dia_e2e/heis_20_6.txt,1048576,39,39845890,11010048,ours_didx_nv2,0.067461,6.365e-08
SPMVCSV,/mnt/beegfs/ysu34/hamlib/dia_e2e/heis_20_6.txt,1048576,39,39845890,11010048,ours_gather_nv1,0.124908,6.365e-08
SPMVCSV,/mnt/beegfs/ysu34/hamlib/dia_e2e/heis_20_6.txt,1048576,39,39845890,11010048,ours_gather_nv2,0.217231,6.365e-08
SPMVCSV,/mnt/beegfs/ysu34/hamlib/dia_e2e/heis_20_6.txt,1048576,39,39845890,11010048,ours_gopt_nv1,0.080712,6.430e-08
SPMVCSV,/mnt/beegfs/ysu34/hamlib/dia_e2e/heis_20_6.txt,1048576,39,39845890,11010048,ours_gopt_nv2,0.090624,6.433e-08
SPMVCSV,/mnt/beegfs/ysu34/hamlib/dia_e2e/heis_20_6.txt,1048576,39,39845890,11010048,ours_gopt_s_nv1,0.085422,6.430e-08
SPMVCSV,/mnt/beegfs/ysu34/hamlib/dia_e2e/heis_20_6.txt,1048576,39,39845890,11010048,ours_auto_nv1,0.058204,6.365e-08
SPMVCSV,/mnt/beegfs/ysu34/hamlib/dia_e2e/heis_20_6.txt,1048576,39,39845890,11010048,ours_auto_nv2,0.066560,6.365e-08
SPMVCSV,/mnt/beegfs/ysu34/hamlib/dia_e2e/heis_20_6.txt,1048576,39,39845890,11010048,csr_zskip_nv1,0.082514,6.365e-08
SPMVCSV,/mnt/beegfs/ysu34/hamlib/dia_e2e/heis_20_6.txt,1048576,39,39845890,11010048,row_dense_nv1,0.116859,6.365e-08
SPMVCSV,/mnt/beegfs/ysu34/hamlib/dia_e2e/heis_20_6.txt,1048576,39,39845890,11010048,cusparse_csr,0.090112,6.013e-08
SPMVCSV,/mnt/beegfs/ysu34/hamlib/dia_e2e/heis_20_6.txt,1048576,39,39845890,11010048,diaq_fp64,0.457196,0.000e+00
SPMVCSV,/mnt/beegfs/ysu34/hamlib/dia_e2e/heis_20_6.txt,1048576,39,39845890,11010048,diaq_fp32,0.239698,6.666e-08
SPMVCSV,/mnt/beegfs/ysu34/hamlib/dia_e2e/maxcut_16_5.txt,65536,1,65536,34596,ours_didx_nv1,0.003707,1.876e-08
SPMVCSV,/mnt/beegfs/ysu34/hamlib/dia_e2e/maxcut_16_5.txt,65536,1,65536,34596,ours_didx_nv2,0.003768,1.944e-08
SPMVCSV,/mnt/beegfs/ysu34/hamlib/dia_e2e/maxcut_16_5.txt,65536,1,65536,34596,ours_gather_nv1,0.003523,1.876e-08
SPMVCSV,/mnt/beegfs/ysu34/hamlib/dia_e2e/maxcut_16_5.txt,65536,1,65536,34596,ours_gather_nv2,0.003707,1.944e-08
SPMVCSV,/mnt/beegfs/ysu34/hamlib/dia_e2e/maxcut_16_5.txt,65536,1,65536,34596,ours_gopt_nv1,0.003748,1.876e-08
SPMVCSV,/mnt/beegfs/ysu34/hamlib/dia_e2e/maxcut_16_5.txt,65536,1,65536,34596,ours_gopt_nv2,0.003871,1.944e-08
SPMVCSV,/mnt/beegfs/ysu34/hamlib/dia_e2e/maxcut_16_5.txt,65536,1,65536,34596,ours_gopt_s_nv1,0.003748,1.876e-08
SPMVCSV,/mnt/beegfs/ysu34/hamlib/dia_e2e/maxcut_16_5.txt,65536,1,65536,34596,ours_auto_nv1,0.003502,1.876e-08
SPMVCSV,/mnt/beegfs/ysu34/hamlib/dia_e2e/maxcut_16_5.txt,65536,1,65536,34596,ours_auto_nv2,0.003686,1.944e-08
SPMVCSV,/mnt/beegfs/ysu34/hamlib/dia_e2e/maxcut_16_5.txt,65536,1,65536,34596,csr_zskip_nv1,0.003338,1.876e-08
SPMVCSV,/mnt/beegfs/ysu34/hamlib/dia_e2e/maxcut_16_5.txt,65536,1,65536,34596,row_dense_nv1,0.003256,1.876e-08
SPMVCSV,/mnt/beegfs/ysu34/hamlib/dia_e2e/maxcut_16_5.txt,65536,1,65536,34596,cusparse_csr,0.021852,1.876e-08
SPMVCSV,/mnt/beegfs/ysu34/hamlib/dia_e2e/maxcut_16_5.txt,65536,1,65536,34596,diaq_fp64,0.004096,0.000e+00
SPMVCSV,/mnt/beegfs/ysu34/hamlib/dia_e2e/maxcut_16_5.txt,65536,1,65536,34596,diaq_fp32,0.003768,1.923e-08
SPMVCSV,/mnt/beegfs/ysu34/hamlib/dia_e2e/maxcut_18_5.txt,262144,1,262144,262144,ours_didx_nv1,0.004608,2.561e-08
SPMVCSV,/mnt/beegfs/ysu34/hamlib/dia_e2e/maxcut_18_5.txt,262144,1,262144,262144,ours_didx_nv2,0.005140,2.584e-08
SPMVCSV,/mnt/beegfs/ysu34/hamlib/dia_e2e/maxcut_18_5.txt,262144,1,262144,262144,ours_gather_nv1,0.004096,2.561e-08
SPMVCSV,/mnt/beegfs/ysu34/hamlib/dia_e2e/maxcut_18_5.txt,262144,1,262144,262144,ours_gather_nv2,0.004936,2.584e-08
SPMVCSV,/mnt/beegfs/ysu34/hamlib/dia_e2e/maxcut_18_5.txt,262144,1,262144,262144,ours_gopt_nv1,0.004403,2.561e-08
SPMVCSV,/mnt/beegfs/ysu34/hamlib/dia_e2e/maxcut_18_5.txt,262144,1,262144,262144,ours_gopt_nv2,0.004874,2.584e-08
SPMVCSV,/mnt/beegfs/ysu34/hamlib/dia_e2e/maxcut_18_5.txt,262144,1,262144,262144,ours_gopt_s_nv1,0.004301,2.561e-08
SPMVCSV,/mnt/beegfs/ysu34/hamlib/dia_e2e/maxcut_18_5.txt,262144,1,262144,262144,ours_auto_nv1,0.004076,2.561e-08
SPMVCSV,/mnt/beegfs/ysu34/hamlib/dia_e2e/maxcut_18_5.txt,262144,1,262144,262144,ours_auto_nv2,0.005018,2.584e-08
SPMVCSV,/mnt/beegfs/ysu34/hamlib/dia_e2e/maxcut_18_5.txt,262144,1,262144,262144,csr_zskip_nv1,0.004342,2.561e-08
SPMVCSV,/mnt/beegfs/ysu34/hamlib/dia_e2e/maxcut_18_5.txt,262144,1,262144,262144,row_dense_nv1,0.003891,2.561e-08
SPMVCSV,/mnt/beegfs/ysu34/hamlib/dia_e2e/maxcut_18_5.txt,262144,1,262144,262144,cusparse_csr,0.021606,2.561e-08
SPMVCSV,/mnt/beegfs/ysu34/hamlib/dia_e2e/maxcut_18_5.txt,262144,1,262144,262144,diaq_fp64,0.006083,0.000e+00
SPMVCSV,/mnt/beegfs/ysu34/hamlib/dia_e2e/maxcut_18_5.txt,262144,1,262144,262144,diaq_fp32,0.004874,2.578e-08
SPMVCSV,/mnt/beegfs/ysu34/hamlib/dia_e2e/maxcut_20_5.txt,1048576,1,1048576,595984,ours_didx_nv1,0.008438,2.064e-08
SPMVCSV,/mnt/beegfs/ysu34/hamlib/dia_e2e/maxcut_20_5.txt,1048576,1,1048576,595984,ours_didx_nv2,0.010916,2.080e-08
SPMVCSV,/mnt/beegfs/ysu34/hamlib/dia_e2e/maxcut_20_5.txt,1048576,1,1048576,595984,ours_gather_nv1,0.006021,2.064e-08
SPMVCSV,/mnt/beegfs/ysu34/hamlib/dia_e2e/maxcut_20_5.txt,1048576,1,1048576,595984,ours_gather_nv2,0.009421,2.080e-08
SPMVCSV,/mnt/beegfs/ysu34/hamlib/dia_e2e/maxcut_20_5.txt,1048576,1,1048576,595984,ours_gopt_nv1,0.006533,2.064e-08
SPMVCSV,/mnt/beegfs/ysu34/hamlib/dia_e2e/maxcut_20_5.txt,1048576,1,1048576,595984,ours_gopt_nv2,0.008274,2.080e-08
SPMVCSV,/mnt/beegfs/ysu34/hamlib/dia_e2e/maxcut_20_5.txt,1048576,1,1048576,595984,ours_gopt_s_nv1,0.006062,2.064e-08
SPMVCSV,/mnt/beegfs/ysu34/hamlib/dia_e2e/maxcut_20_5.txt,1048576,1,1048576,595984,ours_auto_nv1,0.006021,2.064e-08
SPMVCSV,/mnt/beegfs/ysu34/hamlib/dia_e2e/maxcut_20_5.txt,1048576,1,1048576,595984,ours_auto_nv2,0.009482,2.080e-08
SPMVCSV,/mnt/beegfs/ysu34/hamlib/dia_e2e/maxcut_20_5.txt,1048576,1,1048576,595984,csr_zskip_nv1,0.008274,2.064e-08
SPMVCSV,/mnt/beegfs/ysu34/hamlib/dia_e2e/maxcut_20_5.txt,1048576,1,1048576,595984,row_dense_nv1,0.007004,2.064e-08
SPMVCSV,/mnt/beegfs/ysu34/hamlib/dia_e2e/maxcut_20_5.txt,1048576,1,1048576,595984,cusparse_csr,0.037827,2.064e-08
SPMVCSV,/mnt/beegfs/ysu34/hamlib/dia_e2e/maxcut_20_5.txt,1048576,1,1048576,595984,diaq_fp64,0.035082,0.000e+00
SPMVCSV,/mnt/beegfs/ysu34/hamlib/dia_e2e/maxcut_20_5.txt,1048576,1,1048576,595984,diaq_fp32,0.009871,2.084e-08
SPMVCSV,/mnt/beegfs/ysu34/hamlib/dia_e2e/O2c_16_5.txt,65536,1243,64895428,4830852,ours_didx_nv1,0.084316,1.217e-07
SPMVCSV,/mnt/beegfs/ysu34/hamlib/dia_e2e/O2c_16_5.txt,65536,1243,64895428,4830852,ours_didx_nv2,0.112292,1.217e-07
SPMVCSV,/mnt/beegfs/ysu34/hamlib/dia_e2e/O2c_16_5.txt,65536,1243,64895428,4830852,ours_gather_nv1,0.225751,1.217e-07
SPMVCSV,/mnt/beegfs/ysu34/hamlib/dia_e2e/O2c_16_5.txt,65536,1243,64895428,4830852,ours_gather_nv2,0.270049,1.217e-07
SPMVCSV,/mnt/beegfs/ysu34/hamlib/dia_e2e/O2c_16_5.txt,65536,1243,64895428,4830852,ours_gopt_nv1,0.355717,1.488e-07
SPMVCSV,/mnt/beegfs/ysu34/hamlib/dia_e2e/O2c_16_5.txt,65536,1243,64895428,4830852,ours_gopt_nv2,0.425861,1.497e-07
SPMVCSV,/mnt/beegfs/ysu34/hamlib/dia_e2e/O2c_16_5.txt,65536,1243,64895428,4830852,ours_gopt_s_nv1,0.438866,1.488e-07
SPMVCSV,/mnt/beegfs/ysu34/hamlib/dia_e2e/O2c_16_5.txt,65536,1243,64895428,4830852,ours_auto_nv1,0.084378,1.217e-07
SPMVCSV,/mnt/beegfs/ysu34/hamlib/dia_e2e/O2c_16_5.txt,65536,1243,64895428,4830852,ours_auto_nv2,0.112230,1.217e-07
SPMVCSV,/mnt/beegfs/ysu34/hamlib/dia_e2e/O2c_16_5.txt,65536,1243,64895428,4830852,csr_zskip_nv1,0.063263,1.217e-07
SPMVCSV,/mnt/beegfs/ysu34/hamlib/dia_e2e/O2c_16_5.txt,65536,1243,64895428,4830852,row_dense_nv1,0.266199,1.217e-07
SPMVCSV,/mnt/beegfs/ysu34/hamlib/dia_e2e/O2c_16_5.txt,65536,1243,64895428,4830852,cusparse_csr,0.053658,7.023e-08
SPMVCSV,/mnt/beegfs/ysu34/hamlib/dia_e2e/O2c_16_5.txt,65536,1243,64895428,4830852,diaq_fp64,0.989635,0.000e+00
SPMVCSV,/mnt/beegfs/ysu34/hamlib/dia_e2e/O2c_16_5.txt,65536,1243,64895428,4830852,diaq_fp32,0.859935,1.248e-07
SPMVCSV,/mnt/beegfs/ysu34/hamlib/dia_e2e/O2c_20_5.txt,1048576,3359,2885216396,205269418,ours_didx_nv1,4.754493,2.061e-07
SPMVCSV,/mnt/beegfs/ysu34/hamlib/dia_e2e/O2c_20_5.txt,1048576,3359,2885216396,205269418,ours_didx_nv2,6.881485,2.062e-07
SPMVCSV,/mnt/beegfs/ysu34/hamlib/dia_e2e/O2c_20_5.txt,1048576,3359,2885216396,205269418,ours_gather_nv1,8.437166,2.061e-07
SPMVCSV,/mnt/beegfs/ysu34/hamlib/dia_e2e/O2c_20_5.txt,1048576,3359,2885216396,205269418,ours_gather_nv2,14.575391,2.062e-07
SPMVCSV,/mnt/beegfs/ysu34/hamlib/dia_e2e/O2c_20_5.txt,1048576,3359,2885216396,205269418,ours_gopt_nv1,2.851266,2.426e-07
SPMVCSV,/mnt/beegfs/ysu34/hamlib/dia_e2e/O2c_20_5.txt,1048576,3359,2885216396,205269418,ours_gopt_nv2,3.340104,2.426e-07
SPMVCSV,/mnt/beegfs/ysu34/hamlib/dia_e2e/O2c_20_5.txt,1048576,3359,2885216396,205269418,ours_gopt_s_nv1,3.188040,2.426e-07
SPMVCSV,/mnt/beegfs/ysu34/hamlib/dia_e2e/O2c_20_5.txt,1048576,3359,2885216396,205269418,ours_auto_nv1,2.854748,2.426e-07
SPMVCSV,/mnt/beegfs/ysu34/hamlib/dia_e2e/O2c_20_5.txt,1048576,3359,2885216396,205269418,ours_auto_nv2,3.340575,2.426e-07
SPMVCSV,/mnt/beegfs/ysu34/hamlib/dia_e2e/O2c_20_5.txt,1048576,3359,2885216396,205269418,csr_zskip_nv1,3.300004,2.061e-07
SPMVCSV,/mnt/beegfs/ysu34/hamlib/dia_e2e/O2c_20_5.txt,1048576,3359,2885216396,205269418,row_dense_nv1,7.741133,2.061e-07
SPMVCSV,/mnt/beegfs/ysu34/hamlib/dia_e2e/O2c_20_5.txt,1048576,3359,2885216396,205269418,cusparse_csr,1.521541,7.921e-08
SPMVCSV,/mnt/beegfs/ysu34/hamlib/dia_e2e/O2c_20_5.txt,1048576,3359,2885216396,205269418,diaq_fp64,30.541515,0.000e+00
SPMVCSV,/mnt/beegfs/ysu34/hamlib/dia_e2e/O2c_20_5.txt,1048576,3359,2885216396,205269418,diaq_fp32,16.362988,2.080e-07
SPMVCSV,/mnt/beegfs/ysu34/hamlib/dia_e2e/qmaxcut_16_4.txt,65536,31,1114110,557056,ours_didx_nv1,0.006287,5.857e-08
SPMVCSV,/mnt/beegfs/ysu34/hamlib/dia_e2e/qmaxcut_16_4.txt,65536,31,1114110,557056,ours_didx_nv2,0.006779,5.857e-08
SPMVCSV,/mnt/beegfs/ysu34/hamlib/dia_e2e/qmaxcut_16_4.txt,65536,31,1114110,557056,ours_gather_nv1,0.007291,5.857e-08
SPMVCSV,/mnt/beegfs/ysu34/hamlib/dia_e2e/qmaxcut_16_4.txt,65536,31,1114110,557056,ours_gather_nv2,0.008151,5.857e-08
SPMVCSV,/mnt/beegfs/ysu34/hamlib/dia_e2e/qmaxcut_16_4.txt,65536,31,1114110,557056,ours_gopt_nv1,0.008192,5.881e-08
SPMVCSV,/mnt/beegfs/ysu34/hamlib/dia_e2e/qmaxcut_16_4.txt,65536,31,1114110,557056,ours_gopt_nv2,0.009933,5.881e-08
SPMVCSV,/mnt/beegfs/ysu34/hamlib/dia_e2e/qmaxcut_16_4.txt,65536,31,1114110,557056,ours_gopt_s_nv1,0.009032,5.881e-08
SPMVCSV,/mnt/beegfs/ysu34/hamlib/dia_e2e/qmaxcut_16_4.txt,65536,31,1114110,557056,ours_auto_nv1,0.006205,5.857e-08
SPMVCSV,/mnt/beegfs/ysu34/hamlib/dia_e2e/qmaxcut_16_4.txt,65536,31,1114110,557056,ours_auto_nv2,0.006758,5.857e-08
SPMVCSV,/mnt/beegfs/ysu34/hamlib/dia_e2e/qmaxcut_16_4.txt,65536,31,1114110,557056,csr_zskip_nv1,0.006779,5.857e-08
SPMVCSV,/mnt/beegfs/ysu34/hamlib/dia_e2e/qmaxcut_16_4.txt,65536,31,1114110,557056,row_dense_nv1,0.006861,5.857e-08
SPMVCSV,/mnt/beegfs/ysu34/hamlib/dia_e2e/qmaxcut_16_4.txt,65536,31,1114110,557056,cusparse_csr,0.020972,5.268e-08
SPMVCSV,/mnt/beegfs/ysu34/hamlib/dia_e2e/qmaxcut_16_4.txt,65536,31,1114110,557056,diaq_fp64,0.015667,0.000e+00
SPMVCSV,/mnt/beegfs/ysu34/hamlib/dia_e2e/qmaxcut_16_4.txt,65536,31,1114110,557056,diaq_fp32,0.013742,5.978e-08
SPMVCSV,/mnt/beegfs/ysu34/hamlib/dia_e2e/qmaxcut_18_4.txt,262144,35,4980734,2490368,ours_didx_nv1,0.012595,6.216e-08
SPMVCSV,/mnt/beegfs/ysu34/hamlib/dia_e2e/qmaxcut_18_4.txt,262144,35,4980734,2490368,ours_didx_nv2,0.014356,6.217e-08
SPMVCSV,/mnt/beegfs/ysu34/hamlib/dia_e2e/qmaxcut_18_4.txt,262144,35,4980734,2490368,ours_gather_nv1,0.017019,6.216e-08
SPMVCSV,/mnt/beegfs/ysu34/hamlib/dia_e2e/qmaxcut_18_4.txt,262144,35,4980734,2490368,ours_gather_nv2,0.032399,6.217e-08
SPMVCSV,/mnt/beegfs/ysu34/hamlib/dia_e2e/qmaxcut_18_4.txt,262144,35,4980734,2490368,ours_gopt_nv1,0.010486,6.226e-08
SPMVCSV,/mnt/beegfs/ysu34/hamlib/dia_e2e/qmaxcut_18_4.txt,262144,35,4980734,2490368,ours_gopt_nv2,0.013578,6.228e-08
SPMVCSV,/mnt/beegfs/ysu34/hamlib/dia_e2e/qmaxcut_18_4.txt,262144,35,4980734,2490368,ours_gopt_s_nv1,0.010609,6.226e-08
SPMVCSV,/mnt/beegfs/ysu34/hamlib/dia_e2e/qmaxcut_18_4.txt,262144,35,4980734,2490368,ours_auto_nv1,0.012595,6.216e-08
SPMVCSV,/mnt/beegfs/ysu34/hamlib/dia_e2e/qmaxcut_18_4.txt,262144,35,4980734,2490368,ours_auto_nv2,0.014397,6.217e-08
SPMVCSV,/mnt/beegfs/ysu34/hamlib/dia_e2e/qmaxcut_18_4.txt,262144,35,4980734,2490368,csr_zskip_nv1,0.015585,6.216e-08
SPMVCSV,/mnt/beegfs/ysu34/hamlib/dia_e2e/qmaxcut_18_4.txt,262144,35,4980734,2490368,row_dense_nv1,0.015831,6.216e-08
SPMVCSV,/mnt/beegfs/ysu34/hamlib/dia_e2e/qmaxcut_18_4.txt,262144,35,4980734,2490368,cusparse_csr,0.036966,5.465e-08
SPMVCSV,/mnt/beegfs/ysu34/hamlib/dia_e2e/qmaxcut_18_4.txt,262144,35,4980734,2490368,diaq_fp64,0.068956,0.000e+00
SPMVCSV,/mnt/beegfs/ysu34/hamlib/dia_e2e/qmaxcut_18_4.txt,262144,35,4980734,2490368,diaq_fp32,0.043397,6.332e-08
SPMVCSV,/mnt/beegfs/ysu34/hamlib/dia_e2e/qmaxcut_20_4.txt,1048576,39,22020094,11010048,ours_didx_nv1,0.061194,6.498e-08
SPMVCSV,/mnt/beegfs/ysu34/hamlib/dia_e2e/qmaxcut_20_4.txt,1048576,39,22020094,11010048,ours_didx_nv2,0.072028,6.513e-08
SPMVCSV,/mnt/beegfs/ysu34/hamlib/dia_e2e/qmaxcut_20_4.txt,1048576,39,22020094,11010048,ours_gather_nv1,0.081080,6.498e-08
SPMVCSV,/mnt/beegfs/ysu34/hamlib/dia_e2e/qmaxcut_20_4.txt,1048576,39,22020094,11010048,ours_gather_nv2,0.141312,6.513e-08
SPMVCSV,/mnt/beegfs/ysu34/hamlib/dia_e2e/qmaxcut_20_4.txt,1048576,39,22020094,11010048,ours_gopt_nv1,0.054764,6.501e-08
SPMVCSV,/mnt/beegfs/ysu34/hamlib/dia_e2e/qmaxcut_20_4.txt,1048576,39,22020094,11010048,ours_gopt_nv2,0.061501,6.517e-08
SPMVCSV,/mnt/beegfs/ysu34/hamlib/dia_e2e/qmaxcut_20_4.txt,1048576,39,22020094,11010048,ours_gopt_s_nv1,0.057610,6.501e-08
SPMVCSV,/mnt/beegfs/ysu34/hamlib/dia_e2e/qmaxcut_20_4.txt,1048576,39,22020094,11010048,ours_auto_nv1,0.061358,6.498e-08
SPMVCSV,/mnt/beegfs/ysu34/hamlib/dia_e2e/qmaxcut_20_4.txt,1048576,39,22020094,11010048,ours_auto_nv2,0.072233,6.513e-08
SPMVCSV,/mnt/beegfs/ysu34/hamlib/dia_e2e/qmaxcut_20_4.txt,1048576,39,22020094,11010048,csr_zskip_nv1,0.085320,6.498e-08
SPMVCSV,/mnt/beegfs/ysu34/hamlib/dia_e2e/qmaxcut_20_4.txt,1048576,39,22020094,11010048,row_dense_nv1,0.074834,6.498e-08
SPMVCSV,/mnt/beegfs/ysu34/hamlib/dia_e2e/qmaxcut_20_4.txt,1048576,39,22020094,11010048,cusparse_csr,0.091873,5.598e-08
SPMVCSV,/mnt/beegfs/ysu34/hamlib/dia_e2e/qmaxcut_20_4.txt,1048576,39,22020094,11010048,diaq_fp64,0.286003,0.000e+00
SPMVCSV,/mnt/beegfs/ysu34/hamlib/dia_e2e/qmaxcut_20_4.txt,1048576,39,22020094,11010048,diaq_fp32,0.154092,6.615e-08
SPMVCSV,/mnt/beegfs/ysu34/hamlib/dia_e2e/qmaxcutC_18_4.txt,262144,73,17825808,4912412,ours_didx_nv1,0.026173,8.373e-08
SPMVCSV,/mnt/beegfs/ysu34/hamlib/dia_e2e/qmaxcutC_18_4.txt,262144,73,17825808,4912412,ours_didx_nv2,0.032031,8.392e-08
SPMVCSV,/mnt/beegfs/ysu34/hamlib/dia_e2e/qmaxcutC_18_4.txt,262144,73,17825808,4912412,ours_gather_nv1,0.066478,8.373e-08
SPMVCSV,/mnt/beegfs/ysu34/hamlib/dia_e2e/qmaxcutC_18_4.txt,262144,73,17825808,4912412,ours_gather_nv2,0.170250,8.392e-08
SPMVCSV,/mnt/beegfs/ysu34/hamlib/dia_e2e/qmaxcutC_18_4.txt,262144,73,17825808,4912412,ours_gopt_nv1,0.046203,8.488e-08
SPMVCSV,/mnt/beegfs/ysu34/hamlib/dia_e2e/qmaxcutC_18_4.txt,262144,73,17825808,4912412,ours_gopt_nv2,0.053862,8.501e-08
SPMVCSV,/mnt/beegfs/ysu34/hamlib/dia_e2e/qmaxcutC_18_4.txt,262144,73,17825808,4912412,ours_gopt_s_nv1,0.053002,8.488e-08
SPMVCSV,/mnt/beegfs/ysu34/hamlib/dia_e2e/qmaxcutC_18_4.txt,262144,73,17825808,4912412,ours_auto_nv1,0.026276,8.373e-08
SPMVCSV,/mnt/beegfs/ysu34/hamlib/dia_e2e/qmaxcutC_18_4.txt,262144,73,17825808,4912412,ours_auto_nv2,0.032072,8.392e-08
SPMVCSV,/mnt/beegfs/ysu34/hamlib/dia_e2e/qmaxcutC_18_4.txt,262144,73,17825808,4912412,csr_zskip_nv1,0.049172,8.373e-08
SPMVCSV,/mnt/beegfs/ysu34/hamlib/dia_e2e/qmaxcutC_18_4.txt,262144,73,17825808,4912412,row_dense_nv1,0.057631,8.373e-08
SPMVCSV,/mnt/beegfs/ysu34/hamlib/dia_e2e/qmaxcutC_18_4.txt,262144,73,17825808,4912412,cusparse_csr,0.057242,6.351e-08
SPMVCSV,/mnt/beegfs/ysu34/hamlib/dia_e2e/qmaxcutC_18_4.txt,262144,73,17825808,4912412,diaq_fp64,0.215409,0.000e+00
SPMVCSV,/mnt/beegfs/ysu34/hamlib/dia_e2e/qmaxcutC_18_4.txt,262144,73,17825808,4912412,diaq_fp32,0.133755,8.419e-08
SPMVCSV,/mnt/beegfs/ysu34/hamlib/dia_e2e/qmaxcutK_18_4.txt,262144,19,4879506,1441792,ours_didx_nv1,0.008827,4.660e-08
SPMVCSV,/mnt/beegfs/ysu34/hamlib/dia_e2e/qmaxcutK_18_4.txt,262144,19,4879506,1441792,ours_didx_nv2,0.010015,4.679e-08
SPMVCSV,/mnt/beegfs/ysu34/hamlib/dia_e2e/qmaxcutK_18_4.txt,262144,19,4879506,1441792,ours_gather_nv1,0.012063,4.660e-08
SPMVCSV,/mnt/beegfs/ysu34/hamlib/dia_e2e/qmaxcutK_18_4.txt,262144,19,4879506,1441792,ours_gather_nv2,0.022589,4.679e-08
SPMVCSV,/mnt/beegfs/ysu34/hamlib/dia_e2e/qmaxcutK_18_4.txt,262144,19,4879506,1441792,ours_gopt_nv1,0.011919,4.671e-08
SPMVCSV,/mnt/beegfs/ysu34/hamlib/dia_e2e/qmaxcutK_18_4.txt,262144,19,4879506,1441792,ours_gopt_nv2,0.015933,4.686e-08
SPMVCSV,/mnt/beegfs/ysu34/hamlib/dia_e2e/qmaxcutK_18_4.txt,262144,19,4879506,1441792,ours_gopt_s_nv1,0.011366,4.671e-08
SPMVCSV,/mnt/beegfs/ysu34/hamlib/dia_e2e/qmaxcutK_18_4.txt,262144,19,4879506,1441792,ours_auto_nv1,0.008806,4.660e-08
SPMVCSV,/mnt/beegfs/ysu34/hamlib/dia_e2e/qmaxcutK_18_4.txt,262144,19,4879506,1441792,ours_auto_nv2,0.010097,4.679e-08
SPMVCSV,/mnt/beegfs/ysu34/hamlib/dia_e2e/qmaxcutK_18_4.txt,262144,19,4879506,1441792,csr_zskip_nv1,0.009933,4.660e-08
SPMVCSV,/mnt/beegfs/ysu34/hamlib/dia_e2e/qmaxcutK_18_4.txt,262144,19,4879506,1441792,row_dense_nv1,0.011715,4.660e-08
SPMVCSV,/mnt/beegfs/ysu34/hamlib/dia_e2e/qmaxcutK_18_4.txt,262144,19,4879506,1441792,cusparse_csr,0.031293,4.636e-08
SPMVCSV,/mnt/beegfs/ysu34/hamlib/dia_e2e/qmaxcutK_18_4.txt,262144,19,4879506,1441792,diaq_fp64,0.067154,0.000e+00
SPMVCSV,/mnt/beegfs/ysu34/hamlib/dia_e2e/qmaxcutK_18_4.txt,262144,19,4879506,1441792,diaq_fp32,0.040960,4.865e-08
SPMVCSV,/mnt/beegfs/ysu34/hamlib/dia_e2e/qmaxcutR_18_3.txt,262144,9,2334730,688128,ours_didx_nv1,0.006902,2.761e-08
SPMVCSV,/mnt/beegfs/ysu34/hamlib/dia_e2e/qmaxcutR_18_3.txt,262144,9,2334730,688128,ours_didx_nv2,0.007864,2.767e-08
SPMVCSV,/mnt/beegfs/ysu34/hamlib/dia_e2e/qmaxcutR_18_3.txt,262144,9,2334730,688128,ours_gather_nv1,0.008090,2.761e-08
SPMVCSV,/mnt/beegfs/ysu34/hamlib/dia_e2e/qmaxcutR_18_3.txt,262144,9,2334730,688128,ours_gather_nv2,0.012964,2.767e-08
SPMVCSV,/mnt/beegfs/ysu34/hamlib/dia_e2e/qmaxcutR_18_3.txt,262144,9,2334730,688128,ours_gopt_nv1,0.006840,2.765e-08
SPMVCSV,/mnt/beegfs/ysu34/hamlib/dia_e2e/qmaxcutR_18_3.txt,262144,9,2334730,688128,ours_gopt_nv2,0.008274,2.783e-08
SPMVCSV,/mnt/beegfs/ysu34/hamlib/dia_e2e/qmaxcutR_18_3.txt,262144,9,2334730,688128,ours_gopt_s_nv1,0.006574,2.765e-08
SPMVCSV,/mnt/beegfs/ysu34/hamlib/dia_e2e/qmaxcutR_18_3.txt,262144,9,2334730,688128,ours_auto_nv1,0.006902,2.761e-08
SPMVCSV,/mnt/beegfs/ysu34/hamlib/dia_e2e/qmaxcutR_18_3.txt,262144,9,2334730,688128,ours_auto_nv2,0.007864,2.767e-08
SPMVCSV,/mnt/beegfs/ysu34/hamlib/dia_e2e/qmaxcutR_18_3.txt,262144,9,2334730,688128,csr_zskip_nv1,0.006881,2.761e-08
SPMVCSV,/mnt/beegfs/ysu34/hamlib/dia_e2e/qmaxcutR_18_3.txt,262144,9,2334730,688128,row_dense_nv1,0.007700,2.761e-08
SPMVCSV,/mnt/beegfs/ysu34/hamlib/dia_e2e/qmaxcutR_18_3.txt,262144,9,2334730,688128,cusparse_csr,0.023839,2.721e-08
SPMVCSV,/mnt/beegfs/ysu34/hamlib/dia_e2e/qmaxcutR_18_3.txt,262144,9,2334730,688128,diaq_fp64,0.036946,0.000e+00
SPMVCSV,/mnt/beegfs/ysu34/hamlib/dia_e2e/qmaxcutR_18_3.txt,262144,9,2334730,688128,diaq_fp32,0.013865,2.768e-08
SPMVCSV,/mnt/beegfs/ysu34/hamlib/dia_e2e/tfim_16_4.txt,65536,33,2031618,1114112,ours_didx_nv1,0.007229,8.047e-08
SPMVCSV,/mnt/beegfs/ysu34/hamlib/dia_e2e/tfim_16_4.txt,65536,33,2031618,1114112,ours_didx_nv2,0.007762,8.047e-08
SPMVCSV,/mnt/beegfs/ysu34/hamlib/dia_e2e/tfim_16_4.txt,65536,33,2031618,1114112,ours_gather_nv1,0.007578,8.047e-08
SPMVCSV,/mnt/beegfs/ysu34/hamlib/dia_e2e/tfim_16_4.txt,65536,33,2031618,1114112,ours_gather_nv2,0.008950,8.047e-08
SPMVCSV,/mnt/beegfs/ysu34/hamlib/dia_e2e/tfim_16_4.txt,65536,33,2031618,1114112,ours_gopt_nv1,0.012329,8.065e-08
SPMVCSV,/mnt/beegfs/ysu34/hamlib/dia_e2e/tfim_16_4.txt,65536,33,2031618,1114112,ours_gopt_nv2,0.015258,8.065e-08
SPMVCSV,/mnt/beegfs/ysu34/hamlib/dia_e2e/tfim_16_4.txt,65536,33,2031618,1114112,ours_gopt_s_nv1,0.013578,8.065e-08
SPMVCSV,/mnt/beegfs/ysu34/hamlib/dia_e2e/tfim_16_4.txt,65536,33,2031618,1114112,ours_auto_nv1,0.007250,8.047e-08
SPMVCSV,/mnt/beegfs/ysu34/hamlib/dia_e2e/tfim_16_4.txt,65536,33,2031618,1114112,ours_auto_nv2,0.007803,8.047e-08
SPMVCSV,/mnt/beegfs/ysu34/hamlib/dia_e2e/tfim_16_4.txt,65536,33,2031618,1114112,csr_zskip_nv1,0.007721,8.047e-08
SPMVCSV,/mnt/beegfs/ysu34/hamlib/dia_e2e/tfim_16_4.txt,65536,33,2031618,1114112,row_dense_nv1,0.007352,8.047e-08
SPMVCSV,/mnt/beegfs/ysu34/hamlib/dia_e2e/tfim_16_4.txt,65536,33,2031618,1114112,cusparse_csr,0.028262,6.603e-08
SPMVCSV,/mnt/beegfs/ysu34/hamlib/dia_e2e/tfim_16_4.txt,65536,33,2031618,1114112,diaq_fp64,0.030945,0.000e+00
SPMVCSV,/mnt/beegfs/ysu34/hamlib/dia_e2e/tfim_16_4.txt,65536,33,2031618,1114112,diaq_fp32,0.015626,8.243e-08
SPMVCSV,/mnt/beegfs/ysu34/hamlib/dia_e2e/tfim_16_5.txt,65536,33,2031618,1114112,ours_didx_nv1,0.007311,8.047e-08
SPMVCSV,/mnt/beegfs/ysu34/hamlib/dia_e2e/tfim_16_5.txt,65536,33,2031618,1114112,ours_didx_nv2,0.007926,8.047e-08
SPMVCSV,/mnt/beegfs/ysu34/hamlib/dia_e2e/tfim_16_5.txt,65536,33,2031618,1114112,ours_gather_nv1,0.007639,8.047e-08
SPMVCSV,/mnt/beegfs/ysu34/hamlib/dia_e2e/tfim_16_5.txt,65536,33,2031618,1114112,ours_gather_nv2,0.009032,8.047e-08
SPMVCSV,/mnt/beegfs/ysu34/hamlib/dia_e2e/tfim_16_5.txt,65536,33,2031618,1114112,ours_gopt_nv1,0.012390,8.065e-08
SPMVCSV,/mnt/beegfs/ysu34/hamlib/dia_e2e/tfim_16_5.txt,65536,33,2031618,1114112,ours_gopt_nv2,0.015360,8.065e-08
SPMVCSV,/mnt/beegfs/ysu34/hamlib/dia_e2e/tfim_16_5.txt,65536,33,2031618,1114112,ours_gopt_s_nv1,0.013681,8.065e-08
SPMVCSV,/mnt/beegfs/ysu34/hamlib/dia_e2e/tfim_16_5.txt,65536,33,2031618,1114112,ours_auto_nv1,0.007332,8.047e-08
SPMVCSV,/mnt/beegfs/ysu34/hamlib/dia_e2e/tfim_16_5.txt,65536,33,2031618,1114112,ours_auto_nv2,0.007885,8.047e-08
SPMVCSV,/mnt/beegfs/ysu34/hamlib/dia_e2e/tfim_16_5.txt,65536,33,2031618,1114112,csr_zskip_nv1,0.007803,8.047e-08
SPMVCSV,/mnt/beegfs/ysu34/hamlib/dia_e2e/tfim_16_5.txt,65536,33,2031618,1114112,row_dense_nv1,0.007393,8.047e-08
SPMVCSV,/mnt/beegfs/ysu34/hamlib/dia_e2e/tfim_16_5.txt,65536,33,2031618,1114112,cusparse_csr,0.028733,6.603e-08
SPMVCSV,/mnt/beegfs/ysu34/hamlib/dia_e2e/tfim_16_5.txt,65536,33,2031618,1114112,diaq_fp64,0.032788,0.000e+00
SPMVCSV,/mnt/beegfs/ysu34/hamlib/dia_e2e/tfim_16_5.txt,65536,33,2031618,1114112,diaq_fp32,0.015667,8.243e-08
SPMVCSV,/mnt/beegfs/ysu34/hamlib/dia_e2e/tfim_18_4.txt,262144,37,9175042,4980736,ours_didx_nv1,0.021975,8.435e-08
SPMVCSV,/mnt/beegfs/ysu34/hamlib/dia_e2e/tfim_18_4.txt,262144,37,9175042,4980736,ours_didx_nv2,0.024556,8.435e-08
SPMVCSV,/mnt/beegfs/ysu34/hamlib/dia_e2e/tfim_18_4.txt,262144,37,9175042,4980736,ours_gather_nv1,0.036495,8.435e-08
SPMVCSV,/mnt/beegfs/ysu34/hamlib/dia_e2e/tfim_18_4.txt,262144,37,9175042,4980736,ours_gather_nv2,0.089661,8.435e-08
SPMVCSV,/mnt/beegfs/ysu34/hamlib/dia_e2e/tfim_18_4.txt,262144,37,9175042,4980736,ours_gopt_nv1,0.025457,8.445e-08
SPMVCSV,/mnt/beegfs/ysu34/hamlib/dia_e2e/tfim_18_4.txt,262144,37,9175042,4980736,ours_gopt_nv2,0.031846,8.445e-08
SPMVCSV,/mnt/beegfs/ysu34/hamlib/dia_e2e/tfim_18_4.txt,262144,37,9175042,4980736,ours_gopt_s_nv1,0.028938,8.445e-08
SPMVCSV,/mnt/beegfs/ysu34/hamlib/dia_e2e/tfim_18_4.txt,262144,37,9175042,4980736,ours_auto_nv1,0.021955,8.435e-08
SPMVCSV,/mnt/beegfs/ysu34/hamlib/dia_e2e/tfim_18_4.txt,262144,37,9175042,4980736,ours_auto_nv2,0.024596,8.435e-08
SPMVCSV,/mnt/beegfs/ysu34/hamlib/dia_e2e/tfim_18_4.txt,262144,37,9175042,4980736,csr_zskip_nv1,0.059290,8.435e-08
SPMVCSV,/mnt/beegfs/ysu34/hamlib/dia_e2e/tfim_18_4.txt,262144,37,9175042,4980736,row_dense_nv1,0.031396,8.435e-08
SPMVCSV,/mnt/beegfs/ysu34/hamlib/dia_e2e/tfim_18_4.txt,262144,37,9175042,4980736,cusparse_csr,0.057815,6.651e-08
SPMVCSV,/mnt/beegfs/ysu34/hamlib/dia_e2e/tfim_18_4.txt,262144,37,9175042,4980736,diaq_fp64,0.116716,0.000e+00
SPMVCSV,/mnt/beegfs/ysu34/hamlib/dia_e2e/tfim_18_4.txt,262144,37,9175042,4980736,diaq_fp32,0.070431,8.681e-08
SPMVCSV,/mnt/beegfs/ysu34/hamlib/dia_e2e/tfim_18_5.txt,262144,37,9175042,4980736,ours_didx_nv1,0.022016,8.435e-08
SPMVCSV,/mnt/beegfs/ysu34/hamlib/dia_e2e/tfim_18_5.txt,262144,37,9175042,4980736,ours_didx_nv2,0.024596,8.435e-08
SPMVCSV,/mnt/beegfs/ysu34/hamlib/dia_e2e/tfim_18_5.txt,262144,37,9175042,4980736,ours_gather_nv1,0.036495,8.435e-08
SPMVCSV,/mnt/beegfs/ysu34/hamlib/dia_e2e/tfim_18_5.txt,262144,37,9175042,4980736,ours_gather_nv2,0.089743,8.435e-08
SPMVCSV,/mnt/beegfs/ysu34/hamlib/dia_e2e/tfim_18_5.txt,262144,37,9175042,4980736,ours_gopt_nv1,0.025498,8.445e-08
SPMVCSV,/mnt/beegfs/ysu34/hamlib/dia_e2e/tfim_18_5.txt,262144,37,9175042,4980736,ours_gopt_nv2,0.031949,8.445e-08
SPMVCSV,/mnt/beegfs/ysu34/hamlib/dia_e2e/tfim_18_5.txt,262144,37,9175042,4980736,ours_gopt_s_nv1,0.028979,8.445e-08
SPMVCSV,/mnt/beegfs/ysu34/hamlib/dia_e2e/tfim_18_5.txt,262144,37,9175042,4980736,ours_auto_nv1,0.022036,8.435e-08
SPMVCSV,/mnt/beegfs/ysu34/hamlib/dia_e2e/tfim_18_5.txt,262144,37,9175042,4980736,ours_auto_nv2,0.024617,8.435e-08
SPMVCSV,/mnt/beegfs/ysu34/hamlib/dia_e2e/tfim_18_5.txt,262144,37,9175042,4980736,csr_zskip_nv1,0.059761,8.435e-08
SPMVCSV,/mnt/beegfs/ysu34/hamlib/dia_e2e/tfim_18_5.txt,262144,37,9175042,4980736,row_dense_nv1,0.031314,8.435e-08
SPMVCSV,/mnt/beegfs/ysu34/hamlib/dia_e2e/tfim_18_5.txt,262144,37,9175042,4980736,cusparse_csr,0.058225,6.651e-08
SPMVCSV,/mnt/beegfs/ysu34/hamlib/dia_e2e/tfim_18_5.txt,262144,37,9175042,4980736,diaq_fp64,0.117043,0.000e+00
SPMVCSV,/mnt/beegfs/ysu34/hamlib/dia_e2e/tfim_18_5.txt,262144,37,9175042,4980736,diaq_fp32,0.070533,8.681e-08
SPMVCSV,/mnt/beegfs/ysu34/hamlib/dia_e2e/tfim_20_5.txt,1048576,41,40894466,22020096,ours_didx_nv1,0.106455,8.817e-08
SPMVCSV,/mnt/beegfs/ysu34/hamlib/dia_e2e/tfim_20_5.txt,1048576,41,40894466,22020096,ours_didx_nv2,0.120709,8.817e-08
SPMVCSV,/mnt/beegfs/ysu34/hamlib/dia_e2e/tfim_20_5.txt,1048576,41,40894466,22020096,ours_gather_nv1,0.127918,8.817e-08
SPMVCSV,/mnt/beegfs/ysu34/hamlib/dia_e2e/tfim_20_5.txt,1048576,41,40894466,22020096,ours_gather_nv2,0.223437,8.817e-08
SPMVCSV,/mnt/beegfs/ysu34/hamlib/dia_e2e/tfim_20_5.txt,1048576,41,40894466,22020096,ours_gopt_nv1,0.098017,8.821e-08
SPMVCSV,/mnt/beegfs/ysu34/hamlib/dia_e2e/tfim_20_5.txt,1048576,41,40894466,22020096,ours_gopt_nv2,0.108073,8.821e-08
SPMVCSV,/mnt/beegfs/ysu34/hamlib/dia_e2e/tfim_20_5.txt,1048576,41,40894466,22020096,ours_gopt_s_nv1,0.106803,8.821e-08
SPMVCSV,/mnt/beegfs/ysu34/hamlib/dia_e2e/tfim_20_5.txt,1048576,41,40894466,22020096,ours_auto_nv1,0.106619,8.817e-08
SPMVCSV,/mnt/beegfs/ysu34/hamlib/dia_e2e/tfim_20_5.txt,1048576,41,40894466,22020096,ours_auto_nv2,0.120873,8.817e-08
SPMVCSV,/mnt/beegfs/ysu34/hamlib/dia_e2e/tfim_20_5.txt,1048576,41,40894466,22020096,csr_zskip_nv1,0.166543,8.817e-08
SPMVCSV,/mnt/beegfs/ysu34/hamlib/dia_e2e/tfim_20_5.txt,1048576,41,40894466,22020096,row_dense_nv1,0.122696,8.817e-08
SPMVCSV,/mnt/beegfs/ysu34/hamlib/dia_e2e/tfim_20_5.txt,1048576,41,40894466,22020096,cusparse_csr,0.167035,6.758e-08
SPMVCSV,/mnt/beegfs/ysu34/hamlib/dia_e2e/tfim_20_5.txt,1048576,41,40894466,22020096,diaq_fp64,0.476078,0.000e+00
SPMVCSV,/mnt/beegfs/ysu34/hamlib/dia_e2e/tfim_20_5.txt,1048576,41,40894466,22020096,diaq_fp32,0.249897,9.037e-08
SPMVCSV,/mnt/beegfs/ysu34/hamlib/dia_e2e/tsp_18_4.txt,262144,1,262144,262144,ours_didx_nv1,0.004690,2.622e-08
SPMVCSV,/mnt/beegfs/ysu34/hamlib/dia_e2e/tsp_18_4.txt,262144,1,262144,262144,ours_didx_nv2,0.005181,2.630e-08
SPMVCSV,/mnt/beegfs/ysu34/hamlib/dia_e2e/tsp_18_4.txt,262144,1,262144,262144,ours_gather_nv1,0.004035,2.622e-08
SPMVCSV,/mnt/beegfs/ysu34/hamlib/dia_e2e/tsp_18_4.txt,262144,1,262144,262144,ours_gather_nv2,0.005018,2.630e-08
SPMVCSV,/mnt/beegfs/ysu34/hamlib/dia_e2e/tsp_18_4.txt,262144,1,262144,262144,ours_gopt_nv1,0.004403,2.622e-08
SPMVCSV,/mnt/beegfs/ysu34/hamlib/dia_e2e/tsp_18_4.txt,262144,1,262144,262144,ours_gopt_nv2,0.004915,2.630e-08
SPMVCSV,/mnt/beegfs/ysu34/hamlib/dia_e2e/tsp_18_4.txt,262144,1,262144,262144,ours_gopt_s_nv1,0.004280,2.622e-08
SPMVCSV,/mnt/beegfs/ysu34/hamlib/dia_e2e/tsp_18_4.txt,262144,1,262144,262144,ours_auto_nv1,0.004055,2.622e-08
SPMVCSV,/mnt/beegfs/ysu34/hamlib/dia_e2e/tsp_18_4.txt,262144,1,262144,262144,ours_auto_nv2,0.004997,2.630e-08
SPMVCSV,/mnt/beegfs/ysu34/hamlib/dia_e2e/tsp_18_4.txt,262144,1,262144,262144,csr_zskip_nv1,0.004383,2.622e-08
SPMVCSV,/mnt/beegfs/ysu34/hamlib/dia_e2e/tsp_18_4.txt,262144,1,262144,262144,row_dense_nv1,0.003932,2.622e-08
SPMVCSV,/mnt/beegfs/ysu34/hamlib/dia_e2e/tsp_18_4.txt,262144,1,262144,262144,cusparse_csr,0.021668,2.622e-08
SPMVCSV,/mnt/beegfs/ysu34/hamlib/dia_e2e/tsp_18_4.txt,262144,1,262144,262144,diaq_fp64,0.006124,0.000e+00
SPMVCSV,/mnt/beegfs/ysu34/hamlib/dia_e2e/tsp_18_4.txt,262144,1,262144,262144,diaq_fp32,0.004915,2.628e-08
SPMVCSV,/mnt/beegfs/ysu34/hamlib/dia_e2e/vibbf3_18_3.txt,262144,12,3088370,1038976,ours_didx_nv1,0.007475,3.830e-08
SPMVCSV,/mnt/beegfs/ysu34/hamlib/dia_e2e/vibbf3_18_3.txt,262144,12,3088370,1038976,ours_didx_nv2,0.008212,3.830e-08
SPMVCSV,/mnt/beegfs/ysu34/hamlib/dia_e2e/vibbf3_18_3.txt,262144,12,3088370,1038976,ours_gather_nv1,0.009585,3.830e-08
SPMVCSV,/mnt/beegfs/ysu34/hamlib/dia_e2e/vibbf3_18_3.txt,262144,12,3088370,1038976,ours_gather_nv2,0.015954,3.830e-08
SPMVCSV,/mnt/beegfs/ysu34/hamlib/dia_e2e/vibbf3_18_3.txt,262144,12,3088370,1038976,ours_gopt_nv1,0.007700,3.829e-08
SPMVCSV,/mnt/beegfs/ysu34/hamlib/dia_e2e/vibbf3_18_3.txt,262144,12,3088370,1038976,ours_gopt_nv2,0.009953,3.829e-08
SPMVCSV,/mnt/beegfs/ysu34/hamlib/dia_e2e/vibbf3_18_3.txt,262144,12,3088370,1038976,ours_gopt_s_nv1,0.007373,3.829e-08
SPMVCSV,/mnt/beegfs/ysu34/hamlib/dia_e2e/vibbf3_18_3.txt,262144,12,3088370,1038976,ours_auto_nv1,0.007475,3.830e-08
SPMVCSV,/mnt/beegfs/ysu34/hamlib/dia_e2e/vibbf3_18_3.txt,262144,12,3088370,1038976,ours_auto_nv2,0.008192,3.830e-08
SPMVCSV,/mnt/beegfs/ysu34/hamlib/dia_e2e/vibbf3_18_3.txt,262144,12,3088370,1038976,csr_zskip_nv1,0.008008,3.830e-08
SPMVCSV,/mnt/beegfs/ysu34/hamlib/dia_e2e/vibbf3_18_3.txt,262144,12,3088370,1038976,row_dense_nv1,0.008438,3.830e-08
SPMVCSV,/mnt/beegfs/ysu34/hamlib/dia_e2e/vibbf3_18_3.txt,262144,12,3088370,1038976,cusparse_csr,0.025395,4.631e-08
SPMVCSV,/mnt/beegfs/ysu34/hamlib/dia_e2e/vibbf3_18_3.txt,262144,12,3088370,1038976,diaq_fp64,0.045240,0.000e+00
SPMVCSV,/mnt/beegfs/ysu34/hamlib/dia_e2e/vibbf3_18_3.txt,262144,12,3088370,1038976,diaq_fp32,0.021053,4.611e-08
SPMVCSV,/mnt/beegfs/ysu34/hamlib/dia_suitesparse/atmosmodd.txt,1270432,7,8848918,8814880,ours_didx_nv1,0.047862,4.980e-08
SPMVCSV,/mnt/beegfs/ysu34/hamlib/dia_suitesparse/atmosmodd.txt,1270432,7,8848918,8814880,ours_didx_nv2,0.057528,4.981e-08
SPMVCSV,/mnt/beegfs/ysu34/hamlib/dia_suitesparse/atmosmodd.txt,1270432,7,8848918,8814880,ours_gather_nv1,0.035738,4.980e-08
SPMVCSV,/mnt/beegfs/ysu34/hamlib/dia_suitesparse/atmosmodd.txt,1270432,7,8848918,8814880,ours_gather_nv2,0.056422,4.981e-08
SPMVCSV,/mnt/beegfs/ysu34/hamlib/dia_suitesparse/atmosmodd.txt,1270432,7,8848918,8814880,ours_gopt_nv1,0.036086,4.981e-08
SPMVCSV,/mnt/beegfs/ysu34/hamlib/dia_suitesparse/atmosmodd.txt,1270432,7,8848918,8814880,ours_gopt_nv2,0.048128,4.983e-08
SPMVCSV,/mnt/beegfs/ysu34/hamlib/dia_suitesparse/atmosmodd.txt,1270432,7,8848918,8814880,ours_gopt_s_nv1,0.035656,4.981e-08
SPMVCSV,/mnt/beegfs/ysu34/hamlib/dia_suitesparse/atmosmodd.txt,1270432,7,8848918,8814880,ours_auto_nv1,0.035021,4.980e-08
SPMVCSV,/mnt/beegfs/ysu34/hamlib/dia_suitesparse/atmosmodd.txt,1270432,7,8848918,8814880,ours_auto_nv2,0.056566,4.981e-08
SPMVCSV,/mnt/beegfs/ysu34/hamlib/dia_suitesparse/atmosmodd.txt,1270432,7,8848918,8814880,csr_zskip_nv1,0.066007,4.980e-08
SPMVCSV,/mnt/beegfs/ysu34/hamlib/dia_suitesparse/atmosmodd.txt,1270432,7,8848918,8814880,row_dense_nv1,0.036782,4.980e-08
SPMVCSV,/mnt/beegfs/ysu34/hamlib/dia_suitesparse/atmosmodd.txt,1270432,7,8848918,8814880,cusparse_csr,0.084337,5.706e-08
SPMVCSV,/mnt/beegfs/ysu34/hamlib/dia_suitesparse/atmosmodd.txt,1270432,7,8848918,8814880,diaq_fp64,0.124006,0.000e+00
SPMVCSV,/mnt/beegfs/ysu34/hamlib/dia_suitesparse/atmosmodd.txt,1270432,7,8848918,8814880,diaq_fp32,0.068669,5.777e-08
SPMVCSV,/mnt/beegfs/ysu34/hamlib/dia_suitesparse/ecology2.txt,999999,7,6995993,4995991,ours_didx_nv1,0.030003,4.499e-08
SPMVCSV,/mnt/beegfs/ysu34/hamlib/dia_suitesparse/ecology2.txt,999999,7,6995993,4995991,ours_didx_nv2,0.038420,4.500e-08
SPMVCSV,/mnt/beegfs/ysu34/hamlib/dia_suitesparse/ecology2.txt,999999,7,6995993,4995991,ours_gather_nv1,0.026829,4.499e-08
SPMVCSV,/mnt/beegfs/ysu34/hamlib/dia_suitesparse/ecology2.txt,999999,7,6995993,4995991,ours_gather_nv2,0.047821,4.500e-08
SPMVCSV,/mnt/beegfs/ysu34/hamlib/dia_suitesparse/ecology2.txt,999999,7,6995993,4995991,ours_gopt_nv1,0.014930,4.500e-08
SPMVCSV,/mnt/beegfs/ysu34/hamlib/dia_suitesparse/ecology2.txt,999999,7,6995993,4995991,ours_gopt_s_nv1,0.014582,4.500e-08
SPMVCSV,/mnt/beegfs/ysu34/hamlib/dia_suitesparse/ecology2.txt,999999,7,6995993,4995991,ours_auto_nv1,0.026255,4.499e-08
SPMVCSV,/mnt/beegfs/ysu34/hamlib/dia_suitesparse/ecology2.txt,999999,7,6995993,4995991,ours_auto_nv2,0.047944,4.500e-08
SPMVCSV,/mnt/beegfs/ysu34/hamlib/dia_suitesparse/ecology2.txt,999999,7,6995993,4995991,csr_zskip_nv1,0.041841,4.499e-08
SPMVCSV,/mnt/beegfs/ysu34/hamlib/dia_suitesparse/ecology2.txt,999999,7,6995993,4995991,row_dense_nv1,0.028652,4.499e-08
SPMVCSV,/mnt/beegfs/ysu34/hamlib/dia_suitesparse/ecology2.txt,999999,7,6995993,4995991,cusparse_csr,0.059351,5.409e-08
SPMVCSV,/mnt/beegfs/ysu34/hamlib/dia_suitesparse/ecology2.txt,999999,7,6995993,4995991,diaq_fp64,0.098529,0.000e+00
SPMVCSV,/mnt/beegfs/ysu34/hamlib/dia_suitesparse/ecology2.txt,999999,7,6995993,4995991,diaq_fp32,0.055644,5.424e-08
SPMVCSV,/mnt/beegfs/ysu34/hamlib/dia_suitesparse/Lin.txt,256000,7,1779038,1766400,ours_didx_nv1,0.008253,5.070e-08
SPMVCSV,/mnt/beegfs/ysu34/hamlib/dia_suitesparse/Lin.txt,256000,7,1779038,1766400,ours_didx_nv2,0.009155,5.080e-08
SPMVCSV,/mnt/beegfs/ysu34/hamlib/dia_suitesparse/Lin.txt,256000,7,1779038,1766400,ours_gather_nv1,0.006943,5.070e-08
SPMVCSV,/mnt/beegfs/ysu34/hamlib/dia_suitesparse/Lin.txt,256000,7,1779038,1766400,ours_gather_nv2,0.010568,5.080e-08
SPMVCSV,/mnt/beegfs/ysu34/hamlib/dia_suitesparse/Lin.txt,256000,7,1779038,1766400,ours_gopt_nv1,0.007414,5.075e-08
SPMVCSV,/mnt/beegfs/ysu34/hamlib/dia_suitesparse/Lin.txt,256000,7,1779038,1766400,ours_gopt_nv2,0.008868,5.084e-08
SPMVCSV,/mnt/beegfs/ysu34/hamlib/dia_suitesparse/Lin.txt,256000,7,1779038,1766400,ours_gopt_s_nv1,0.006963,5.075e-08
SPMVCSV,/mnt/beegfs/ysu34/hamlib/dia_suitesparse/Lin.txt,256000,7,1779038,1766400,ours_auto_nv1,0.006943,5.070e-08
SPMVCSV,/mnt/beegfs/ysu34/hamlib/dia_suitesparse/Lin.txt,256000,7,1779038,1766400,ours_auto_nv2,0.010650,5.080e-08
SPMVCSV,/mnt/beegfs/ysu34/hamlib/dia_suitesparse/Lin.txt,256000,7,1779038,1766400,csr_zskip_nv1,0.009564,5.070e-08
SPMVCSV,/mnt/beegfs/ysu34/hamlib/dia_suitesparse/Lin.txt,256000,7,1779038,1766400,row_dense_nv1,0.006963,5.070e-08
SPMVCSV,/mnt/beegfs/ysu34/hamlib/dia_suitesparse/Lin.txt,256000,7,1779038,1766400,cusparse_csr,0.031334,5.665e-08
SPMVCSV,/mnt/beegfs/ysu34/hamlib/dia_suitesparse/Lin.txt,256000,7,1779038,1766400,diaq_fp64,0.029655,0.000e+00
SPMVCSV,/mnt/beegfs/ysu34/hamlib/dia_suitesparse/Lin.txt,256000,7,1779038,1766400,diaq_fp32,0.010383,5.754e-08
SPMVCSV,/mnt/beegfs/ysu34/hamlib/dia_suitesparse/ecology2.txt,na,na,na,na,drawloom,0.0556,na
SPMVCSV,/mnt/beegfs/ysu34/hamlib/dia_suitesparse/ecology2.txt,na,na,na,na,drawloom,0.0556,na
SPMVCSV,/mnt/beegfs/ysu34/hamlib/dia_suitesparse/ecology2.txt,na,na,na,na,drawloom,0.0556,na
SPMVCSV,/mnt/beegfs/ysu34/hamlib/dia_suitesparse/atmosmodd.txt,na,na,na,na,drawloom,0.0681,na
SPMVCSV,/mnt/beegfs/ysu34/hamlib/dia_suitesparse/atmosmodd.txt,na,na,na,na,drawloom,0.0681,na
SPMVCSV,/mnt/beegfs/ysu34/hamlib/dia_suitesparse/atmosmodd.txt,na,na,na,na,drawloom,0.0682,na
SPMVCSV,/mnt/beegfs/ysu34/hamlib/dia_suitesparse/Lin.txt,na,na,na,na,drawloom,0.0109,na
SPMVCSV,/mnt/beegfs/ysu34/hamlib/dia_suitesparse/Lin.txt,na,na,na,na,drawloom,0.0109,na
SPMVCSV,/mnt/beegfs/ysu34/hamlib/dia_suitesparse/Lin.txt,na,na,na,na,drawloom,0.0109,na
